AAPL,open_price,close_price,trading_volume,highest_price,lowest_price,volume_weighted_avg_price,transaction_amt,date_time
0,57.2475,56.7175,133195840,57.4175,56.275,56.8047,265320,2018-09-05 04:00:00
1,56.5575,55.775,137159904,56.8375,55.325,55.8938,281778,2018-09-06 04:00:00
2,55.4625,55.325,150479240,56.3425,55.1775,55.7917,302905,2018-09-07 04:00:00
3,55.2375,54.5825,158040612,55.4625,54.1175,54.5691,349531,2018-09-10 04:00:00
4,54.5025,55.9625,142996196,56.0748,54.14,55.4857,308573,2018-09-11 04:00:00
5,56.235,55.2675,197114960,56.25,54.96,55.4357,422485,2018-09-12 04:00:00
6,55.88,56.6025,166525508,57.0875,55.6425,56.4775,323339,2018-09-13 04:00:00
7,56.4375,55.96,127997156,56.71,55.6305,56.087,244692,2018-09-14 04:00:00
8,55.5375,54.47,148780532,55.7375,54.3175,54.9056,315705,2018-09-17 04:00:00
9,54.4475,54.56,126286848,55.4625,54.28,54.8653,263816,2018-09-18 04:00:00
10,54.625,54.5925,108424932,54.905,53.825,54.359,234513,2018-09-19 04:00:00
11,55.06,55.0075,106435176,55.57,54.7875,55.1929,218332,2018-09-20 04:00:00
12,55.195,54.415,384986992,55.34,54.3225,54.586,281178,2018-09-21 04:00:00
13,54.205,55.1975,110773432,55.315,54.1575,54.8693,198159,2018-09-24 04:00:00
14,54.9375,55.5475,98217516,55.705,54.925,55.4165,173707,2018-09-25 04:00:00
15,55.25,55.105,95938824,55.9375,54.94,55.4675,182735,2018-09-26 04:00:00
16,55.955,56.2375,120724908,56.61,55.885,56.2867,224618,2018-09-27 04:00:00
17,56.1975,56.435,91717456,56.46,56.005,56.299,178336,2018-09-28 04:00:00
18,56.9875,56.815,94403208,57.355,56.5875,56.999,191834,2018-10-01 04:00:00
19,56.8125,57.32,99152680,57.5,56.6575,57.2614,206803,2018-10-02 04:00:00
20,57.5125,58.0175,114594196,58.3675,57.445,58.0587,237796,2018-10-03 04:00:00
21,57.695,56.9975,128168000,58.0875,56.6825,57.2097,284898,2018-10-04 04:00:00
22,56.99,56.0725,134321852,57.1025,55.145,56.1078,316507,2018-10-05 04:00:00
23,55.5525,55.9425,116615692,56.2,55.05,55.7109,260878,2018-10-08 04:00:00
24,55.91,56.7175,107564116,56.8175,55.5616,56.4055,247142,2018-10-09 04:00:00
25,56.365,54.09,167962216,56.5875,54.0125,55.2396,406129,2018-10-10 04:00:00
26,53.63,53.6125,212497568,54.875,53.08,53.9455,545012,2018-10-11 04:00:00
27,55.105,55.5275,161351404,55.72,54.21,55.1283,343455,2018-10-12 04:00:00
28,55.29,54.34,123164028,55.4575,54.3175,54.671,257521,2018-10-15 04:00:00
29,54.7325,55.5375,116735852,55.7475,54.1907,55.0193,267901,2018-10-16 04:00:00
30,55.575,55.2975,91541588,55.66,54.835,55.2595,227312,2018-10-17 04:00:00
31,54.465,54.005,130325260,54.935,53.25,54.258,311070,2018-10-18 04:00:00
32,54.515,54.8275,132308304,55.315,54.3575,54.8459,290875,2018-10-19 04:00:00
33,54.9475,55.1625,115084328,55.84,54.735,55.3197,263533,2018-10-22 04:00:00
34,53.9575,55.6825,155071384,55.8125,53.675,54.7125,382393,2018-10-23 04:00:00
35,55.65,53.7725,163700652,56.0575,53.635,54.8292,388910,2018-10-24 04:00:00
36,54.4275,54.95,119423072,55.345,54.1875,54.8501,278369,2018-10-25 04:00:00
37,53.975,54.075,189033500,55.0475,53.1675,54.0619,438788,2018-10-26 04:00:00
38,54.7975,53.06,183742080,54.9225,51.5225,53.649,385844,2018-10-29 04:00:00
39,52.7875,53.325,146639960,53.795,52.3175,53.2018,351259,2018-10-30 04:00:00
40,54.22,54.715,153435732,55.1125,54.155,54.7189,301126,2018-10-31 04:00:00
41,54.7625,55.555,233292720,55.59,54.2025,54.3946,505923,2018-11-01 04:00:00
42,52.3875,51.87,365314616,53.4125,51.3575,52.0234,756683,2018-11-02 04:00:00
43,51.075,50.3975,264654676,51.0975,49.5425,50.2271,569626,2018-11-05 05:00:00
44,50.48,50.9425,127531524,51.18,50.4225,50.8125,253888,2018-11-06 05:00:00
45,51.4925,52.4875,133697736,52.515,51.0325,51.8229,259449,2018-11-07 05:00:00
46,52.495,52.1225,101450544,52.53,51.6875,52.0297,187585,2018-11-08 05:00:00
47,51.3875,51.1175,137463000,51.5025,50.5625,51.027,237773,2018-11-09 05:00:00
48,49.75,48.5425,204542072,49.9625,48.4475,48.9112,419162,2018-11-12 05:00:00
49,47.9075,48.0575,187531744,49.295,47.8625,48.4446,356240,2018-11-13 05:00:00
50,48.475,46.7,243203828,48.62,46.4825,47.166,453437,2018-11-14 05:00:00
51,47.0975,47.8525,185915204,47.9925,46.725,47.472,340097,2018-11-15 05:00:00
52,47.625,48.3825,147713012,48.7424,47.365,48.2946,269240,2018-11-16 05:00:00
53,47.5,46.465,167678432,47.675,46.2475,46.7418,320746,2018-11-19 05:00:00
54,44.5925,44.245,271287388,45.3675,43.8775,44.6213,534145,2018-11-20 05:00:00
55,44.9325,44.195,124496840,45.0675,44.1375,44.489,232593,2018-11-21 05:00:00
56,43.735,43.0725,94495888,44.1488,43.025,43.4821,162142,2018-11-23 05:00:00
57,43.56,43.655,179994080,43.7375,42.565,43.2659,286198,2018-11-26 05:00:00
58,42.8775,43.56,165549508,43.6925,42.72,43.3367,265554,2018-11-27 05:00:00
59,44.1825,45.235,184250156,45.3225,43.7325,44.5617,315252,2018-11-28 05:00:00
60,45.665,44.8875,167079968,45.7,44.425,44.8368,268590,2018-11-29 05:00:00
61,45.0725,44.645,158094196,45.0825,44.2575,44.5805,222912,2018-11-30 05:00:00
62,46.115,46.205,163192008,46.235,45.3025,45.7535,277051,2018-12-03 05:00:00
63,45.2375,44.1725,165377128,45.5975,44.0675,44.678,290086,2018-12-04 05:00:00
64,42.94,43.68,172352840,43.695,42.605,43.128,321495,2018-12-06 05:00:00
65,43.3725,42.1225,169126524,43.6225,42.075,42.5991,313155,2018-12-07 05:00:00
66,41.25,42.4,248103976,42.5225,40.8325,41.7421,414556,2018-12-10 05:00:00
67,42.915,42.1575,189126660,42.9475,41.75,42.2395,260245,2018-12-11 05:00:00
68,42.6,42.275,142510636,42.98,42.255,42.568,203709,2018-12-12 05:00:00
69,42.6225,42.7375,127591308,43.1425,42.3875,42.7426,191691,2018-12-13 05:00:00
70,42.25,41.37,162677640,42.27,41.32,41.6636,275805,2018-12-14 05:00:00
71,41.3625,40.985,176888088,42.0875,40.6825,41.3605,283929,2018-12-17 05:00:00
72,41.345,41.5175,135366072,41.8825,41.0975,41.4753,211722,2018-12-18 05:00:00
73,41.5,40.2225,196189188,41.8625,39.7725,40.812,313384,2018-12-19 05:00:00
74,40.1,39.2075,259091840,40.5275,38.825,39.6012,435880,2018-12-20 05:00:00
75,39.215,37.6825,382977536,39.54,37.4075,38.2507,423901,2018-12-21 05:00:00
76,37.0375,36.7075,148616928,37.8875,36.6475,37.1895,249063,2018-12-24 05:00:00
77,37.075,39.2925,234330176,39.3075,36.68,37.9164,355008,2018-12-26 05:00:00
78,38.96,39.0375,212468260,39.1925,37.5175,38.3376,333535,2018-12-27 05:00:00
79,39.375,39.0575,169165696,39.63,38.6375,39.0996,272910,2018-12-28 05:00:00
80,39.6325,39.435,140013864,39.84,39.12,39.4213,205428,2018-12-31 05:00:00
81,38.7225,39.48,148158948,39.7125,38.5575,38.8871,249129,2019-01-02 05:00:00
82,35.995,35.5475,365248780,36.43,35.5,35.895,663513,2019-01-03 05:00:00
83,36.1325,37.065,234284280,37.1375,35.95,36.7049,376070,2019-01-04 05:00:00
84,37.175,36.9825,219111056,37.2075,36.475,36.8423,348120,2019-01-07 05:00:00
85,37.39,37.6875,164101256,37.955,37.13,37.5382,272197,2019-01-08 05:00:00
86,37.8225,38.3275,180396324,38.6325,37.4075,38.2344,302931,2019-01-09 05:00:00
87,38.125,38.45,143122680,38.4925,37.715,38.1879,202210,2019-01-10 05:00:00
88,38.22,38.0725,108082828,38.425,37.8775,38.0991,174588,2019-01-11 05:00:00
89,37.7125,37.5,129756744,37.8175,37.305,37.5041,201651,2019-01-14 05:00:00
90,37.5675,38.2675,114841296,38.3475,37.5125,38.0894,178869,2019-01-15 05:00:00
91,38.27,38.735,122278824,38.97,38.25,38.7364,193215,2019-01-16 05:00:00
92,38.55,38.965,119284640,39.415,38.315,38.7477,194831,2019-01-17 05:00:00
93,39.375,39.205,135004092,39.47,38.9952,39.2336,196380,2019-01-18 05:00:00
94,39.1025,38.325,121575880,39.1825,38.155,38.5607,202666,2019-01-22 05:00:00
95,38.5375,38.48,92522280,38.785,37.925,38.3582,154692,2019-01-23 05:00:00
96,38.5275,38.175,101766196,38.62,37.935,38.1706,172118,2019-01-24 05:00:00
97,38.87,39.44,133635572,39.5325,38.58,39.2127,217279,2019-01-25 05:00:00
98,38.9475,39.075,104768232,39.0825,38.415,38.8396,178639,2019-01-28 05:00:00
99,39.0625,38.67,166348956,39.5325,38.5275,39.1956,283849,2019-01-29 05:00:00
100,40.8125,41.3125,244337120,41.5375,40.0575,40.8101,385270,2019-01-30 05:00:00
101,41.5275,41.61,162958596,42.25,41.14,41.7712,239804,2019-01-31 05:00:00
102,41.74,41.63,130447352,42.245,41.4825,41.7884,189769,2019-02-01 05:00:00
103,41.8525,42.8125,125982328,42.9138,41.82,42.609,202049,2019-02-04 05:00:00
104,43.215,43.545,144406512,43.77,43.0875,43.502,227187,2019-02-05 05:00:00
105,43.6625,43.56,111958364,43.8925,43.2133,43.5667,168576,2019-02-06 05:00:00
106,43.1,42.735,126966760,43.485,42.585,42.9095,211155,2019-02-07 05:00:00
107,42.2475,42.6025,95279864,42.665,42.105,42.451,157877,2019-02-08 05:00:00
108,42.7625,42.3575,83973700,42.8025,42.3125,42.4874,144611,2019-02-11 05:00:00
109,42.525,42.7225,89134092,42.75,42.425,42.5964,144386,2019-02-12 05:00:00
110,42.8475,42.545,89934932,43.12,42.48,42.7437,150232,2019-02-13 05:00:00
111,42.4275,42.7,87342988,42.8154,42.345,42.6649,152535,2019-02-14 05:00:00
112,42.8125,42.605,98507256,42.925,42.4375,42.6236,156758,2019-02-15 05:00:00
113,42.4275,42.7325,75891304,42.86,42.3725,42.6366,131206,2019-02-19 05:00:00
114,42.7975,43.0075,104457448,43.33,42.7475,43.0665,162648,2019-02-20 05:00:00
115,42.95,42.765,68998680,43.0925,42.575,42.7832,138105,2019-02-21 05:00:00
116,42.895,43.2425,75652616,43.25,42.845,43.091,124549,2019-02-22 05:00:00
117,43.54,43.5575,87493432,43.9675,43.4875,43.7151,158854,2019-02-25 05:00:00
118,43.4275,43.5825,68280844,43.825,43.2933,43.5947,119643,2019-02-26 05:00:00
119,43.3025,43.7175,111341556,43.75,43.1825,43.5158,125558,2019-02-27 05:00:00
120,43.58,43.2875,112861664,43.7275,43.23,43.4325,125783,2019-02-28 05:00:00
121,43.57,43.7425,103544668,43.7875,43.2225,43.5693,147230,2019-03-01 05:00:00
122,43.9225,43.9625,109744812,44.4375,43.4925,43.9892,189997,2019-03-04 05:00:00
123,43.985,43.8825,78949676,44,43.635,43.8465,127231,2019-03-05 05:00:00
124,43.6675,43.63,83241536,43.8725,43.485,43.6861,137662,2019-03-06 05:00:00
125,43.4675,43.125,99185496,43.61,43.005,43.2639,180597,2019-03-07 05:00:00
126,42.58,43.2275,95997432,43.2675,42.375,42.9599,167422,2019-03-08 05:00:00
127,43.8725,44.725,128044136,44.78,43.8375,44.545,211343,2019-03-11 04:00:00
128,45,45.2275,129870336,45.6675,44.8425,45.2804,215962,2019-03-12 04:00:00
129,45.5625,45.4275,124130096,45.825,45.23,45.4885,188079,2019-03-13 04:00:00
130,45.975,45.9325,94318032,46.025,45.64,45.8882,155808,2019-03-14 04:00:00
131,46.2125,46.53,156171648,46.8325,45.935,46.4607,202477,2019-03-15 04:00:00
132,46.45,47.005,104879328,47.0975,46.4475,46.9156,163740,2019-03-18 04:00:00
133,47.0875,46.6325,126585476,47.2475,46.48,46.8458,197350,2019-03-19 04:00:00
134,46.5575,47.04,124140924,47.3725,46.1825,46.8448,193683,2019-03-20 04:00:00
135,47.505,48.7725,204136948,49.0825,47.4525,48.5783,309643,2019-03-21 04:00:00
136,48.835,47.7625,169630664,49.4225,47.695,48.4674,298951,2019-03-22 04:00:00
137,47.8775,47.185,175381172,47.995,46.65,47.22,308859,2019-03-25 04:00:00
138,47.916,46.6975,199202152,48.22,46.145,47.347,344114,2019-03-26 04:00:00
139,47.1875,47.1175,119393708,47.44,46.6375,47.1266,196103,2019-03-27 04:00:00
140,47.2375,47.18,83121452,47.3898,46.8825,47.104,152290,2019-03-28 04:00:00
141,47.4575,47.4875,94255844,47.52,47.135,47.3815,149796,2019-03-29 04:00:00
142,47.91,47.81,111447856,47.92,47.095,47.5903,180998,2019-04-01 04:00:00
143,47.7725,48.505,91062900,48.615,47.7625,48.2881,169575,2019-04-02 04:00:00
144,48.3125,48.8375,93087320,49.125,48.2875,48.8239,164493,2019-04-03 04:00:00
145,48.6975,48.9225,76431900,49.0925,48.285,48.9187,134609,2019-04-04 04:00:00
146,49.1125,49.25,74106576,49.275,48.9825,49.1644,124211,2019-04-05 04:00:00
147,49.105,50.025,103374712,50.0575,49.085,49.7576,180911,2019-04-08 04:00:00
148,50.08,49.875,143072948,50.7125,49.8075,50.2263,232190,2019-04-09 04:00:00
149,49.67,50.155,86781152,50.185,49.545,49.8803,160818,2019-04-10 04:00:00
150,50.2125,49.7375,83582112,50.25,49.6108,49.928,142489,2019-04-11 04:00:00
151,49.8,49.7175,110658672,50.035,49.0525,49.5873,195426,2019-04-12 04:00:00
152,49.645,49.8075,70136984,49.9625,49.5025,49.75,140393,2019-04-15 04:00:00
153,49.865,49.8125,102785540,50.3425,49.64,49.978,201696,2019-04-16 04:00:00
154,49.885,50.7825,113627120,50.845,49.6525,50.4613,207247,2019-04-17 04:00:00
155,50.78,50.965,96783064,51.0375,50.63,50.8719,146302,2019-04-18 04:00:00
156,50.7075,51.1325,77758180,51.235,50.585,51.0634,116209,2019-04-22 04:00:00
157,51.1075,51.87,93291964,51.9375,50.975,51.6252,166047,2019-04-23 04:00:00
158,51.84,51.79,70162436,52.12,51.7625,51.9161,124532,2019-04-24 04:00:00
159,51.7075,51.32,74172824,51.94,51.28,51.5108,146857,2019-04-25 04:00:00
160,51.225,51.075,74596408,51.25,50.53,51.0253,141086,2019-04-26 04:00:00
161,51.1,51.1525,88818864,51.4925,50.965,51.2354,138969,2019-04-29 04:00:00
162,50.765,50.1675,186027504,50.85,49.7775,50.5785,332062,2019-04-30 04:00:00
163,52.47,52.63,259309312,53.8275,52.3075,53.1677,441442,2019-05-01 04:00:00
164,52.46,52.2875,127985296,53.1625,52.0325,52.5388,233406,2019-05-02 04:00:00
165,52.7225,52.9375,83569512,52.96,52.5575,52.7894,148448,2019-05-03 04:00:00
166,51.0725,52.12,129772452,52.21,50.875,51.8274,236168,2019-05-06 04:00:00
167,51.47,50.715,155054792,51.8544,50.2063,50.8923,294532,2019-05-07 04:00:00
168,50.475,50.725,105358016,51.335,50.4375,50.9267,202764,2019-05-08 04:00:00
169,50.1,50.18,139634428,50.42,49.165,49.8333,290609,2019-05-09 04:00:00
170,49.3548,49.295,164834848,49.7125,48.1925,49.0126,324318,2019-05-10 04:00:00
171,46.9275,46.43,229722492,47.37,45.7125,46.6878,458554,2019-05-13 04:00:00
172,46.6025,47.165,146118708,47.425,46.3525,46.9941,273844,2019-05-14 04:00:00
173,46.5675,47.73,106178872,47.9375,46.505,47.4348,214960,2019-05-15 04:00:00
174,47.4775,47.52,131765456,48.1172,47.21,47.6079,227813,2019-05-16 04:00:00
175,46.7325,47.25,131472860,47.725,46.69,47.2264,231407,2019-05-17 04:00:00
176,45.88,45.7725,154333760,46.0873,45.071,45.6834,290339,2019-05-20 04:00:00
177,46.305,46.65,113459392,47,46.175,46.685,191742,2019-05-21 04:00:00
178,46.165,45.695,118955852,46.4275,45.6375,45.925,213836,2019-05-22 04:00:00
179,44.95,44.915,145718944,45.135,44.4525,44.8336,266841,2019-05-23 04:00:00
180,45.05,44.7425,94858744,45.535,44.655,45.0317,182468,2019-05-24 04:00:00
181,44.73,44.5575,111792640,45.1475,44.4775,44.7178,190007,2019-05-28 04:00:00
182,44.105,44.345,113924660,44.8375,44,44.3896,212723,2019-05-29 04:00:00
183,44.4875,44.575,83953648,44.8075,44.1675,44.4919,165752,2019-05-30 04:00:00
184,44.0575,43.7675,108174336,44.4975,43.7475,44.0876,204344,2019-05-31 04:00:00
185,43.9,43.325,161584276,44.48,42.5675,43.5999,306917,2019-06-03 04:00:00
186,43.86,44.91,123871844,44.9575,43.63,44.5316,239718,2019-06-04 04:00:00
187,46.07,45.635,119093708,46.2475,45.285,45.7111,239331,2019-06-05 04:00:00
188,45.77,46.305,90105244,46.3675,45.5372,45.9951,160315,2019-06-06 04:00:00
189,46.6275,47.5375,122737572,47.98,46.4425,47.4457,236608,2019-06-07 04:00:00
190,47.9525,48.145,104883404,48.8425,47.905,48.3259,198722,2019-06-10 04:00:00
191,48.715,48.7025,107731528,49,48.4,48.6678,180619,2019-06-11 04:00:00
192,48.4875,48.5475,73012756,48.9925,48.3463,48.6468,129977,2019-06-12 04:00:00
193,48.675,48.5375,86598496,49.1975,48.4,48.7626,143183,2019-06-13 04:00:00
194,47.8862,48.185,75045896,48.3966,47.575,48.0462,144375,2019-06-14 04:00:00
195,48.225,48.4725,58676576,48.74,48.0425,48.5258,114807,2019-06-17 04:00:00
196,49.0125,49.6125,106204016,50.0725,48.8025,49.6892,213982,2019-06-18 04:00:00
197,49.92,49.4675,84496940,49.97,49.3275,49.5686,155701,2019-06-19 04:00:00
198,50.0925,49.865,85875952,50.1525,49.5075,49.8312,168119,2019-06-20 04:00:00
199,49.7,49.695,191202356,50.2125,49.5375,49.8109,182762,2019-06-21 04:00:00
200,49.635,49.645,72879684,50.04,49.5425,49.7904,132991,2019-06-24 04:00:00
201,49.6075,48.8925,80241336,49.815,48.8225,49.2731,176385,2019-06-25 04:00:00
202,49.4425,49.95,104270048,50.2475,49.3375,49.9958,203309,2019-06-26 04:00:00
203,50.0725,49.935,83598868,50.3925,49.8925,50.0388,148527,2019-06-27 04:00:00
204,49.67,49.48,124442568,49.8738,49.2625,49.4973,182093,2019-06-28 04:00:00
205,50.7925,50.3875,109266956,51.1225,50.1625,50.5824,236349,2019-07-01 04:00:00
206,50.3525,50.6825,67740868,50.7831,50.34,50.5816,155946,2019-07-02 04:00:00
207,50.82,51.1025,45448180,51.11,50.6725,50.9358,93206,2019-07-03 04:00:00
208,50.8375,51.0575,69062072,51.27,50.725,51.0592,161208,2019-07-05 04:00:00
209,50.2025,50.005,101354512,50.35,49.6025,49.9456,217561,2019-07-08 04:00:00
210,49.8,50.31,82312060,50.3775,49.7025,50.1446,170459,2019-07-09 04:00:00
211,50.4625,50.8075,71588552,50.9325,50.39,50.7679,148879,2019-07-10 04:00:00
212,50.8275,50.4375,80766768,51.0975,50.4275,50.7619,155454,2019-07-11 04:00:00
213,50.6125,50.825,70380848,51,50.55,50.8533,145618,2019-07-12 04:00:00
214,51.0225,51.3025,67789680,51.4675,51,51.2542,138130,2019-07-15 04:00:00
215,51.1475,51.125,67467264,51.5275,50.875,51.1838,137720,2019-07-16 04:00:00
216,51.0125,50.8375,56429800,51.2729,50.8175,51.0522,109617,2019-07-17 04:00:00
217,51,51.415,74328644,51.47,50.925,51.2703,143289,2019-07-18 04:00:00
218,51.4475,50.6475,83717228,51.625,50.59,51.0647,156565,2019-07-19 04:00:00
219,50.9125,51.805,89111460,51.8075,50.9025,51.5456,166038,2019-07-22 04:00:00
220,52.115,52.21,73420840,52.2275,51.8225,52.0334,138003,2019-07-23 04:00:00
221,51.9175,52.1675,59966268,52.2875,51.7925,52.0614,114744,2019-07-24 04:00:00
222,52.2225,51.755,55638248,52.31,51.6825,51.9397,123729,2019-07-25 04:00:00
223,51.87,51.935,69815496,52.4325,51.785,52.0493,136946,2019-07-26 04:00:00
224,52.115,52.42,86693556,52.66,52.11,52.462,176159,2019-07-29 04:00:00
225,52.19,52.195,135742872,52.54,51.8275,52.5065,267607,2019-07-30 04:00:00
226,54.105,53.26,277125444,55.3425,52.825,54.2863,528873,2019-07-31 04:00:00
227,53.475,52.1075,216071648,54.5075,51.6859,53.0459,452268,2019-08-01 04:00:00
228,51.3825,51.005,163448488,51.6075,50.4075,50.9767,344860,2019-08-02 04:00:00
229,49.4975,48.335,209571876,49.6623,48.145,48.6578,471602,2019-08-05 04:00:00
230,49.0775,49.25,143299148,49.5168,48.51,49.0696,282299,2019-08-06 04:00:00
231,48.8525,49.76,133457600,49.89,48.455,49.2889,277444,2019-08-07 04:00:00
232,50.05,50.8575,108038092,50.8825,49.8475,50.4796,245165,2019-08-08 04:00:00
233,50.325,50.2475,98478984,50.69,49.8225,50.3039,193223,2019-08-09 04:00:00
234,49.905,50.12,89927556,50.5129,49.7875,50.2032,181412,2019-08-12 04:00:00
235,50.255,52.2425,190159144,53.035,50.2075,52.1578,377969,2019-08-13 04:00:00
236,50.79,50.6875,146189772,51.61,50.6467,50.9787,292722,2019-08-14 04:00:00
237,50.865,50.435,111533452,51.285,49.9175,50.5156,246488,2019-08-15 04:00:00
238,51.07,51.625,115254496,51.79,50.96,51.4764,221213,2019-08-16 04:00:00
239,52.655,52.5875,97727660,53.1827,52.5063,52.8601,183023,2019-08-19 04:00:00
240,52.72,52.59,107678116,53.3375,52.58,52.8739,175160,2019-08-20 04:00:00
241,53.2475,53.16,86258988,53.4125,52.9008,53.2162,168033,2019-08-21 04:00:00
242,53.2975,53.115,89071276,53.6088,52.6875,53.1643,171708,2019-08-22 04:00:00
243,52.3575,50.66,187479372,53.0128,50.25,51.2925,388234,2019-08-23 04:00:00
244,51.465,51.6225,104264520,51.7975,51.2643,51.5434,201498,2019-08-26 04:00:00
245,51.965,51.04,103589376,52.1375,50.8825,51.2932,183064,2019-08-27 04:00:00
246,51.025,51.3825,63566528,51.43,50.83,51.2324,139861,2019-08-28 04:00:00
247,52.125,52.2525,84030608,52.33,51.6638,52.1302,168014,2019-08-29 04:00:00
248,52.54,52.185,84434244,52.6125,51.8,52.1128,159896,2019-08-30 04:00:00
249,51.6075,51.425,80238296,51.745,51.055,51.3551,169562,2019-09-03 04:00:00
250,52.0975,52.2975,76867280,52.37,51.83,52.1505,167047,2019-09-04 04:00:00
251,53,53.32,95787936,53.4925,52.8775,53.2207,202018,2019-09-05 04:00:00
252,53.5125,53.315,77449176,53.605,53.1275,53.3356,202795,2019-09-06 04:00:00
253,53.71,53.5425,109237604,54.11,52.7675,53.7299,298879,2019-09-09 04:00:00
254,53.465,54.175,127111724,54.195,52.9275,53.6098,349287,2019-09-10 04:00:00
255,54.5175,55.8975,177158584,55.9275,54.4325,55.3662,413158,2019-09-11 04:00:00
256,56.2,55.7713,128906676,56.605,55.715,56.1534,295048,2019-09-12 04:00:00
257,55,54.6875,159053184,55.1975,54.255,54.7267,481842,2019-09-13 04:00:00
258,54.4325,54.975,84632564,55.0325,54.39,54.8359,241282,2019-09-16 04:00:00
259,54.99,55.175,73545872,55.205,54.78,55.0205,154463,2019-09-17 04:00:00
260,55.265,55.6925,102572372,55.7125,54.86,55.4085,214153,2019-09-18 04:00:00
261,55.5025,55.24,88751504,55.94,55.0925,55.4778,197540,2019-09-19 04:00:00
262,55.345,54.4325,231510776,55.64,54.3683,54.7879,310364,2019-09-20 04:00:00
263,54.7375,54.68,77678592,54.96,54.4125,54.7102,211005,2019-09-23 04:00:00
264,55.2575,54.42,125737468,55.6225,54.2975,54.8171,357153,2019-09-24 04:00:00
265,54.6375,55.2575,89924024,55.375,54.2851,54.9921,270826,2019-09-25 04:00:00
266,55,54.9725,76353248,55.235,54.7075,54.97,236629,2019-09-26 04:00:00
267,55.135,54.705,101445140,55.24,54.3204,54.7613,312399,2019-09-27 04:00:00
268,55.225,55.9925,105274332,56.145,55.1975,55.7919,281988,2019-09-30 04:00:00
269,56.2675,56.1475,144748652,57.055,56.05,56.4821,416942,2019-10-01 04:00:00
270,55.765,54.74,143069028,55.895,54.4825,54.9467,450383,2019-10-02 04:00:00
271,54.6075,55.205,121410744,55.24,53.783,54.7258,363653,2019-10-03 04:00:00
272,56.41,56.7525,138562212,56.8725,55.9725,56.4728,312653,2019-10-04 04:00:00
273,56.5675,56.765,123557076,57.4825,56.46,57.0237,322409,2019-10-07 04:00:00
274,56.455,56.1,117130800,57.015,56.0825,56.475,351136,2019-10-08 04:00:00
275,56.7575,56.7575,76117696,56.9475,56.41,56.6916,206600,2019-10-09 04:00:00
276,56.9825,57.5225,115851936,57.61,56.825,57.405,308879,2019-10-10 04:00:00
277,58.2375,59.0525,167957480,59.41,58.0769,58.7868,400878,2019-10-11 04:00:00
278,58.725,58.9675,97653936,59.5336,58.6675,59.169,218853,2019-10-14 04:00:00
279,59.0975,58.83,92161932,59.4125,58.72,59.0056,205010,2019-10-15 04:00:00
280,58.3425,58.5925,77146776,58.81,58.3,58.545,196480,2019-10-16 04:00:00
281,58.7725,58.82,69091588,59.0375,58.38,58.7266,179986,2019-10-17 04:00:00
282,58.6475,59.1025,97508664,59.395,58.5725,58.961,205169,2019-10-18 04:00:00
283,59.38,60.1275,89469932,60.2475,59.33,60.0149,195954,2019-10-21 04:00:00
284,60.29,59.99,90736004,60.55,59.9055,60.2519,180732,2019-10-22 04:00:00
285,60.525,60.795,79730180,60.81,60.305,60.6161,156381,2019-10-23 04:00:00
286,61.1275,60.895,71665020,61.2,60.4513,60.7645,144675,2019-10-24 04:00:00
287,60.79,61.645,73477184,61.6825,60.72,61.3068,142574,2019-10-25 04:00:00
288,61.855,62.2625,96572964,62.3125,61.68,62.0886,190480,2019-10-28 04:00:00
289,62.2425,60.8225,142806828,62.4375,60.6425,61.201,280978,2019-10-29 04:00:00
290,61.19,60.815,124339688,61.325,60.3025,60.892,267208,2019-10-30 04:00:00
291,61.81,62.19,139162080,62.2925,59.315,61.962,272736,2019-10-31 04:00:00
292,62.385,63.955,151125336,63.9825,62.29,63.3147,279590,2019-11-01 04:00:00
293,64.3325,64.375,103271808,64.4613,63.845,64.2299,204389,2019-11-04 05:00:00
294,64.2625,64.2825,79897708,64.5475,64.08,64.3589,162280,2019-11-05 05:00:00
295,64.1925,64.31,75864496,64.3725,63.8413,64.1628,154820,2019-11-06 05:00:00
296,64.685,64.8575,94940332,65.0875,64.5275,64.8234,187661,2019-11-07 05:00:00
297,64.6725,65.035,70066380,65.11,64.2125,64.7375,139066,2019-11-08 05:00:00
298,64.575,65.55,82029836,65.6175,64.57,65.2057,154646,2019-11-11 05:00:00
299,65.3875,65.49,87388904,65.6975,65.23,65.4792,170371,2019-11-12 05:00:00
300,65.2825,66.1175,103259372,66.195,65.2675,65.8956,203747,2019-11-13 05:00:00
301,65.9375,65.66,89582224,66.22,65.525,65.8242,200430,2019-11-14 05:00:00
302,65.92,66.44,100374664,66.445,65.7525,66.1462,178689,2019-11-15 05:00:00
303,66.45,66.775,86803588,66.8575,66.0575,66.5452,172419,2019-11-18 05:00:00
304,66.975,66.5725,76278388,67,66.3482,66.6321,136075,2019-11-19 05:00:00
305,66.385,65.7975,106373676,66.5208,65.1,65.8052,206431,2019-11-20 05:00:00
306,65.9225,65.5025,119995112,66.0013,65.295,65.5687,162665,2019-11-21 05:00:00
307,65.6475,65.445,65325052,65.795,65.21,65.4791,133445,2019-11-22 05:00:00
308,65.6775,66.5925,84118068,66.61,65.63,66.3526,129647,2019-11-25 05:00:00
309,66.735,66.0725,105339528,66.79,65.625,66.3289,135753,2019-11-26 05:00:00
310,66.395,66.96,65544488,66.995,66.3275,66.6647,120479,2019-11-27 05:00:00
311,66.65,66.8125,46617452,67,66.475,66.8303,75130,2019-11-29 05:00:00
312,66.8175,66.04,94549800,67.0625,65.8625,66.2698,173135,2019-12-02 05:00:00
313,64.5775,64.8625,117509072,64.8825,64.0725,64.5239,245821,2019-12-03 05:00:00
314,65.2675,65.435,67241552,65.8275,65.17,65.5129,141699,2019-12-04 05:00:00
315,65.9475,66.395,74645372,66.4725,65.6825,66.154,142919,2019-12-05 05:00:00
316,66.87,67.6775,106189972,67.75,66.825,67.4681,192704,2019-12-06 05:00:00
317,67.5,66.73,128730580,67.7,66.2275,66.8076,220537,2019-12-09 05:00:00
318,67.15,67.12,90529532,67.5175,66.465,67.1673,180826,2019-12-10 05:00:00
319,67.2025,67.6925,78893564,67.775,67.125,67.5627,139866,2019-12-11 05:00:00
320,66.945,67.865,137748168,68.14,66.8303,67.5474,261547,2019-12-12 05:00:00
321,67.865,68.7875,133731224,68.825,67.7325,68.4777,253684,2019-12-13 05:00:00
322,69.25,69.965,128318920,70.1975,69.245,69.92,203140,2019-12-16 05:00:00
323,69.8925,70.1025,113645192,70.4425,69.7,70.1524,195565,2019-12-17 05:00:00
324,69.95,69.935,116093948,70.475,69.78,70.0699,181285,2019-12-18 05:00:00
325,69.875,70.005,98507788,70.295,69.7375,69.9697,161576,2019-12-19 05:00:00
326,70.5575,69.86,276130972,70.6625,69.64,70.0428,214243,2019-12-20 05:00:00
327,70.1325,71,98265932,71.0625,70.0934,70.7994,169949,2019-12-23 05:00:00
328,71.1725,71.0675,48478856,71.2225,70.7299,71.0203,82669,2019-12-24 05:00:00
329,71.205,72.4775,93336016,72.495,71.175,72.036,170217,2019-12-26 05:00:00
330,72.78,72.45,146371744,73.4925,72.03,72.6935,263594,2019-12-27 05:00:00
331,72.365,72.88,144238456,73.1725,71.305,72.4813,264186,2019-12-30 05:00:00
332,72.4825,73.4125,100990500,73.42,72.38,73.0982,185419,2019-12-31 05:00:00
333,74.06,75.0875,135647456,75.15,73.7975,74.6099,283480,2020-01-02 05:00:00
334,74.2875,74.3575,146535512,75.145,74.125,74.7026,280940,2020-01-03 05:00:00
335,73.4475,74.95,118518576,74.99,73.1875,74.4499,242860,2020-01-06 05:00:00
336,74.96,74.5975,111510620,75.225,74.37,74.7311,227868,2020-01-07 05:00:00
337,74.29,75.7975,132363784,76.11,74.289,75.2914,261770,2020-01-08 05:00:00
338,76.8088,77.4075,170486168,77.6075,76.55,77.161,328749,2020-01-09 05:00:00
339,77.65,77.5825,140869088,78.1675,77.0625,77.6729,294841,2020-01-10 05:00:00
340,77.91,79.24,122086888,79.2675,77.7875,78.4206,254950,2020-01-13 05:00:00
341,79.175,78.17,162613828,79.3925,78.0425,78.6921,342959,2020-01-14 05:00:00
342,77.9625,77.835,121923528,78.875,77.3875,78.2459,264903,2020-01-15 05:00:00
343,78.3975,78.81,107069016,78.925,78.0225,78.5424,207421,2020-01-16 05:00:00
344,79.0675,79.6825,137816468,79.685,78.75,79.2386,238615,2020-01-17 05:00:00
345,79.2975,79.1425,110643256,79.755,79,79.3365,208931,2020-01-21 05:00:00
346,79.645,79.425,101832460,79.9975,79.3275,79.6217,208306,2020-01-22 05:00:00
347,79.48,79.8075,104471972,79.89,78.9125,79.5524,197084,2020-01-23 05:00:00
348,80.0625,79.5775,146537520,80.8325,79.3797,80.1019,296490,2020-01-24 05:00:00
349,77.515,77.2375,161908020,77.9425,76.22,77.4235,380394,2020-01-27 05:00:00
350,78.15,79.4225,162233944,79.6,78.0475,79.2654,353618,2020-01-28 05:00:00
351,81.1125,81.085,216599620,81.9625,80.345,81.365,464161,2020-01-29 05:00:00
352,80.1359,80.9675,126551232,81.0225,79.6875,80.4192,280545,2020-01-30 05:00:00
353,80.2325,77.3775,199588384,80.67,77.0725,78.5039,484153,2020-01-31 05:00:00
354,76.075,77.165,173985604,78.3725,75.555,77.2738,405189,2020-02-03 05:00:00
355,78.8275,79.7125,136616536,79.91,78.4086,79.3666,288064,2020-02-04 05:00:00
356,80.88,80.3625,118746872,81.19,79.7375,80.3725,269725,2020-02-05 05:00:00
357,80.6425,81.3025,105392140,81.305,80.0662,80.8276,215446,2020-02-06 05:00:00
358,80.5925,80.0075,117684048,80.85,79.5,80.2554,261918,2020-02-07 05:00:00
359,78.545,80.3875,109346860,80.3875,78.4625,79.7929,234127,2020-02-10 05:00:00
360,80.9,79.9025,94323120,80.975,79.6775,80.3471,230343,2020-02-11 05:00:00
361,80.3675,81.8,113730292,81.805,80.3675,81.1997,244871,2020-02-12 05:00:00
362,81.0475,81.2175,94451512,81.555,80.8375,81.2497,216964,2020-02-13 05:00:00
363,81.185,81.2375,80113788,81.495,80.7125,81.1569,176169,2020-02-14 05:00:00
364,78.84,79.75,152762180,79.9375,78.6525,79.3387,365776,2020-02-18 05:00:00
365,80,80.905,93983964,81.1425,80,80.7971,205432,2020-02-19 05:00:00
366,80.6575,80.075,100565956,81.1625,79.5525,80.2818,243574,2020-02-20 05:00:00
367,79.655,78.2625,129705660,80.1125,77.625,78.6341,323163,2020-02-21 05:00:00
368,74.315,74.545,222149312,76.045,72.3075,74.8699,586879,2020-02-24 05:00:00
369,75.2375,72.02,230623456,75.6325,71.5325,73.3055,624788,2020-02-25 05:00:00
370,71.6325,73.1625,198153724,74.47,71.625,73.2211,494238,2020-02-26 05:00:00
371,70.275,68.38,318605524,71.5,68.24,69.9545,811075,2020-02-27 05:00:00
372,64.315,68.34,426884920,69.6025,64.0925,66.7569,1118286,2020-02-28 05:00:00
373,70.57,74.7025,341329356,75.36,69.43,72.1688,850990,2020-03-02 05:00:00
374,75.9175,72.33,319474208,76,71.45,73.6107,841732,2020-03-03 05:00:00
375,74.11,75.685,219178272,75.85,73.2825,74.5584,506987,2020-03-04 05:00:00
376,73.88,73.23,187572876,74.8875,72.8525,73.8242,433274,2020-03-05 05:00:00
377,70.5,72.2575,226176984,72.705,70.3075,71.4465,551657,2020-03-06 05:00:00
378,65.9375,66.5425,286744832,69.5225,65.75,67.8998,733182,2020-03-09 04:00:00
379,69.285,71.335,285290080,71.61,67.3425,69.4642,696310,2020-03-10 04:00:00
380,69.3475,68.8575,256379880,70.305,67.965,69.1036,587138,2020-03-11 04:00:00
381,63.985,62.0575,418474068,67.5,62,63.8272,1085533,2020-03-12 04:00:00
382,66.2225,69.4925,368732128,69.98,63.2375,65.7384,938015,2020-03-13 04:00:00
383,60.4875,60.5525,322423460,64.77,60,62.6169,826388,2020-03-16 04:00:00
384,61.8775,63.215,323855860,64.4025,59.6,62.4835,825893,2020-03-17 04:00:00
385,59.9425,61.6675,300233624,62.5,59.28,60.792,757704,2020-03-18 04:00:00
386,61.8463,61.195,271857020,63.21,60.6525,61.9001,662842,2020-03-19 04:00:00
387,61.795,57.31,401693384,62.9575,57,60.2126,862652,2020-03-20 04:00:00
388,57.02,56.0925,336752832,57.1249,53.1525,55.3518,838611,2020-03-23 04:00:00
389,59.09,61.72,287531092,61.9225,58.575,60.3309,692491,2020-03-24 04:00:00
390,62.6875,61.38,303602040,64.5625,61.075,62.931,755720,2020-03-25 04:00:00
391,61.63,64.61,252560596,64.67,61.59,63.194,584615,2020-03-26 04:00:00
392,63.1875,61.935,204216612,63.9675,61.7625,62.7031,490477,2020-03-27 04:00:00
393,62.685,63.7025,167976440,63.88,62.35,63.1713,371745,2020-03-30 04:00:00
394,63.9,63.5725,197002004,65.6225,63,64.1079,405381,2020-03-31 04:00:00
395,61.625,60.2275,176046552,62.18,59.7825,60.9782,460605,2020-04-01 04:00:00
396,60.085,61.2325,165933972,61.2875,59.225,60.3945,380294,2020-04-02 04:00:00
397,60.7,60.3525,129880068,61.425,59.7435,60.4515,293699,2020-04-03 04:00:00
398,62.725,65.6175,201820284,65.7775,62.345,64.0392,486681,2020-04-06 04:00:00
399,67.7,64.8575,202887324,67.925,64.75,66.1413,467375,2020-04-07 04:00:00
400,65.685,66.5175,168895284,66.8425,65.3075,66.1893,391246,2020-04-08 04:00:00
401,67.175,66.9975,162116492,67.5175,66.175,66.8074,415870,2020-04-09 04:00:00
402,67.0775,68.3125,131022924,68.425,66.4575,67.3614,343829,2020-04-13 04:00:00
403,70,71.7625,194994688,72.0625,69.5125,71.2864,476983,2020-04-14 04:00:00
404,70.6,71.1075,131154564,71.5825,70.1575,70.9263,312185,2020-04-15 04:00:00
405,71.845,71.6725,157125160,72.0494,70.5875,71.4464,377056,2020-04-16 04:00:00
406,71.1725,70.7,215249912,71.7363,69.215,70.404,571192,2020-04-17 04:00:00
407,69.4875,69.2325,130015000,70.42,69.2125,69.753,357160,2020-04-20 04:00:00
408,69.07,67.0925,180991572,69.3125,66.3575,67.4343,530768,2020-04-21 04:00:00
409,68.4025,69.025,117055368,69.475,68.05,68.7543,287131,2020-04-22 04:00:00
410,68.9675,68.7575,124801712,70.4375,68.7175,69.4705,318296,2020-04-23 04:00:00
411,69.3,70.7425,126508732,70.7525,69.25,70.0964,306176,2020-04-24 04:00:00
412,70.45,70.7925,117087572,71.135,69.9875,70.5883,300771,2020-04-27 04:00:00
413,71.27,69.645,112004748,71.4575,69.55,70.406,285384,2020-04-28 04:00:00
414,71.1825,71.9325,137280816,72.4175,70.9725,71.8512,324890,2020-04-29 04:00:00
415,72.49,73.45,183063872,73.6325,72.0875,72.9189,471129,2020-04-30 04:00:00
416,71.5625,72.2675,240616692,74.75,71.4625,73.1481,558318,2020-05-01 04:00:00
417,72.2925,73.29,133446864,73.4225,71.5793,72.6385,320744,2020-05-04 04:00:00
418,73.765,74.39,147751180,75.25,73.615,74.6384,361220,2020-05-05 04:00:00
419,75.115,75.1575,142333256,75.81,74.7175,75.4385,327327,2020-05-06 04:00:00
420,75.805,75.935,115215056,76.2925,75.4925,75.9291,273196,2020-05-07 04:00:00
421,76.41,77.5325,134047940,77.5875,76.0725,76.9476,318777,2020-05-08 04:00:00
422,77.025,78.7525,145945400,79.2625,76.81,78.2535,336670,2020-05-11 04:00:00
423,79.4575,77.8525,162100936,79.922,77.7275,79.0703,372891,2020-05-12 04:00:00
424,78.0375,76.9125,200622556,78.9875,75.8025,77.2421,489388,2020-05-13 04:00:00
425,76.1275,77.385,158600728,77.4475,75.3825,76.401,370233,2020-05-14 04:00:00
426,75.0875,76.9275,165283688,76.975,75.0525,76.2066,385764,2020-05-15 04:00:00
427,78.2925,78.74,135369872,79.125,77.581,78.524,315508,2020-05-18 04:00:00
428,78.7575,78.285,101729540,79.63,78.2525,79.087,253423,2020-05-19 04:00:00
429,79.17,79.8075,111504860,79.88,79.05,79.6228,263855,2020-05-20 04:00:00
430,79.665,79.2125,102688844,80.2225,78.9675,79.5353,250904,2020-05-21 04:00:00
431,78.9425,79.7225,81803016,79.8075,78.8375,79.3895,205849,2020-05-22 04:00:00
432,80.875,79.1825,125519176,81.06,79.125,79.8905,309826,2020-05-26 04:00:00
433,79.035,79.5275,112941436,79.6775,78.2725,79.0398,279261,2020-05-27 04:00:00
434,79.1925,79.5625,133795408,80.86,78.9075,80.0894,320359,2020-05-28 04:00:00
435,79.8125,79.485,153598128,80.2875,79.1175,79.6771,307848,2020-05-29 04:00:00
436,79.4375,80.4625,81000752,80.5875,79.3025,80.2125,231707,2020-06-01 04:00:00
437,80.1863,80.835,87642632,80.86,79.7325,80.3801,226248,2020-06-02 04:00:00
438,81.165,81.28,104490584,81.55,80.575,81.084,258867,2020-06-03 04:00:00
439,81.0975,80.58,87560364,81.405,80.195,80.8328,237171,2020-06-04 04:00:00
440,80.8375,82.875,137248048,82.9375,80.8075,82.2786,351615,2020-06-05 04:00:00
441,82.5625,83.365,95650900,83.4,81.83,82.7662,261203,2020-06-08 04:00:00
442,83.035,85.9975,147712228,86.4025,83.0025,85.3634,402768,2020-06-09 04:00:00
443,86.975,88.21,166646980,88.6925,86.5225,87.8736,449782,2020-06-10 04:00:00
444,87.3275,83.975,201659684,87.765,83.87,85.7741,577299,2020-06-11 04:00:00
445,86.18,84.7,200145124,86.95,83.5558,85.0132,514308,2020-06-12 04:00:00
446,83.3125,85.7475,138808720,86.42,83.145,84.8782,368615,2020-06-15 04:00:00
447,87.865,88.02,165428728,88.3,86.18,87.7181,446656,2020-06-16 04:00:00
448,88.7875,87.8975,114388504,88.85,87.7725,88.4283,321829,2020-06-17 04:00:00
449,87.8525,87.9325,96820384,88.3625,87.305,87.8912,274412,2020-06-18 04:00:00
450,88.6588,87.43,264475808,89.14,86.2875,87.6158,521900,2020-06-19 04:00:00
451,87.835,89.7175,135445064,89.865,87.7875,89.1444,365763,2020-06-22 04:00:00
452,91,91.6325,212155476,93.095,90.5675,91.9246,540691,2020-06-23 04:00:00
453,91.25,90.015,192623396,92.1975,89.63,90.5741,520696,2020-06-24 04:00:00
454,90.175,91.21,137522512,91.25,89.3925,90.4714,364768,2020-06-25 04:00:00
455,91.1025,88.4075,205256844,91.33,88.255,89.3208,478043,2020-06-26 04:00:00
456,88.3125,90.445,130646076,90.5434,87.82,89.6679,345350,2020-06-29 04:00:00
457,90.02,91.2,140217996,91.495,90,90.9687,332668,2020-06-30 04:00:00
458,91.28,91.0275,110737236,91.84,90.9775,91.4261,317158,2020-07-01 04:00:00
459,91.9625,91.0275,114041468,92.6175,90.91,91.761,304461,2020-07-02 04:00:00
460,92.5,93.4625,118655652,93.945,92.4675,93.3518,335176,2020-07-06 04:00:00
461,93.8525,93.1725,112419852,94.655,93.0575,93.9268,312176,2020-07-07 04:00:00
462,94.18,95.3425,117091880,95.375,94.09,94.885,328566,2020-07-08 04:00:00
463,96.2625,95.6825,125632928,96.3175,94.6725,95.6154,381750,2020-07-09 04:00:00
464,95.335,95.92,90257320,95.98,94.7052,95.4535,278154,2020-07-10 04:00:00
465,97.265,95.4775,191649140,99.955,95.2575,97.9313,582519,2020-07-13 04:00:00
466,94.84,97.0575,170984564,97.255,93.8775,95.8252,475794,2020-07-14 04:00:00
467,98.99,97.725,153175132,99.2475,96.49,97.7985,437741,2020-07-15 04:00:00
468,96.5625,96.5225,110572372,97.405,95.905,96.468,345189,2020-07-16 04:00:00
469,96.9875,96.3275,92164500,97.1475,95.84,96.4832,257101,2020-07-17 04:00:00
470,96.4163,98.3575,90317908,98.5,96.0625,97.4448,281653,2020-07-20 04:00:00
471,99.1725,97,103644436,99.25,96.7425,97.8163,328226,2020-07-21 04:00:00
472,96.6925,97.2725,88994732,97.975,96.6025,97.1692,255648,2020-07-22 04:00:00
473,96.9984,92.845,197003632,97.0775,92.0098,94.0126,685256,2020-07-23 04:00:00
474,90.9875,92.615,185433708,92.97,89.145,91.6042,563053,2020-07-24 04:00:00
475,93.71,94.81,121199392,94.905,93.48,94.3839,342422,2020-07-27 04:00:00
476,94.3675,93.2525,103581500,94.5497,93.2475,93.8305,277120,2020-07-28 04:00:00
477,93.75,95.04,90329256,95.23,93.7125,94.5805,260932,2020-07-29 04:00:00
478,94.1875,96.19,158116020,96.2975,93.7675,96.4895,516222,2020-07-30 04:00:00
479,102.8838,106.26,374295468,106.415,100.825,103.4718,1145107,2020-07-31 04:00:00
480,108.2,108.9375,308150416,111.6364,107.8925,109.658,979838,2020-08-03 04:00:00
481,109.1325,109.665,172688068,110.79,108.3875,109.6574,527331,2020-08-04 04:00:00
482,109.3775,110.0625,121991952,110.3925,108.8975,109.6622,387414,2020-08-05 04:00:00
483,110.405,113.9025,202411900,114.4125,109.7975,112.4859,585117,2020-08-06 04:00:00
484,113.205,111.1125,198019812,113.675,110.2925,111.9905,648627,2020-08-07 04:00:00
485,112.6,112.7275,212402024,113.775,110,112.3171,642375,2020-08-10 04:00:00
486,111.9688,109.375,187902376,112.4825,109.1067,111.0004,625323,2020-08-11 04:00:00
487,110.4975,113.01,165942820,113.275,110.2975,112.2537,515437,2020-08-12 04:00:00
488,114.43,115.01,210082064,116.0425,113.9275,114.9724,633333,2020-08-13 04:00:00
489,114.8288,114.9075,165423808,115,113.045,114.1782,538654,2020-08-14 04:00:00
490,116.0625,114.6075,119561044,116.0875,113.9625,114.8375,435125,2020-08-17 04:00:00
491,114.3525,115.5625,105633540,116,114.0075,115.2166,388889,2020-08-18 04:00:00
492,115.9833,115.7075,145538008,117.1625,115.61,116.4218,499399,2020-08-19 04:00:00
493,115.75,118.275,126871188,118.392,115.7334,117.3864,472757,2020-08-20 04:00:00
494,119.2625,124.37,337454640,124.868,119.25,122.6605,1092109,2020-08-21 04:00:00
495,128.6975,125.8575,345905768,128.785,123.9363,126.3212,1287610,2020-08-24 04:00:00
496,124.6975,124.825,211234408,125.1793,123.0525,124.1912,761144,2020-08-25 04:00:00
497,126.1791,126.5225,162473268,126.9925,125.0825,126.0815,627481,2020-08-26 04:00:00
498,127.1425,125.01,155516384,127.485,123.8325,125.6908,679923,2020-08-27 04:00:00
499,126.0125,124.8075,187529916,126.4425,124.5775,125.3296,690493,2020-08-28 04:00:00
500,127.58,129.04,225631664,131,126,128.9302,2753245,2020-08-31 04:00:00
501,132.76,134.18,152050116,134.8,130.53,132.8458,1494243,2020-09-01 04:00:00
502,137.59,131.4,200117202,137.98,127,131.6134,1841705,2020-09-02 04:00:00
503,126.91,120.88,257589206,128.84,120.5,123.526,2360712,2020-09-03 04:00:00
504,120.07,120.96,332549990,123.7,110.89,117.9436,2966979,2020-09-04 04:00:00
505,113.95,112.82,231349531,118.99,112.68,115.3956,2003625,2020-09-08 04:00:00
506,117.26,117.32,176833475,119.14,115.26,117.4152,1308828,2020-09-09 04:00:00
507,120.36,113.49,182274291,120.5,112.5,116.0457,1444575,2020-09-10 04:00:00
508,114.57,112,180846525,115.23,110,112.0421,1405577,2020-09-11 04:00:00
509,114.72,115.355,140112337,115.93,112.8,114.5795,1013512,2020-09-14 04:00:00
510,118.33,115.54,183786539,118.829,113.61,116.4171,1290594,2020-09-15 04:00:00
511,115.23,112.13,154719375,116,112.04,113.639,1186032,2020-09-16 04:00:00
512,109.72,110.34,177056468,112.2,108.71,110.1388,1363245,2020-09-17 04:00:00
513,110.4,106.84,287076882,110.88,106.09,107.7831,1650704,2020-09-18 04:00:00
514,104.54,110.08,195547704,110.19,103.1,106.9383,1362739,2020-09-21 04:00:00
515,112.68,111.81,183053939,112.86,109.16,110.9711,1128760,2020-09-22 04:00:00
516,111.62,107.12,150718671,112.11,106.77,109.1458,1007065,2020-09-23 04:00:00
517,105.17,108.22,167743149,110.25,105,108.5536,981871,2020-09-24 04:00:00
518,108.43,112.28,149981441,112.44,107.67,110.654,882580,2020-09-25 04:00:00
519,115.01,114.96,137668917,115.32,112.78,114.0428,866145,2020-09-28 04:00:00
520,114.55,114.09,100060326,115.31,113.57,114.2186,607009,2020-09-29 04:00:00
521,113.79,115.81,142675133,117.26,113.62,115.9431,808528,2020-09-30 04:00:00
522,117.64,116.79,115886840,117.72,115.83,116.5914,673252,2020-10-01 04:00:00
523,112.89,113.02,144707196,115.37,112.22,113.8678,963891,2020-10-02 04:00:00
524,113.91,116.5,105793839,116.65,113.55,115.4597,613097,2020-10-05 04:00:00
525,115.7,113.16,161498212,116.12,112.25,114.4362,1030507,2020-10-06 04:00:00
526,114.62,115.08,96848985,115.55,114.13,114.9212,577788,2020-10-07 04:00:00
527,116.25,114.97,83477028,116.4,114.5901,115.2658,520894,2020-10-08 04:00:00
528,115.28,116.97,100506865,117,114.92,116.2428,635346,2020-10-09 04:00:00
529,120.06,124.4,239983770,125.18,119.2845,123.0438,1409210,2020-10-12 04:00:00
530,125.27,121.1,262330451,125.39,119.65,122.4262,1723602,2020-10-13 04:00:00
531,121,121.19,151057198,123.03,119.62,121.3042,872447,2020-10-14 04:00:00
532,118.72,120.71,112382719,121.2,118.15,120.0797,669233,2020-10-15 04:00:00
533,121.28,119.02,115328808,121.548,118.81,120.1349,653703,2020-10-16 04:00:00
534,119.96,115.98,120639037,120.419,115.66,118.086,773095,2020-10-19 04:00:00
535,116.2,117.51,124423228,118.98,115.63,117.4342,687186,2020-10-20 04:00:00
536,116.67,116.87,89945980,118.705,116.45,117.4843,525410,2020-10-21 04:00:00
537,117.45,115.75,101987951,118.04,114.59,115.9703,650707,2020-10-22 04:00:00
538,116.39,115.04,82304645,116.55,114.28,114.9857,576736,2020-10-23 04:00:00
539,114.01,115.05,111849857,116.55,112.88,114.6132,731746,2020-10-26 04:00:00
540,115.49,116.6,92168772,117.28,114.5399,116.3162,554028,2020-10-27 04:00:00
541,115.05,111.2,143937823,115.43,111.1,112.727,969847,2020-10-28 04:00:00
542,112.37,115.32,146124673,116.93,112.2,114.5124,1025460,2020-10-29 04:00:00
543,111.06,108.86,190547476,111.99,107.72,109.1006,1493887,2020-10-30 04:00:00
544,109.11,108.77,122712099,110.68,107.32,108.6262,865470,2020-11-02 05:00:00
545,109.66,110.44,107414082,111.49,108.73,110.4493,640197,2020-11-03 05:00:00
546,114.14,114.95,138217782,115.59,112.35,114.6156,846477,2020-11-04 05:00:00
547,117.95,119.03,126261074,119.62,116.8686,118.4798,762125,2020-11-05 05:00:00
548,118.32,118.69,113892922,119.2,116.13,118.086,646271,2020-11-06 05:00:00
549,120.5,116.32,154497315,121.99,116.05,119.5403,997670,2020-11-09 05:00:00
550,115.55,115.97,135838990,117.59,114.13,116.3117,820541,2020-11-10 05:00:00
551,117.19,119.49,112294954,119.63,116.44,118.5071,621697,2020-11-11 05:00:00
552,119.62,119.21,103350674,120.53,118.57,119.4878,613387,2020-11-12 05:00:00
553,119.44,119.26,81688586,119.6717,117.87,118.8133,506252,2020-11-13 05:00:00
554,118.92,120.3,91179618,120.99,118.146,120.0986,593377,2020-11-16 05:00:00
555,119.55,119.39,74270973,120.6741,118.96,119.8848,494155,2020-11-17 05:00:00
556,118.61,118.03,74755911,119.82,118,118.9237,495971,2020-11-18 05:00:00
557,117.59,118.64,73687972,119.06,116.81,118.032,492499,2020-11-19 05:00:00
558,118.64,117.34,73534287,118.77,117.29,117.9871,460975,2020-11-20 05:00:00
559,117.18,113.85,127932918,117.6202,113.75,114.9681,1020038,2020-11-23 05:00:00
560,113.91,115.17,113874218,115.85,112.59,114.527,809378,2020-11-24 05:00:00
561,115.55,116.03,76499234,116.75,115.17,116.0926,497668,2020-11-25 05:00:00
562,116.57,116.59,46691331,117.49,116.22,116.8509,328643,2020-11-27 05:00:00
563,116.97,119.05,169391476,120.97,116.81,119.1583,911469,2020-11-30 05:00:00
564,121.01,122.72,128166803,123.4693,120.01,122.448,816060,2020-12-01 05:00:00
565,122.02,123.08,89004195,123.37,120.89,122.5716,527794,2020-12-02 05:00:00
566,123.52,122.94,78944630,123.78,122.21,122.9675,473228,2020-12-03 05:00:00
567,122.6,122.25,76401421,122.8608,121.52,122.0795,459162,2020-12-04 05:00:00
568,122.31,123.75,86711490,124.57,122.25,123.8382,517945,2020-12-07 05:00:00
569,124.37,124.38,82139512,124.98,123.09,124.1914,504720,2020-12-08 05:00:00
570,124.53,121.78,115005193,125.95,121,123.2586,737741,2020-12-09 05:00:00
571,120.5,123.24,81295670,123.87,120.15,122.8994,512167,2020-12-10 05:00:00
572,122.43,122.41,86561586,122.76,120.55,121.7229,541967,2020-12-11 05:00:00
573,122.6,121.78,79055188,123.35,121.54,122.4325,451068,2020-12-14 05:00:00
574,124.34,127.88,157572262,127.9,124.13,126.5535,867462,2020-12-15 05:00:00
575,127.41,127.81,95913591,128.37,126.56,127.5459,550012,2020-12-16 05:00:00
576,128.9,128.7,94359811,129.58,128.045,128.6643,491620,2020-12-17 05:00:00
577,128.96,126.655,191108396,129.1,126.12,127.0953,662921,2020-12-18 05:00:00
578,125.02,128.23,121250643,128.31,123.449,126.3341,746686,2020-12-21 05:00:00
579,131.61,131.88,169351825,134.405,129.65,132.2514,1132116,2020-12-22 05:00:00
580,132.16,130.96,88223692,132.43,130.78,131.5993,557220,2020-12-23 05:00:00
581,131.32,131.97,54930064,133.46,131.1,132.3339,365718,2020-12-24 05:00:00
582,133.99,136.69,124486237,137.34,133.51,135.8414,782397,2020-12-28 05:00:00
583,138.05,134.87,121047324,138.789,134.3409,136.3766,797011,2020-12-29 05:00:00
584,135.58,133.72,95452124,135.99,133.4,134.3227,630840,2020-12-30 05:00:00
585,134.08,132.69,99089086,134.74,131.72,132.8801,652165,2020-12-31 05:00:00
586,133.52,129.41,143285672,133.6116,126.76,129.7326,1310217,2021-01-04 05:00:00
587,128.89,131.01,97664898,131.74,128.43,130.7179,707577,2021-01-05 05:00:00
588,127.72,126.6,155087970,131.0499,126.382,128.3502,1202574,2021-01-06 05:00:00
589,128.36,130.92,109578157,131.63,127.86,130.1539,718357,2021-01-07 05:00:00
590,132.43,132.05,105158245,132.63,130.23,131.5657,800069,2021-01-08 05:00:00
591,129.19,128.98,100617160,130.17,128.5,129.3232,775027,2021-01-11 05:00:00
592,128.5,128.8,91851145,129.69,126.86,128.4834,692719,2021-01-12 05:00:00
593,128.76,130.89,88636831,131.45,128.49,130.5588,596230,2021-01-13 05:00:00
594,130.8,128.91,89671755,131,128.76,129.7381,651392,2021-01-14 05:00:00
595,128.78,127.14,111196831,130.2242,127,128.264,713312,2021-01-15 05:00:00
596,127.78,127.83,90750329,128.71,126.938,127.6974,599768,2021-01-19 05:00:00
597,128.66,132.03,104134039,132.49,128.55,131.4664,668571,2021-01-20 05:00:00
598,133.8,136.87,120256319,139.67,133.59,135.8584,834998,2021-01-21 05:00:00
599,136.28,139.07,114234010,139.85,135.02,137.8544,744041,2021-01-22 05:00:00
600,143.07,142.92,157588183,145.09,136.54,142.6255,1226813,2021-01-25 05:00:00
601,143.6,143.16,98390205,144.3,141.37,142.8442,743285,2021-01-26 05:00:00
602,143.43,142.06,140613944,144.3,140.41,142.3522,1155710,2021-01-27 05:00:00
603,139.52,137.09,142508399,141.99,136.7,139.1841,1239461,2021-01-28 05:00:00
604,135.83,131.96,177506312,136.74,130.21,132.7372,1695154,2021-01-29 05:00:00
605,133.75,134.14,106239823,135.38,130.93,133.7923,924206,2021-02-01 05:00:00
606,135.73,134.99,83259967,136.31,134.61,135.2222,689676,2021-02-02 05:00:00
607,135.76,133.94,85880937,135.77,133.61,134.6595,699067,2021-02-03 05:00:00
608,136.3,137.39,84141061,137.4,134.59,136.1869,658076,2021-02-04 05:00:00
609,137.35,136.76,75303830,137.42,135.86,136.6507,616037,2021-02-05 05:00:00
610,136.03,136.91,71297214,136.96,134.92,136.2094,614469,2021-02-08 05:00:00
611,136.62,136.01,76774213,137.877,135.85,136.7346,536824,2021-02-09 05:00:00
612,136.48,135.39,72546563,136.99,134.4,135.4825,605205,2021-02-10 05:00:00
613,135.9,135.13,64280029,136.39,133.77,134.8643,547785,2021-02-11 05:00:00
614,134.35,135.37,60136930,135.53,133.6921,134.5208,481804,2021-02-12 05:00:00
615,135.49,133.19,80576316,136.01,132.79,133.8643,741080,2021-02-16 05:00:00
616,131.25,130.84,97991849,132.22,129.47,130.5913,971318,2021-02-17 05:00:00
617,129.2,129.71,96156748,129.995,127.41,128.8633,859568,2021-02-18 05:00:00
618,130.24,129.87,87340834,130.71,128.8,129.766,683754,2021-02-19 05:00:00
619,128.01,126,103295419,129.72,125.6,127.0448,969980,2021-02-22 05:00:00
620,123.76,125.86,158252662,126.71,118.39,123.3074,1547442,2021-02-23 05:00:00
621,124.94,125.35,110789904,125.56,122.23,124.4278,965716,2021-02-24 05:00:00
622,124.68,120.99,148199540,126.4585,120.54,122.6039,1365697,2021-02-25 05:00:00
623,122.59,121.26,164559569,124.85,121.2,122.9199,1289339,2021-02-26 05:00:00
624,123.75,127.79,116307892,127.93,122.79,126.0528,924487,2021-03-01 05:00:00
625,128.41,125.12,102260945,128.72,125.01,126.1136,831904,2021-03-02 05:00:00
626,124.81,122.06,112966340,125.71,121.84,123.378,992159,2021-03-03 05:00:00
627,121.75,120.13,178049975,123.6,118.62,120.805,1689127,2021-03-04 05:00:00
628,120.98,121.42,153592201,121.935,117.57,119.7787,1472273,2021-03-05 05:00:00
629,120.93,116.36,154376610,121,116.21,117.9393,1540729,2021-03-08 05:00:00
630,119.03,121.085,129272780,122.06,118.79,120.6902,1009102,2021-03-09 05:00:00
631,121.69,119.98,111886327,122.17,119.45,120.3297,1031831,2021-03-10 05:00:00
632,122.54,121.96,102991014,123.21,121.26,122.0659,790211,2021-03-11 05:00:00
633,120.4,121.03,87955050,121.17,119.16,120.2455,762384,2021-03-12 05:00:00
634,121.41,123.99,92568955,124,120.42,122.9775,711876,2021-03-15 04:00:00
635,125.7,125.57,115226936,127.22,124.715,125.9513,835613,2021-03-16 04:00:00
636,124.05,124.76,111632636,125.8599,122.336,123.7795,896781,2021-03-17 04:00:00
637,122.88,120.53,121367255,123.18,120.32,121.6504,970641,2021-03-18 04:00:00
638,119.9,119.99,184668022,121.43,119.675,120.2005,881988,2021-03-19 04:00:00
639,120.33,123.39,111816184,123.87,120.26,122.8192,723652,2021-03-22 04:00:00
640,123.33,122.54,95051142,124.24,122.14,122.999,641822,2021-03-23 04:00:00
641,122.82,120.09,88525685,122.9,120.065,121.2133,653239,2021-03-24 04:00:00
642,119.54,120.59,98809281,121.66,119,120.244,807588,2021-03-25 04:00:00
643,120.35,121.21,94071234,121.48,118.92,120.2314,716066,2021-03-26 04:00:00
644,121.65,121.39,80819203,122.58,120.7299,121.4709,584885,2021-03-29 04:00:00
645,120.11,119.9,84507919,120.4031,118.86,119.7036,667918,2021-03-30 04:00:00
646,121.65,122.15,118323826,123.52,121.15,122.6039,740850,2021-03-31 04:00:00
647,123.66,123,75089134,124.18,122.49,123.1513,526273,2021-04-01 04:00:00
648,123.87,125.9,88251175,126.1601,123.07,125.3311,642630,2021-04-05 04:00:00
649,126.5,126.21,80171253,127.13,125.65,126.364,564312,2021-04-06 04:00:00
650,125.83,127.9,83256716,127.92,125.14,127.1011,555603,2021-04-07 04:00:00
651,128.95,130.36,88844591,130.39,128.52,129.7402,639632,2021-04-08 04:00:00
652,129.8,132.995,106615653,133.04,129.47,131.6977,701349,2021-04-09 04:00:00
653,132.52,131.24,91388983,132.85,130.63,131.5117,612036,2021-04-12 04:00:00
654,132.44,134.43,90761995,134.66,131.93,133.732,640753,2021-04-13 04:00:00
655,134.94,132.03,86222782,135,131.655,133.0216,668827,2021-04-14 04:00:00
656,133.82,134.5,89347102,135,133.64,134.3964,608980,2021-04-15 04:00:00
657,134.3,134.16,84360386,134.67,133.28,134.0367,541233,2021-04-16 04:00:00
658,133.51,134.84,94264215,135.47,133.34,134.5998,625255,2021-04-19 04:00:00
659,135.02,133.11,94812249,135.53,131.81,133.4438,744673,2021-04-20 04:00:00
660,132.36,133.5,68826135,133.75,131.3001,132.8647,508230,2021-04-21 04:00:00
661,133.04,131.94,84566456,134.15,131.41,132.7723,615670,2021-04-22 04:00:00
662,132.16,134.32,78666779,135.12,132.16,134.1622,519533,2021-04-23 04:00:00
663,134.83,134.72,66888509,135.06,133.56,134.5418,484069,2021-04-26 04:00:00
664,135.01,134.39,66015804,135.41,134.11,134.5907,480003,2021-04-27 04:00:00
665,134.31,133.58,107746597,135.02,133.08,134.6526,783355,2021-04-28 04:00:00
666,136.47,133.48,151100953,137.07,132.45,134.1771,1059387,2021-04-29 04:00:00
667,131.78,131.46,109425466,133.56,131.065,132.194,701292,2021-04-30 04:00:00
668,132.04,132.54,75135100,134.07,131.83,132.8122,580631,2021-05-03 04:00:00
669,131.19,127.85,137544918,131.4899,126.7,127.9654,1182700,2021-05-04 04:00:00
670,129.2,128.1,84000900,130.45,127.97,129.2267,659279,2021-05-05 04:00:00
671,127.89,129.74,78064334,129.75,127.13,128.6316,607088,2021-05-06 04:00:00
672,130.85,130.21,77691273,131.2582,129.475,130.4433,545296,2021-05-07 04:00:00
673,129.41,126.85,88071229,129.54,126.81,127.8422,680681,2021-05-10 04:00:00
674,123.5,125.91,126142826,126.27,122.77,124.7406,922237,2021-05-11 04:00:00
675,123.4,122.77,112172282,124.64,122.25,123.0599,876763,2021-05-12 04:00:00
676,124.58,124.97,105850339,126.15,124.26,125.1884,788603,2021-05-13 04:00:00
677,126.25,127.45,81872951,127.89,125.85,126.9616,535527,2021-05-14 04:00:00
678,126.82,126.27,74216624,126.93,125.17,125.9467,502288,2021-05-17 04:00:00
679,126.56,124.85,63342929,126.99,124.78,125.9763,493538,2021-05-18 04:00:00
680,123.16,124.69,92593489,124.915,122.86,124.0238,674397,2021-05-19 04:00:00
681,125.23,127.31,76852123,127.72,125.1,126.8581,494796,2021-05-20 04:00:00
682,127.82,125.43,79295436,128,125.21,126.1486,527860,2021-05-21 04:00:00
683,126.01,127.1,63067944,127.94,125.94,127.2698,442120,2021-05-24 04:00:00
684,127.82,126.9,72009482,128.32,126.32,127.0739,462909,2021-05-25 04:00:00
685,126.955,126.85,56443920,127.39,126.42,126.8655,415320,2021-05-26 04:00:00
686,126.44,125.28,94625601,127.64,125.08,126.1253,545582,2021-05-27 04:00:00
687,125.57,124.61,71238509,125.8,124.55,125.0642,527853,2021-05-28 04:00:00
688,125.08,124.28,65562118,125.35,123.94,124.5894,501106,2021-06-01 04:00:00
689,124.28,125.06,58674262,125.24,124.05,124.769,461408,2021-06-02 04:00:00
690,124.68,123.54,75699170,124.85,123.13,123.7708,562249,2021-06-03 04:00:00
691,124.07,125.89,75169343,126.16,123.85,125.368,467760,2021-06-04 04:00:00
692,126.17,125.9,71057550,126.32,124.8321,125.3691,504254,2021-06-07 04:00:00
693,126.6,126.74,74403774,128.46,126.2101,127.0742,532078,2021-06-08 04:00:00
694,127.21,127.13,56695219,127.75,126.52,127.0733,382625,2021-06-09 04:00:00
695,127.02,126.11,71186421,128.19,125.94,126.6607,498371,2021-06-10 04:00:00
696,126.53,127.35,53522373,127.44,126.1,127.0246,354080,2021-06-11 04:00:00
697,127.82,130.48,96906490,130.54,127.07,129.6322,563595,2021-06-14 04:00:00
698,129.94,129.64,62725532,130.6,129.39,129.8358,416230,2021-06-15 04:00:00
699,130.37,130.15,91793025,130.89,128.461,130.0001,619028,2021-06-16 04:00:00
700,129.8,131.79,96721669,132.55,129.65,131.5645,652025,2021-06-17 04:00:00
701,130.71,130.46,108890309,131.51,130.24,130.7868,557039,2021-06-18 04:00:00
702,130.3,132.3,79269216,132.41,129.21,131.4999,506660,2021-06-21 04:00:00
703,132.13,133.98,73713618,134.08,131.62,133.0905,481082,2021-06-22 04:00:00
704,133.77,133.7,60214200,134.32,133.23,133.7872,424752,2021-06-23 04:00:00
705,134.45,133.41,68710998,134.64,132.93,133.7663,443492,2021-06-24 04:00:00
706,133.46,133.11,70783746,133.89,132.81,133.2362,358692,2021-06-25 04:00:00
707,133.41,134.78,61941303,135.245,133.35,134.8066,454433,2021-06-28 04:00:00
708,134.8,136.33,64291681,136.49,134.35,135.9422,442545,2021-06-29 04:00:00
709,136.17,136.96,63234093,137.41,135.87,136.8187,419352,2021-06-30 04:00:00
710,136.6,137.27,52417031,137.33,135.76,136.6708,388276,2021-07-01 04:00:00
711,137.9,139.96,78945572,140,137.745,139.1986,521793,2021-07-02 04:00:00
712,140.07,142.02,108081776,143.15,140.07,141.7417,733637,2021-07-06 04:00:00
713,143.535,144.57,104899789,144.89,142.66,144.0183,732815,2021-07-07 04:00:00
714,141.58,143.24,104225458,144.06,140.665,142.5427,772469,2021-07-08 04:00:00
715,142.75,145.11,99890799,145.65,142.6522,144.7844,635911,2021-07-09 04:00:00
716,146.21,144.5,76276717,146.32,144,144.7868,516633,2021-07-12 04:00:00
717,144.03,145.64,100798598,147.46,143.63,146.0546,697061,2021-07-13 04:00:00
718,148.1,149.15,127014683,149.57,147.68,148.8217,797729,2021-07-14 04:00:00
719,149.24,148.48,106559516,150,147.09,148.4417,698332,2021-07-15 04:00:00
720,148.46,146.39,93219926,149.76,145.88,147.6247,613155,2021-07-16 04:00:00
721,143.75,142.45,121434571,144.07,141.67,142.6131,939624,2021-07-19 04:00:00
722,143.46,146.15,96324436,147.0997,142.96,145.5723,614255,2021-07-20 04:00:00
723,145.53,145.4,74031460,146.13,144.63,145.3658,473574,2021-07-21 04:00:00
724,145.935,146.8,77287356,148.195,145.81,146.991,480209,2021-07-22 04:00:00
725,147.55,148.56,71447416,148.7177,146.92,148.0368,457247,2021-07-23 04:00:00
726,148.27,148.99,72434089,149.83,147.7,149.1182,489114,2021-07-26 04:00:00
727,149.12,146.77,104803028,149.21,145.55,146.8324,785621,2021-07-27 04:00:00
728,144.81,144.98,118931191,146.97,142.54,144.8875,829463,2021-07-28 04:00:00
729,144.685,145.64,56699475,146.55,144.58,145.8064,416123,2021-07-29 04:00:00
730,144.38,145.86,70440626,146.33,144.11,145.3967,466325,2021-07-30 04:00:00
731,146.36,145.52,61351461,146.95,145.25,145.8599,458358,2021-08-02 04:00:00
732,145.81,147.36,63536618,148.045,145.18,146.7499,462817,2021-08-03 04:00:00
733,147.27,146.95,56357771,147.79,146.28,147.0473,402501,2021-08-04 04:00:00
734,146.98,147.06,46216322,147.84,146.17,147.1115,356212,2021-08-05 04:00:00
735,146.35,146.14,53854313,147.11,145.63,146.2139,374119,2021-08-06 04:00:00
736,146.2,146.09,48858689,146.7,145.52,146.1113,352471,2021-08-09 04:00:00
737,146.44,145.6,68286400,147.71,145.3,146.1315,431274,2021-08-10 04:00:00
738,146.05,145.86,48493463,146.72,145.53,146.0228,365446,2021-08-11 04:00:00
739,146.19,148.89,73771613,149.05,145.84,148.0103,514669,2021-08-12 04:00:00
740,148.97,149.1,59375009,149.4444,148.27,148.9194,407900,2021-08-13 04:00:00
741,148.535,151.12,103558782,151.19,146.47,149.4001,704850,2021-08-16 04:00:00
742,150.23,150.19,92202535,151.68,149.09,150.2473,624238,2021-08-17 04:00:00
743,149.8,146.36,86285490,150.72,146.15,148.2985,647599,2021-08-18 04:00:00
744,145.03,146.7,86753154,148,144.5,146.4409,639427,2021-08-19 04:00:00
745,147.44,148.19,60249630,148.5,146.78,147.8157,413517,2021-08-20 04:00:00
746,148.31,149.71,60105710,150.19,147.89,149.4893,428947,2021-08-23 04:00:00
747,149.45,149.62,48605228,150.86,149.15,149.9034,370055,2021-08-24 04:00:00
748,149.81,148.36,58691297,150.32,147.8,148.5982,460865,2021-08-25 04:00:00
749,148.35,147.54,48597195,149.12,147.51,148.1147,382720,2021-08-26 04:00:00
750,147.48,148.6,54858888,148.75,146.83,148.1201,405190,2021-08-27 04:00:00
751,149,153.12,90756723,153.49,148.61,152.1466,659666,2021-08-30 04:00:00
752,152.66,151.83,85962417,152.8,151.29,152.0192,534512,2021-08-31 04:00:00
753,152.83,152.51,80207311,154.98,152.34,153.7673,593508,2021-09-01 04:00:00
754,153.87,153.65,71171317,154.72,152.4,153.6101,519974,2021-09-02 04:00:00
755,153.76,154.3,57866066,154.63,153.09,154.0218,431686,2021-09-03 04:00:00
756,154.97,156.69,83620937,157.26,154.39,156.1841,628035,2021-09-07 04:00:00
757,156.98,155.11,74396207,157.04,153.975,155.1093,598135,2021-09-08 04:00:00
758,155.49,154.07,57305730,156.11,153.95,154.8505,469366,2021-09-09 04:00:00
759,155,148.97,140829235,155.48,148.7,150.9988,1168239,2021-09-10 04:00:00
760,150.63,149.55,104246371,151.42,148.75,149.6982,760230,2021-09-13 04:00:00
761,150.35,148.12,112148523,151.07,146.91,148.8369,808779,2021-09-14 04:00:00
762,148.56,149.03,84825078,149.44,146.37,148.0322,635894,2021-09-15 04:00:00
763,148.44,148.79,67981149,148.97,147.221,148.151,501847,2021-09-16 04:00:00
764,148.82,146.06,129840322,148.82,145.76,146.6992,713537,2021-09-17 04:00:00
765,143.8,142.94,123462362,144.84,141.27,142.7526,1022141,2021-09-20 04:00:00
766,143.93,143.43,75833962,144.6,142.78,143.74,578041,2021-09-21 04:00:00
767,144.45,145.85,76404341,146.43,143.7001,145.4092,548480,2021-09-22 04:00:00
768,146.65,146.83,64727170,147.08,145.64,146.6924,472238,2021-09-23 04:00:00
769,145.66,146.92,53475569,147.4701,145.56,146.4928,400154,2021-09-24 04:00:00
770,145.47,145.37,74150726,145.96,143.82,145.1074,529650,2021-09-27 04:00:00
771,143.25,141.91,108955840,144.75,141.69,142.6723,823805,2021-09-28 04:00:00
772,142.47,142.83,73592044,144.45,142.03,143.3984,528983,2021-09-29 04:00:00
773,143.66,141.5,90816408,144.378,141.28,142.4016,660868,2021-09-30 04:00:00
774,141.9,142.65,94606681,142.92,139.1101,141.1056,730084,2021-10-01 04:00:00
775,141.76,139.14,98322008,142.21,138.27,139.2908,828320,2021-10-04 04:00:00
776,139.49,141.11,80861062,142.24,139.36,140.9927,562855,2021-10-05 04:00:00
777,139.47,142,82821118,142.15,138.37,140.3828,610961,2021-10-06 04:00:00
778,143.06,143.29,61732655,144.215,142.72,143.6657,450794,2021-10-07 04:00:00
779,144.03,142.9,59892052,144.1781,142.56,143.1747,423540,2021-10-08 04:00:00
780,142.27,142.81,63952219,144.81,141.81,143.6675,399220,2021-10-11 04:00:00
781,143.23,141.51,73035859,143.25,141.0401,141.8587,526042,2021-10-12 04:00:00
782,141.235,140.91,78762121,141.4,139.2,140.3071,600890,2021-10-13 04:00:00
783,142.11,143.76,69891600,143.88,141.51,143.2173,447186,2021-10-14 04:00:00
784,143.77,144.84,67642684,144.895,143.51,144.3214,429707,2021-10-15 04:00:00
785,143.445,146.55,85389174,146.84,143.16,145.4235,544217,2021-10-18 04:00:00
786,147.01,148.76,76378894,149.17,146.55,148.329,532883,2021-10-19 04:00:00
787,148.7,149.26,58418788,149.7539,148.12,149.0905,437977,2021-10-20 04:00:00
788,148.81,149.48,61345990,149.64,147.87,149.0317,418119,2021-10-21 04:00:00
789,149.69,148.69,58855143,150.18,148.64,149.2955,437719,2021-10-22 04:00:00
790,148.68,148.64,50220555,149.37,147.6211,148.5067,425021,2021-10-25 04:00:00
791,149.33,149.32,60893393,150.84,149.0101,149.5911,459692,2021-10-26 04:00:00
792,149.36,148.85,56094929,149.73,148.49,149.1193,407592,2021-10-27 04:00:00
793,149.82,152.57,100064388,153.165,149.72,151.5945,749706,2021-10-28 04:00:00
794,147.215,149.8,124953168,149.94,146.4128,148.3331,863685,2021-10-29 04:00:00
795,148.985,148.96,74588257,149.7,147.8,148.8099,529659,2021-11-01 04:00:00
796,148.66,150.02,69121986,151.57,148.65,150.3583,517391,2021-11-02 04:00:00
797,150.39,151.49,54511532,151.97,149.82,150.9171,399115,2021-11-03 04:00:00
798,151.58,150.96,60394613,152.43,150.64,151.3974,457989,2021-11-04 04:00:00
799,151.89,151.28,65163883,152.2,150.06,151.0887,424255,2021-11-05 04:00:00
800,151.41,150.44,55020868,151.57,150.16,150.8187,416754,2021-11-08 05:00:00
801,150.2,150.81,56787930,151.428,150.0601,150.792,455006,2021-11-09 05:00:00
802,150.02,147.92,65160017,150.13,147.85,148.6034,544210,2021-11-10 05:00:00
803,148.96,147.87,40699950,149.43,147.681,148.169,338584,2021-11-11 05:00:00
804,148.43,149.99,63804006,150.4,147.48,149.3536,404421,2021-11-12 05:00:00
805,150.37,150,59182803,151.88,149.43,150.2881,422055,2021-11-15 05:00:00
806,149.94,151,59256210,151.488,149.34,150.6976,388990,2021-11-16 05:00:00
807,150.995,153.49,88807000,155,150.99,153.5371,625976,2021-11-17 05:00:00
808,153.71,157.87,137777673,158.67,153.05,156.3264,865061,2021-11-18 05:00:00
809,157.65,160.55,117264897,161.02,156.5328,159.5736,816964,2021-11-19 05:00:00
810,161.68,161.02,117427889,165.7,161,163.5891,890334,2021-11-22 05:00:00
811,161.12,161.41,96022899,161.8,159.0601,160.3405,712377,2021-11-23 05:00:00
812,160.75,161.94,69263623,162.14,159.64,161.1093,505241,2021-11-24 05:00:00
813,159.565,156.81,76940752,160.45,156.36,157.8439,666767,2021-11-26 05:00:00
814,159.37,160.24,88498217,161.19,158.7901,160.1333,663948,2021-11-29 05:00:00
815,159.985,165.3,173958056,165.52,159.92,163.775,1139625,2021-11-30 05:00:00
816,167.48,164.77,152303002,170.3,164.53,167.6855,1191148,2021-12-01 05:00:00
817,158.735,163.76,136739174,164.2,157.8,161.8301,1163153,2021-12-02 05:00:00
818,164.02,161.84,117949416,164.96,159.72,161.8243,950980,2021-12-03 05:00:00
819,164.29,165.32,107496982,167.8799,164.28,165.8234,840677,2021-12-06 05:00:00
820,169.08,171.18,120356951,171.58,168.34,170.5609,834819,2021-12-07 05:00:00
821,172.125,175.08,116982099,175.96,170.7,174.0176,871401,2021-12-08 05:00:00
822,174.91,174.56,108923738,176.75,173.92,175.277,786129,2021-12-09 05:00:00
823,175.205,179.45,115402731,179.63,174.69,177.2721,855797,2021-12-10 05:00:00
824,181.115,175.74,153237019,182.13,175.53,178.5988,1148448,2021-12-13 05:00:00
825,175.25,174.33,139356181,177.74,172.21,174.4001,985603,2021-12-14 05:00:00
826,175.11,179.3,131063257,179.5,172.3108,176.0771,937053,2021-12-15 05:00:00
827,179.28,172.26,150185842,181.14,170.75,174.4138,1202731,2021-12-16 05:00:00
828,169.93,171.14,194579041,173.47,169.69,171.2628,994729,2021-12-17 05:00:00
829,168.28,169.75,107499114,170.58,167.46,169.2626,816118,2021-12-20 05:00:00
830,171.555,172.99,91167005,173.2,169.12,171.4815,651088,2021-12-21 05:00:00
831,173.04,175.64,92135303,175.86,172.15,174.3316,643554,2021-12-22 05:00:00
832,175.85,176.28,68356567,176.8499,175.27,176.1477,502547,2021-12-23 05:00:00
833,177.085,180.33,74901582,180.42,177.07,179.0573,630107,2021-12-27 05:00:00
834,180.16,179.29,78894335,181.33,178.53,179.7048,631766,2021-12-28 05:00:00
835,179.33,179.38,62348931,180.63,178.14,179.4557,491790,2021-12-29 05:00:00
836,179.47,178.2,59773014,180.57,178.09,179.3744,498664,2021-12-30 05:00:00
837,178.085,177.57,64062261,179.23,177.26,177.8004,451687,2021-12-31 05:00:00
838,177.83,182.01,104677470,182.88,177.71,181.4156,772691,2022-01-03 05:00:00
839,182.63,179.7,99110438,182.94,179.12,180.5574,831890,2022-01-04 05:00:00
840,179.61,174.92,94535602,180.17,174.64,177.2884,848513,2022-01-05 05:00:00
841,172.7,172,96882954,175.3,171.64,173.08,960340,2022-01-06 05:00:00
842,172.89,172.17,86709147,174.14,171.03,172.4383,716881,2022-01-07 05:00:00
843,169.08,172.19,106754551,172.5,168.17,170.2886,956337,2022-01-10 05:00:00
844,172.32,175.08,76138312,175.18,170.82,173.6337,649652,2022-01-11 05:00:00
845,176.12,175.53,74805173,177.18,174.82,175.8343,642756,2022-01-12 05:00:00
846,175.78,172.19,84405760,176.62,171.79,173.9711,692343,2022-01-13 05:00:00
847,171.34,173.07,80440778,173.78,171.09,172.3612,672552,2022-01-14 05:00:00
848,171.51,169.8,91063979,172.54,169.405,170.5404,780899,2022-01-18 05:00:00
849,170,166.23,94814990,171.08,165.94,168.2999,824022,2022-01-19 05:00:00
850,166.98,164.51,91420515,169.68,164.18,167.0706,795585,2022-01-20 05:00:00
851,164.415,162.41,122824858,166.33,162.3,163.8807,1079476,2022-01-21 05:00:00
852,160.02,161.62,162706686,162.3,154.7,158.6897,1632710,2022-01-24 05:00:00
853,158.98,159.78,115777137,162.76,157.02,159.4274,1008306,2022-01-25 05:00:00
854,163.5,159.69,108275307,164.3894,157.82,161.41,1017706,2022-01-26 05:00:00
855,162.45,159.22,121954638,163.84,158.28,161.2969,1161003,2022-01-27 05:00:00
856,165.71,170.33,179435660,170.35,162.8,167.3083,1518049,2022-01-28 05:00:00
857,170.16,174.78,115522090,175,169.51,173.1568,933480,2022-01-31 05:00:00
858,174.01,174.61,85595911,174.84,172.31,173.7061,735250,2022-02-01 05:00:00
859,174.745,175.84,84914158,175.88,173.33,174.9413,676308,2022-02-02 05:00:00
860,174.48,172.9,89418074,176.2399,172.12,174.3835,724838,2022-02-03 05:00:00
861,171.68,172.39,82446700,174.1,170.68,172.3165,702966,2022-02-04 05:00:00
862,172.86,171.66,77251204,173.9458,170.95,172.4426,571410,2022-02-07 05:00:00
863,171.73,174.83,74829217,175.35,171.43,173.8127,634268,2022-02-08 05:00:00
864,176.05,176.28,71204538,176.65,174.9,175.8287,573996,2022-02-09 05:00:00
865,174.14,172.12,90715899,175.48,171.55,173.5408,761963,2022-02-10 05:00:00
866,172.33,168.64,98490687,173.08,168.04,170.1997,815714,2022-02-11 05:00:00
867,167.37,168.88,86185530,169.58,166.56,168.3917,757491,2022-02-14 05:00:00
868,170.97,172.79,64286317,172.95,170.25,171.6596,562851,2022-02-15 05:00:00
869,171.85,172.55,61139697,173.34,170.05,171.6489,543032,2022-02-16 05:00:00
870,171.03,168.88,69589344,171.91,168.47,170.1812,584118,2022-02-17 05:00:00
871,169.82,167.3,82772674,170.5413,166.19,167.7969,687677,2022-02-18 05:00:00
872,164.98,164.32,91148358,166.69,162.15,164.5551,897217,2022-02-22 05:00:00
873,165.54,160.07,90009247,166.15,159.75,162.1577,820313,2022-02-23 05:00:00
874,152.58,162.74,141147540,162.85,152,158.0144,1383829,2022-02-24 05:00:00
875,163.84,164.85,91974222,165.12,160.8738,163.7895,812155,2022-02-25 05:00:00
876,163.06,165.12,95056629,165.42,162.43,164.268,791485,2022-02-28 05:00:00
877,164.695,163.2,83468865,166.6,161.97,164.16,749653,2022-03-01 05:00:00
878,164.39,166.56,79724750,167.36,162.95,165.8095,668260,2022-03-02 05:00:00
879,168.47,166.23,76678441,168.91,165.55,166.918,651764,2022-03-03 05:00:00
880,164.49,163.17,83819592,165.55,162.1,163.398,743696,2022-03-04 05:00:00
881,163.36,159.3,96418845,165.02,159.04,161.4026,847057,2022-03-07 05:00:00
882,158.82,157.44,131139480,162.88,155.8,158.7737,1139149,2022-03-08 05:00:00
883,161.475,162.95,91445405,163.41,159.41,161.9446,733685,2022-03-09 05:00:00
884,160.2,158.52,105342033,160.39,155.98,158.0284,882861,2022-03-10 05:00:00
885,158.93,154.73,96917302,159.28,154.5,156.1598,880727,2022-03-11 05:00:00
886,151.45,150.62,108712111,154.12,150.1,151.683,969357,2022-03-14 04:00:00
887,150.9,155.09,92964302,155.57,150.38,153.4741,719955,2022-03-15 04:00:00
888,157.05,159.59,102300157,160,154.46,157.6528,833066,2022-03-16 04:00:00
889,158.61,160.62,75615376,161,157.63,159.4208,629003,2022-03-17 04:00:00
890,160.51,163.98,122610172,164.48,159.76,162.5971,713986,2022-03-18 04:00:00
891,163.51,165.38,95811352,166.35,163.015,164.7355,721125,2022-03-21 04:00:00
892,165.51,168.82,81532007,169.42,164.91,168.2308,638943,2022-03-22 04:00:00
893,167.99,170.21,98062674,172.64,167.65,170.7915,784481,2022-03-23 04:00:00
894,171.06,174.07,90131418,174.14,170.21,172.2655,688102,2022-03-24 04:00:00
895,173.88,174.72,80529356,175.28,172.75,174.0232,663600,2022-03-25 04:00:00
896,172.17,175.6,90371916,175.73,172,174.3754,716107,2022-03-28 04:00:00
897,176.69,178.96,99459940,179.01,176.34,177.8604,775943,2022-03-29 04:00:00
898,178.55,177.77,91340654,179.61,176.7,178.1191,695863,2022-03-30 04:00:00
899,177.84,174.61,103049285,178.03,174.4,175.8765,716272,2022-03-31 04:00:00
900,174.03,174.31,78251328,174.88,171.94,173.4143,661160,2022-04-01 04:00:00
901,174.57,178.44,76545983,178.49,174.44,177.4855,630374,2022-04-04 04:00:00
902,177.5,175.06,73401786,178.3,174.415,175.9791,621541,2022-04-05 04:00:00
903,172.36,171.83,89058782,173.63,170.13,171.7887,769485,2022-04-06 04:00:00
904,171.16,172.14,77594650,173.36,169.85,171.8049,628352,2022-04-07 04:00:00
905,171.78,170.09,76534208,171.78,169.2,170.5154,614848,2022-04-08 04:00:00
906,168.71,165.75,72246706,169.03,165.5,166.692,677210,2022-04-11 04:00:00
907,168.02,167.66,79265181,169.87,166.64,168.0916,678461,2022-04-12 04:00:00
908,167.39,170.4,70618925,171.04,166.77,169.6805,558072,2022-04-13 04:00:00
909,170.62,165.29,75069376,171.27,165.04,167.2264,596848,2022-04-14 04:00:00
910,163.92,165.07,69023941,166.5984,163.57,164.9284,576791,2022-04-18 04:00:00
911,165.02,167.4,67723833,167.82,163.91,166.5491,548306,2022-04-19 04:00:00
912,168.76,167.23,67929814,168.88,166.1,167.3492,595063,2022-04-20 04:00:00
913,168.91,166.42,87227768,171.53,165.91,168.8014,752017,2022-04-21 04:00:00
914,166.46,161.79,84875424,167.8699,161.5,164.2289,730001,2022-04-22 04:00:00
915,161.12,162.88,96017376,163.17,158.46,160.7032,925124,2022-04-25 04:00:00
916,162.25,156.8,95595226,162.34,156.72,158.6074,899965,2022-04-26 04:00:00
917,155.91,156.57,88063191,159.79,155.38,157.4448,777860,2022-04-27 04:00:00
918,159.25,163.64,130149192,164.515,158.93,161.8622,1126019,2022-04-28 04:00:00
919,161.84,157.65,131747495,166.2,157.25,160.7133,1032218,2022-04-29 04:00:00
920,156.71,157.96,123050000,158.23,153.27,156.0357,1154671,2022-05-02 04:00:00
921,158.15,159.48,88966526,160.71,156.32,158.8014,706626,2022-05-03 04:00:00
922,159.67,166.02,108206503,166.48,159.26,162.4245,873681,2022-05-04 04:00:00
923,163.85,156.77,130419230,164.08,154.95,158.143,1164746,2022-05-05 04:00:00
924,156.01,157.28,115494647,159.44,154.18,157.3298,1023008,2022-05-06 04:00:00
925,154.925,152.06,131577921,155.83,151.49,153.1029,1103707,2022-05-09 04:00:00
926,155.52,154.51,115366736,156.74,152.93,154.8376,988257,2022-05-10 04:00:00
927,153.5,146.5,142547625,155.45,145.81,149.4468,1310796,2022-05-11 04:00:00
928,142.77,142.56,182408091,146.2,138.8,142.066,1678454,2022-05-12 04:00:00
929,144.59,147.11,113990852,148.105,143.11,146.3255,920506,2022-05-13 04:00:00
930,145.55,145.54,86643781,147.5199,144.18,145.7814,699719,2022-05-16 04:00:00
931,148.86,149.24,78138254,149.77,146.68,148.443,609263,2022-05-17 04:00:00
932,146.85,140.82,109742890,147.3601,139.9,142.6901,982288,2022-05-18 04:00:00
933,139.88,137.35,135863540,141.66,136.6,138.66,1219746,2022-05-19 04:00:00
934,139.09,137.59,137392625,140.7,132.61,136.397,1133362,2022-05-20 04:00:00
935,137.79,143.11,117726265,143.26,137.65,141.4344,851032,2022-05-23 04:00:00
936,140.805,140.36,104132746,141.97,137.33,139.4136,812515,2022-05-24 04:00:00
937,138.43,140.52,92482696,141.785,138.34,140.0769,688316,2022-05-25 04:00:00
938,137.39,143.78,90601098,144.34,137.14,142.3902,670652,2022-05-26 04:00:00
939,145.39,149.64,91425110,149.68,145.26,148.1995,686376,2022-05-27 04:00:00
940,149.07,148.84,103718416,150.66,146.84,149.0998,706652,2022-05-31 04:00:00
941,149.9,148.71,74286635,151.74,147.68,149.3747,629251,2022-06-01 04:00:00
942,147.83,151.21,72348055,151.27,146.86,149.5215,574552,2022-06-02 04:00:00
943,146.9,145.38,88570289,147.97,144.46,145.8127,761195,2022-06-03 04:00:00
944,147.03,146.14,71598380,148.5689,144.9,146.6167,605199,2022-06-06 04:00:00
945,144.345,148.71,67808150,149,144.1,147.5529,527360,2022-06-07 04:00:00
946,148.58,147.96,53950201,149.8697,147.46,148.6118,430174,2022-06-08 04:00:00
947,147.08,142.64,69472976,147.95,142.53,145.3266,558178,2022-06-09 04:00:00
948,140.28,137.13,91566637,140.76,137.06,138.1785,826197,2022-06-10 04:00:00
949,132.87,131.88,122128099,135.2,131.44,133.128,1019929,2022-06-13 04:00:00
950,133.13,132.76,84784326,133.89,131.48,132.5738,674981,2022-06-14 04:00:00
951,134.29,135.43,91532972,137.34,132.16,134.625,733275,2022-06-15 04:00:00
952,132.08,130.06,107961508,132.39,129.04,130.4622,909222,2022-06-16 04:00:00
953,130.065,131.56,134520290,133.079,129.81,131.491,744035,2022-06-17 04:00:00
954,133.42,135.87,81000488,137.06,133.32,135.8508,604547,2022-06-21 04:00:00
955,134.79,135.35,73409234,137.76,133.91,135.8581,530526,2022-06-22 04:00:00
956,136.82,138.27,72433768,138.59,135.63,137.2859,554898,2022-06-23 04:00:00
957,139.9,141.66,88401837,141.91,139.77,140.8332,542278,2022-06-24 04:00:00
958,142.695,141.66,70207908,143.49,140.965,142.0413,516175,2022-06-27 04:00:00
959,142.13,137.44,67315328,143.422,137.325,139.3752,546240,2022-06-28 04:00:00
960,137.46,139.23,66242411,140.67,136.67,139.2737,572553,2022-06-29 04:00:00
961,137.25,136.72,98964467,138.37,133.7737,136.476,710706,2022-06-30 04:00:00
962,136.04,138.93,71051552,139.04,135.66,137.4774,558680,2022-07-01 04:00:00
963,137.77,141.56,73429641,141.61,136.93,139.7669,601960,2022-07-05 04:00:00
964,141.355,142.92,74064254,144.12,141.08,142.5582,585624,2022-07-06 04:00:00
965,143.29,146.35,66253709,146.55,143.28,145.6754,539961,2022-07-07 04:00:00
966,145.265,147.04,64543598,147.55,145,146.6409,520274,2022-07-08 04:00:00
967,145.67,144.87,63305113,146.64,143.78,145.1524,496267,2022-07-11 04:00:00
968,145.76,145.86,77588759,148.45,145.05,146.7948,579531,2022-07-12 04:00:00
969,142.99,145.49,71185560,146.45,142.1201,145.1932,559357,2022-07-13 04:00:00
970,144.08,148.47,78140744,148.95,143.25,146.591,614951,2022-07-14 04:00:00
971,149.78,150.17,76259931,150.86,148.2,149.5097,550061,2022-07-15 04:00:00
972,150.74,147.07,81380868,151.57,146.7,149.0297,620449,2022-07-18 04:00:00
973,147.92,151,82969067,151.23,146.91,149.7493,576469,2022-07-19 04:00:00
974,151.12,153.04,64823413,153.72,150.37,152.6255,523491,2022-07-20 04:00:00
975,154.5,155.35,65064436,155.57,151.94,154.3545,522802,2022-07-21 04:00:00
976,155.39,154.09,66675373,156.28,153.41,154.6233,527310,2022-07-22 04:00:00
977,154.01,152.95,53580745,155.04,152.28,153.3004,487391,2022-07-25 04:00:00
978,152.265,151.6,55099091,153.085,150.8,151.6799,472001,2022-07-26 04:00:00
979,152.58,156.79,78620688,157.33,152.16,155.2412,579181,2022-07-27 04:00:00
980,156.98,157.35,81378731,157.64,154.41,157.4654,738631,2022-07-28 04:00:00
981,161.24,162.51,101763760,163.63,159.5,162.249,773742,2022-07-29 04:00:00
982,161.01,161.51,67778379,163.59,160.89,162.1045,594290,2022-08-01 04:00:00
983,160.1,160.01,59907025,162.41,159.63,160.6921,543549,2022-08-02 04:00:00
984,160.84,166.13,82507488,166.59,160.75,164.9105,682781,2022-08-03 04:00:00
985,166.005,165.81,55474144,167.19,164.43,165.5946,525012,2022-08-04 04:00:00
986,163.21,165.35,56696985,165.85,163,164.7432,491310,2022-08-05 04:00:00
987,166.37,164.87,60362338,167.81,164.2,165.8939,540017,2022-08-08 04:00:00
988,164.02,164.92,63075503,165.82,163.25,164.8395,480552,2022-08-09 04:00:00
989,167.68,169.24,70170540,169.34,166.9,168.3496,559789,2022-08-10 04:00:00
990,170.06,168.49,57142109,170.99,168.19,169.3737,507914,2022-08-11 04:00:00
991,169.82,172.1,68039382,172.17,169.4,171.0754,557624,2022-08-12 04:00:00
992,171.52,173.19,54091694,173.39,171.345,172.6254,501625,2022-08-15 04:00:00
993,172.78,173.03,56377050,173.71,171.6618,172.7427,515134,2022-08-16 04:00:00
994,172.77,174.55,79542037,176.15,172.57,174.3135,686577,2022-08-17 04:00:00
995,173.75,174.15,62290075,174.9,173.12,174.1366,545655,2022-08-18 04:00:00
996,173.03,171.52,70336995,173.74,171.3101,172.2302,573126,2022-08-19 04:00:00
997,169.69,167.57,68975809,169.86,167.135,168.2677,620800,2022-08-22 04:00:00
998,167.08,167.23,54147079,168.71,166.65,167.6231,494686,2022-08-23 04:00:00
999,167.32,167.53,53841524,168.11,166.245,167.3144,476970,2022-08-24 04:00:00
1000,168.78,170.03,51218209,170.14,168.35,169.3503,465398,2022-08-25 04:00:00
1001,170.57,163.62,78960980,171.05,163.56,165.9997,722008,2022-08-26 04:00:00
1002,161.145,161.38,73313953,162.9,159.82,161.5291,640593,2022-08-29 04:00:00
1003,162.13,158.91,77906197,162.56,157.72,159.2926,644671,2022-08-30 04:00:00
1004,160.305,157.22,87991091,160.58,157.14,158.3972,606827,2022-08-31 04:00:00
1005,156.64,157.96,74229896,158.42,154.67,156.5232,654667,2022-09-01 04:00:00
1006,159.75,155.81,76807768,160.362,154.965,157.6597,646414,2022-09-02 04:00:00
1007,156.47,154.53,73714843,157.09,153.69,155.012,687436,2022-09-06 04:00:00
1008,154.825,155.96,87293824,156.67,153.61,155.306,696954,2022-09-07 04:00:00
1009,154.64,154.46,84909447,156.36,152.68,154.3949,697264,2022-09-08 04:00:00
1010,155.47,157.37,68081006,157.82,154.75,156.6625,532851,2022-09-09 04:00:00
1011,159.59,163.43,104955962,164.26,159.3,162.4763,801512,2022-09-12 04:00:00
1012,159.9,153.84,122651554,160.54,153.37,156.1544,1018108,2022-09-13 04:00:00
1013,154.785,155.31,87935409,157.1,153.6106,155.2607,716065,2022-09-14 04:00:00
1014,154.65,152.37,90481110,155.24,151.38,153.0058,741143,2022-09-15 04:00:00
1015,151.21,150.7,160940131,151.35,148.37,150.2326,850351,2022-09-16 04:00:00
1016,149.31,154.48,81474246,154.56,149.1,152.5543,671956,2022-09-19 04:00:00
1017,153.4,156.9,107639796,158.08,153.08,156.1314,792170,2022-09-20 04:00:00
1018,157.34,153.72,101696790,158.74,153.6,156.2959,785023,2022-09-21 04:00:00
1019,152.38,152.74,86652542,154.47,150.91,152.5709,686879,2022-09-22 04:00:00
1020,151.19,150.43,96029909,151.47,148.56,150.0222,766882,2022-09-23 04:00:00
1021,149.66,150.77,93339409,153.7701,149.64,151.5222,747666,2022-09-26 04:00:00
1022,152.74,151.76,84282741,154.72,149.945,152.1335,683776,2022-09-27 04:00:00
1023,147.64,149.84,146661387,150.6414,144.84,147.5981,1142717,2022-09-28 04:00:00
1024,146.1,142.48,128138237,146.72,140.68,142.9002,1067281,2022-09-29 04:00:00
1025,141.28,138.2,124910274,143.1,138,140.3818,947003,2022-09-30 04:00:00
1026,138.21,142.45,114311663,143.07,137.685,141.2135,838786,2022-10-03 04:00:00
1027,145.03,146.1,87780064,146.22,144.26,145.4907,687504,2022-10-04 04:00:00
1028,144.075,146.4,79269968,147.38,143.01,145.2495,605861,2022-10-05 04:00:00
1029,145.81,145.43,68308669,147.54,145.22,146.0741,538671,2022-10-06 04:00:00
1030,142.54,140.09,85925559,143.1,139.445,140.7932,666459,2022-10-07 04:00:00
1031,140.42,140.42,74899002,141.89,138.5729,140.1978,620863,2022-10-10 04:00:00
1032,139.9,138.98,77001872,141.35,138.22,139.5393,608882,2022-10-11 04:00:00
1033,139.13,138.34,69933744,140.36,138.16,139.0968,553185,2022-10-12 04:00:00
1034,134.99,142.99,113223975,143.59,134.37,139.7607,874139,2022-10-13 04:00:00
1035,144.31,138.38,88597969,144.52,138.19,139.9229,689680,2022-10-14 04:00:00
1036,141.065,142.41,85250639,142.9,140.27,141.9529,634583,2022-10-17 04:00:00
1037,145.49,143.75,99130632,146.7,140.61,144.0619,785416,2022-10-18 04:00:00
1038,141.69,143.86,61757790,144.9492,141.5,143.4441,511348,2022-10-19 04:00:00
1039,143.02,143.39,64521989,145.89,142.65,144.2072,517760,2022-10-20 04:00:00
1040,142.87,147.27,86548459,147.8479,142.649,145.5191,621571,2022-10-21 04:00:00
1041,147.185,149.45,75981918,150.23,146,148.3743,653020,2022-10-24 04:00:00
1042,150.09,152.34,74682290,152.49,149.36,151.4347,581421,2022-10-25 04:00:00
1043,150.96,149.35,87883672,151.99,148.04,150.0488,694793,2022-10-26 04:00:00
1044,148.07,144.8,109161970,149.046,144.13,145.3119,944053,2022-10-27 04:00:00
1045,148.2,155.74,164762371,157.5,147.82,154.5822,1228075,2022-10-28 04:00:00
1046,153.155,153.34,97932271,154.24,151.92,153.2791,726843,2022-10-31 04:00:00
1047,155.08,150.65,80379345,155.45,149.13,150.9807,650595,2022-11-01 04:00:00
1048,148.945,145.03,93604623,152.17,145,148.2186,788400,2022-11-02 04:00:00
1049,142.06,138.88,97917166,142.8,138.75,140.1145,871800,2022-11-03 04:00:00
1050,142.09,138.38,140494796,142.67,134.38,137.3583,1161631,2022-11-04 04:00:00
1051,137.11,138.92,83364228,139.145,135.671,137.4671,715005,2022-11-07 05:00:00
1052,140.41,139.5,89908477,141.43,137.49,139.5702,637312,2022-11-08 05:00:00
1053,138.5,134.87,74903262,138.55,134.5933,135.9897,632982,2022-11-09 05:00:00
1054,141.24,146.87,118854028,146.87,139.5,144.1322,875048,2022-11-10 05:00:00
1055,145.82,149.7,93966273,150.01,144.37,148.1929,742241,2022-11-11 05:00:00
1056,148.97,148.28,73374114,150.28,147.43,148.7236,576289,2022-11-14 05:00:00
1057,152.215,150.04,89868332,153.59,148.5613,151.2356,703669,2022-11-15 05:00:00
1058,149.13,148.79,64218266,149.87,147.29,148.6596,472247,2022-11-16 05:00:00
1059,146.43,150.72,80389400,151.48,146.15,149.706,563714,2022-11-17 05:00:00
1060,152.305,151.29,74829573,152.7,149.97,151.1944,514103,2022-11-18 05:00:00
1061,150.16,148.01,58724070,150.37,147.715,148.4817,504777,2022-11-21 05:00:00
1062,148.13,150.18,51804132,150.42,146.925,149.1957,405185,2022-11-22 05:00:00
1063,149.45,151.07,58283895,151.83,149.34,150.7871,444423,2022-11-23 05:00:00
1064,148.305,148.11,35195860,148.88,147.12,148.1668,319570,2022-11-25 05:00:00
1065,145.14,144.22,69346522,146.64,143.38,144.782,614357,2022-11-28 05:00:00
1066,144.29,141.17,83736803,144.81,140.355,142.0517,713280,2022-11-29 05:00:00
1067,141.395,148.03,111314880,148.72,140.55,145.1721,707647,2022-11-30 05:00:00
1068,148.21,148.31,71250416,149.13,146.61,148.105,525985,2022-12-01 05:00:00
1069,145.96,147.81,65438446,148,145.65,146.8594,464550,2022-12-02 05:00:00
1070,147.77,146.63,68826442,150.9199,145.77,147.6384,586791,2022-12-05 05:00:00
1071,147.075,142.91,64727186,147.3,141.92,143.7902,537304,2022-12-06 05:00:00
1072,142.19,140.94,69721094,143.37,140,141.1601,565392,2022-12-07 05:00:00
1073,142.36,142.65,62128338,143.52,141.1,142.5153,456121,2022-12-08 05:00:00
1074,142.34,142.16,76084511,145.57,140.9,143.2204,530236,2022-12-09 05:00:00
1075,142.7,144.49,70462654,144.5,141.06,143.0063,492710,2022-12-12 05:00:00
1076,149.5,145.47,93486161,149.9692,144.24,146.5933,706525,2022-12-13 05:00:00
1077,145.35,143.21,82211182,146.655,141.16,144.2495,597870,2022-12-14 05:00:00
1078,141.11,136.5,98463907,141.8,136.025,137.6359,879346,2022-12-15 05:00:00
1079,136.685,134.51,160063600,137.65,133.73,134.9476,821076,2022-12-16 05:00:00
1080,135.11,132.37,79592614,135.2,131.32,132.4667,705820,2022-12-19 05:00:00
1081,131.39,132.3,77430718,133.25,129.89,131.8489,640693,2022-12-20 05:00:00
1082,132.98,135.45,85927993,136.81,132.75,135.315,588684,2022-12-21 05:00:00
1083,134.352,132.23,77696108,134.56,130.3,131.8997,643294,2022-12-22 05:00:00
1084,130.92,131.86,63802893,132.415,129.64,131.1521,541274,2022-12-23 05:00:00
1085,131.38,130.03,69007830,131.41,128.72,129.9522,608331,2022-12-27 05:00:00
1086,129.67,126.04,85438391,131.0275,125.87,127.5918,762246,2022-12-28 05:00:00
1087,127.99,129.61,75501810,130.4814,127.73,129.4879,598204,2022-12-29 05:00:00
1088,128.41,129.93,76204209,129.95,127.43,128.8013,592655,2022-12-30 05:00:00
1089,130.28,125.07,112117471,130.9,124.17,125.725,1021065,2023-01-03 05:00:00
1090,126.89,126.36,89100633,128.6557,125.08,126.6464,770042,2023-01-04 05:00:00
1091,127.13,125.02,80716808,127.77,124.76,126.0883,665458,2023-01-05 05:00:00
1092,126.01,129.62,87754715,130.29,124.89,128.1982,711520,2023-01-06 05:00:00
1093,130.465,130.15,70790813,133.41,129.89,131.6292,645365,2023-01-09 05:00:00
1094,130.26,130.73,63896155,131.2636,128.12,129.822,554940,2023-01-10 05:00:00
1095,131.25,133.49,69458949,133.51,130.46,132.3081,561278,2023-01-11 05:00:00
1096,133.88,133.41,71379648,134.26,131.44,133.171,635331,2023-01-12 05:00:00
1097,132.03,134.76,57809719,134.92,131.66,133.6773,537385,2023-01-13 05:00:00
1098,134.83,135.94,63612627,137.29,134.13,135.7587,595831,2023-01-17 05:00:00
1099,136.815,135.21,69672800,138.61,135.03,136.3316,578304,2023-01-18 05:00:00
1100,134.08,135.27,58280413,136.25,133.77,134.9653,491674,2023-01-19 05:00:00
1101,135.28,137.87,80200655,138.02,134.22,136.3762,552230,2023-01-20 05:00:00
1102,138.12,141.11,81760313,143.315,137.9,141.2116,719288,2023-01-23 05:00:00
1103,140.305,142.53,66435142,143.16,140.3,142.0507,498679,2023-01-24 05:00:00
1104,140.89,141.86,65799349,142.43,138.81,140.7526,536505,2023-01-25 05:00:00
1105,143.17,143.96,54105068,144.25,141.9,143.3429,472135,2023-01-26 05:00:00
1106,143.155,145.93,70547743,147.23,143.08,145.8365,560022,2023-01-27 05:00:00
1107,144.955,143,64015274,145.55,142.85,143.6524,551111,2023-01-30 05:00:00
1108,142.7,144.29,65874459,144.34,142.28,143.6473,468170,2023-01-31 05:00:00
1109,143.97,145.43,77663426,146.61,141.32,143.8723,693374,2023-02-01 05:00:00
1110,148.9,150.82,118338980,151.18,148.17,149.3764,996203,2023-02-02 05:00:00
1111,148.03,154.5,154338835,157.38,147.83,154.2437,1141350,2023-02-03 05:00:00
1112,152.575,151.73,69771906,153.1,150.78,152.0939,583517,2023-02-06 05:00:00
1113,150.64,154.65,83322551,155.23,150.64,153.4202,661767,2023-02-07 05:00:00
1114,153.88,151.92,63620079,154.58,151.168,152.3636,524140,2023-02-08 05:00:00
1115,153.775,150.87,55994243,154.33,150.42,152.2769,471973,2023-02-09 05:00:00
1116,149.46,151.01,57388108,151.3401,149.22,150.4054,443405,2023-02-10 05:00:00
1117,150.952,153.85,62199013,154.26,150.92,153.231,506668,2023-02-13 05:00:00
1118,152.12,153.2,61664023,153.77,150.86,152.5956,528566,2023-02-14 05:00:00
1119,153.11,155.33,65665252,155.5,152.88,154.4536,520574,2023-02-15 05:00:00
1120,153.51,153.71,68167942,156.33,153.3475,154.7143,516187,2023-02-16 05:00:00
1121,152.35,152.55,59105618,153,150.85,152.0451,468580,2023-02-17 05:00:00
1122,150.2,148.48,58217230,151.3,148.405,149.3501,509342,2023-02-21 05:00:00
1123,148.87,148.91,51008155,149.95,147.16,148.5494,429775,2023-02-22 05:00:00
1124,150.09,149.4,48392049,150.34,147.24,148.8407,425159,2023-02-23 05:00:00
1125,147.11,146.71,55469606,147.19,145.7202,146.3861,472221,2023-02-24 05:00:00
1126,147.71,147.92,44998470,149.17,147.45,148.1344,418069,2023-02-27 05:00:00
1127,147.05,147.41,50546998,149.08,146.83,147.7996,383779,2023-02-28 05:00:00
1128,146.83,145.31,55478991,147.2285,145.01,145.868,461613,2023-03-01 05:00:00
1129,144.38,145.91,52279761,146.71,143.9,145.1652,413238,2023-03-02 05:00:00
1130,148.045,151.03,70725339,151.11,147.33,150.0304,558706,2023-03-03 05:00:00
1131,153.785,153.83,87558028,156.3,153.46,154.6895,691990,2023-03-06 05:00:00
1132,153.7,151.6,56136378,154.0299,151.13,152.2768,496631,2023-03-07 05:00:00
1133,152.81,152.87,47204791,153.47,151.83,152.6973,405203,2023-03-08 05:00:00
1134,153.559,150.59,53833122,154.535,150.225,152.4689,480909,2023-03-09 05:00:00
1135,150.21,148.5,68559600,150.94,147.6096,149.0716,611457,2023-03-10 05:00:00
1136,147.805,150.47,84457122,153.14,147.7,151.1835,760660,2023-03-13 04:00:00
1137,151.28,152.59,72045893,153.4,150.1,152.1061,565196,2023-03-14 04:00:00
1138,151.19,152.99,77167866,153.245,149.92,151.7861,703116,2023-03-15 04:00:00
1139,152.16,155.85,76206919,156.46,151.64,154.813,676097,2023-03-16 04:00:00
1140,156.08,155,98944633,156.74,154.28,155.3402,615778,2023-03-17 04:00:00
1141,155.07,157.4,72711415,157.82,154.15,156.6059,628984,2023-03-20 04:00:00
1142,157.32,159.28,73938285,159.4,156.54,158.3406,590982,2023-03-21 04:00:00
1143,159.3,157.83,75349311,162.14,157.81,159.6832,656865,2023-03-22 04:00:00
1144,158.83,158.93,67482060,161.5501,157.68,159.5685,614268,2023-03-23 04:00:00
1145,158.86,160.25,59006343,160.34,157.85,159.2417,517531,2023-03-24 04:00:00
1146,159.94,158.28,52390266,160.77,157.87,159.0188,518436,2023-03-27 04:00:00
1147,157.97,157.65,45992152,158.49,155.98,156.9785,432447,2023-03-28 04:00:00
1148,159.37,160.77,51305691,161.05,159.35,160.216,472077,2023-03-29 04:00:00
1149,161.53,162.36,49210289,162.47,161.271,162.0209,456152,2023-03-30 04:00:00
1150,162.44,164.9,68749792,165,161.91,164.0421,574409,2023-03-31 04:00:00
1151,164.27,166.17,56976187,166.29,164.22,165.3487,568686,2023-04-03 04:00:00
1152,166.595,165.63,46278295,166.84,165.11,165.9131,456306,2023-04-04 04:00:00
1153,164.74,163.76,51511744,165.05,161.8,163.4912,533621,2023-04-05 04:00:00
1154,162.43,164.66,45390123,164.9584,162,164.0257,446212,2023-04-06 04:00:00
1155,161.42,162.03,47670382,162.03,160.08,161.2628,563913,2023-04-10 04:00:00
1156,162.35,160.8,47494217,162.36,160.51,161.1314,490479,2023-04-11 04:00:00
1157,161.22,160.1,50133062,162.06,159.78,160.8845,514261,2023-04-12 04:00:00
1158,161.63,165.56,68418649,165.8,161.42,164.3531,595709,2023-04-13 04:00:00
1159,164.59,165.21,49314480,166.32,163.82,165.0394,489551,2023-04-14 04:00:00
1160,165.09,165.23,41516217,165.39,164.03,164.8044,483388,2023-04-17 04:00:00
1161,166.1,166.47,49915508,167.41,165.65,166.3535,494642,2023-04-18 04:00:00
1162,165.8,167.63,47621166,168.16,165.54,167.2806,473866,2023-04-19 04:00:00
1163,166.09,166.65,52456377,167.87,165.56,166.779,493153,2023-04-20 04:00:00
1164,165.05,165.02,57736141,166.4521,164.49,165.0754,520279,2023-04-21 04:00:00
1165,165,165.33,41449581,165.6,163.89,164.9397,459499,2023-04-24 04:00:00
1166,165.19,163.77,48652863,166.305,163.73,164.6479,501548,2023-04-25 04:00:00
1167,163.055,163.76,45487296,165.28,162.8,163.9084,493403,2023-04-26 04:00:00
1168,165.19,168.41,64898729,168.56,165.19,167.3197,575981,2023-04-27 04:00:00
1169,168.49,169.68,55275851,169.85,167.8801,168.9479,527763,2023-04-28 04:00:00
1170,169.28,169.59,52424936,170.45,168.64,169.6586,540745,2023-05-01 04:00:00
1171,170.09,168.54,48425696,170.35,167.54,168.6978,509755,2023-05-02 04:00:00
1172,169.5,167.45,65126998,170.92,167.16,169.013,610052,2023-05-03 04:00:00
1173,164.89,165.79,81225673,167.04,164.31,166.0983,832121,2023-05-04 04:00:00
1174,170.975,173.57,113402971,174.3,170.76,173.3116,915977,2023-05-05 04:00:00
1175,172.48,173.5,55962634,173.85,172.11,173.321,563138,2023-05-08 04:00:00
1176,173.05,171.77,45326874,173.54,171.6,172.3162,456209,2023-05-09 04:00:00
1177,173.02,173.555,53724501,174.03,171.9,173.1737,511486,2023-05-10 04:00:00
1178,173.85,173.75,49473076,174.59,172.17,173.4903,501955,2023-05-11 04:00:00
1179,173.62,172.57,45533138,174.06,171,172.3696,490533,2023-05-12 04:00:00
1180,173.16,172.07,37264259,173.21,171.47,172.1109,444785,2023-05-15 04:00:00
1181,171.99,172.07,42110293,173.1383,171.7991,172.2781,436165,2023-05-16 04:00:00
1182,171.71,172.69,57934404,172.925,170.4201,171.85,554940,2023-05-17 04:00:00
1183,173,175.05,65496657,175.24,172.58,174.3014,595692,2023-05-18 04:00:00
1184,176.39,175.16,55525641,176.39,174.94,175.5191,532731,2023-05-19 04:00:00
1185,173.98,174.2,43570932,174.71,173.45,174.1828,526393,2023-05-22 04:00:00
1186,173.13,171.56,50745163,173.3794,171.275,172.1908,535091,2023-05-23 04:00:00
1187,171.09,171.84,43711588,172.4183,170.52,171.5088,492275,2023-05-24 04:00:00
1188,172.41,172.99,55889523,173.895,171.69,172.8818,534909,2023-05-25 04:00:00
1189,173.32,175.43,54834975,175.77,173.11,175.1454,529918,2023-05-26 04:00:00
1190,176.96,177.3,55963954,178.99,176.57,177.4489,651318,2023-05-30 04:00:00
1191,177.325,177.25,99625288,179.35,176.76,177.9376,669221,2023-05-31 04:00:00
1192,177.7,180.09,68901712,180.12,176.9306,179.3796,624132,2023-06-01 04:00:00
1193,181.03,180.95,61996852,181.78,179.26,180.6479,617235,2023-06-02 04:00:00
1194,182.63,179.58,121722517,184.951,178.035,182.1408,1286180,2023-06-05 04:00:00
1195,179.965,179.21,64845314,180.12,177.43,178.7093,705164,2023-06-06 04:00:00
1196,178.44,177.82,61944615,181.21,177.32,178.6619,669062,2023-06-07 04:00:00
1197,177.895,180.57,50210681,180.84,177.46,179.5493,548456,2023-06-08 04:00:00
1198,181.5,180.96,48869360,182.23,180.63,181.4395,557894,2023-06-09 04:00:00
1199,181.27,183.79,54754995,183.89,180.97,182.836,562058,2023-06-12 04:00:00
1200,182.8,183.31,54867129,184.15,182.44,183.1702,608337,2023-06-13 04:00:00
1201,183.37,183.95,57462782,184.39,182.02,183.7101,614097,2023-06-14 04:00:00
1202,183.96,186.01,65433166,186.52,183.78,185.5672,697003,2023-06-15 04:00:00
1203,186.73,184.92,101151225,186.99,184.27,185.4644,616272,2023-06-16 04:00:00
1204,184.41,185.01,49799092,186.1,184.41,185.2709,577495,2023-06-20 04:00:00
1205,184.9,183.96,49515697,185.41,182.5901,184.0809,520855,2023-06-21 04:00:00
1206,183.74,187,51245327,187.045,183.67,186.1166,563076,2023-06-22 04:00:00
1207,185.55,186.68,53112346,187.56,185.01,186.4952,539704,2023-06-23 04:00:00
1208,186.83,185.27,48088661,188.05,185.23,186.3292,584497,2023-06-26 04:00:00
1209,185.89,188.06,50731499,188.39,185.67,187.4998,511869,2023-06-27 04:00:00
1210,187.93,189.25,51216801,189.9,187.6,188.8916,559145,2023-06-28 04:00:00
1211,189.08,189.59,46347308,190.07,188.94,189.5561,525367,2023-06-29 04:00:00
1212,191.63,193.97,85068452,194.48,191.26,193.102,774380,2023-06-30 04:00:00
1213,193.78,192.46,31458198,193.88,191.76,192.6624,500175,2023-07-03 04:00:00
1214,191.565,191.33,46896861,192.98,190.62,191.5803,560170,2023-07-05 04:00:00
1215,189.84,191.81,45155523,192.02,189.2,190.8214,562755,2023-07-06 04:00:00
1216,191.41,190.68,46757498,192.67,190.24,191.4218,538826,2023-07-07 04:00:00
1217,189.26,188.61,59912163,189.99,187.035,188.3628,736912,2023-07-10 04:00:00
1218,189.16,188.08,46638119,189.3,186.6,187.8219,577717,2023-07-11 04:00:00
1219,189.68,189.77,60750218,191.7,188.47,189.9586,652126,2023-07-12 04:00:00
1220,190.5,190.54,41337338,191.19,189.78,190.565,467952,2023-07-13 04:00:00
1221,190.23,190.69,41616242,191.1799,189.63,190.4662,513233,2023-07-14 04:00:00
1222,191.9,193.99,50520159,194.32,191.81,193.2997,602852,2023-07-17 04:00:00
1223,193.35,193.73,48153774,194.33,192.415,193.3846,544605,2023-07-18 04:00:00
1224,193.1,195.1,80492323,198.23,192.65,194.9188,776766,2023-07-19 04:00:00
1225,195.09,193.13,59581196,196.47,192.495,194.276,639817,2023-07-20 04:00:00
1226,194.1,191.94,71451683,194.97,191.23,192.5948,580360,2023-07-21 04:00:00
1227,193.41,192.75,45507451,194.91,192.25,193.2011,525855,2023-07-24 04:00:00
1228,193.33,193.62,37283201,194.44,192.915,193.804,445394,2023-07-25 04:00:00
1229,193.67,194.5,47471868,195.64,193.32,194.3737,502309,2023-07-26 04:00:00
1230,196.02,193.22,47439680,197.2,192.55,194.8773,570472,2023-07-27 04:00:00
1231,194.67,195.83,47691443,196.626,194.14,195.8075,519151,2023-07-28 04:00:00
1232,196.06,196.45,38824113,196.49,195.26,196.1507,530506,2023-07-31 04:00:00
1233,196.235,195.605,35281426,196.73,195.28,195.8486,477616,2023-08-01 04:00:00
1234,195.04,192.58,50388811,195.18,191.8507,192.9395,620582,2023-08-02 04:00:00
1235,191.57,191.17,62243282,192.37,190.69,191.1312,754703,2023-08-03 04:00:00
1236,185.52,181.99,115956841,187.38,181.92,184.279,1336765,2023-08-04 04:00:00
1237,182.13,178.85,97105069,183.13,177.35,179.0119,1159281,2023-08-07 04:00:00
1238,179.69,179.8,67769003,180.27,177.58,178.9854,709019,2023-08-08 04:00:00
1239,180.87,178.19,60303492,180.93,177.01,178.4887,666112,2023-08-09 04:00:00
1240,179.48,177.97,54686851,180.75,177.6,178.7951,652995,2023-08-10 04:00:00
1241,177.32,177.79,51036672,178.62,176.55,177.8056,586481,2023-08-11 04:00:00
1242,177.97,179.46,43675627,179.69,177.305,178.9475,564982,2023-08-14 04:00:00
1243,178.88,177.45,43574863,179.48,177.05,177.9886,510071,2023-08-15 04:00:00
1244,177.13,176.57,45712957,178.54,176.5,177.4133,526074,2023-08-16 04:00:00
1245,177.14,174,66054482,177.5054,173.48,174.5857,673083,2023-08-17 04:00:00
1246,172.3,174.49,60171878,175.1,171.96,173.8904,596474,2023-08-18 04:00:00
1247,175.07,175.84,46161959,176.13,173.735,175.2221,559658,2023-08-21 04:00:00
1248,177.06,177.23,42057245,177.68,176.25,177.0098,501508,2023-08-22 04:00:00
1249,178.52,181.12,52722752,181.55,178.325,180.6482,587165,2023-08-23 04:00:00
1250,180.674,176.38,54912798,181.104,176.01,177.7035,610377,2023-08-24 04:00:00
1251,177.38,178.61,51439994,179.15,175.82,177.9075,554789,2023-08-25 04:00:00
1252,180.09,180.19,43803238,180.59,178.545,179.6595,532485,2023-08-28 04:00:00
1253,179.695,184.12,52953948,184.9,179.5,183.28,576465,2023-08-29 04:00:00
1254,184.94,187.65,60803988,187.85,184.74,186.93,636448,2023-08-30 04:00:00
1255,187.84,187.87,60806519,189.12,187.48,188.1488,554868,2023-08-31 04:00:00
