AMZN,open_price,close_price,trading_volume,highest_price,lowest_price,volume_weighted_avg_price,transaction_amt,date_time
0,101.9055,99.741,164411520,102.019,99.4945,100.3129,213339,2018-09-05 04:00:00
1,100.3253,97.9155,149773600,100.375,96.7605,98.219,203320,2018-09-06 04:00:00
2,96.9355,97.6035,97852860,98.76,96.8675,97.9299,128568,2018-09-07 04:00:00
3,98.55,96.9505,90896620,98.652,96.5758,97.2014,122656,2018-09-10 04:00:00
4,96.4135,99.3575,100672900,99.444,95.85,98.066,133114,2018-09-11 04:00:00
5,99.7,99.5,88241840,100,98.122,99.1731,113125,2018-09-12 04:00:00
6,100,99.4935,72430220,100.438,99.1014,99.757,100065,2018-09-13 04:00:00
7,99.6465,98.5095,72840600,99.6824,97.961,98.6845,102668,2018-09-14 04:00:00
8,97.7365,95.4015,141003840,97.841,94.3705,95.9374,200543,2018-09-17 04:00:00
9,95.9325,97.0525,85374120,97.91,95.772,97.077,113302,2018-09-18 04:00:00
10,97.025,96.321,81136440,97.0415,95.245,95.9722,116138,2018-09-19 04:00:00
11,96.929,97.215,63097580,97.75,96.6125,97.2391,93401,2018-09-20 04:00:00
12,97.711,95.7505,137117960,97.8655,95.5251,96.3698,115179,2018-09-21 04:00:00
13,95.1895,96.718,84274560,96.844,93.25,95.5946,121752,2018-09-24 04:00:00
14,97.145,98.7275,90768140,98.7955,96.9425,97.9231,114159,2018-09-25 04:00:00
15,98.425,98.7425,86269180,99.7625,98.076,99.0021,110076,2018-09-26 04:00:00
16,99.6618,100.649,86587820,100.8078,99.429,100.3812,120438,2018-09-27 04:00:00
17,100.2205,100.15,81702700,101.326,99.8232,100.4431,99295,2018-09-28 04:00:00
18,101.0995,100.218,69365700,101.6595,100.18,100.9387,95769,2018-10-01 04:00:00
19,99.9995,98.5655,107993380,100.6695,98.2885,99.4968,135514,2018-10-02 04:00:00
20,99.085,97.638,105062620,99.485,97.4905,98.3219,132308,2018-10-03 04:00:00
21,97.45,95.471,145139460,97.8,94.8285,95.8272,211852,2018-10-04 04:00:00
22,95.8995,94.4825,136446540,96.454,93.1415,94.6297,209937,2018-10-05 04:00:00
23,93.7,93.221,147863980,95.0998,91.5331,93.1512,200982,2018-10-08 04:00:00
24,92.9995,93.516,95457320,94.8338,92.616,93.7352,124441,2018-10-09 04:00:00
25,92.8945,87.7625,219777100,92.928,87.7205,90.1229,330749,2018-10-10 04:00:00
26,86.2,85.968,278717440,87.77,84.255,85.8994,416704,2018-10-11 04:00:00
27,90.4,89.4305,188811420,90.4475,87.1265,89.0327,287359,2018-10-12 04:00:00
28,89.75,88.0475,128743240,89.7525,86.7115,88.2093,160018,2018-10-15 04:00:00
29,89.175,90.998,116398360,91.194,88.0775,89.8659,152056,2018-10-16 04:00:00
30,92.1395,91.5865,105847140,92.25,90.35,91.333,143073,2018-10-17 04:00:00
31,91.0745,88.536,117479880,91.5075,88.3935,89.6917,161511,2018-10-18 04:00:00
32,89.258,88.2015,116744920,90.455,87.65,88.9828,137626,2018-10-19 04:00:00
33,89.2,89.465,90000300,90.475,87.8,89.3329,119108,2018-10-22 04:00:00
34,87.112,88.435,134478260,88.817,85.7,87.2108,189987,2018-10-23 04:00:00
35,88.685,83.21,138567660,88.8855,82.828,85.8281,211255,2018-10-24 04:00:00
36,85.167,89.1085,205714840,89.7405,84.6005,86.8551,319750,2018-10-25 04:00:00
37,82.4795,82.1405,299275660,84.923,80.15,82.1557,409292,2018-10-26 04:00:00
38,83,76.944,277188540,83.2869,74.75,78.5201,379261,2018-10-29 04:00:00
39,74.308,76.521,249201720,77.0495,73.818,75.6221,341277,2018-10-30 04:00:00
40,78.4995,79.9005,187804220,81.1955,78.2545,79.9068,240316,2018-10-31 04:00:00
41,81.1765,83.2765,162710780,83.5223,79.922,81.8605,210187,2018-11-01 04:00:00
42,83.9295,83.2765,139110960,84.872,82.5915,83.5332,174149,2018-11-02 04:00:00
43,82.8785,81.39,112494540,82.9045,79.818,80.9572,151702,2018-11-05 05:00:00
44,80.9175,82.1405,85147060,83.25,80.7275,82.1532,114852,2018-11-06 05:00:00
45,83.65,87.7745,163734680,87.9615,83.2038,86.1912,213953,2018-11-07 05:00:00
46,87.75,87.7455,130686520,89.2,86.2555,87.9658,171536,2018-11-08 05:00:00
47,86.625,85.6215,118043720,87.196,85.0935,85.8538,142330,2018-11-09 05:00:00
48,84.912,81.8425,136124900,85.4275,81.5005,82.6175,181189,2018-11-12 05:00:00
49,82.4645,81.5585,118665420,83.8532,80.6875,82.2632,165046,2018-11-13 05:00:00
50,82.816,79.9505,129737820,83.6498,79.8535,81.2097,171962,2018-11-14 05:00:00
51,79.0505,80.972,168146740,81.241,77.3255,79.2952,233181,2018-11-15 05:00:00
52,79.375,79.6705,121171600,80.724,78.656,79.6896,147240,2018-11-16 05:00:00
53,78.8505,75.6145,155564620,79.0595,75.168,76.7056,212510,2018-11-19 05:00:00
54,71.875,74.773,217576460,76.7375,71,74.4809,292632,2018-11-20 05:00:00
55,77.1495,75.8365,114336000,77.5,75.75,76.5193,143235,2018-11-21 05:00:00
56,75.85,75.103,54152840,76.81,75.0905,75.9211,64969,2018-11-23 05:00:00
57,76.95,79.0665,125154320,79.2405,76.211,77.9258,164179,2018-11-26 05:00:00
58,78.7995,79.071,115617540,79.8825,77.9005,79.1079,138825,2018-11-27 05:00:00
59,80.696,83.8875,169174760,84.0725,80.0608,82.0429,212322,2018-11-28 05:00:00
60,83.7495,83.6785,132264860,84.4995,82.6166,83.7166,158419,2018-11-29 05:00:00
61,83.975,84.5085,115235220,84.8,83.325,84.3053,121726,2018-11-30 05:00:00
62,88.473,88.618,137243200,88.917,86.5,88.2837,180036,2018-12-03 05:00:00
63,87.8,83.42,173889100,88.5169,83.25,85.611,223379,2018-12-04 05:00:00
64,80.7435,84.9595,175364260,85.0525,80.4925,83.0233,234662,2018-12-06 05:00:00
65,85.2535,81.4565,151522640,85.9463,81.273,83.1746,198218,2018-12-07 05:00:00
66,81.192,82.0515,149896160,82.8995,79.5435,81.497,185466,2018-12-10 05:00:00
67,83.9,82.162,124893900,83.9734,80.98,82.5571,157664,2018-12-11 05:00:00
68,83.45,83.177,131959360,85.2495,83.0135,84.1043,157838,2018-12-12 05:00:00
69,84,82.919,105423240,84.606,82.075,83.0245,122444,2018-12-13 05:00:00
70,81.9,79.5955,127343260,82.1285,79.25,80.6994,156690,2018-12-14 05:00:00
71,78.3,76.0455,176595240,78.8065,75.2505,77.0191,226845,2018-12-17 05:00:00
72,77,77.574,130459500,78.3775,76.1505,77.2298,161431,2018-12-18 05:00:00
73,77.1525,74.754,175843780,79.2265,74.159,76.7026,221964,2018-12-19 05:00:00
74,74.2,73.0415,199836660,75.475,71.6345,73.334,273708,2018-12-20 05:00:00
75,73.2495,68.8725,272806400,74,68.198,70.3791,309702,2018-12-21 05:00:00
76,67.3,67.198,144399920,69.8015,65.35,67.5391,179368,2018-12-24 05:00:00
77,68.4445,73.545,208236020,73.6578,68.1505,70.9016,260477,2018-12-26 05:00:00
78,72.71,73.082,194440680,73.45,69.5155,71.4847,244778,2018-12-27 05:00:00
79,73.6675,73.901,176579000,75.6735,72.45,74.0744,231800,2018-12-28 05:00:00
80,75.54,75.0985,139090140,76.038,74.35,75.2545,166775,2018-12-31 05:00:00
81,73.26,76.9565,159660860,77.668,73.0465,76.0976,196911,2019-01-02 05:00:00
82,76.0005,75.014,139511440,76.9,74.8555,75.7795,172819,2019-01-03 05:00:00
83,76.5,78.7695,183651500,79.7,75.9155,78.2081,218576,2019-01-04 05:00:00
84,80.1155,81.4755,159588260,81.728,79.4593,80.8724,189812,2019-01-07 05:00:00
85,83.2345,82.829,177628360,83.8305,80.8305,82.6416,227572,2019-01-08 05:00:00
86,82.649,82.971,126976020,83.3899,82.0698,82.8786,160672,2019-01-09 05:00:00
87,82.0505,82.811,130153860,83.1625,81.0808,82.332,151499,2019-01-10 05:00:00
88,82.0275,82.028,93724440,83.0147,81.811,82.229,114362,2019-01-11 05:00:00
89,80.75,80.8605,120117760,82.41,79.7575,81.3399,125681,2019-01-14 05:00:00
90,81.6,83.728,119959200,83.758,81.3005,82.8035,139657,2019-01-15 05:00:00
91,84.211,84.189,127337280,85.25,83.7939,84.5367,137717,2019-01-16 05:00:00
92,84,84.661,84177500,85.0085,83.875,84.4466,103342,2019-01-17 05:00:00
93,85.6,84.81,120054860,85.81,84.577,85.2404,130005,2019-01-18 05:00:00
94,84.05,81.6085,128335920,84.0933,80.51,82.2387,160729,2019-01-22 05:00:00
95,82.8,82.001,104406740,82.8715,80.6,81.8335,118833,2019-01-23 05:00:00
96,82.0535,82.7465,81798860,82.8629,81.5892,82.3041,88993,2019-01-24 05:00:00
97,83.525,83.5285,99166580,84.174,83.0806,83.6425,106907,2019-01-25 05:00:00
98,82.1795,81.8945,96754220,82.25,80.7045,81.4451,118667,2019-01-28 05:00:00
99,81.5635,79.694,92655640,81.619,79.536,80.2954,117600,2019-01-29 05:00:00
100,81.15,83.5215,115676440,83.8475,80.984,82.6502,140245,2019-01-30 05:00:00
101,84.6425,85.9365,218192160,86.8206,83.9541,85.5246,294678,2019-01-31 05:00:00
102,81.944,81.3115,230124260,83.653,81.1005,82.0805,292970,2019-02-01 05:00:00
103,81.15,81.6655,98583740,82.4815,80.675,81.6903,109932,2019-02-04 05:00:00
104,82.167,82.9405,89062100,83.263,82.125,82.85,101177,2019-02-05 05:00:00
105,83.5375,82.013,78797660,83.613,81.667,82.3021,88273,2019-02-06 05:00:00
106,81.25,80.7185,92531780,81.2769,79.6455,80.4406,120756,2019-02-07 05:00:00
107,79.3,79.411,113149140,79.4295,78.3378,79.0452,137678,2019-02-08 05:00:00
108,80.049,79.55,66323360,80.4645,79.3,79.7087,77967,2019-02-11 05:00:00
109,80.2,81.9005,97172080,81.9698,79.944,81.3136,108820,2019-02-12 05:00:00
110,82.35,82,71206420,82.819,81.8553,82.3777,85787,2019-02-13 05:00:00
111,81.225,81.1325,82410480,81.895,80.3031,81.1345,96951,2019-02-14 05:00:00
112,81.393,80.3975,86877860,81.4455,80.225,80.6159,100842,2019-02-15 05:00:00
113,80.05,81.379,73633120,81.7,80.028,81.2683,108660,2019-02-19 05:00:00
114,81.5,81.105,66751780,81.7465,80.506,81.2095,79872,2019-02-20 05:00:00
115,80.9925,80.972,69667840,81.178,80.0455,80.6523,83661,2019-02-21 05:00:00
116,81.175,81.578,61923820,81.747,81.0585,81.4936,72537,2019-02-22 05:00:00
117,82.0725,81.65,63689240,82.73,81.5194,82.0157,79208,2019-02-25 05:00:00
118,81.299,81.82,53316300,81.9995,80.8067,81.455,63912,2019-02-26 05:00:00
119,81.409,82.0545,62976480,82.0905,80.755,81.5665,70329,2019-02-27 05:00:00
120,81.7625,81.9915,60517820,82.5885,81.6915,82.138,65229,2019-02-28 05:00:00
121,82.7565,83.5865,99497540,83.713,82.55,83.1811,107826,2019-03-01 05:00:00
122,84.25,84.8085,123347160,85.4715,83.718,84.7311,136355,2019-03-04 05:00:00
123,85.1475,84.6215,73606440,85.39,84.4505,84.9881,85462,2019-03-05 05:00:00
124,84.7985,83.4475,79920020,84.8875,83.414,83.958,88462,2019-03-06 05:00:00
125,83.3685,81.2975,99140340,83.4877,81.0255,81.9825,108702,2019-03-07 05:00:00
126,80.2005,81.04,93340280,81.136,79.3285,80.3568,114277,2019-03-08 05:00:00
127,81.306,83.531,77527040,83.6143,81.3005,82.7533,84656,2019-03-11 04:00:00
128,83.45,83.655,72289960,84.2133,83.049,83.7961,76838,2019-03-12 04:00:00
129,84.15,84.5405,71040820,85,83.9675,84.6045,91596,2019-03-13 04:00:00
130,84.56,84.311,58932360,85.1,84.217,84.6449,70398,2019-03-14 04:00:00
131,85.15,85.618,151017400,85.94,84.6565,85.3745,127113,2019-03-15 04:00:00
132,85.635,87.1075,108581160,87.5,85.6315,86.9356,133324,2019-03-18 04:00:00
133,87.6755,88.0925,127283220,89.208,87.6755,88.4872,156722,2019-03-19 04:00:00
134,88.497,89.8635,125312660,89.975,88.3517,89.2404,151894,2019-03-20 04:00:00
135,89.813,90.963,115355940,91.1875,89.3641,90.3945,143721,2019-03-21 04:00:00
136,90.5085,88.2385,127259660,90.949,88.1555,89.3364,163113,2019-03-22 04:00:00
137,87.8895,88.713,102076060,89.1338,87.375,88.354,131001,2019-03-25 04:00:00
138,89.65,89.188,97317600,90.2885,88.668,89.5758,124946,2019-03-26 04:00:00
139,89.2065,88.285,86496020,89.375,87.284,88.2927,116189,2019-03-27 04:00:00
140,88.5,88.671,60859160,88.8965,87.6735,88.3907,87889,2019-03-28 04:00:00
141,89.329,89.0375,66415860,89.643,88.8315,89.1373,85574,2019-03-29 04:00:00
142,90.0055,90.7095,84775040,90.7835,89.9365,90.4368,123463,2019-04-01 04:00:00
143,90.551,90.699,68962300,91,90.2561,90.6767,89260,2019-04-02 04:00:00
144,91.336,91.035,79611800,91.5,90.481,91.1376,107470,2019-04-03 04:00:00
145,91.0325,90.943,72477340,91.4375,90.21,90.8604,99167,2019-04-04 04:00:00
146,91.45,91.864,72809520,91.929,91.2595,91.654,92985,2019-04-05 04:00:00
147,91.6615,92.493,75056800,92.51,91.2555,91.8863,95769,2019-04-08 04:00:00
148,92.2745,91.792,74287360,92.6545,91.589,92.16,98468,2019-04-09 04:00:00
149,92.05,92.3665,59279460,92.4,91.4405,92.0551,87831,2019-04-10 04:00:00
150,92.435,92.2035,53096840,92.4975,92.0155,92.2415,65525,2019-04-11 04:00:00
151,92.42,92.153,62288260,92.575,92.065,92.3068,72480,2019-04-12 04:00:00
152,92.1,92.2435,74488460,92.3425,90.945,91.7995,103954,2019-04-15 04:00:00
153,92.5675,93.152,60892360,93.4885,92.4,93.0242,84171,2019-04-16 04:00:00
154,93.6495,93.241,57870340,93.8237,93.022,93.3566,72023,2019-04-17 04:00:00
155,93.4395,93.0845,54997640,93.541,92.974,93.2034,66056,2019-04-18 04:00:00
156,92.77,94.3655,66482660,94.421,92.282,93.7228,71788,2019-04-22 04:00:00
157,94.56,96.1885,92808820,96.463,94.479,95.8049,108674,2019-04-23 04:00:00
158,96.25,95.0875,73515620,96.4845,94.908,95.6871,95408,2019-04-24 04:00:00
159,95.8502,95.1125,121982020,96.1225,95.0155,95.7292,178567,2019-04-25 04:00:00
160,96.45,97.5315,168651260,97.55,94.9,96.4456,220019,2019-04-26 04:00:00
161,97.45,96.9215,80425100,97.8168,96.7045,97.1875,100607,2019-04-29 04:00:00
162,96.505,96.326,70120140,96.7855,95.3475,96.1781,86619,2019-04-30 04:00:00
163,96.6545,95.576,62339280,97.182,95.5275,96.5759,82766,2019-05-01 04:00:00
164,95.6665,95.041,79258300,96.0775,94.0935,94.9901,112010,2019-05-02 04:00:00
165,97.45,98.123,127631280,98.22,96.8,97.785,172758,2019-05-03 04:00:00
166,95.899,97.5275,108356820,97.95,95.525,97.0705,132141,2019-05-06 04:00:00
167,96.9995,96.05,118042680,97.455,95.169,96.0873,155480,2019-05-07 04:00:00
168,95.9435,95.8885,81506560,96.7685,95.5,96.223,103248,2019-05-08 04:00:00
169,95,94.9935,106165260,95.47,93.8,94.6823,150205,2019-05-09 04:00:00
170,94.9,94.499,114359880,95.1895,92.8,93.9999,166256,2019-05-10 04:00:00
171,91.828,91.134,115668200,92.3268,90.9,91.4636,157890,2019-05-13 04:00:00
172,91.975,92.006,92582140,92.622,90.7875,91.9662,122706,2019-05-14 04:00:00
173,91.3975,93.5575,93852840,93.7214,91.15,92.6867,122290,2019-05-15 04:00:00
174,94.297,95.3785,92156440,95.8755,94.1145,95.2934,124646,2019-05-16 04:00:00
175,94.6525,93.45,94732360,95.5265,93.3665,94.4713,120204,2019-05-17 04:00:00
176,92.6345,92.9485,75963960,93.389,91.777,92.769,98866,2019-05-20 04:00:00
177,93.7395,92.876,80102440,93.95,92.3,92.9945,104239,2019-05-21 04:00:00
178,92.589,92.984,58732020,93.5743,92.55,93.1129,78831,2019-05-22 04:00:00
179,91.8295,90.774,88485300,92.2,90.21,90.9948,132222,2019-05-23 04:00:00
180,91.7945,91.164,67393460,92.088,90.8926,91.4378,96087,2019-05-24 04:00:00
181,91.6375,91.8215,63999300,92.4633,91.3675,91.9986,76398,2019-05-28 04:00:00
182,91.156,90.9595,85580500,91.5,90.3766,90.8862,105430,2019-05-29 04:00:00
183,91.2745,90.816,62937000,91.4735,90.3913,90.9396,78807,2019-05-30 04:00:00
184,89.5005,88.7535,92376380,89.7793,88.6352,89.145,120059,2019-05-31 04:00:00
185,88.0005,84.6345,181974160,88.3145,83.6,85.2481,284148,2019-06-03 04:00:00
186,84.962,86.478,113582420,86.541,84.0445,85.5777,144555,2019-06-04 04:00:00
187,87.48,86.925,84795640,87.6,85.7626,86.6496,103289,2019-06-05 04:00:00
188,86.8855,87.718,73785440,88,86.3065,87.1113,118971,2019-06-06 04:00:00
189,88.185,90.2015,96164920,90.3127,87.9745,89.7011,120572,2019-06-07 04:00:00
190,91.1,93.0315,107386540,94.2435,90.9,93.1062,144012,2019-06-10 04:00:00
191,94.1625,93.185,80853880,94.685,92.9,93.6415,119715,2019-06-11 04:00:00
192,92.699,92.766,53566700,93.25,92.219,92.8124,92811,2019-06-12 04:00:00
193,93.336,93.515,55892200,94.1545,93.111,93.5944,74772,2019-06-13 04:00:00
194,93.2,93.4835,57023260,93.8,92.95,93.4671,70556,2019-06-14 04:00:00
195,93.825,94.3015,52686840,94.7844,93.7725,94.3184,60420,2019-06-17 04:00:00
196,95.0675,95.0685,77889560,96.0835,94.9895,95.4858,107881,2019-06-18 04:00:00
197,95.392,95.4395,57906940,95.979,94.6235,95.2597,72174,2019-06-19 04:00:00
198,96.6665,95.9095,64343060,96.76,95.29,96.0489,87632,2019-06-20 04:00:00
199,95.805,95.565,78671520,96.2975,95.379,95.7471,74430,2019-06-21 04:00:00
200,95.633,95.695,45659380,95.843,95.065,95.517,58125,2019-06-24 04:00:00
201,95.592,93.9135,60246940,95.8193,93.621,94.4831,83709,2019-06-25 04:00:00
202,94.624,94.8915,48838200,95.19,94.366,94.8287,64560,2019-06-26 04:00:00
203,95.1,95.214,42834420,95.562,94.902,95.3034,53449,2019-06-27 04:00:00
204,95.455,94.6815,60747160,95.647,94.2,94.7438,69780,2019-06-28 04:00:00
205,96.149,96.1095,64066940,96.491,95.733,96.118,84748,2019-07-01 04:00:00
206,95.969,96.7155,53025980,96.7395,95.3315,95.9516,71004,2019-07-02 04:00:00
207,96.7945,96.95,33805880,97.0795,96.525,96.9136,50507,2019-07-03 04:00:00
208,96.43,97.1455,52567180,97.295,96.265,96.8363,76851,2019-07-05 04:00:00
209,96.706,97.616,57667420,97.8,96.4127,97.238,73614,2019-07-08 04:00:00
210,97.39,99.415,86742260,99.5005,97.1738,98.7952,118245,2019-07-09 04:00:00
211,99.8255,100.8705,98638040,101.247,99.77,100.6593,126821,2019-07-10 04:00:00
212,101.281,100.0535,86355320,101.79,99.765,100.9726,114875,2019-07-11 04:00:00
213,100.4135,100.55,50133940,100.85,100.1935,100.541,71028,2019-07-12 04:00:00
214,101.07,101.0495,59572860,101.145,100.0775,100.6861,75935,2019-07-15 04:00:00
215,100.529,100.495,52363960,101.316,100.061,100.6842,70224,2019-07-16 04:00:00
216,100.3525,99.6015,51176180,100.6,99.6015,99.9827,69969,2019-07-17 04:00:00
217,99.0005,98.895,70085040,99.375,97.5775,98.5719,94363,2019-07-18 04:00:00
218,99.5605,98.226,63612240,99.8,98.1113,98.997,77320,2019-07-19 04:00:00
219,98.557,99.2815,58162220,99.45,97.913,98.6822,73710,2019-07-22 04:00:00
220,99.7995,99.7245,54069600,99.8895,98.6565,99.376,70494,2019-07-23 04:00:00
221,98.465,100.0405,52626000,100.065,98.2935,99.4224,72201,2019-07-24 04:00:00
222,100.05,98.691,82579220,100.06,98.636,98.7195,125859,2019-07-25 04:00:00
223,97.1,97.1525,98542860,97.5448,96.2255,96.8914,138485,2019-07-26 04:00:00
224,96.5,95.6225,89863800,96.6113,94.527,95.3427,126566,2019-07-29 04:00:00
225,94.5558,94.9265,58217760,95.4945,94.174,94.9047,83089,2019-07-30 04:00:00
226,94.9055,93.339,89414540,94.9775,92.472,94.0745,127701,2019-07-31 04:00:00
227,93.586,92.766,94266220,94.896,92.2005,93.6046,134482,2019-08-01 04:00:00
228,92.2535,91.162,99124500,92.3182,90.401,91.0499,153164,2019-08-02 04:00:00
229,88.511,88.2565,121163260,89.4334,87.439,88.4111,197240,2019-08-05 04:00:00
230,89.6115,89.3915,101379960,89.6885,87.67,88.8654,153578,2019-08-06 04:00:00
231,88.6995,89.67,90537680,89.9465,87.85,88.905,131016,2019-08-07 04:00:00
232,90.3,91.6445,74024840,91.713,89.9055,91.0118,92846,2019-08-08 04:00:00
233,91.4475,90.379,57595400,91.5546,90.111,90.6641,88485,2019-08-09 04:00:00
234,89.7995,89.246,58109960,90.049,88.85,89.4412,83981,2019-08-12 04:00:00
235,89.15,91.217,81500420,91.5871,89,90.979,103258,2019-08-13 04:00:00
236,89.6505,88.148,97872980,89.7826,87.8608,88.5727,146910,2019-08-14 04:00:00
237,89.0995,88.806,76187760,89.4,88.098,88.7545,109842,2019-08-15 04:00:00
238,89.6445,89.6285,61084800,90.1454,89.2275,89.7312,79667,2019-08-16 04:00:00
239,90.904,90.806,56406060,91.3,90.6305,90.9937,75822,2019-08-19 04:00:00
240,90.725,90.069,38656700,90.841,89.994,90.3947,55435,2019-08-20 04:00:00
241,90.9695,91.177,40784620,91.4789,90.75,91.1441,58096,2019-08-21 04:00:00
242,91.4,90.28,53077760,91.4706,90.005,90.6335,64929,2019-08-22 04:00:00
243,89.6515,87.481,105557960,90.2448,87.2615,88.3176,155228,2019-08-23 04:00:00
244,88.3455,88.4435,61676400,88.5,87.1755,88.0108,80838,2019-08-26 04:00:00
245,88.7865,88.0915,60544900,88.97,87.334,88.0975,74884,2019-08-27 04:00:00
246,87.75,88.2125,48437860,88.393,87.2025,88.0055,63007,2019-08-28 04:00:00
247,89.15,89.32,60360240,89.9275,88.8625,89.4604,74348,2019-08-29 04:00:00
248,89.8745,88.8145,61282940,89.987,88.2285,88.8589,74286,2019-08-30 04:00:00
249,88.5,89.492,70937180,90.04,88.4,89.5232,89055,2019-09-03 04:00:00
250,90.25,90.031,46524560,90.3815,89.8115,90.1058,64554,2019-09-04 04:00:00
251,91.0975,92.036,66503780,92.1,90.7788,91.6301,92131,2019-09-05 04:00:00
252,91.911,91.6755,49938660,92.0325,91.32,91.7292,67779,2019-09-06 04:00:00
253,92.05,91.5675,59990300,92.5,91.2305,91.8384,86633,2019-09-09 04:00:00
254,91.1375,91.0275,52277580,91.2905,90.2668,90.8141,68259,2019-09-10 04:00:00
255,90.607,91.1495,48655340,91.671,90.454,91.1336,81884,2019-09-11 04:00:00
256,91.8815,92.1775,56470100,92.683,91.714,92.2739,92369,2019-09-12 04:00:00
257,92.1005,91.967,39426340,92.3061,91.7585,91.9927,62985,2019-09-13 04:00:00
258,91.201,90.392,73509460,91.2847,90.01,90.4048,118155,2019-09-16 04:00:00
259,90.354,91.1275,40661160,91.1995,90.205,90.822,68776,2019-09-17 04:00:00
260,90.852,90.873,50720240,91.103,89.775,90.5073,85165,2019-09-18 04:00:00
261,91.051,91.075,41484100,91.6285,90.895,91.2768,61100,2019-09-19 04:00:00
262,91.0855,89.708,111116780,91.5315,89.046,90.074,120308,2019-09-20 04:00:00
263,88.85,89.265,62782840,89.635,88.366,89.0232,93615,2019-09-23 04:00:00
264,89.5303,87.0805,92758020,89.7853,86.7773,87.8226,154522,2019-09-24 04:00:00
265,87.368,88.4165,70621960,88.65,86.15,87.5005,121310,2019-09-25 04:00:00
266,88.1395,86.992,71439040,88.1685,86.575,87.0449,111266,2019-09-26 04:00:00
267,87.4,86.2725,78960580,87.456,85.691,86.429,133051,2019-09-27 04:00:00
268,86.3495,86.7955,55215360,86.873,85.461,86.4541,86774,2019-09-30 04:00:00
269,87.3,86.7825,63409200,87.78,86.4205,87.0306,100089,2019-10-01 04:00:00
270,86.387,85.6615,66730820,86.4445,85.25,85.6894,119890,2019-10-02 04:00:00
271,85.65,86.221,72479500,86.25,84.253,85.5175,130538,2019-10-03 04:00:00
272,86.301,86.9825,49785540,87.0288,85.9615,86.615,84798,2019-10-04 04:00:00
273,86.5815,86.633,43751960,87.3915,86.185,86.7949,69190,2019-10-07 04:00:00
274,86.1245,85.2755,52536800,86.35,85.25,85.8049,99582,2019-10-08 04:00:00
275,85.9805,86.0995,41786700,86.4975,85.718,86.1454,68685,2019-10-09 04:00:00
276,86.262,86.013,54430620,86.9145,85.6875,86.2547,79256,2019-10-10 04:00:00
277,87.146,86.596,65590680,87.2725,86.493,86.9936,98401,2019-10-11 04:00:00
278,86.4455,86.8215,38577960,87.0944,86.1,86.589,58921,2019-10-14 04:00:00
279,87.107,88.369,62584880,88.8225,87.031,87.992,94703,2019-10-15 04:00:00
280,88.6665,88.8715,56081360,89.312,88.5261,88.9439,86957,2019-10-16 04:00:00
281,89.8245,89.374,54275460,89.9425,89.101,89.5375,76745,2019-10-17 04:00:00
282,89.39,87.8755,67321820,89.699,87.46,88.3889,82365,2019-10-18 04:00:00
283,88.483,89.283,44498040,89.294,88.25,88.8936,58401,2019-10-21 04:00:00
284,89.4075,88.2865,44688500,89.489,88.1,88.5945,66614,2019-10-22 04:00:00
285,88.065,88.1085,43807600,88.5025,87.1,87.9083,68908,2019-10-23 04:00:00
286,88.5545,89.039,104086980,89.4169,88.0135,86.4421,174749,2019-10-24 04:00:00
287,84.8775,88.0665,192528040,88.2105,84.75,86.6891,284617,2019-10-25 04:00:00
288,87.403,88.854,74177020,88.935,87.125,88.3368,95761,2019-10-28 04:00:00
289,88.7405,88.1355,45537080,88.85,87.7905,88.2394,61661,2019-10-29 04:00:00
290,88.012,88.9995,48988100,89.119,87.9558,88.6759,64129,2019-10-30 04:00:00
291,88.7995,88.833,55623700,89.6,88.5738,88.9149,66851,2019-10-31 04:00:00
292,89.4005,89.572,55807080,89.8723,89.2605,89.5338,67012,2019-11-01 04:00:00
293,90.0505,90.233,55418440,90.753,90.0505,90.4478,73783,2019-11-04 05:00:00
294,90.458,90.0855,37626860,90.5125,89.7,90.1548,54387,2019-11-05 05:00:00
295,90.05,89.7885,40595660,90.125,89.429,89.7457,51905,2019-11-06 05:00:00
296,90.188,89.41,53021720,90.295,89.174,89.8702,66047,2019-11-07 05:00:00
297,89.3945,89.294,42465960,89.494,88.702,89.1018,58211,2019-11-08 05:00:00
298,88.9,88.5825,38956200,89,88.3565,88.6027,56868,2019-11-11 05:00:00
299,88.733,88.9,40778480,89.311,88.5955,88.9452,53676,2019-11-12 05:00:00
300,88.6695,87.6555,58537840,88.75,87.3661,87.9447,86180,2019-11-13 05:00:00
301,87.5715,87.73,45368340,88.3297,87.478,87.8323,59272,2019-11-14 05:00:00
302,88.0025,86.9745,78622820,88.084,86.643,87.2681,97701,2019-11-15 05:00:00
303,86.915,87.6265,56838140,87.685,86.1355,87.1292,77220,2019-11-18 05:00:00
304,87.8495,87.6395,45490700,88.034,87.1515,87.6626,58406,2019-11-19 05:00:00
305,87.457,87.2765,55875180,88.1262,86.706,87.3583,70414,2019-11-20 05:00:00
306,87.15,86.7355,53258760,87.3435,86.518,86.8208,70476,2019-11-21 05:00:00
307,86.951,87.286,48581620,87.3215,86.55,87.0138,59622,2019-11-22 05:00:00
308,87.6625,88.692,69789340,88.871,87.662,88.538,80698,2019-11-25 05:00:00
309,88.996,89.847,63808560,89.8515,88.9175,89.567,75234,2019-11-26 05:00:00
310,90.05,90.9255,60716920,91.225,89.8655,90.7498,80776,2019-11-27 05:00:00
311,90.889,90.04,38468800,91.2345,90.0395,90.5283,50537,2019-11-29 05:00:00
312,90.22,89.08,78635000,90.2775,88.134,88.9528,98797,2019-12-02 05:00:00
313,88,88.498,70591640,88.6435,87.3615,87.9147,95866,2019-12-03 05:00:00
314,88.7005,88.0345,53614000,89.4545,88.011,88.5702,74929,2019-12-04 05:00:00
315,88.175,87.024,56557040,88.175,87,87.3176,79766,2019-12-05 05:00:00
316,87.56,87.58,62399580,87.72,87.0065,87.4972,80588,2019-12-06 05:00:00
317,87.533,87.4755,50049780,88.3446,87.2805,87.7382,59491,2019-12-09 05:00:00
318,87.37,86.9605,50312880,87.5335,86.75,87.0873,69888,2019-12-10 05:00:00
319,87.0835,87.436,42026240,87.5,86.7855,87.1934,55148,2019-12-11 05:00:00
320,87.5,88.0165,62078980,88.2,87.272,87.8496,79212,2019-12-12 05:00:00
321,88.25,88.047,54958180,88.4495,87.75,88.1331,68192,2019-12-13 05:00:00
322,88.35,88.4605,62986900,88.475,87.8525,88.2155,72457,2019-12-16 05:00:00
323,88.9005,89.533,72933940,89.6,88.8695,89.2731,80858,2019-12-17 05:00:00
324,89.751,89.2015,66890140,89.91,89.118,89.482,65149,2019-12-18 05:00:00
325,89.025,89.614,54766400,89.6495,88.703,89.4085,57195,2019-12-19 05:00:00
326,89.9808,89.325,103049000,90.1485,89.1225,89.5924,72698,2019-12-20 05:00:00
327,89.413,89.65,42749860,89.65,89.2255,89.4841,48810,2019-12-23 05:00:00
328,89.6905,89.4605,17626740,89.7785,89.3788,89.554,24911,2019-12-24 05:00:00
329,90.0505,93.4385,119392160,93.523,89.975,92.2733,146641,2019-12-26 05:00:00
330,94.146,93.49,123775080,95.07,93.3005,94.2688,156072,2019-12-27 05:00:00
331,93.7,92.3445,73546120,94.2,92.031,92.7414,94747,2019-12-30 05:00:00
332,92.1,92.392,50207600,92.663,91.6115,92.2154,60717,2019-12-31 05:00:00
333,93.75,94.9005,80718200,94.9005,93.2075,94.1414,102920,2020-01-02 05:00:00
334,93.225,93.7485,75332080,94.3098,93.225,93.7714,99633,2020-01-03 05:00:00
335,93,95.144,81313960,95.1845,93,94.5998,104160,2020-01-06 05:00:00
336,95.225,95.343,82680200,95.6945,94.6022,95.1609,98636,2020-01-07 05:00:00
337,94.902,94.5985,70239320,95.55,94.3222,95.0249,95706,2020-01-08 05:00:00
338,95.4945,95.0525,63499240,95.891,94.7902,95.3013,84377,2020-01-09 05:00:00
339,95.2685,94.158,57139180,95.347,94,94.5505,82119,2020-01-10 05:00:00
340,94.5655,94.565,55716880,94.9,94.04,94.5453,78771,2020-01-13 05:00:00
341,94.294,93.472,68927620,94.3555,92.9275,93.5066,97321,2020-01-14 05:00:00
342,93.6125,93.101,57885840,93.943,92.7545,93.252,80354,2020-01-15 05:00:00
343,94.1495,93.897,53189860,94.2795,93.301,93.7344,71725,2020-01-16 05:00:00
344,94.2945,93.236,79946800,94.332,92.8625,93.3742,93115,2020-01-17 05:00:00
345,93.25,94.6,74155700,94.7135,93,93.9126,87934,2020-01-21 05:00:00
346,94.8045,94.373,64203140,95.125,94.167,94.6052,83692,2020-01-22 05:00:00
347,94.2555,94.229,49692260,94.4988,93.638,94.1327,63432,2020-01-23 05:00:00
348,94.5685,93.082,75323620,94.7495,92.372,93.4756,100541,2020-01-24 05:00:00
349,91,91.417,70570180,92.05,90.767,91.5622,94786,2020-01-27 05:00:00
350,92.025,92.6625,56160800,92.9055,91.501,92.3447,73642,2020-01-28 05:00:00
351,93.2,92.9,41981000,93.7375,92.751,93.1664,66279,2020-01-29 05:00:00
352,92.9,93.534,126548760,93.6435,92.5305,97.8476,198651,2020-01-30 05:00:00
353,102.5735,100.436,311315660,102.786,100.1135,101.6478,378587,2020-01-31 05:00:00
354,100.53,100.21,117981880,102.425,100.0125,101.1727,157552,2020-02-03 05:00:00
355,101.494,102.4835,105786760,102.99,100.7685,101.9276,140852,2020-02-04 05:00:00
356,103.551,101.9935,87475980,103.551,101.6,102.4013,120368,2020-02-05 05:00:00
357,102.051,102.5115,63659080,102.815,101.24,102.3442,82483,2020-02-06 05:00:00
358,102.0995,103.964,101906940,104.9265,101.905,103.8708,135486,2020-02-07 05:00:00
359,104.2505,106.6955,101123920,106.78,104.248,106.1041,135564,2020-02-10 05:00:00
360,107.545,107.54,114899920,109.2975,106.8,108.1379,153040,2020-02-11 05:00:00
361,108.16,108,66685280,109.0125,107.7645,108.3628,98748,2020-02-12 05:00:00
362,107.2495,107.4935,60635820,108.514,107.1,107.7355,85944,2020-02-13 05:00:00
363,107.784,106.7435,52123380,107.9518,106.2945,106.9706,74726,2020-02-14 05:00:00
364,106.251,107.7835,59021400,108.3035,106.2053,107.4024,87103,2020-02-18 05:00:00
365,108.39,108.511,51223300,109.255,108.056,108.778,76926,2020-02-19 05:00:00
366,108.6535,107.655,62626440,108.8395,106.3725,107.6764,88217,2020-02-20 05:00:00
367,107.1075,104.7985,92748800,107.2275,104.4,105.3894,131586,2020-02-21 05:00:00
368,100.159,100.4645,130715940,101.9648,99.3987,100.5177,227277,2020-02-24 05:00:00
369,101.321,98.637,122381880,101.73,97.921,99.4214,205343,2020-02-25 05:00:00
370,98.514,98.9795,104808040,100.7335,98.0225,99.3592,166985,2020-02-26 05:00:00
371,96.719,94.215,162879860,98.75,94.1381,96.0933,255921,2020-02-27 05:00:00
372,90.7315,94.1875,189875940,94.488,90.5565,92.522,310386,2020-02-28 05:00:00
373,95.3245,97.6975,135080220,97.7255,93.5,95.6916,200857,2020-03-02 05:00:00
374,98.7685,95.4495,150689820,99.8165,94.4045,97.0404,217758,2020-03-03 05:00:00
375,97.3285,98.7915,95289620,98.9,96.1,97.5866,133027,2020-03-04 05:00:00
376,96.65,96.2015,94964200,98.036,95.5,96.7081,137422,2020-03-05 05:00:00
377,93.75,95.0545,105471600,95.5435,93.475,94.3916,160142,2020-03-06 05:00:00
378,88.693,90.0305,156264640,93.1385,88.0645,90.9337,241612,2020-03-09 04:00:00
379,93.544,94.591,142666200,94.7135,90.9085,93.058,194021,2020-03-10 04:00:00
380,92.8925,91.043,112886620,93.566,90.075,91.7386,172916,2020-03-11 04:00:00
381,86.099,83.8305,226924280,88.25,83.75,85.3586,355932,2020-03-12 04:00:00
382,87.75,89.25,176194500,89.3155,84.031,86.7555,273400,2020-03-13 04:00:00
383,82.0755,84.4575,178345300,87.9726,81.3016,85.014,268234,2020-03-16 04:00:00
384,88.7735,90.392,215142580,92.8888,84.462,89.3921,332369,2020-03-17 04:00:00
385,87.5,91.5,192904360,92.083,87.25,89.9145,295614,2020-03-18 04:00:00
386,93,94.0465,207858860,97.25,91.6325,95.0584,298124,2020-03-19 04:00:00
387,96.3155,92.3045,196357000,97.85,91.0365,94.1396,277841,2020-03-20 04:00:00
388,91.3875,95.1415,156169780,95.97,90.6,93.7089,238476,2020-03-23 04:00:00
389,97.5748,97.005,142941600,97.75,95.017,96.5161,219520,2020-03-24 04:00:00
390,96.0345,94.292,129581460,97.513,94.289,95.5736,229012,2020-03-25 04:00:00
391,95.1,97.7745,124702360,97.8245,94.4645,96.2029,182616,2020-03-26 04:00:00
392,96.543,95.005,107757940,96.9895,94.996,95.7478,166886,2020-03-27 04:00:00
393,96.1415,98.1975,122521740,98.6815,95.617,97.6711,170631,2020-03-30 04:00:00
394,98.2175,97.486,102472520,99.651,97.2005,98.3482,155507,2020-03-31 04:00:00
395,96.6485,95.385,82437500,97.248,94.65,95.8985,141417,2020-04-01 04:00:00
396,95.082,95.9415,86719700,96.3763,94.5,95.5626,123267,2020-04-02 04:00:00
397,95.5575,95.3295,72197400,96.3165,94.4575,95.1839,113599,2020-04-03 04:00:00
398,96.8,99.8795,115463620,99.926,96.501,98.4836,160253,2020-04-06 04:00:00
399,100.8555,100.58,102279660,101.786,99.881,100.8599,158531,2020-04-07 04:00:00
400,101.05,102.15,79546260,102.2,100.5575,101.4343,127192,2020-04-08 04:00:00
401,102.215,102.138,93112340,102.65,100.883,101.8036,143709,2020-04-09 04:00:00
402,102,108.4435,134334180,109,101.9,106.6021,216597,2020-04-13 04:00:00
403,110.0235,114.166,161735060,114.6,109.3105,112.904,259252,2020-04-14 04:00:00
404,112.884,115.384,137331340,116.6685,112.25,114.7149,229327,2020-04-15 04:00:00
405,117.3,120.4095,240764020,123.0499,116.75,119.7877,381632,2020-04-16 04:00:00
406,118.6165,118.75,158600200,120,115.801,118.051,277960,2020-04-17 04:00:00
407,119.4975,119.6805,115413880,122.249,119.3025,120.5016,204633,2020-04-20 04:00:00
408,120.8305,116.406,149533580,121.4155,113.983,117.1875,272679,2020-04-21 04:00:00
409,118.45,118.1745,84361940,119.7,117.55,118.596,140734,2020-04-22 04:00:00
410,119.999,119.9725,101331040,121.211,119.104,120.1901,168217,2020-04-23 04:00:00
411,120.85,120.511,76635940,121.0217,119.1,120.1648,137508,2020-04-24 04:00:00
412,122.16,118.8,112912900,122.244,118.15,120.0562,204761,2020-04-27 04:00:00
413,118.605,115.704,105388920,118.675,115.3,116.5167,203377,2020-04-28 04:00:00
414,116.5005,118.6355,91831860,119.5945,115.5,118.0855,175822,2020-04-29 04:00:00
415,120.992,123.7,190692220,123.75,119.8005,121.1378,348363,2020-04-30 04:00:00
416,116.84,114.302,195450520,118.122,112.9095,115.3557,410556,2020-05-01 04:00:00
417,112.819,115.7995,97278520,116.349,112.819,115.0505,168282,2020-05-04 04:00:00
418,117,115.89,64849920,117.55,115.3563,116.5394,128160,2020-05-05 04:00:00
419,116.472,117.563,62356280,117.8725,116,117.0974,114423,2020-05-06 04:00:00
420,118.739,118.3805,67928220,118.8,117.1555,117.9903,113393,2020-05-07 04:00:00
421,118.607,118.9805,64224560,119.3622,117.85,118.7297,111015,2020-05-08 04:00:00
422,118.735,120.45,65184620,120.9833,118.6055,120.3079,121012,2020-05-11 04:00:00
423,120.5925,117.8475,61498320,120.95,117.75,119.5817,122749,2020-05-12 04:00:00
424,118.34,118.396,95658380,120.385,116.8903,118.5033,173568,2020-05-13 04:00:00
425,118.0505,119.4425,72962560,119.5685,117.6605,118.6069,122971,2020-05-14 04:00:00
426,118.426,120.489,84699020,120.55,117.8185,119.3175,136695,2020-05-15 04:00:00
427,120.2173,121.313,87331440,121.65,119.2005,120.8115,159846,2020-05-18 04:00:00
428,121.4915,122.4665,86409880,124.2498,121.4485,123.2717,163871,2020-05-19 04:00:00
429,123.8935,124.897,79962860,125.0005,123.3635,124.3651,140232,2020-05-20 04:00:00
430,125,122.337,102233460,126.2725,122.127,123.6394,189641,2020-05-21 04:00:00
431,122.7505,121.844,57341500,123.4925,121.5065,122.2535,112387,2020-05-22 04:00:00
432,122.9,121.093,71363040,123.1,120.703,121.8041,129659,2020-05-26 04:00:00
433,120.2495,120.5195,101137520,120.679,116.5,119.0461,191245,2020-05-27 04:00:00
434,119.2165,120.055,63862620,121.8485,118.9115,120.6948,118927,2020-05-28 04:00:00
435,120.797,122.1185,70586560,122.1185,119.9099,121.0543,106394,2020-05-29 04:00:00
436,122.4,123.552,58760640,123.8465,122.2085,123.3027,100206,2020-06-01 04:00:00
437,123.35,123.6205,50598000,123.6765,122.2655,123.1794,89134,2020-06-02 04:00:00
438,123.4005,123.92,53418940,124.4,123.0585,123.7293,102064,2020-06-03 04:00:00
439,123.8715,123.03,58928060,125.377,122.5005,123.8444,114200,2020-06-04 04:00:00
440,122.2255,124.15,66124660,124.4323,121.8565,123.5487,116854,2020-06-05 04:00:00
441,125.01,126.203,79413040,126.5,124.3668,125.6374,140687,2020-06-08 04:00:00
442,126.472,130.043,103518880,131.3215,126.25,129.4584,198018,2020-06-09 04:00:00
443,132.25,132.3725,98920580,136.1175,131.313,132.581,191937,2020-06-10 04:00:00
444,130.175,127.898,115968880,133.569,126.8115,130.3534,237788,2020-06-11 04:00:00
445,130.0605,127.251,108722540,131.0738,125.1675,127.8558,194261,2020-06-12 04:00:00
446,126.33,128.634,77466700,129.2,125.4,127.4733,136483,2020-06-15 04:00:00
447,131,130.7635,71912980,131,128.8,130.427,136266,2020-06-16 04:00:00
448,132.375,132.049,59186320,132.75,131.591,132.2172,108148,2020-06-17 04:00:00
449,132.3505,132.699,49755480,132.982,131.8055,132.4789,88899,2020-06-18 04:00:00
450,133.904,133.7505,115539260,134.8715,132.95,133.9357,140630,2020-06-19 04:00:00
451,134.225,135.691,64175600,135.75,133.45,134.8709,115435,2020-06-22 04:00:00
452,136.301,138.2205,84634140,139.1555,135.902,138.0731,157546,2020-06-23 04:00:00
453,139,136.72,90532100,139.8,136.05,137.5083,180027,2020-06-24 04:00:00
454,136.9775,137.729,59372040,137.8115,135.607,136.9205,118307,2020-06-25 04:00:00
455,138.7528,134.6435,129015680,139.1284,134.4,136.495,208123,2020-06-26 04:00:00
456,134.5005,134.019,84468440,134.84,131.504,133.6497,160190,2020-06-29 04:00:00
457,134.2533,137.941,75393720,138.4815,133.7515,136.8105,138893,2020-06-30 04:00:00
458,137.8995,143.935,127268780,144.75,137.7,141.5054,215531,2020-07-01 04:00:00
459,145.6005,144.515,131867740,147.778,143.5551,145.6256,234492,2020-07-02 04:00:00
460,146.7485,152.852,137612840,152.994,146.5,150.4103,253595,2020-07-06 04:00:00
461,152.9275,150.006,104889520,153.4775,149.5,151.7234,224393,2020-07-07 04:00:00
462,151.1305,154.0555,100751400,154.1985,150.6215,152.6519,188688,2020-07-08 04:00:00
463,155.7995,159.1315,127755180,159.694,153.7001,156.7501,242433,2020-07-09 04:00:00
464,159.588,160,109719640,160.75,156.785,159.2707,212669,2020-07-10 04:00:00
465,162.553,155.2,154402600,167.2145,153.4195,161.7553,352972,2020-07-13 04:00:00
466,154.45,154.2,144638660,156.369,147.5,152.3307,357826,2020-07-14 04:00:00
467,154.0115,150.4435,115777480,154.9175,148.659,151.3066,281285,2020-07-15 04:00:00
468,148.553,149.995,127883840,151.6,145.9115,148.7445,284126,2020-07-16 04:00:00
469,150.45,148.0985,93760380,151.2,147.4225,148.7704,207323,2020-07-17 04:00:00
470,150.01,159.842,151934820,160.068,149.7009,155.5705,349491,2020-07-20 04:00:00
471,161.6245,156.9145,122699260,162.0288,155.286,157.7322,304961,2020-07-21 04:00:00
472,156.25,154.9955,82064220,157.5,153.263,155.1909,190784,2020-07-22 04:00:00
473,154.9136,149.3275,113138120,154.9136,148.5,150.9518,298743,2020-07-23 04:00:00
474,146.5,150.4455,112648260,151.579,144.4,148.8907,277444,2020-07-24 04:00:00
475,153.1,152.7605,83407580,154.9,150.7885,152.8478,202776,2020-07-27 04:00:00
476,152.7135,150.0165,62533020,153.8546,149.788,151.8703,152374,2020-07-28 04:00:00
477,151.5495,151.6765,59440700,151.958,149.8385,151.2077,149789,2020-07-29 04:00:00
478,150.7,152.594,122275500,154.6,150.25,154.2338,301796,2020-07-30 04:00:00
479,162.2,158.234,161666600,162.341,157.55,159.2111,332915,2020-07-31 04:00:00
480,159.0255,155.5945,101448260,159.2,155.2,156.5041,253926,2020-08-03 04:00:00
481,155.0605,156.9415,93535880,158.362,155.0605,156.3756,196668,2020-08-04 04:00:00
482,157.1885,160.2515,78600500,160.6793,156.365,159.2251,188852,2020-08-05 04:00:00
483,159.718,161.25,78812040,162.3735,158.2715,160.4686,181224,2020-08-06 04:00:00
484,161.2005,158.373,78722540,162.0405,157.0336,159.2828,196134,2020-08-07 04:00:00
485,158.5155,157.408,63345480,158.6255,155.076,156.9797,156735,2020-08-10 04:00:00
486,155.66,154.0335,74360960,157.961,153.65,155.6658,190413,2020-08-11 04:00:00
487,155.4,158.112,70544580,158.7193,155.071,157.5082,158126,2020-08-12 04:00:00
488,159.1495,158.051,62980860,160.8761,157.75,159.431,162133,2020-08-13 04:00:00
489,158.909,157.401,55034460,158.9118,156,157.2905,131474,2020-08-14 04:00:00
490,158.656,159.1205,53824740,159.7485,157.7089,158.8254,121230,2020-08-17 04:00:00
491,160.6,165.6245,106919480,166,160.2909,164.2331,239206,2020-08-18 04:00:00
492,165.1505,163.024,83702740,165.795,162.8,164.3196,192783,2020-08-19 04:00:00
493,162.6,164.8685,66649560,165.631,161.9,164.3219,144630,2020-08-20 04:00:00
494,164.75,164.236,71517240,165.7198,163.7695,164.3565,148879,2020-08-21 04:00:00
495,165.5075,165.373,93325160,169.0158,162.878,165.7036,205714,2020-08-24 04:00:00
496,164.7495,167.3245,79835640,167.87,163.35,166.2764,153714,2020-08-25 04:00:00
497,167.5555,172.0925,130174860,172.5869,167.2284,170.5047,231490,2020-08-26 04:00:00
498,172.5025,170,84648500,172.65,168.9,170.9635,190077,2020-08-27 04:00:00
499,171.15,170.09,57639560,171.6685,169.325,170.4018,128234,2020-08-28 04:00:00
500,170.4495,172.548,83591700,174.75,170.25,173.2131,189831,2020-08-31 04:00:00
501,174.479,174.956,69431840,175.6935,173.35,174.7117,173612,2020-09-01 04:00:00
502,177.35,176.5725,78629520,177.6125,174.3343,176.1819,195730,2020-09-02 04:00:00
503,174.25,168.4,162912260,174.4205,165.15,169.0123,434387,2020-09-03 04:00:00
504,165.9,164.731,174355080,169.075,155.5565,162.5446,474342,2020-09-04 04:00:00
505,157.2,157.492,121608720,162.5423,156.5,159.0165,303257,2020-09-08 04:00:00
506,160.1495,163.4305,103773500,165.1588,159.25,162.8223,240615,2020-09-09 04:00:00
507,165.3609,158.7555,106614820,167.4945,158.5275,163.1819,266823,2020-09-10 04:00:00
508,160.4345,155.811,100876840,160.867,154.199,156.7655,262357,2020-09-11 04:00:00
509,158.6469,155.1485,90591920,159.3695,154.8,156.745,226394,2020-09-14 04:00:00
510,156.808,157.8065,80430700,158.751,155.446,157.2173,182529,2020-09-15 04:00:00
511,158.9995,153.905,90551180,159.3619,153.7075,156.0983,216466,2020-09-16 04:00:00
512,150.4625,150.4365,128980780,151.4716,148.6275,150.0182,351904,2020-09-17 04:00:00
513,151.587,147.7455,177826000,151.89,145.277,148.1384,336452,2020-09-18 04:00:00
514,145.325,148.0235,122291500,148.1,143.55,145.6005,304152,2020-09-21 04:00:00
515,151.6918,156.4495,138975820,156.6995,150.01,153.4748,312294,2020-09-22 04:00:00
516,156.0215,149.993,113053300,156.35,149.6188,152.4321,263058,2020-09-23 04:00:00
517,148.8895,150.9895,110587840,153.465,148.25,151.352,256916,2020-09-24 04:00:00
518,152.743,154.7565,92304040,155.077,149.95,153.0307,194970,2020-09-25 04:00:00
519,157.4425,158.7025,84483300,158.752,155.8584,157.7242,192754,2020-09-28 04:00:00
520,158.7695,157.244,70067960,159.413,156.627,158.0636,154046,2020-09-29 04:00:00
521,157.057,157.4365,97922020,160.644,156.6995,158.6104,200061,2020-09-30 04:00:00
522,160.4,161.063,99064120,161.2,158.6,160.0386,207139,2020-10-01 04:00:00
523,157.6815,156.25,112051960,159.7898,156.15,157.6038,266315,2020-10-02 04:00:00
524,157.292,159.96,75056640,160.1265,157.0425,158.9035,166764,2020-10-05 04:00:00
525,158.25,154.998,101629140,159.1,154.5,156.7741,262964,2020-10-06 04:00:00
526,156.75,159.7845,86084780,160,156.6193,158.522,195829,2020-10-07 04:00:00
527,161.2495,159.5275,63482280,161.6647,158.7495,159.822,147554,2020-10-08 04:00:00
528,160.5,164.3325,98157420,164.4495,159.8915,163.0194,213811,2020-10-09 04:00:00
529,167.497,172.1465,167227560,174.812,166.9775,171.7324,360550,2020-10-12 04:00:00
530,173.3995,172.1815,114713940,174.619,171.2109,172.9833,255472,2020-10-13 04:00:00
531,172.35,168.1855,116578320,173.244,167,169.3511,269537,2020-10-14 04:00:00
532,164.6005,166.9325,104468960,167.794,164,165.6888,224287,2020-10-15 04:00:00
533,168.1615,163.6355,128797060,169.983,158,166.4817,249394,2020-10-16 04:00:00
534,164.9805,160.3605,104412320,166.45,159.6368,162.1453,264789,2020-10-19 04:00:00
535,161.114,160.8505,90060560,163.3,159.6005,161.3742,204420,2020-10-20 04:00:00
536,160.625,159.247,91837760,161.6938,158,159.638,209820,2020-10-21 04:00:00
537,159.4935,158.82,82033060,159.9375,156.097,158.0085,204712,2020-10-22 04:00:00
538,159.55,160.22,69333740,160.2665,157,158.5322,153745,2020-10-23 04:00:00
539,159.937,160.352,118018020,164.149,157.665,160.5293,253420,2020-10-26 04:00:00
540,161.247,164.3165,85820940,164.583,160.565,162.8774,191067,2020-10-27 04:00:00
541,162.465,158.139,111766600,163.201,158.1235,159.748,272695,2020-10-28 04:00:00
542,160.0635,160.5505,131752000,162.8625,158.2,160.4809,328194,2020-10-29 04:00:00
543,157.8875,151.8075,167921620,158.3502,150.95,153.2768,475613,2020-10-30 04:00:00
544,153.087,150.224,144704600,153.9853,147.506,150.1173,406206,2020-11-02 05:00:00
545,150.9265,152.4205,97954940,153.745,149.049,152.2985,247963,2020-11-03 05:00:00
546,157.9995,162.058,136780820,162.2425,156.9865,160.4389,323719,2020-11-04 05:00:00
547,165.9985,166.1,115713700,168.34,164.444,166.6543,263106,2020-11-05 05:00:00
548,165.232,165.5685,92345000,166.1,161.6,164.2962,206123,2020-11-06 05:00:00
549,161.5515,157.187,143808120,164.45,155.6053,160.3035,382356,2020-11-09 05:00:00
550,154.751,151.751,131299120,155.7,150.9741,152.6046,379848,2020-11-10 05:00:00
551,153.089,156.8695,87170460,156.9573,152.5,155.6306,224336,2020-11-11 05:00:00
552,157.9975,155.514,87424160,158.794,154.3025,156.157,215252,2020-11-12 05:00:00
553,156.1,156.4405,75251740,157.0861,154.2695,155.7216,181421,2020-11-13 05:00:00
554,154.66,156.553,76173520,157.135,153.6343,155.8441,190494,2020-11-16 05:00:00
555,159.1772,156.783,68894700,159.4625,156.763,157.8526,187447,2020-11-17 05:00:00
556,156.7,155.273,58336720,157,155.255,156.0751,169469,2020-11-18 05:00:00
557,155.2655,155.851,59955400,156.25,154.046,155.4358,164545,2020-11-19 05:00:00
558,155.851,154.97,66927760,156.6445,154.9023,155.5905,163911,2020-11-20 05:00:00
559,155.8349,154.9195,94177740,156.9873,153.273,155.0036,256233,2020-11-23 05:00:00
560,155.025,155.903,71742040,156.7125,154.3129,155.6353,206272,2020-11-24 05:00:00
561,157.0935,159.2535,75496060,159.9,157.013,158.8135,217294,2020-11-25 05:00:00
562,160.563,159.767,47857340,160.8095,159.5025,160.1685,130646,2020-11-27 05:00:00
563,160.424,158.402,81278320,161.4195,156.2775,158.3039,230589,2020-11-30 05:00:00
564,159.425,161.004,90887640,162.4475,157.859,160.4156,236351,2020-12-01 05:00:00
565,161.0825,160.1765,62548480,161.6,158.663,160.3195,166667,2020-12-02 05:00:00
566,160.273,159.3365,57840780,161.432,159.0655,160.0968,167058,2020-12-03 05:00:00
567,159.9105,158.129,58272220,159.9105,157.938,158.5182,165673,2020-12-04 05:00:00
568,157.824,157.9,55026320,159.038,157.0845,157.8891,149203,2020-12-07 05:00:00
569,157.945,158.8645,65726060,159.2065,156.001,157.6298,181280,2020-12-08 05:00:00
570,158.3945,155.21,82016720,158.7215,154.4,156.3198,240020,2020-12-09 05:00:00
571,154.4495,155.0745,60596440,157.105,153.8,155.492,174755,2020-12-10 05:00:00
572,154.833,155.821,60565900,155.9335,153.641,155.0359,158149,2020-12-11 05:00:00
573,157.15,157.8485,83101480,159.5235,156.3,158.4656,202647,2020-12-14 05:00:00
574,159.0505,158.256,66473720,159.425,156.5245,157.8568,162626,2020-12-15 05:00:00
575,158.8005,162.048,88256520,162.35,158.184,160.9659,212078,2020-12-16 05:00:00
576,162.5,161.804,69486940,163.1755,161.05,161.9838,156922,2020-12-17 05:00:00
577,162.1995,160.0825,119914260,162.471,158.58,160.1154,205390,2020-12-18 05:00:00
578,160.0005,160.309,76731200,161.3483,158.3,160.1048,178095,2020-12-21 05:00:00
579,160.1422,160.326,47635620,161.1,159.004,160.0604,129229,2020-12-22 05:00:00
580,160.25,159.2635,41875740,160.5065,159.2085,159.8342,108006,2020-12-23 05:00:00
581,159.695,158.6345,29033540,160.1,158.45,159.1315,80009,2020-12-24 05:00:00
582,159.7,164.198,113135740,165.2,158.6345,162.8687,254209,2020-12-28 05:00:00
583,165.497,166.1,97308660,167.5325,164.0612,166.1097,209313,2020-12-29 05:00:00
584,167.05,164.2925,62322200,167.105,164.1235,165.28,140256,2020-12-30 05:00:00
585,163.75,162.8465,58809720,164.1461,162.06,162.8247,126766,2020-12-31 05:00:00
586,163.5,159.3315,88228320,163.6,157.201,159.6805,244077,2021-01-04 05:00:00
587,158.3005,160.9255,53110960,161.169,158.253,160.1852,135626,2021-01-05 05:00:00
588,157.324,156.919,87896300,159.8755,156.558,158.1428,236833,2021-01-06 05:00:00
589,157.85,158.108,70290900,160.4271,157.75,159.1995,166748,2021-01-07 05:00:00
590,159,159.135,70299080,159.532,157.11,158.3121,190280,2021-01-08 05:00:00
591,157.4005,155.7105,73081900,157.8192,155.5,156.5557,211079,2021-01-11 05:00:00
592,156,156.0415,69691640,157.1071,154.3,155.832,192771,2021-01-12 05:00:00
593,156.422,158.2945,66349880,159.4975,156.104,158.3579,166014,2021-01-13 05:00:00
594,158.376,156.3735,61418380,158.9,156.0295,157.3031,158481,2021-01-14 05:00:00
595,156.151,155.2125,84479900,157.1273,154.7585,155.5273,182766,2021-01-15 05:00:00
596,155.35,156.038,65475600,157.25,154.8,156.0549,160325,2021-01-19 05:00:00
597,159.0995,163.169,106196700,163.99,158.75,161.7709,249048,2021-01-20 05:00:00
598,164.65,165.3495,98837020,167.4275,164.4784,165.8747,225977,2021-01-21 05:00:00
599,165.2155,164.6115,56438280,166.0955,164.1582,164.8989,132727,2021-01-22 05:00:00
600,166.425,164.7,74995060,168.1945,162.1573,165.2916,183652,2021-01-25 05:00:00
601,164.8178,166.3065,59104700,166.9,164.1435,166.1508,138616,2021-01-26 05:00:00
602,167.0745,161.629,93203160,167.326,160.354,163.3479,237909,2021-01-27 05:00:00
603,161.752,161.881,62984560,165.084,161.4345,163.082,159385,2021-01-28 05:00:00
604,161.5,160.31,85871120,161.8495,159.3,160.4667,193750,2021-01-29 05:00:00
605,162.118,167.144,83164040,167.513,161.7513,165.3957,208720,2021-02-01 05:00:00
606,169,169,141962120,171.387,168.0563,169.9532,349007,2021-02-02 05:00:00
607,171.2505,165.6265,141775620,171.7,165.431,168.5045,335473,2021-02-03 05:00:00
608,166.5,166.55,73413220,167.35,163.8875,165.6209,179352,2021-02-04 05:00:00
609,165.95,167.6075,71965260,168.85,165.1355,167.0449,156673,2021-02-05 05:00:00
610,167.925,166.147,65147820,168.25,165.2,166.0191,171436,2021-02-08 05:00:00
611,165.6245,165.25,44070520,166.9,164.892,165.7397,126607,2021-02-09 05:00:00
612,165.7,164.329,60431000,165.8977,162.7,164.0665,158357,2021-02-10 05:00:00
613,164.6,163.1065,46028340,164.6,162.403,163.2458,128763,2021-02-11 05:00:00
614,162.5,163.8855,46706780,164.0125,161.6655,162.9173,117762,2021-02-12 05:00:00
615,162.7025,163.4475,51465620,165.415,162.6796,163.7545,138112,2021-02-16 05:00:00
616,163.18,165.432,66041980,166.0455,162.975,164.9381,159164,2021-02-17 05:00:00
617,164.121,166.4115,60672140,166.9,163.697,165.6686,150467,2021-02-18 05:00:00
618,166.4115,162.495,86103680,166.675,162.2875,164.3326,186659,2021-02-19 05:00:00
619,160.4065,159.037,70023580,161.616,158.613,159.7461,194812,2021-02-22 05:00:00
620,156.3515,159.725,93544440,160.2365,154.68,157.418,243836,2021-02-23 05:00:00
621,158.3375,157.9765,60225500,158.5615,156.269,157.6662,174835,2021-02-24 05:00:00
622,156.837,152.858,90676020,158.913,152.388,154.8909,295583,2021-02-25 05:00:00
623,154.76,154.6465,85518600,156.122,151.835,154.3775,215555,2021-02-26 05:00:00
624,156.3945,157.307,54679260,157.478,154.8995,156.3712,155961,2021-03-01 05:00:00
625,157.1735,154.7265,51915240,158.176,154.356,156.3642,137796,2021-03-02 05:00:00
626,154.059,150.25,79774500,155.3888,149.75,151.6505,265872,2021-03-03 05:00:00
627,150.6,148.8785,109231560,152.9065,147.2715,150.0362,320905,2021-03-04 05:00:00
628,150.25,150.023,107471020,150.45,144.05,148.0348,314581,2021-03-05 05:00:00
629,150.75,147.5975,81786160,153.2295,147.5655,150.0071,225890,2021-03-08 05:00:00
630,150.8995,153.1425,80600640,154.548,150.2574,152.8931,198934,2021-03-09 05:00:00
631,154.9225,152.882,60249780,155.823,151.5025,153.2003,163117,2021-03-10 05:00:00
632,155.2005,155.6795,55447980,156.5892,154.1465,155.5429,150914,2021-03-11 05:00:00
633,153.75,154.4745,48431360,154.949,152.275,153.6747,150742,2021-03-12 05:00:00
634,153.7285,154.084,58371840,154.112,151.6045,152.9803,164272,2021-03-15 04:00:00
635,155.2485,154.593,50775280,156.4455,153.793,155.1278,135941,2021-03-16 04:00:00
636,153.661,156.7865,62366280,158.6525,153.511,156.0684,179314,2021-03-17 04:00:00
637,155.05,151.3995,73140540,155.8315,151.25,153.2536,212050,2021-03-18 04:00:00
638,151.4615,153.748,92206680,153.8643,150.8315,152.7086,167143,2021-03-19 04:00:00
639,153.3925,155.5435,58043580,156.329,153.0025,155.4122,148669,2021-03-22 04:00:00
640,156.35,156.875,76345260,159.1,156.0425,157.5756,184398,2021-03-23 04:00:00
641,157.552,154.3535,59179620,158.0155,154.2575,156.1133,162871,2021-03-24 04:00:00
642,153.6495,152.313,71245380,155.489,151.857,153.1818,181977,2021-03-25 04:00:00
643,152.203,152.6015,66258480,152.833,149.8,151.7634,179219,2021-03-26 04:00:00
644,152.772,153.7865,54709360,154.5625,151.4223,153.3196,140592,2021-03-29 04:00:00
645,153.5005,152.7645,46752060,153.65,151.7,152.6655,124463,2021-03-30 04:00:00
646,153.203,154.704,61877920,155.9665,153.125,154.9228,143696,2021-03-31 04:00:00
647,155.897,158.05,58806360,158.122,155.7775,156.9796,147624,2021-04-01 04:00:00
648,158.65,161.3365,66297640,161.7978,158.062,160.5716,173200,2021-04-05 04:00:00
649,161.1875,161.191,50756180,162.3655,160.852,161.6038,127569,2021-04-06 04:00:00
650,161.69,163.9695,66924540,165.1806,161.1825,163.8467,162245,2021-04-07 04:00:00
651,165.545,164.965,56241800,166.225,164.6,165.5051,150496,2021-04-08 04:00:00
652,165.235,168.61,86769460,168.61,164.445,167.1676,210311,2021-04-09 04:00:00
653,167.7605,168.9695,65635960,169.752,167.5575,168.7656,154354,2021-04-12 04:00:00
654,170.0423,170,66016740,171.6,169.7815,170.7329,173494,2021-04-13 04:00:00
655,170.202,166.65,62704080,170.2065,166.3,167.7463,177490,2021-04-14 04:00:00
656,168.55,168.9545,64661600,169.85,167.6,168.7746,156816,2021-04-15 04:00:00
657,169,169.972,63690980,170.34,167.7795,169.4801,156901,2021-04-16 04:00:00
658,169.5165,168.6005,54508100,171.7967,168.008,169.2911,148916,2021-04-19 04:00:00
659,168.68,166.7345,52460640,169.1495,165.8,166.9848,143655,2021-04-20 04:00:00
660,165.8,168.101,44218900,168.143,165.1903,167.21,121428,2021-04-21 04:00:00
661,168.584,165.452,51539000,168.6435,165.0725,166.7387,141914,2021-04-22 04:00:00
662,165.955,167.044,63932240,168.75,165.425,167.2841,136899,2021-04-23 04:00:00
663,167.4,170.45,97614160,171.4225,166.547,169.5083,229396,2021-04-26 04:00:00
664,172.1735,170.8715,76542800,173,169.9005,171.2334,182726,2021-04-27 04:00:00
665,171.74,172.925,92637680,174.494,171.25,173.384,220336,2021-04-28 04:00:00
666,175.2549,173.5655,153647620,175.7223,171.75,175.3246,377685,2021-04-29 04:00:00
667,176.256,173.371,139402000,177.7,173.125,175.3274,314972,2021-04-30 04:00:00
668,174.2365,169.3245,116310600,174.3323,168.6351,170.8723,270975,2021-05-03 04:00:00
669,167.8095,165.5935,108716980,168.3988,163.6065,165.5132,282615,2021-05-04 04:00:00
670,166.9428,163.527,74226160,167.7348,163.218,165.088,202539,2021-05-05 04:00:00
671,163.5,165.3185,88953920,165.72,162.36,164.2884,196856,2021-05-06 04:00:00
672,165.9545,164.5805,94205520,166.5445,164.4535,165.3311,200632,2021-05-07 04:00:00
673,164.116,159.5245,116572060,164.15,159.5,160.9544,270467,2021-05-10 04:00:00
674,156.814,161.1955,92395620,161.9,156.3685,159.8018,228010,2021-05-11 04:00:00
675,159.25,157.597,98728200,160.397,156.655,158.0675,236517,2021-05-12 04:00:00
676,159.2735,158.0735,67137540,160.192,156.65,158.1955,186979,2021-05-13 04:00:00
677,159.278,161.145,66500440,161.443,159.15,160.6725,149373,2021-05-14 04:00:00
678,162.2965,163.5195,74478500,164.6375,161.7295,163.2724,174135,2021-05-17 04:00:00
679,164.6288,161.614,56567820,165.6,161.5185,163.7378,152928,2021-05-18 04:00:00
680,159.75,161.59,53582160,161.7375,159.2,160.744,148480,2021-05-19 04:00:00
681,162.2202,162.384,52663840,162.984,161.809,162.3593,126849,2021-05-20 04:00:00
682,162.5,160.154,82097640,162.8347,159.8505,160.7127,173247,2021-05-21 04:00:00
683,160.775,162.2495,48256260,162.8975,160.525,162.1822,123767,2021-05-24 04:00:00
684,163.3335,162.9525,65222180,163.991,160.688,162.4488,158872,2021-05-25 04:00:00
685,163.7295,163.258,47679720,164.7865,162.9255,163.6536,138708,2021-05-26 04:00:00
686,162.8,161.5055,51223140,163.0178,161.502,162.1766,137881,2021-05-27 04:00:00
687,162.1,161.1535,46630180,162.3995,160.985,161.6697,127454,2021-05-28 04:00:00
688,162.1748,160.9325,48600900,162.549,160.453,161.2615,125695,2021-06-01 04:00:00
689,161.155,161.6995,40290480,161.75,160.4,161.1926,122805,2021-06-02 04:00:00
690,160.2115,159.3505,47941360,160.7218,159.2015,159.7982,152143,2021-06-03 04:00:00
691,160.6,160.311,44994980,161.05,159.9405,160.4755,123003,2021-06-04 04:00:00
692,159.8665,159.9005,44315120,160.4,158.61,159.6788,140751,2021-06-07 04:00:00
693,161.1305,163.2055,68334600,163.9766,160.9005,162.7673,167031,2021-06-08 04:00:00
694,163.6435,164.0575,49110600,164.879,163.535,164.2962,137740,2021-06-09 04:00:00
695,164.1005,167.4825,69452600,167.55,164.0575,166.3699,169736,2021-06-10 04:00:00
696,167.4825,167.3415,54347040,168.329,166.6725,167.3912,148937,2021-06-11 04:00:00
697,167.3415,169.1935,51093100,169.25,166.775,168.5182,117442,2021-06-14 04:00:00
698,169.2,169.1565,48524000,169.8493,168.1555,168.9475,117989,2021-06-15 04:00:00
699,169.6,170.7625,84055640,171.3175,168.0265,170.1084,188631,2021-06-16 04:00:00
700,170.159,174.462,102646620,174.86,170.05,173.1412,222699,2021-06-17 04:00:00
701,173.9995,174.345,104954740,175.35,173.6855,174.5387,201606,2021-06-18 04:00:00
702,173.821,172.698,65417800,174.1,171.7,172.9858,165091,2021-06-21 04:00:00
703,172.903,175.272,66901640,176.189,172.8045,175.0075,163606,2021-06-22 04:00:00
704,175.25,175.191,54266820,176.05,174.16,175.0825,138412,2021-06-23 04:00:00
705,175.382,172.454,76639980,176.243,171.5425,173.6265,202080,2021-06-24 04:00:00
706,173.2,170.073,78717340,173.241,169.709,170.4563,187863,2021-06-25 04:00:00
707,170.8,172.1945,44755860,172.4,170.6755,171.713,123709,2021-06-28 04:00:00
708,171.941,172.407,41968780,172.8015,171.1515,172.1572,107940,2021-06-29 04:00:00
709,172.053,172.008,48019840,173.5801,171.75,172.6486,112791,2021-06-30 04:00:00
710,171.7305,171.6485,40741060,172.85,170.471,171.5707,112681,2021-07-01 04:00:00
711,172.582,175.549,63511140,175.586,171.846,174.053,149295,2021-07-02 04:00:00
712,176.5055,183.787,134865360,184.274,176.45,181.6817,370654,2021-07-06 04:00:00
713,185.8689,184.829,105461240,186.71,183.9455,185.293,269133,2021-07-07 04:00:00
714,182.178,186.5705,103576260,187.9993,181.056,185.0086,264135,2021-07-08 04:00:00
715,186.126,185.967,74861740,187.4,184.6698,186.0788,185464,2021-07-09 04:00:00
716,187.2,185.9275,51432700,187.8645,184.8396,185.9623,141488,2021-07-12 04:00:00
717,185.105,183.868,76918340,188.6539,183.566,186.1382,190514,2021-07-13 04:00:00
718,185.4425,184.084,65131360,185.883,183.0413,184.6584,156692,2021-07-14 04:00:00
719,184.71,181.56,63659840,184.77,181.046,182.2991,180273,2021-07-15 04:00:00
720,181.6655,178.6815,80820120,182.303,178.5228,179.5407,186260,2021-07-16 04:00:00
721,176.629,177.4795,75691900,177.5105,174.958,176.4777,206647,2021-07-19 04:00:00
722,178.366,178.6595,64813600,179.6,175.9,178.2029,161280,2021-07-20 04:00:00
723,178.8188,179.26,46053780,179.3225,177.1821,178.4749,126313,2021-07-21 04:00:00
724,179.3615,181.9015,65307040,182.001,179.1135,181.2191,134363,2021-07-22 04:00:00
725,182,182.832,48525840,183.3055,181.102,182.5769,124047,2021-07-23 04:00:00
726,183.6585,184.991,57301360,185.604,182.3625,184.662,141928,2021-07-26 04:00:00
727,184.925,181.3195,82637800,184.925,179.3075,181.2193,215885,2021-07-27 04:00:00
728,181.689,181.516,59987560,182.921,180.05,181.5244,153230,2021-07-28 04:00:00
729,181.3875,179.996,110399040,181.8975,179.0005,176.081,346725,2021-07-29 04:00:00
730,167.3975,166.3795,199281260,168.407,165.349,167.0935,625283,2021-07-30 04:00:00
731,167.655,166.574,66886300,167.946,165.85,166.6949,251829,2021-08-02 04:00:00
732,167.036,168.312,82546860,169.55,164.9885,167.369,246723,2021-08-03 04:00:00
733,168.9675,167.736,43678900,169.444,167.278,168.05,145439,2021-08-04 04:00:00
734,167.811,168.7995,47070060,169.45,167.046,168.6823,137950,2021-08-05 04:00:00
735,168.75,167.247,52752880,168.75,166.4519,167.2461,156593,2021-08-06 04:00:00
736,167.1805,167.0935,42869400,167.744,166.426,167.0371,122067,2021-08-09 04:00:00
737,167.2505,166.034,47801020,167.9,165.75,166.41,140754,2021-08-10 04:00:00
738,166.5723,164.6055,58944980,166.885,163.8895,164.9127,194165,2021-08-11 04:00:00
739,164.5,165.175,46426460,165.7255,163.4835,164.8028,137475,2021-08-12 04:00:00
740,165.2835,164.6985,41133980,165.3033,164.15,164.5635,122198,2021-08-13 04:00:00
741,164.15,164.9495,66569880,165,160.5565,162.9489,207711,2021-08-16 04:00:00
742,163.875,162.098,67758440,164.0245,161.284,162.4084,187346,2021-08-17 04:00:00
743,162.0995,160.061,54386220,162.7049,160,161.1119,173523,2021-08-18 04:00:00
744,159.701,159.3875,74457240,161.65,159.1232,160.2433,191232,2021-08-19 04:00:00
745,160.1936,159.9975,66298560,160.3905,158.788,159.5245,192109,2021-08-20 04:00:00
746,160.595,163.2935,65362620,164.045,160.5003,162.8822,161928,2021-08-23 04:00:00
747,164,165.289,51036820,165.7747,163.729,164.9904,146849,2021-08-24 04:00:00
748,165.4935,164.959,33606120,166.05,164.3075,164.9358,116100,2021-08-25 04:00:00
749,164.95,165.8,41375220,166.6,164.8,165.7957,118469,2021-08-26 04:00:00
750,166.6615,167.4815,48047380,167.616,165.6875,166.8539,129092,2021-08-27 04:00:00
751,167.8713,171.0785,63807080,172.25,167.761,170.8547,191516,2021-08-30 04:00:00
752,171.24,173.5395,87032680,173.629,169.7795,172.574,170893,2021-08-31 04:00:00
753,174.8198,173.95,72598220,176.35,173.762,175.2179,209047,2021-09-01 04:00:00
754,174.738,173.156,58511880,175.598,172.75,174.1302,149245,2021-09-02 04:00:00
755,172.6,173.9025,51566480,174.1335,171.822,172.9721,137592,2021-09-03 04:00:00
756,173.9,175.4645,55517880,176.4045,173.847,175.519,158497,2021-09-07 04:00:00
757,175.5825,176.275,61015280,177.2815,174.7835,176.0333,155684,2021-09-08 04:00:00
758,176.301,174.208,54384820,177.4995,174.0185,175.6455,145322,2021-09-09 04:00:00
759,175.0915,173.4575,47945380,175.4225,173.1453,174.2193,128258,2021-09-10 04:00:00
760,174.14,172.8585,52148940,174.898,171.9,173.1211,136815,2021-09-13 04:00:00
761,173.7775,172.5,39968560,174.3403,171.8855,172.9276,116508,2021-09-14 04:00:00
762,172.126,173.7895,60278980,174.271,170.1005,172.2448,159903,2021-09-15 04:00:00
763,172.998,174.412,51671960,174.6275,172.3072,173.6599,120734,2021-09-16 04:00:00
764,174.4207,173.126,92331120,174.8705,172.6065,173.5478,139489,2021-09-17 04:00:00
765,169.8,167.7865,93143900,170.95,165.2505,167.6868,262425,2021-09-20 04:00:00
766,168.75,167.1815,55617560,168.985,166.6195,167.7418,150505,2021-09-21 04:00:00
767,167.55,169.0025,48228060,169.45,167.0525,168.5281,130357,2021-09-22 04:00:00
768,169.0025,170.8,47588280,171.448,169.0025,170.5604,122088,2021-09-23 04:00:00
769,170.1005,171.276,42324820,171.463,169.67,170.4508,108988,2021-09-24 04:00:00
770,168.575,170.29,72661000,170.7785,166.9805,168.778,175620,2021-09-27 04:00:00
771,167.8855,165.798,88579580,168.4595,164.505,165.9885,230556,2021-09-28 04:00:00
772,166.1055,165.056,51245360,167.565,164.8935,166.0126,137607,2021-09-29 04:00:00
773,165.8,164.252,57912940,166.3925,163.6995,164.9356,146891,2021-09-30 04:00:00
774,164.4505,164.163,56712340,165.4587,162.797,163.9069,155929,2021-10-01 04:00:00
775,163.9695,159.489,90461140,163.9995,158.8125,160.0319,284936,2021-10-04 04:00:00
776,160.225,161.05,65382160,163.0365,160.1232,161.7806,156917,2021-10-05 04:00:00
777,160.6765,163.1005,50659540,163.217,159.931,162.0044,141936,2021-10-06 04:00:00
778,164.577,165.1215,48181500,166.2873,164.153,165.5614,140135,2021-10-07 04:00:00
779,165.85,164.431,40646660,166.0715,164.41,165.1205,119976,2021-10-08 04:00:00
780,163.75,162.315,40684060,164.6295,161.905,163.1601,138871,2021-10-11 04:00:00
781,162.85,162.3665,36391420,163.3764,161.814,162.5296,113786,2021-10-12 04:00:00
782,163.4855,164.214,48501720,164.419,163.0544,163.8813,116775,2021-10-13 04:00:00
783,165.1227,164.993,42222400,165.63,164.539,165.1534,114482,2021-10-14 04:00:00
784,165.571,170.451,101074820,170.521,165.2,168.651,219397,2021-10-15 04:00:00
785,169.4179,172.337,63230300,172.4585,169.255,171.2257,180494,2021-10-18 04:00:00
786,171.7145,172.2075,47721580,172.7345,171.1,171.9371,136588,2021-10-19 04:00:00
787,172.633,170.753,42389540,173.143,170.0185,171.3241,131851,2021-10-20 04:00:00
788,170.7125,171.7505,37627700,172.014,170.15,171.459,118851,2021-10-21 04:00:00
789,171.05,166.7775,62581060,171.492,166.565,168.1678,191587,2021-10-22 04:00:00
790,166.75,166.0185,44519120,167.39,164.885,165.9567,165077,2021-10-25 04:00:00
791,167.4755,168.8035,53366840,170.806,167.199,169.2961,166253,2021-10-26 04:00:00
792,169.4,169.6245,54044480,171.85,168.5727,170.0827,166769,2021-10-27 04:00:00
793,170.1048,172.3285,114174660,173.95,169.3,170.8382,302600,2021-10-28 04:00:00
794,165.001,168.6215,129721540,168.741,163.666,166.6494,340476,2021-10-29 04:00:00
795,168.09,165.9055,72177580,168.793,164.601,166.2482,232568,2021-11-01 04:00:00
796,165.7505,165.6375,52551800,166.5558,164.1775,165.2067,168205,2021-11-02 04:00:00
797,165.45,169.2,67943780,169.746,164.876,167.5606,189953,2021-11-03 04:00:00
798,168.5,173.85,107050400,174.9313,168.25,172.9525,266929,2021-11-04 04:00:00
799,173.85,175.9495,99839020,178.3125,173.849,176.4941,248626,2021-11-05 04:00:00
800,176.162,174.449,61479840,178.95,174.393,175.9657,194048,2021-11-08 05:00:00
801,175.7625,178.8115,85898440,179.6885,175.0713,177.8186,232272,2021-11-09 05:00:00
802,178.1935,174.1025,80547380,180.2725,173.1545,176.976,236741,2021-11-10 05:00:00
803,175.65,173.625,44888120,177.162,173.3735,175.0853,139744,2021-11-11 05:00:00
804,174.25,176.2575,53604680,177.0363,172.3525,175.4115,150660,2021-11-12 05:00:00
805,176.85,177.284,57594380,179.694,176.2905,177.5989,160900,2021-11-15 05:00:00
806,176.95,177.035,44341420,178.825,176.2573,177.3643,128414,2021-11-16 05:00:00
807,178.236,177.45,50868600,179.3623,177.2675,178.2573,149754,2021-11-17 05:00:00
808,178.3175,184.803,114070760,185.21,178.05,182.6477,294574,2021-11-18 05:00:00
809,185.6345,183.8285,98734060,188.1073,183.786,186.0351,255853,2021-11-19 05:00:00
810,183.8188,178.6285,96885600,185.6728,178.375,180.712,278622,2021-11-22 05:00:00
811,179.252,179.002,73584920,181.0525,176.3855,178.4609,179284,2021-11-23 05:00:00
812,178.1335,179.0205,46560360,180.682,176.8425,178.8543,141672,2021-11-24 05:00:00
813,180.1048,175.228,59825940,181.675,175.2075,177.3054,172840,2021-11-26 05:00:00
814,177.3822,178.0785,65309040,179.8,176.575,178.4763,176753,2021-11-29 05:00:00
815,178.175,175.3535,80022140,179.2885,174.6005,176.1701,214429,2021-11-30 05:00:00
816,177.25,172.186,75139900,177.994,172.08,175.1166,209917,2021-12-01 05:00:00
817,173,171.868,64721160,174.635,171.1875,172.4526,179464,2021-12-02 05:00:00
818,172.75,169.4895,80711000,173.4933,166.93,169.2775,240106,2021-12-03 05:00:00
819,169.65,171.3685,68860000,173.6955,166.9345,170.9361,198991,2021-12-06 05:00:00
820,174.6,176.1645,66410720,177.4995,173.3345,175.9664,175765,2021-12-07 05:00:00
821,176.1505,176.158,45253660,177.18,174.7505,175.9139,135192,2021-12-08 05:00:00
822,175.75,174.171,46061820,176.9695,174.1395,175.0074,130880,2021-12-09 05:00:00
823,175.417,172.212,60568120,175.927,170.5,172.0472,171862,2021-12-10 05:00:00
824,172,169.5675,50127500,172.1,169.13,170.1467,175947,2021-12-13 05:00:00
825,167.55,169.0915,55975280,169.499,166.44,167.9661,170610,2021-12-14 05:00:00
826,168.598,173.315,75794260,173.6,165.195,169.1377,222566,2021-12-15 05:00:00
827,173.3686,168.871,60876840,174.166,168.1603,170.2812,179072,2021-12-16 05:00:00
828,167.7105,170.0175,85397160,170.8985,165.6136,169.1449,168582,2021-12-17 05:00:00
829,166.85,167.079,57372660,167.8743,165.6,166.7711,193163,2021-12-20 05:00:00
830,167.8505,170.417,55955820,170.7165,165.6475,168.7409,187166,2021-12-21 05:00:00
831,169.2698,171.037,55035460,172.05,168.5005,170.5325,158595,2021-12-22 05:00:00
832,170.428,171.0685,36761340,171.975,170.15,171.2011,120595,2021-12-23 05:00:00
833,171.037,169.6695,58846820,172.943,169.2155,170.4815,198803,2021-12-27 05:00:00
834,170.1825,170.661,54672560,172.1759,169.1355,170.7623,161457,2021-12-28 05:00:00
835,170.84,169.201,35754040,171.212,168.6005,169.3769,131064,2021-12-29 05:00:00
836,169.7,168.6445,37583100,170.888,168.524,169.6832,128162,2021-12-30 05:00:00
837,168.956,166.717,47830380,169.35,166.5585,167.5012,140700,2021-12-31 05:00:00
838,167.55,170.4045,63869140,170.7035,166.1605,169.4552,187695,2022-01-03 05:00:00
839,170.438,167.522,70725160,171.4,166.3495,167.9275,216278,2022-01-04 05:00:00
840,166.883,164.357,64302720,167.1263,164.357,165.6015,209498,2022-01-05 05:00:00
841,163.4505,163.254,51957780,164.8,161.9372,163.4032,187655,2022-01-06 05:00:00
842,163.839,162.554,46605900,165.2433,162.031,162.9975,156965,2022-01-07 05:00:00
843,160.5855,161.486,87798300,161.6615,156.3045,159.0496,288179,2022-01-10 05:00:00
844,161.5,165.362,62805580,166.35,160.7015,164.4229,170129,2022-01-11 05:00:00
845,166.575,165.207,50024800,166.878,164.417,165.5409,138220,2022-01-12 05:00:00
846,165.2505,161.214,52188300,166.2215,161.091,162.8262,162678,2022-01-13 05:00:00
847,160.15,162.138,45974860,162.25,159.8005,161.1671,150936,2022-01-14 05:00:00
848,159.105,158.9175,67441440,159.7345,157.6645,158.6915,220225,2022-01-18 05:00:00
849,158.762,156.299,53241920,159.25,156.25,157.5749,181587,2022-01-19 05:00:00
850,156.766,151.6675,71929120,158,151.351,154.7816,243968,2022-01-20 05:00:00
851,149.95,142.643,163347020,150.9,142.0704,145.7674,494299,2022-01-21 05:00:00
852,139,144.544,156042440,144.945,135.352,140.4399,453072,2022-01-24 05:00:00
853,142.2425,139.986,90731780,143.6,138.145,140.2871,273095,2022-01-25 05:00:00
854,144.75,138.8725,95595300,145.1848,137.3185,140.9595,288707,2022-01-26 05:00:00
855,140.8,139.6375,77515800,144.2435,139.35,141.2653,229025,2022-01-27 05:00:00
856,140.8605,143.978,74364980,143.998,137.9293,141.1229,219508,2022-01-28 05:00:00
857,144.75,149.5735,78243440,150.3605,144.3005,147.9346,235928,2022-01-31 05:00:00
858,150,151.1935,59188340,151.708,147.6277,150.1769,194880,2022-02-01 05:00:00
859,155.0504,150.6125,87028100,155.075,148.8636,150.9222,259401,2022-02-02 05:00:00
860,141.7375,138.8455,225223760,144.2475,138.333,145.183,689522,2022-02-03 05:00:00
861,155.6065,157.6395,253424860,161.2,150.608,156.8056,594972,2022-02-04 05:00:00
862,158.52,157.9355,102601180,162.6908,157.25,159.8042,271384,2022-02-07 05:00:00
863,156.7505,161.4135,76019000,161.7925,155.5505,159.3047,200679,2022-02-08 05:00:00
864,162.8735,161.1895,68785600,163.8345,160.25,161.6946,192966,2022-02-09 05:00:00
865,158.35,159.0035,68238920,160.7165,157.75,159.2708,184543,2022-02-10 05:00:00
866,158.1345,153.2935,77100440,159,152.7338,155.0777,212986,2022-02-11 05:00:00
867,151.751,155.167,83187500,158.4483,151.65,155.6056,226397,2022-02-14 05:00:00
868,157.6055,156.5105,55470660,158.007,154.6375,156.2902,152636,2022-02-15 05:00:00
869,155.7905,158.1005,52704280,158.834,154.7345,157.1798,142445,2022-02-16 05:00:00
870,158.146,154.6525,63332500,160.3488,154.5,157.007,176531,2022-02-17 05:00:00
871,155.4995,152.6015,62584100,155.4995,150.893,152.8469,181911,2022-02-18 05:00:00
872,150.4785,150.1975,66115440,152.9825,148.4855,150.5366,207596,2022-02-22 05:00:00
873,151.6505,144.827,64243560,151.763,144.651,147.2916,193208,2022-02-23 05:00:00
874,139.8375,151.358,100724460,151.749,139.5,146.6162,293521,2022-02-24 05:00:00
875,150.55,153.7885,62395360,153.99,149.2135,152.3709,170754,2022-02-25 05:00:00
876,152.425,153.563,57683420,154.45,150.85,152.6971,163660,2022-02-28 05:00:00
877,152.7325,151.142,44873580,154.099,149.977,151.9461,140282,2022-03-01 05:00:00
878,150.849,152.0525,47334720,152.9995,148.75,151.4391,143143,2022-03-02 05:00:00
879,153.5315,147.8985,65197200,153.929,146.856,149.3732,175602,2022-03-03 05:00:00
880,147.159,145.641,60983120,147.85,143.807,145.3041,184545,2022-03-04 05:00:00
881,145.4435,137.453,86933860,146.0945,137.4165,139.862,295196,2022-03-07 05:00:00
882,136.6835,136.0145,91661580,140.6995,133.5725,136.7795,271653,2022-03-08 05:00:00
883,139.5,139.279,82644660,140.25,136.828,141.0772,242960,2022-03-09 05:00:00
884,145.685,146.8175,135062900,148.6743,143.978,146.5278,452547,2022-03-10 05:00:00
885,149.5745,145.5245,68740560,149.675,145.369,147.3195,259320,2022-03-11 05:00:00
886,145.981,141.853,74086100,147.45,140.884,143.4822,246459,2022-03-14 04:00:00
887,142.85,147.3665,75134600,147.985,142,146.0056,210416,2022-03-15 04:00:00
888,148.5,153.104,80955580,153.15,147.3535,150.3555,244051,2022-03-16 04:00:00
889,152.6405,157.239,72822140,157.4985,152.14,155.3899,227124,2022-03-17 04:00:00
890,156.813,161.2505,101792760,161.594,156.011,159.3395,224781,2022-03-18 04:00:00
891,161.1208,161.4915,66537520,163.084,159.553,161.225,210045,2022-03-21 04:00:00
892,161.8055,164.889,64074720,166.167,161.699,164.7107,204044,2022-03-22 04:00:00
893,163.705,163.408,55781860,166.37,162.687,164.4133,188829,2022-03-23 04:00:00
894,163.7495,163.6495,56798060,164.1185,160.05,162.5456,188188,2022-03-24 04:00:00
895,164,164.7735,48985500,165.3685,162.25,164.0965,155205,2022-03-25 04:00:00
896,164.975,168.9905,59853820,169.0375,164.9,167.4399,209975,2022-03-28 04:00:00
897,170.384,169.315,66083600,170.8315,167.8685,169.3586,218950,2022-03-29 04:00:00
898,168.5095,166.301,56167260,168.9505,165.5,166.8931,190980,2022-03-30 04:00:00
899,166.4448,162.9975,59965780,166.495,162.9535,164.545,178393,2022-03-31 04:00:00
900,164.1495,163.56,57089500,165.827,162.3195,163.8428,190030,2022-04-01 04:00:00
901,164.125,168.3465,49990560,168.3945,163.2055,166.8326,182091,2022-04-04 04:00:00
902,167.7415,164.055,53208960,168.1105,163.266,165.1017,200700,2022-04-05 04:00:00
903,161.6505,158.756,79055760,162.2,157.2545,159.2449,288818,2022-04-06 04:00:00
904,158.4,157.7845,67986780,160.079,154.5115,157.3107,206600,2022-04-07 04:00:00
905,156.75,154.4605,46001660,157.3685,154.2308,155.5507,175210,2022-04-08 04:00:00
906,152.713,151.122,52112340,154.1365,150.5345,151.9426,191267,2022-04-11 04:00:00
907,153.6925,150.7875,55153440,155.099,150.383,152.6651,188356,2022-04-12 04:00:00
908,150.0185,155.541,53390880,156.025,149.6,153.6325,157497,2022-04-13 04:00:00
909,155.39,151.7065,51368140,155.897,151.4718,153.0282,160091,2022-04-14 04:00:00
910,151.5235,152.785,46513520,154.0395,150.2505,152.3018,152087,2022-04-18 04:00:00
911,152.0295,158.1155,54776420,158.649,151.5505,156.5129,169428,2022-04-19 04:00:00
912,157.6025,153.998,59630020,157.6025,153.6035,154.8394,192621,2022-04-20 04:00:00
913,154.714,148.296,63894220,156.738,147.5895,151.0125,241810,2022-04-21 04:00:00
914,148.25,144.35,73066260,149.615,143.6975,146.0176,268369,2022-04-22 04:00:00
915,144.023,146.074,61859860,146.2215,142.3065,144.3677,214446,2022-04-25 04:00:00
916,144.8,139.391,77488460,144.8558,138.9295,140.5281,290592,2022-04-26 04:00:00
917,140.1915,138.167,71336300,141.9485,135.7835,139.0104,244990,2022-04-27 04:00:00
918,142.178,144.5965,117242140,145.9375,140.3,139.2165,397332,2022-04-28 04:00:00
919,129.849,124.2815,272145720,130.761,121.625,125.7814,973871,2022-04-29 04:00:00
920,122.401,124.5,148121480,124.6683,118.375,121.5775,436831,2022-05-02 04:00:00
921,124.0535,124.2535,78903360,126.2205,122.825,124.3425,252666,2022-05-03 04:00:00
922,123.6,125.9285,110622560,126,119.183,122.4663,322959,2022-05-04 04:00:00
923,123,116.407,144191220,123.499,115.0725,117.5274,477797,2022-05-05 04:00:00
924,114.85,114.7725,122965900,119.0505,113.0813,115.2658,354216,2022-05-06 04:00:00
925,111.3125,108.789,128124120,114,107.957,110.5501,397407,2022-05-09 04:00:00
926,111.25,108.859,105283820,112.6425,107.171,109.4087,311580,2022-05-10 04:00:00
927,108.1035,105.372,109149640,110.156,104.4285,106.8137,318471,2022-05-11 04:00:00
928,102.75,106.9305,131920140,110.7808,102.4055,106.4684,360238,2022-05-12 04:00:00
929,109.069,113.055,93642560,113.184,107.8,111.3962,262180,2022-05-13 04:00:00
930,113.1,110.8105,73565740,113.9925,110.3541,111.6159,203744,2022-05-16 04:00:00
931,113.275,115.3685,75184960,115.8,111.2765,113.5596,206135,2022-05-17 04:00:00
932,111.4395,107.1125,108379180,112.853,106.2488,108.9392,321103,2022-05-18 04:00:00
933,106.2805,107.319,88142540,110.034,106.1929,108.1426,231400,2022-05-19 04:00:00
934,109.5685,107.591,98500640,109.898,105.0093,107.2934,240569,2022-05-20 04:00:00
935,108.461,107.557,107507360,108.8188,103.95,106.2543,280951,2022-05-23 04:00:00
936,104.025,104.1,102934680,105.4,101.26,103.5373,288720,2022-05-24 04:00:00
937,103.6555,106.775,93120100,108.175,103.65,106.4847,215728,2022-05-25 04:00:00
938,107.97,111.0775,92522600,112.6655,107.4535,110.8901,240811,2022-05-26 04:00:00
939,113.55,115.1465,94660360,115.187,112.628,113.9318,257472,2022-05-27 04:00:00
940,116.28,120.2095,144634160,121.9945,115.675,119.2054,354844,2022-05-31 04:00:00
941,122.256,121.684,127528980,125.179,120.6223,122.6519,350147,2022-06-01 04:00:00
942,121.684,125.511,100560680,125.61,120.045,123.4139,285780,2022-06-02 04:00:00
943,124.2,122.35,97203320,124.4,121.0465,122.626,320769,2022-06-03 04:00:00
944,125.245,124.79,135269024,128.99,123.81,125.9399,1740186,2022-06-06 04:00:00
945,122.005,123,85156712,124.1,120.63,122.312,856013,2022-06-07 04:00:00
946,122.61,121.18,64926594,123.75,120.75,121.9755,599425,2022-06-08 04:00:00
947,119.99,116.15,66997342,121.3,116.1,118.8313,650556,2022-06-09 04:00:00
948,113.415,109.65,87390505,114.5,109.05,110.4847,882204,2022-06-10 04:00:00
949,104.19,103.67,99277742,106.54,101.86,103.9449,872871,2022-06-13 04:00:00
950,104.19,102.31,69728761,104.88,101.43,103.0364,628765,2022-06-14 04:00:00
951,103.86,107.67,85011060,109.06,103.53,106.2456,692699,2022-06-15 04:00:00
952,104.47,103.66,82179528,104.58,102.01,103.3755,749458,2022-06-16 04:00:00
953,102.8,106.22,99772147,106.98,102.51,105.5228,624544,2022-06-17 04:00:00
954,108.2,108.68,70880245,111.6299,103.56,109.3276,618103,2022-06-21 04:00:00
955,107.43,108.95,60040131,112.13,107.02,109.6782,523959,2022-06-22 04:00:00
956,110.39,112.44,64339720,113,107.93,110.8645,558149,2022-06-23 04:00:00
957,112.38,116.46,69867618,116.71,111.43,115.0341,607496,2022-06-24 04:00:00
958,117.09,113.22,62118440,117.98,112.7,114.2036,579709,2022-06-27 04:00:00
959,113.5,107.4,75166660,114.85,107.04,109.4793,762526,2022-06-28 04:00:00
960,107.38,108.92,66361851,110.99,106.91,109.1282,601680,2022-06-29 04:00:00
961,108.11,106.21,97679401,108.18,102.52,105.6174,879806,2022-06-30 04:00:00
962,106.29,109.56,73021171,109.75,105.8469,108.2573,696805,2022-07-01 04:00:00
963,107.6,113.5,76684414,114.08,106.3242,111.5616,692964,2022-07-05 04:00:00
964,113.21,114.33,66958884,115.48,112.01,113.8468,594759,2022-07-06 04:00:00
965,113.85,116.33,57872323,116.99,113.49,115.5833,544626,2022-07-07 04:00:00
966,114.6,115.54,45719694,116.58,113.69,115.3672,409929,2022-07-08 04:00:00
967,114.08,111.75,53535519,114.3,110.87,112.3426,515646,2022-07-11 04:00:00
968,112.16,109.22,54280257,113.23,108.34,110.1722,574378,2022-07-12 04:00:00
969,107.03,110.4,61344812,111.78,106.01,109.9975,624220,2022-07-13 04:00:00
970,110.24,110.63,51163140,111.18,107.58,109.4,529093,2022-07-14 04:00:00
971,112.5,113.55,84317816,115.59,111.59,113.813,657502,2022-07-15 04:00:00
972,115,113.76,58115419,117.24,113.15,115.3239,533262,2022-07-18 04:00:00
973,115.7,118.21,60990043,118.95,114.03,116.97,529067,2022-07-19 04:00:00
974,118.615,122.77,71268322,123.475,118.32,121.8831,628082,2022-07-20 04:00:00
975,123.2,124.63,60239892,124.85,121.26,123.4436,540811,2022-07-21 04:00:00
976,125.01,122.42,51457656,125.5,121.3504,123.1489,481496,2022-07-22 04:00:00
977,122.695,121.14,50221259,123.64,120.03,121.2749,493826,2022-07-25 04:00:00
978,115.79,114.81,66575064,118.15,114.53,115.8692,587417,2022-07-26 04:00:00
979,117.31,120.97,61582015,121.9,117.16,119.6463,552690,2022-07-27 04:00:00
980,121.57,122.28,82233543,122.84,118.08,125.0867,741399,2022-07-28 04:00:00
981,134.9,134.95,148279421,137.65,132.41,135.9208,1156951,2022-07-29 04:00:00
982,134.96,135.39,76830108,138.8339,133.51,136.3905,706776,2022-08-01 04:00:00
983,134.72,134.16,61922429,137.44,134.09,135.47,554084,2022-08-02 04:00:00
984,136.21,139.52,71827780,140.49,136.05,138.9088,622396,2022-08-03 04:00:00
985,140.58,142.57,70544220,143.56,139.55,141.8862,624572,2022-08-04 04:00:00
986,140.1,140.8,50597336,142.86,139.6,140.8713,488737,2022-08-05 04:00:00
987,142.05,139.41,52303475,144.23,138.29,140.8102,539697,2022-08-08 04:00:00
988,138.052,137.83,40434715,138.9523,136.21,137.5259,414878,2022-08-09 04:00:00
989,142.9,142.69,54773819,144.6,141.01,142.4663,520059,2022-08-10 04:00:00
990,143.86,140.64,44867336,144.49,139.76,141.9596,462722,2022-08-11 04:00:00
991,142.05,143.55,47625184,143.57,140.1201,141.9597,431804,2022-08-12 04:00:00
992,142.8,143.18,39014583,143.76,141.49,142.725,449136,2022-08-15 04:00:00
993,143.905,144.78,59102859,146.57,142,144.2807,573566,2022-08-16 04:00:00
994,142.69,142.1,48149778,143.38,140.78,142.0317,497832,2022-08-17 04:00:00
995,141.32,142.3,37458737,142.77,140.38,141.974,408739,2022-08-18 04:00:00
996,140.47,138.23,47792843,141.11,137.9142,138.8431,482372,2022-08-19 04:00:00
997,135.72,133.22,50461504,136.32,132.85,133.8005,563053,2022-08-22 04:00:00
998,133.41,133.62,36238603,134.99,132.95,133.9376,411991,2022-08-23 04:00:00
999,132.75,133.8,38626978,135.47,132.1,133.9873,396697,2022-08-24 04:00:00
1000,135.26,137.28,37470633,137.42,134.28,136.2528,399626,2022-08-25 04:00:00
1001,136.55,130.75,53322663,137.83,130.5,132.908,576724,2022-08-26 04:00:00
1002,129.9,129.79,48101638,131.9499,128.77,130.2288,555265,2022-08-29 04:00:00
1003,131.25,128.73,49202990,132.0745,126.85,128.5177,535584,2022-08-30 04:00:00
1004,129.45,126.77,53648702,130.59,126.74,127.9242,504228,2022-08-31 04:00:00
1005,126,127.82,56636145,128.02,123.66,125.8649,571470,2022-09-01 04:00:00
1006,129.5,127.51,57429829,131.38,126.39,128.735,545279,2022-09-02 04:00:00
1007,127.92,126.11,43888587,128.62,124.74,126.2752,511678,2022-09-06 04:00:00
1008,126.12,129.48,47834487,129.82,125.4,128.1536,411435,2022-09-07 04:00:00
1009,127.72,129.82,43957909,130.28,127.1,128.8857,401127,2022-09-08 04:00:00
1010,130.91,133.27,49422259,133.69,130.76,132.4594,436563,2022-09-09 04:00:00
1011,134.095,136.45,53826859,136.49,134,135.6926,505064,2022-09-12 04:00:00
1012,131.01,126.82,72685970,131.4,126.27,128.679,688291,2022-09-13 04:00:00
1013,127.364,128.55,45270372,128.84,126.33,127.7555,487615,2022-09-14 04:00:00
1014,127.38,126.28,52761196,130.37,125.495,127.2969,549345,2022-09-15 04:00:00
1015,122.78,123.53,115067804,123.87,120.7,122.754,789757,2022-09-16 04:00:00
1016,122.16,124.66,47279727,124.71,121.8,123.7826,448967,2022-09-19 04:00:00
1017,123.35,122.19,47698432,124.3963,121.14,122.7821,474180,2022-09-20 04:00:00
1018,122.49,118.54,58491687,123.76,118.45,120.996,570477,2022-09-21 04:00:00
1019,117.08,117.31,55229190,118.79,116.26,117.2526,581894,2022-09-22 04:00:00
1020,116,113.78,65126665,116.05,112.06,113.9603,668706,2022-09-23 04:00:00
1021,113.295,115.15,62723268,117.34,113.13,115.5794,637547,2022-09-26 04:00:00
1022,117.195,114.41,60049093,118.32,113.05,115.1425,570325,2022-09-27 04:00:00
1023,114.38,118.01,55763750,118.7,113.8,116.742,519756,2022-09-28 04:00:00
1024,115.6,114.8,58469714,116.07,113.06,114.4762,532322,2022-09-29 04:00:00
1025,114.075,113,59479586,116.92,112.84,114.4292,542095,2022-09-30 04:00:00
1026,113.58,115.88,50861854,116.91,112.45,115.1191,483031,2022-10-03 04:00:00
1027,119.89,121.09,62812564,123,119.79,121.4554,592081,2022-10-04 04:00:00
1028,118.58,120.95,48206285,121.75,117.69,119.8443,468866,2022-10-05 04:00:00
1029,120.77,120.3,42253755,121.53,119.5,120.5259,401176,2022-10-06 04:00:00
1030,118,114.56,54550480,118.17,113.88,115.361,520418,2022-10-07 04:00:00
1031,115.1,113.67,42339675,116.25,112.43,114.0944,479742,2022-10-10 04:00:00
1032,112.71,112.21,56432233,115.48,110.39,112.646,553686,2022-10-11 04:00:00
1033,112.49,112.9,45728660,113.83,111.4,112.7516,433707,2022-10-12 04:00:00
1034,107.88,112.53,86621449,113.44,105.345,110.1859,841708,2022-10-13 04:00:00
1035,114.1,106.9,67737344,114.96,106.6,109.2313,677312,2022-10-14 04:00:00
1036,110.11,113.79,62775235,114.19,110.09,112.8903,592054,2022-10-17 04:00:00
1037,119.06,116.36,65107448,119.52,114.79,116.5121,539445,2022-10-18 04:00:00
1038,114.71,115.07,47198122,116.5932,113.22,114.8511,435997,2022-10-19 04:00:00
1039,113.83,115.25,48762204,118.24,113.51,116.1986,444457,2022-10-20 04:00:00
1040,114.792,119.32,55660485,119.59,114.5,117.3135,488398,2022-10-21 04:00:00
1041,119.98,119.82,49515723,120.39,116.57,119.1007,492367,2022-10-24 04:00:00
1042,119.65,120.6,50914609,121.3152,118.95,120.1721,469716,2022-10-25 04:00:00
1043,116,115.66,69002457,119.3457,114.76,116.3567,645399,2022-10-26 04:00:00
1044,113.92,110.96,129580962,114.12,109.77,105.5936,1337216,2022-10-27 04:00:00
1045,97.905,103.41,223038298,103.96,97.66,100.7597,1866116,2022-10-28 04:00:00
1046,103.56,102.44,99248920,104.87,100.74,102.2496,755820,2022-10-31 04:00:00
1047,103.99,96.79,153370022,104.58,96.06,98.2156,1356112,2022-11-01 04:00:00
1048,97.315,92.12,135730798,97.74,92.01,94.8311,1199947,2022-11-02 04:00:00
1049,92.47,89.3,136651803,93.5,89.02,90.382,1217237,2022-11-03 04:00:00
1050,91.49,90.98,128579836,92.44,88.04,90.1098,1000081,2022-11-04 04:00:00
1051,91.95,90.53,77479228,92.1,89.04,90.1954,717300,2022-11-07 05:00:00
1052,90.79,89.98,87671870,91.72,88.23,90.2606,710063,2022-11-08 05:00:00
1053,89.47,86.14,90765821,89.48,85.87,87.0753,811927,2022-11-09 05:00:00
1054,92.935,96.63,173282812,98.69,91.65,95.5593,1275893,2022-11-10 05:00:00
1055,97.88,100.79,111558544,101.19,96.66,99.7744,865502,2022-11-11 05:00:00
1056,98.77,98.49,99533072,100.1199,97.29,98.7897,735582,2022-11-14 05:00:00
1057,103.21,98.94,111269317,103.79,97.34,100.1903,824194,2022-11-15 05:00:00
1058,96.85,97.12,87708828,98.4879,95.54,97.0423,679234,2022-11-16 05:00:00
1059,95.37,94.85,81597465,96.97,94.03,95.3654,632568,2022-11-17 05:00:00
1060,95.95,94.14,72413785,95.99,92.48,93.9287,553023,2022-11-18 05:00:00
1061,93.97,92.46,84317770,95.02,90.59,92.0876,679098,2022-11-21 05:00:00
1062,92.62,93.2,62166962,93.35,90.87,92.6175,454878,2022-11-22 05:00:00
1063,93.24,94.13,59414684,94.58,92.83,93.8426,433372,2022-11-23 05:00:00
1064,93.79,93.41,35088609,94.43,93.065,93.7731,297836,2022-11-25 05:00:00
1065,93.93,93.95,75062316,96.4,93.43,94.4403,572356,2022-11-28 05:00:00
1066,94.04,92.42,65567286,94.41,91.44,92.5691,535131,2022-11-29 05:00:00
1067,92.47,96.54,102805806,96.54,91.525,94.2545,698414,2022-11-30 05:00:00
1068,96.99,95.5,68487969,97.23,94.92,95.9432,566475,2022-12-01 05:00:00
1069,94.475,94.13,72496388,95.36,93.78,94.326,564715,2022-12-02 05:00:00
1070,93.05,91.01,71535526,94.06,90.82,91.9759,635423,2022-12-05 05:00:00
1071,90.5,88.25,75503628,91.04,87.9,88.9878,697936,2022-12-06 05:00:00
1072,88.34,88.46,68086880,89.89,87.48,88.3485,554420,2022-12-07 05:00:00
1073,89.24,90.35,73305887,90.86,87.88,89.9326,560413,2022-12-08 05:00:00
1074,88.9,89.09,67398506,90.3,88.63,89.4021,530211,2022-12-09 05:00:00
1075,89.21,90.55,61999762,90.58,87.87,89.3311,516683,2022-12-12 05:00:00
1076,95.23,92.49,100212038,96.25,90.52,93.1398,773656,2022-12-13 05:00:00
1077,92.502,91.58,70283506,93.4581,89.87,92.1202,542344,2022-12-14 05:00:00
1078,89.89,88.45,84802877,89.97,87.47,88.4099,698193,2022-12-15 05:00:00
1079,88.265,87.86,146144064,89.35,86.73,87.8097,629942,2022-12-16 05:00:00
1080,87.51,84.92,83530060,87.63,84.51,85.4789,746547,2022-12-19 05:00:00
1081,85.33,85.19,74348301,86.61,84.33,85.3938,536646,2022-12-20 05:00:00
1082,86.175,86.77,59067156,87.225,85.21,86.5524,466873,2022-12-21 05:00:00
1083,85.52,83.79,81431314,85.68,82.25,83.5866,701868,2022-12-22 05:00:00
1084,83.25,85.25,57433655,85.78,82.9344,84.5241,478256,2022-12-23 05:00:00
1085,84.97,83.04,57284035,85.35,83,83.7693,499691,2022-12-27 05:00:00
1086,82.8,81.82,58228575,83.48,81.69,82.3609,521291,2022-12-28 05:00:00
1087,82.87,84.18,54995895,84.55,82.55,83.7973,473303,2022-12-29 05:00:00
1088,83.12,84,62401194,84.05,82.47,83.186,482279,2022-12-30 05:00:00
1089,85.46,85.82,76706040,86.96,84.205,85.5452,575321,2023-01-03 05:00:00
1090,86.55,85.14,68885123,86.98,83.36,85.1301,575729,2023-01-04 05:00:00
1091,85.33,83.12,67930825,85.42,83.07,83.7788,532666,2023-01-05 05:00:00
1092,83.03,86.08,83303361,86.4,81.43,84.4954,657438,2023-01-06 05:00:00
1093,87.46,87.36,65266056,89.48,87.08,88.3985,590215,2023-01-09 05:00:00
1094,87.57,89.87,67685201,90.185,87.29,89.3736,523587,2023-01-10 05:00:00
1095,90.93,95.09,103126183,95.26,90.93,93.7151,741563,2023-01-11 05:00:00
1096,96.93,95.27,85254781,97.19,93.5,95.218,630928,2023-01-12 05:00:00
1097,94.18,98.12,85549432,98.37,94.12,96.997,619727,2023-01-13 05:00:00
1098,98.68,96.05,72755001,98.89,95.73,96.7656,600669,2023-01-17 05:00:00
1099,97.25,95.46,79532870,99.32,95.38,96.8796,581769,2023-01-18 05:00:00
1100,94.74,93.68,68915663,95.44,92.86,93.9022,502112,2023-01-19 05:00:00
1101,93.86,97.25,67141539,97.354,93.2025,95.8223,467435,2023-01-20 05:00:00
1102,97.56,97.52,76487303,97.78,95.86,97.2175,589238,2023-01-23 05:00:00
1103,96.93,96.32,66929452,98.09,96,97.0691,480419,2023-01-24 05:00:00
1104,92.56,97.18,94261570,97.24,91.52,94.5588,696993,2023-01-25 05:00:00
1105,98.235,99.22,68523557,99.49,96.92,98.522,531132,2023-01-26 05:00:00
1106,99.53,102.24,87775614,103.485,99.53,101.8376,645609,2023-01-27 05:00:00
1107,101.09,100.55,70691860,101.74,99.01,100.5827,566993,2023-01-30 05:00:00
1108,101.155,103.13,66527253,103.3484,101.14,102.5976,481184,2023-01-31 05:00:00
1109,102.53,105.15,80450121,106.24,101.24,103.7156,642368,2023-02-01 05:00:00
1110,110.245,112.91,157942363,114,108.88,111.3451,1209503,2023-02-02 05:00:00
1111,105.26,103.39,144343628,108.78,102.52,105.7858,1134293,2023-02-03 05:00:00
1112,102.925,102.18,81945199,103.9484,100.65,102.246,625158,2023-02-06 05:00:00
1113,101.17,102.11,119316301,102.41,98.08,100.2393,854814,2023-02-07 05:00:00
1114,102.04,100.05,74746154,102.6699,98.775,100.1813,548954,2023-02-08 05:00:00
1115,101.32,98.24,64568489,101.78,97.57,99.3668,560764,2023-02-09 05:00:00
1116,97.56,97.61,52733633,98.8163,96.23,97.4738,487987,2023-02-10 05:00:00
1117,97.85,99.54,52775864,99.68,96.91,98.8244,432119,2023-02-13 05:00:00
1118,98.41,99.7,56202698,100.9207,97.52,99.0512,458644,2023-02-14 05:00:00
1119,99.09,101.16,48053879,101.17,98.45,99.9413,412969,2023-02-15 05:00:00
1120,99.21,98.15,56309473,100.63,98.1,99.233,441738,2023-02-16 05:00:00
1121,97.8,97.2,60029405,97.94,95.65,96.6185,485368,2023-02-17 05:00:00
1122,95.335,94.58,56580360,95.605,94.27,94.7843,487312,2023-02-21 05:00:00
1123,95.1,95.79,59484094,97.01,94.8,95.9192,443044,2023-02-22 05:00:00
1124,96.12,95.82,48466994,96.43,93.67,95.2741,433360,2023-02-23 05:00:00
1125,93.53,93.5,57053812,94.14,92.3186,93.1529,486809,2023-02-24 05:00:00
1126,94.28,93.76,47470321,94.78,93.14,93.812,409004,2023-02-27 05:00:00
1127,93.14,94.23,43959290,94.69,92.92,93.9332,369518,2023-02-28 05:00:00
1128,93.87,92.17,52299524,94.68,91.59,92.56,449825,2023-03-01 05:00:00
1129,91.41,92.13,55563270,92.23,90.39,91.3175,456728,2023-03-02 05:00:00
1130,92.74,94.9,55741309,94.94,92.66,94.263,433448,2023-03-03 05:00:00
1131,95.19,93.75,52112355,96.545,93.74,94.9337,424111,2023-03-06 05:00:00
1132,94.06,93.55,49090268,95.09,92.78,93.8849,380920,2023-03-07 05:00:00
1133,93.6,93.92,44899128,94.165,92.18,93.3325,351441,2023-03-08 05:00:00
1134,93.68,92.25,56218705,96.21,92.18,94.1054,452985,2023-03-09 05:00:00
1135,92.67,90.73,69827490,93.57,90.245,91.6025,594321,2023-03-10 05:00:00
1136,89.97,92.43,72397053,94.02,88.12,91.9457,607384,2023-03-13 04:00:00
1137,93.83,94.88,60912674,95.07,92.71,94.1575,464479,2023-03-14 04:00:00
1138,93.22,96.2,70536792,96.67,93.07,95.1396,560234,2023-03-15 04:00:00
1139,95.75,100.04,84238058,100.99,95.61,99.3317,693378,2023-03-16 04:00:00
1140,99.79,98.95,87280992,100.66,97.455,98.9601,510343,2023-03-17 04:00:00
1141,98.41,97.71,62326911,98.48,95.7,97.0354,509445,2023-03-20 04:00:00
1142,98.14,100.61,58237275,100.845,98,99.6088,465171,2023-03-21 04:00:00
1143,100.45,98.7,57367105,102.1,98.61,100.2203,483998,2023-03-22 04:00:00
1144,100.43,98.71,57472010,101.06,97.62,99.529,469445,2023-03-23 04:00:00
1145,98.065,98.13,56138401,98.3,96.4,97.5291,419956,2023-03-24 04:00:00
1146,99.07,98.04,46704796,99.34,97.08,98.2207,382065,2023-03-27 04:00:00
1147,98.11,97.24,38720050,98.44,96.29,97.3171,313968,2023-03-28 04:00:00
1148,98.69,100.25,49783279,100.4218,98.56,99.8089,375796,2023-03-29 04:00:00
1149,101.55,102,53633398,103.04,101.01,101.9176,413471,2023-03-30 04:00:00
1150,102.16,103.29,56700317,103.49,101.95,102.9746,422311,2023-03-31 04:00:00
1151,102.3,102.41,41135733,103.29,101.43,102.2287,359080,2023-04-03 04:00:00
1152,102.75,103.95,48662496,104.2,102.11,103.3141,378108,2023-04-04 04:00:00
1153,103.91,101.1,45175393,103.91,100.7506,101.636,398442,2023-04-05 04:00:00
1154,100.75,102.06,43808020,102.3817,99.8008,101.3664,350990,2023-04-06 04:00:00
1155,100.96,102.17,37261185,102.2,99.57,101.1068,336893,2023-04-10 04:00:00
1156,100.8,99.92,60028547,101,99.01,99.8852,508395,2023-04-11 04:00:00
1157,100.4,97.83,56735007,100.51,97.705,98.9701,460026,2023-04-12 04:00:00
1158,98.95,102.4,67925138,102.57,98.71,101.1854,516926,2023-04-13 04:00:00
1159,102.07,102.51,51175522,103.2013,101.11,102.1347,422097,2023-04-14 04:00:00
1160,103.16,102.74,39919457,103.73,101.59,102.5854,347495,2023-04-17 04:00:00
1161,103.95,102.3,39790518,104.2,101.52,102.4244,365986,2023-04-18 04:00:00
1162,101.58,104.3,58398890,105.12,101.39,103.9426,452914,2023-04-19 04:00:00
1163,103.53,103.81,57696866,105.25,103.21,104.073,432539,2023-04-20 04:00:00
1164,106.1,106.96,86734185,108.15,105.08,106.7879,700624,2023-04-21 04:00:00
1165,107.655,106.21,69572310,109.23,105.07,106.6833,531663,2023-04-24 04:00:00
1166,104.91,102.57,65026818,105.45,102.45,103.8593,494317,2023-04-25 04:00:00
1167,105.04,104.98,73783977,106.62,104.1,105.511,578920,2023-04-26 04:00:00
1168,108.16,109.82,149900667,110.86,106.8,110.9409,1113448,2023-04-27 04:00:00
1169,107.73,105.45,130715946,109.48,104.33,105.8406,1015958,2023-04-28 04:00:00
1170,104.95,102.05,74659196,105.23,101.82,102.9682,583134,2023-05-01 04:00:00
1171,101.47,103.63,73458850,103.9,101.15,103.0701,533212,2023-05-02 04:00:00
1172,103.735,103.65,65051925,105.96,103.28,104.7227,487540,2023-05-03 04:00:00
1173,104.04,104,45345523,105.39,103.3117,104.3355,372148,2023-05-04 04:00:00
1174,104.27,105.655,56951644,105.76,103.55,105.0963,440870,2023-05-05 04:00:00
1175,105.04,105.83,49412909,106.095,104.7001,105.5519,379993,2023-05-08 04:00:00
1176,105.48,106.62,44089359,106.79,105.1567,106.2617,322823,2023-05-09 04:00:00
1177,108.1,110.19,78627441,110.67,108.05,109.5931,617458,2023-05-10 04:00:00
1178,111.03,112.18,74924841,113.28,110.49,112.1671,556512,2023-05-11 04:00:00
1179,112.16,110.26,49852671,112.64,109.3185,110.4731,415047,2023-05-12 04:00:00
1180,111.15,111.2,52461045,112.29,109.25,110.6888,402849,2023-05-15 04:00:00
1181,111.05,113.4,71340708,114.7899,111.05,113.5435,511222,2023-05-16 04:00:00
1182,114.89,115.5,65648177,115.83,114.22,115.2152,516297,2023-05-17 04:00:00
1183,116.69,118.15,73173987,118.6,116.335,117.5869,552169,2023-05-18 04:00:00
1184,118.16,116.25,55056307,118.31,115.7,116.6892,432817,2023-05-19 04:00:00
1185,116.77,115.01,70720123,116.77,114.25,115.1666,548402,2023-05-22 04:00:00
1186,114.27,114.99,67576262,117.14,113.78,115.6139,457967,2023-05-23 04:00:00
1187,115.35,116.75,63453438,117.34,115.02,116.3022,493429,2023-05-24 04:00:00
1188,116.63,115,66496681,116.87,114.31,115.1167,538033,2023-05-25 04:00:00
1189,116.04,120.11,96779889,121.5,116.02,119.7818,740906,2023-05-26 04:00:00
1190,122.37,121.66,64297208,122.92,119.855,121.6229,561348,2023-05-30 04:00:00
1191,121.45,120.58,72800787,122.04,119.17,120.4395,492145,2023-05-31 04:00:00
1192,120.69,122.77,54375131,123.49,119.93,122.2429,470500,2023-06-01 04:00:00
1193,124.92,124.25,61264414,126.39,124.015,124.9012,518431,2023-06-02 04:00:00
1194,123.36,125.3,47927308,125.8,123.03,124.901,433834,2023-06-05 04:00:00
1195,125.07,126.61,45692396,127.4,125,126.4033,405265,2023-06-06 04:00:00
1196,127.01,121.23,95463275,127.365,120.63,122.8822,734460,2023-06-07 04:00:00
1197,123.01,124.25,62146312,125.625,122.2579,124.1726,536307,2023-06-08 04:00:00
1198,124.08,123.43,51392018,125.8,123.19,124.1476,462583,2023-06-09 04:00:00
1199,124.02,126.57,51473276,126.78,123.53,125.6287,442437,2023-06-12 04:00:00
1200,128.12,126.66,50549345,128.41,125.18,126.6264,463938,2023-06-13 04:00:00
1201,126.7,126.42,52422463,126.95,124.12,125.9897,422440,2023-06-14 04:00:00
1202,125.21,127.11,60458471,127.69,124.32,126.4457,447494,2023-06-15 04:00:00
1203,127.71,125.49,84247054,127.9,125.3,126.2386,438497,2023-06-16 04:00:00
1204,124.97,125.78,56769122,127.25,124.5,125.7764,436492,2023-06-20 04:00:00
1205,125.64,124.83,52137670,126.73,123.85,125.0403,438227,2023-06-21 04:00:00
1206,125.31,130.15,90354572,130.33,125.14,128.8713,658049,2023-06-22 04:00:00
1207,129.11,129.33,71917746,130.84,128.28,129.7468,534789,2023-06-23 04:00:00
1208,129.33,127.33,59989317,131.49,127.1,128.8065,469915,2023-06-26 04:00:00
1209,128.63,129.18,46801099,130.085,127.55,128.884,391901,2023-06-27 04:00:00
1210,128.94,129.04,52149512,131.48,128.44,129.7581,442381,2023-06-28 04:00:00
1211,128.77,127.9,40760959,129.26,127.255,128.0166,367045,2023-06-29 04:00:00
1212,129.47,130.36,54327974,131.245,128.95,130.2735,437288,2023-06-30 04:00:00
1213,130.82,130.22,28264785,131.85,130.065,130.8295,288178,2023-07-03 04:00:00
1214,130.24,130.38,35895409,131.4,129.64,130.3199,352167,2023-07-05 04:00:00
1215,128.25,128.36,40697848,128.73,127.37,128.268,393280,2023-07-06 04:00:00
1216,128.59,129.78,41992251,130.97,128.1294,129.8568,395217,2023-07-07 04:00:00
1217,129.07,127.13,61889289,129.28,125.915,127.083,569506,2023-07-10 04:00:00
1218,127.75,128.78,49951460,129.77,127.35,128.6314,445921,2023-07-11 04:00:00
1219,130.31,130.8,53922847,131.26,128.83,130.2768,458437,2023-07-12 04:00:00
1220,134.04,134.3,61166283,134.67,132.71,133.882,531708,2023-07-13 04:00:00
1221,134.06,134.68,54466090,136.65,134.06,135.2716,486529,2023-07-14 04:00:00
1222,134.56,133.56,48450198,135.62,133.21,133.8504,463529,2023-07-17 04:00:00
1223,132.71,132.83,54969133,133.86,131.355,132.6637,474707,2023-07-18 04:00:00
1224,133.39,135.36,54390507,135.99,132.53,135.0114,487048,2023-07-19 04:00:00
1225,134.07,129.96,59782329,134.7915,129.33,131.4709,568435,2023-07-20 04:00:00
1226,131.34,130,133282294,131.37,128.415,129.966,506609,2023-07-21 04:00:00
1227,130.305,128.8,45670858,131.66,128.35,129.2815,391846,2023-07-24 04:00:00
1228,129.31,129.13,39219663,129.58,128.53,129.0005,374778,2023-07-25 04:00:00
1229,126.51,128.15,53910087,129.08,126.11,127.7909,524592,2023-07-26 04:00:00
1230,131,128.25,52610661,132.63,127.79,130.3938,499433,2023-07-27 04:00:00
1231,129.69,132.21,46269781,133.01,129.33,131.8837,413438,2023-07-28 04:00:00
1232,133.2,133.68,41901516,133.87,132.38,133.341,406644,2023-07-31 04:00:00
1233,133.55,131.69,42250989,133.69,131.6199,132.247,385743,2023-08-01 04:00:00
1234,130.154,128.21,50988614,130.23,126.82,128.3973,532942,2023-08-02 04:00:00
1235,127.48,128.91,90855736,129.84,126.41,131.4941,746639,2023-08-03 04:00:00
1236,141.06,139.57,153091370,143.63,139.32,141.3899,1366815,2023-08-04 04:00:00
1237,140.99,142.22,71213112,142.54,138.95,141.0045,659134,2023-08-07 04:00:00
1238,140.62,139.94,51706497,140.84,138.42,139.5936,509773,2023-08-08 04:00:00
1239,139.97,137.85,49910149,140.32,137.1,138.3272,428760,2023-08-09 04:00:00
1240,139.075,138.56,58804832,140.41,137.49,138.8765,460780,2023-08-10 04:00:00
1241,137.4,138.41,42905833,139.33,137,138.3628,394897,2023-08-11 04:00:00
1242,138.3,140.57,47148699,140.59,137.75,139.6426,404084,2023-08-14 04:00:00
1243,140.05,137.67,42781521,141.2778,137.23,138.368,409077,2023-08-15 04:00:00
1244,137.19,135.07,41675903,137.27,135.01,136.0273,403275,2023-08-16 04:00:00
1245,135.46,133.98,48354085,136.085,133.53,134.6856,414339,2023-08-17 04:00:00
1246,131.62,133.22,48497595,134.065,131.15,132.7896,431787,2023-08-18 04:00:00
1247,133.74,134.68,41442483,135.185,132.71,134.1416,348372,2023-08-21 04:00:00
1248,135.08,134.25,32935104,135.65,133.73,134.5803,328047,2023-08-22 04:00:00
1249,134.5,135.52,42786043,135.95,133.22,134.9818,382201,2023-08-23 04:00:00
1250,136.4,131.84,43646250,136.775,131.83,133.1621,406488,2023-08-24 04:00:00
1251,132.47,133.26,44147451,133.87,130.58,132.5207,405801,2023-08-25 04:00:00
1252,133.78,133.14,33956210,133.95,131.85,132.7164,333029,2023-08-28 04:00:00
1253,133.38,134.91,38646093,135.14,133.25,134.4652,361304,2023-08-29 04:00:00
1254,134.93,135.07,36130015,135.68,133.92,134.9916,325589,2023-08-30 04:00:00
1255,135.06,138.01,59215644,138.7885,135,137.7803,466045,2023-08-31 04:00:00
