,open_price,close_price,trading_volume,highest_price,lowest_price,volume_weighted_avg_price,transaction_amt,date_time
0,167.48,164.23,35694874.0,168.28,162.03,164.9237,259646,2018-09-05 04:00:00
1,164.16,159.87,33052154.0,166.48,158.67,161.5378,244887,2018-09-06 04:00:00
2,159.95,162.37,19153010.0,164.61,159.5095,162.5685,149735,2018-09-07 04:00:00
3,158.59,156.36,39092899.0,160.72,155.0,157.0789,270371,2018-09-10 04:00:00
4,153.18,157.46,25913410.0,158.45,152.85,156.4303,175839,2018-09-11 04:00:00
5,158.2,161.46,32490606.0,162.82,156.1808,160.4451,213239,2018-09-12 04:00:00
6,165.41,165.53,25663062.0,167.22,164.01,165.532,185943,2018-09-13 04:00:00
7,167.88,164.74,23218059.0,168.0,163.381,165.2107,156137,2018-09-14 04:00:00
8,161.5,158.89,20423310.0,161.65,158.2886,159.6286,166242,2018-09-17 04:00:00
9,156.88,156.65,27247436.0,159.4,155.52,156.8003,209407,2018-09-18 04:00:00
10,158.82,162.63,23028437.0,163.13,158.82,161.8453,173073,2018-09-19 04:00:00
11,166.89,165.88,22830037.0,167.7,164.7163,166.089,156653,2018-09-20 04:00:00
12,169.46,164.63,22082300.0,169.84,164.5,166.2804,150480,2018-09-21 04:00:00
13,162.81,163.16,13123452.0,163.399,160.1,162.1619,106840,2018-09-24 04:00:00
14,164.05,164.25,9588845.0,165.44,162.83,164.1238,73075,2018-09-25 04:00:00
15,165.52,165.4,13592687.0,167.39,164.87,166.3651,105961,2018-09-26 04:00:00
16,166.39,166.32,12689316.0,167.05,164.92,166.1176,91400,2018-09-27 04:00:00
17,164.9,164.76,10487560.0,165.66,163.3,164.4374,93478,2018-09-28 04:00:00
18,165.92,162.0,10615273.0,165.95,161.56,163.2954,86860,2018-10-01 04:00:00
19,159.79,160.23,14730730.0,161.0278,158.27,159.7824,120318,2018-10-02 04:00:00
20,163.15,162.37,13120916.0,164.54,161.93,162.9696,98146,2018-10-03 04:00:00
21,160.06,156.13,32176232.0,160.08,153.87,156.5151,245462,2018-10-04 04:00:00
22,156.14,154.63,20271470.0,157.12,152.25,154.5266,171916,2018-10-05 04:00:00
23,150.2,151.14,25067918.0,152.6357,148.34,150.594,197245,2018-10-08 04:00:00
24,147.97,146.94,31067130.0,150.5898,146.47,148.0857,231097,2018-10-09 04:00:00
25,142.5,138.29,55821248.0,144.0,137.92,140.4658,406473,2018-10-10 04:00:00
26,135.53,141.9,43120950.0,142.91,135.14,139.6116,323017,2018-10-11 04:00:00
27,148.62,147.29,30755536.0,149.0,144.52,146.84,221761,2018-10-12 04:00:00
28,144.77,144.16,18581816.0,145.69,142.3,144.1292,140373,2018-10-15 04:00:00
29,145.71,149.6,18366817.0,149.76,145.26,147.7575,119465,2018-10-16 04:00:00
30,150.68,148.14,16740626.0,150.68,146.37,147.9943,128927,2018-10-17 04:00:00
31,145.85,142.02,20618995.0,146.28,140.8,142.995,156391,2018-10-18 04:00:00
32,145.34,142.93,14856711.0,146.77,142.61,144.3031,114070,2018-10-19 04:00:00
33,148.99,148.8,22591288.0,150.2,146.1,148.4107,154732,2018-10-22 04:00:00
34,143.22,146.65,19953027.0,147.51,142.62,145.2767,136620,2018-10-23 04:00:00
35,145.18,139.61,18512426.0,146.69,139.34,142.4668,147117,2018-10-24 04:00:00
36,142.5,144.6,13655758.0,144.91,141.01,143.5662,108304,2018-10-25 04:00:00
37,139.0,142.87,19477013.0,145.8293,138.55,142.3065,153176,2018-10-26 04:00:00
38,142.42,133.38,35067799.0,144.0,131.36,136.5212,261117,2018-10-29 04:00:00
39,132.28,136.33,25230138.0,136.4,130.06,133.5595,189156,2018-10-30 04:00:00
40,141.35,142.28,23655649.0,142.65,139.14,141.2229,171312,2018-10-31 04:00:00
41,144.98,151.25,47028672.0,152.3175,138.62,147.424,341204,2018-11-01 04:00:00
42,152.56,147.59,45981857.0,154.36,146.28,150.4079,318654,2018-11-02 04:00:00
43,146.22,144.64,16197375.0,149.37,144.23,145.6981,124344,2018-11-05 05:00:00
44,145.87,147.44,17842072.0,149.96,145.325,147.804,129915,2018-11-06 05:00:00
45,150.77,152.5,17885685.0,152.8,148.94,150.8968,130391,2018-11-07 05:00:00
46,150.99,148.99,17067369.0,151.88,146.69,148.8495,131915,2018-11-08 05:00:00
47,145.57,144.85,16220191.0,145.72,142.48,144.3232,135567,2018-11-09 05:00:00
48,145.01,142.82,16516543.0,146.406,139.97,142.5828,131488,2018-11-12 05:00:00
49,144.83,146.98,19515272.0,149.94,143.91,147.2614,159947,2018-11-13 05:00:00
50,150.21,150.44,21786207.0,152.15,148.44,150.206,183567,2018-11-14 05:00:00
51,152.9,156.22,30087866.0,157.4,150.89,154.3082,234518,2018-11-15 05:00:00
52,155.04,154.1,20039405.0,155.8,152.1423,154.0443,160286,2018-11-16 05:00:00
53,152.02,149.53,18088306.0,153.21,148.77,150.3383,133516,2018-11-19 05:00:00
54,144.48,145.98,19477281.0,148.07,142.82,145.5994,153416,2018-11-20 05:00:00
55,149.06,149.41,14719930.0,151.48,148.65,150.0701,122779,2018-11-21 05:00:00
56,147.3,150.33,7437580.0,151.17,147.0,149.7393,69416,2018-11-23 05:00:00
57,153.21,156.01,15900873.0,156.53,152.37,155.0514,138506,2018-11-26 05:00:00
58,154.64,156.46,17911877.0,157.94,153.5802,156.3605,128253,2018-11-27 05:00:00
59,159.01,159.34,20767458.0,159.8,155.26,157.8729,160773,2018-11-28 05:00:00
60,158.08,156.28,20532549.0,159.0,153.54,156.1752,162786,2018-11-29 05:00:00
61,157.9,160.86,35071607.0,160.86,156.7201,159.9306,145537,2018-11-30 05:00:00
62,168.64,163.74,31088608.0,168.8,163.51,165.6899,246771,2018-12-03 05:00:00
63,164.88,158.34,22199491.0,164.98,156.46,159.5379,178109,2018-12-04 05:00:00
64,153.0,155.83,25337814.0,155.87,150.51,153.5895,198377,2018-12-06 05:00:00
65,155.4,153.06,17448131.0,158.05,151.73,154.3568,151890,2018-12-07 05:00:00
66,150.39,151.43,15525600.0,152.81,147.48,150.3877,134574,2018-12-10 05:00:00
67,155.26,151.83,13654957.0,156.24,150.9,153.3258,114303,2018-12-11 05:00:00
68,155.24,151.5,16620789.0,156.17,151.43,154.3037,129848,2018-12-12 05:00:00
69,153.05,151.48,12255995.0,153.46,150.52,151.9771,102020,2018-12-13 05:00:00
70,147.71,149.0,15549216.0,150.7,145.72,148.4729,125565,2018-12-14 05:00:00
71,146.5,143.98,15788260.0,147.94,142.24,144.7585,120374,2018-12-17 05:00:00
72,144.28,140.82,17848449.0,144.75,140.11,141.9031,131132,2018-12-18 05:00:00
73,141.04,137.14,27661460.0,141.325,135.73,138.9215,185884,2018-12-19 05:00:00
74,135.83,135.11,24104441.0,137.755,132.91,135.1131,198365,2018-12-20 05:00:00
75,137.08,132.0,28791710.0,137.19,130.23,133.3603,192785,2018-12-21 05:00:00
76,130.0,131.89,11243722.0,134.57,129.77,132.0793,97981,2018-12-24 05:00:00
77,132.87,138.0,14862563.0,138.02,130.18,134.154,125448,2018-12-26 05:00:00
78,135.05,138.45,11460488.0,138.45,133.89,135.9449,101532,2018-12-27 05:00:00
79,139.2,139.09,11955298.0,140.98,136.79,139.1219,97647,2018-12-28 05:00:00
80,141.83,137.07,11188158.0,142.02,136.04,138.3936,90446,2018-12-31 05:00:00
81,134.13,136.7,16713427.0,137.7488,133.03,135.7423,130709,2019-01-02 05:00:00
82,134.27,130.6,19536286.0,134.8699,129.83,131.4526,154658,2019-01-03 05:00:00
83,134.26,139.75,22847210.0,141.08,133.66,138.373,181863,2019-01-04 05:00:00
84,140.55,143.1,17239134.0,144.08,139.01,142.4247,126050,2019-01-07 05:00:00
85,145.0,146.79,16488785.0,147.55,142.06,145.7102,127005,2019-01-08 05:00:00
86,149.89,151.92,20215604.0,153.35,148.5,151.5656,148520,2019-01-09 05:00:00
87,149.81,151.69,14222645.0,152.03,148.88,150.5742,103762,2019-01-10 05:00:00
88,151.83,151.32,9589468.0,153.38,150.1401,151.58,79541,2019-01-11 05:00:00
89,148.5,149.27,13357764.0,150.57,146.54,148.8645,102481,2019-01-14 05:00:00
90,150.68,150.88,14983464.0,154.17,149.9643,151.584,108559,2019-01-15 05:00:00
91,152.81,154.84,14731140.0,155.39,151.5,154.0396,100786,2019-01-16 05:00:00
92,152.11,155.97,16153319.0,158.55,151.9,155.5525,116969,2019-01-17 05:00:00
93,158.45,157.02,19611641.0,159.49,154.73,157.0594,130132,2019-01-18 05:00:00
94,154.4,152.15,21295018.0,155.44,150.2069,152.2392,125490,2019-01-22 05:00:00
95,154.65,152.03,10195902.0,155.18,150.95,152.4268,73242,2019-01-23 05:00:00
96,151.47,155.86,10998461.0,156.0,151.21,154.7488,89153,2019-01-24 05:00:00
97,158.91,159.21,16459579.0,160.5,157.43,158.9447,127755,2019-01-25 05:00:00
98,157.8,158.92,10141111.0,159.69,155.3,157.9215,79564,2019-01-28 05:00:00
99,159.04,156.88,18193253.0,160.3746,155.92,157.3118,117352,2019-01-29 05:00:00
100,161.29,166.82,36998028.0,167.84,160.5,164.7362,254286,2019-01-30 05:00:00
101,167.8,168.49,21220269.0,169.73,165.7,168.1494,153271,2019-01-31 05:00:00
102,168.0,167.97,10771566.0,169.4,167.63,168.3756,86707,2019-02-01 05:00:00
103,166.32,166.7,7380441.0,167.55,165.61,166.6815,59236,2019-02-04 05:00:00
104,168.55,171.83,12801907.0,171.95,168.0,170.7153,98278,2019-02-05 05:00:00
105,171.86,171.52,11267924.0,173.09,169.99,171.3662,74875,2019-02-06 05:00:00
106,169.16,166.96,11911342.0,169.61,164.336,167.029,104792,2019-02-07 05:00:00
107,163.83,167.36,8331593.0,167.65,163.75,166.2161,67460,2019-02-08 05:00:00
108,168.85,167.45,7260938.0,170.33,167.45,168.693,58412,2019-02-11 05:00:00
109,169.6,168.71,8598001.0,170.49,168.61,169.4394,71436,2019-02-12 05:00:00
110,169.91,169.4,8662019.0,171.05,168.99,169.9914,71096,2019-02-13 05:00:00
111,167.64,168.38,8722792.0,168.5,166.61,167.8118,75916,2019-02-14 05:00:00
112,168.61,166.15,12099575.0,168.77,165.41,166.5109,94828,2019-02-15 05:00:00
113,166.98,170.18,12985508.0,171.15,166.5,169.9715,92883,2019-02-19 05:00:00
114,171.0,170.71,12454921.0,172.68,170.61,171.7313,99534,2019-02-20 05:00:00
115,171.0,171.66,8435069.0,171.78,169.8,170.8174,71395,2019-02-21 05:00:00
116,172.8,176.92,16175724.0,177.02,172.52,175.2624,123642,2019-02-22 05:00:00
117,181.26,183.25,22830882.0,183.72,180.73,182.6814,169950,2019-02-25 05:00:00
118,179.79,183.54,13871149.0,184.35,179.37,182.3377,107441,2019-02-26 05:00:00
119,181.72,184.58,16734090.0,184.93,180.88,183.7677,103147,2019-02-27 05:00:00
120,183.01,183.03,12370703.0,184.3,181.47,183.149,92943,2019-02-28 05:00:00
121,185.09,183.88,14348588.0,186.9,183.38,185.0367,112465,2019-03-01 05:00:00
122,186.0,187.25,14744415.0,187.34,184.46,186.3387,120047,2019-03-04 05:00:00
123,186.94,185.0,11513374.0,188.08,185.0,186.4729,89122,2019-03-05 05:00:00
124,184.38,184.17,10009117.0,185.59,183.02,184.1844,87664,2019-03-06 05:00:00
125,180.91,177.32,16489114.0,181.8,176.73,178.4332,132173,2019-03-07 05:00:00
126,171.565,175.03,14687531.0,175.35,171.565,173.7015,117400,2019-03-08 05:00:00
127,177.83,180.41,13764241.0,181.72,177.58,180.3892,96164,2019-03-11 04:00:00
128,182.04,180.63,8660026.0,182.18,179.51,180.9667,61343,2019-03-12 04:00:00
129,180.73,180.7,8868280.0,182.535,179.26,181.1938,60554,2019-03-13 04:00:00
130,179.06,180.36,9272122.0,180.82,178.01,179.5918,75420,2019-03-14 04:00:00
131,180.66,180.97,10844094.0,181.45,179.66,180.6598,67696,2019-03-15 04:00:00
132,181.93,181.83,7847850.0,182.89,180.76,181.8624,59052,2019-03-18 04:00:00
133,181.63,182.14,10242627.0,183.36,180.85,182.2143,71704,2019-03-19 04:00:00
134,180.94,181.28,15901621.0,181.95,178.43,180.6333,86678,2019-03-20 04:00:00
135,178.95,181.5,9754492.0,181.73,178.52,180.4808,73533,2019-03-21 04:00:00
136,179.77,176.26,11688642.0,180.48,175.3362,177.3545,107260,2019-03-22 04:00:00
137,174.33,178.77,7513897.0,178.9,174.1,177.123,74257,2019-03-25 04:00:00
138,179.7,178.08,7899369.0,180.65,177.095,178.5235,65590,2019-03-26 04:00:00
139,177.7,177.03,8371087.0,179.83,176.9125,177.8843,62576,2019-03-27 04:00:00
140,177.47,177.73,7233192.0,178.53,175.97,177.3494,66873,2019-03-28 04:00:00
141,180.73,182.45,13853965.0,182.6,179.0,181.3194,102737,2019-03-29 04:00:00
142,185.09,180.89,12722367.0,185.56,180.89,183.2765,105827,2019-04-01 04:00:00
143,181.46,181.74,8021710.0,183.5627,180.95,181.9889,69545,2019-04-02 04:00:00
144,179.51,178.32,26820972.0,180.7,176.76,178.7666,222436,2019-04-03 04:00:00
145,177.04,181.07,17002665.0,181.96,176.89,180.1302,134084,2019-04-04 04:00:00
146,182.51,185.35,18713135.0,185.5,182.0,184.3445,139604,2019-04-05 04:00:00
147,184.19,186.5,14718273.0,187.82,184.01,186.4679,111280,2019-04-08 04:00:00
148,186.49,187.19,11562238.0,187.89,186.16,187.2464,94671,2019-04-09 04:00:00
149,186.69,186.19,10655172.0,187.4,184.0,185.6437,88688,2019-04-10 04:00:00
150,185.15,184.98,8900425.0,186.06,183.75,184.7372,62469,2019-04-11 04:00:00
151,187.71,188.91,12603038.0,189.79,187.14,188.5934,90688,2019-04-12 04:00:00
152,188.06,183.07,14597299.0,188.17,182.56,183.8741,122332,2019-04-15 04:00:00
153,185.55,185.78,12174961.0,185.79,183.4,184.9312,89609,2019-04-16 04:00:00
154,187.34,187.55,11616975.0,188.2,185.78,187.1781,96395,2019-04-17 04:00:00
155,186.41,186.94,7823945.0,187.28,185.39,186.4763,64236,2019-04-18 04:00:00
156,184.5,185.38,8677875.0,186.47,183.61,185.3201,63683,2019-04-22 04:00:00
157,186.0,187.29,11410712.0,188.15,185.44,187.2487,87573,2019-04-23 04:00:00
158,186.76,185.67,9085375.0,186.9,184.58,185.5634,85386,2019-04-24 04:00:00
159,185.24,187.88,10328953.0,188.13,183.955,186.9631,82682,2019-04-25 04:00:00
160,187.88,187.09,9421162.0,188.74,185.51,187.2788,64822,2019-04-26 04:00:00
161,187.42,186.94,8660831.0,188.0,185.76,186.9705,59072,2019-04-29 04:00:00
162,186.3,185.57,15076585.0,188.25,183.82,185.6922,92769,2019-04-30 04:00:00
163,186.75,189.31,17405782.0,193.195,185.88,190.1475,124136,2019-05-01 04:00:00
164,189.42,190.39,11468276.0,192.7,186.65,189.9637,94083,2019-05-02 04:00:00
165,191.88,195.21,14521431.0,195.72,191.88,194.5835,118261,2019-05-03 04:00:00
166,185.17,188.24,23941573.0,189.0,184.83,187.0891,187576,2019-05-06 04:00:00
167,186.05,181.43,22664778.0,186.45,179.63,182.194,185141,2019-05-07 04:00:00
168,180.95,179.59,16598446.0,183.2,178.58,180.3978,139042,2019-05-08 04:00:00
169,175.43,179.04,22679856.0,180.695,173.07,176.7358,188252,2019-05-09 04:00:00
170,180.18,178.0,18987185.0,180.79,174.1,177.1608,154418,2019-05-10 04:00:00
171,169.79,170.01,22334742.0,172.47,168.78,170.1657,210131,2019-05-13 04:00:00
172,172.75,174.84,17875210.0,175.15,171.48,173.7856,166604,2019-05-14 04:00:00
173,177.06,177.6,37613441.0,180.24,173.3212,177.5263,293277,2019-05-15 04:00:00
174,178.18,175.57,20580941.0,178.25,174.75,176.3506,173033,2019-05-16 04:00:00
175,171.69,169.57,22539635.0,172.29,168.49,170.0429,185275,2019-05-17 04:00:00
176,164.44,160.65,33420826.0,164.57,160.02,161.7134,273010,2019-05-20 04:00:00
177,163.16,163.43,22008257.0,165.5896,162.52,163.6026,184014,2019-05-21 04:00:00
178,162.41,158.83,25831353.0,162.82,158.07,159.5878,195990,2019-05-22 04:00:00
179,155.45,156.0,26904444.0,158.4795,154.41,156.0754,210481,2019-05-23 04:00:00
180,157.615,155.0,21489867.0,158.43,154.9,156.0162,183764,2019-05-24 04:00:00
181,156.4,154.81,38588964.0,157.07,153.22,154.6406,199200,2019-05-28 04:00:00
182,153.58,152.48,30083302.0,154.385,150.71,151.8218,217613,2019-05-29 04:00:00
183,152.36,151.07,17350753.0,153.37,150.25,151.8385,144137,2019-05-30 04:00:00
184,149.63,149.26,26896119.0,150.68,147.95,149.3925,214458,2019-05-31 04:00:00
185,149.6,149.91,25254534.0,151.77,148.845,150.2917,213657,2019-06-03 04:00:00
186,151.56,154.15,27417348.0,155.2,150.64,153.6634,189610,2019-06-04 04:00:00
187,155.17,151.65,22891594.0,156.11,149.31,151.6611,195386,2019-06-05 04:00:00
188,152.0,151.5,15608061.0,152.7,150.57,151.4522,121448,2019-06-06 04:00:00
189,152.95,154.23,17822841.0,155.69,152.2135,154.3716,152148,2019-06-07 04:00:00
190,158.78,159.85,36475789.0,161.98,157.4,159.8006,275838,2019-06-10 04:00:00
191,164.2,162.65,23408628.0,165.68,161.9245,163.5319,205309,2019-06-11 04:00:00
192,160.47,160.04,16330515.0,161.7,158.81,160.2071,131424,2019-06-12 04:00:00
193,160.55,160.33,17576694.0,161.32,159.8,160.3912,110893,2019-06-13 04:00:00
194,158.37,158.1,14979451.0,158.71,157.23,157.9567,118219,2019-06-14 04:00:00
195,157.53,159.91,16079999.0,160.55,157.42,159.5879,119056,2019-06-17 04:00:00
196,162.89,165.51,35756430.0,169.11,161.95,165.9706,281330,2019-06-18 04:00:00
197,167.77,165.46,20799971.0,167.9,163.42,165.4051,201209,2019-06-19 04:00:00
198,170.19,168.25,24005049.0,170.48,166.275,168.1369,201487,2019-06-20 04:00:00
199,167.48,167.55,17415886.0,169.471,166.77,167.6653,141569,2019-06-21 04:00:00
200,168.4,168.1,18422919.0,168.88,165.78,167.8956,168084,2019-06-24 04:00:00
201,167.04,165.8,20447884.0,167.34,164.62,165.7632,172652,2019-06-25 04:00:00
202,168.28,168.99,22416606.0,171.24,168.15,169.4288,202865,2019-06-26 04:00:00
203,170.62,170.9,18338157.0,171.98,169.38,170.794,140129,2019-06-27 04:00:00
204,170.2,169.45,19928414.0,170.89,167.96,169.3361,148820,2019-06-28 04:00:00
205,175.865,175.05,25911103.0,177.95,174.36,175.6365,203024,2019-07-01 04:00:00
206,175.13,175.45,14160771.0,175.55,174.25,175.1808,120626,2019-07-02 04:00:00
207,175.69,174.67,8532596.0,175.85,173.85,174.5202,74893,2019-07-03 04:00:00
208,173.75,173.3,12620416.0,173.82,172.82,173.378,98601,2019-07-05 04:00:00
209,170.09,168.45,16531131.0,170.28,168.35,169.059,148838,2019-07-08 04:00:00
210,167.085,168.8,15783211.0,168.98,166.5,168.1667,126027,2019-07-09 04:00:00
211,171.24,166.93,16679071.0,171.37,166.86,168.0618,144155,2019-07-10 04:00:00
212,167.56,166.55,14796538.0,168.424,165.0,167.3125,132137,2019-07-11 04:00:00
213,168.0,169.07,18103778.0,170.2,167.65,169.1065,142101,2019-07-12 04:00:00
214,171.5,173.5,22199179.0,173.75,170.42,172.3568,205041,2019-07-15 04:00:00
215,174.2,174.19,19043750.0,175.52,173.46,174.5339,161152,2019-07-16 04:00:00
216,172.75,174.82,15032291.0,176.22,172.49,175.1916,138810,2019-07-17 04:00:00
217,173.41,172.8,15603737.0,174.4,172.06,173.1475,133434,2019-07-18 04:00:00
218,174.87,172.99,13647294.0,175.15,172.99,174.4054,128032,2019-07-19 04:00:00
219,173.5,174.0,18498218.0,174.28,171.4373,173.0622,177302,2019-07-22 04:00:00
220,175.39,178.09,20860564.0,178.64,174.845,176.6927,178140,2019-07-23 04:00:00
221,178.0,178.67,14933225.0,178.96,176.9382,178.129,134247,2019-07-24 04:00:00
222,178.49,177.29,14049192.0,179.15,175.369,177.5396,153423,2019-07-25 04:00:00
223,178.25,178.74,15281219.0,179.4,176.88,178.0982,159043,2019-07-26 04:00:00
224,178.43,177.02,15130439.0,179.88,175.35,177.0239,139972,2019-07-29 04:00:00
225,174.25,174.1,14300835.0,175.71,172.89,174.2378,140044,2019-07-30 04:00:00
226,173.71,173.11,14628873.0,174.89,170.09,173.5359,132299,2019-07-31 04:00:00
227,174.54,165.65,32728207.0,175.7145,162.1,169.2083,268704,2019-08-01 04:00:00
228,162.56,161.0,27109272.0,163.85,160.35,161.89,243958,2019-08-02 04:00:00
229,155.03,153.67,28919790.0,157.23,151.85,154.6764,254863,2019-08-05 04:00:00
230,158.48,157.43,24998313.0,158.73,156.11,157.5747,212134,2019-08-06 04:00:00
231,155.73,159.17,17918983.0,159.48,155.3,157.9423,167643,2019-08-07 04:00:00
232,161.71,162.22,19270709.0,162.3,159.12,160.8392,148847,2019-08-08 04:00:00
233,160.98,159.12,11895058.0,161.99,159.11,160.2292,111598,2019-08-09 04:00:00
234,157.5,159.31,14467863.0,159.38,155.54,157.7815,124721,2019-08-12 04:00:00
235,160.64,164.03,23256159.0,167.36,159.57,164.7006,200177,2019-08-13 04:00:00
236,161.34,162.06,21065303.0,163.0,159.21,161.2475,202815,2019-08-14 04:00:00
237,170.11,166.97,36869691.0,171.0,164.36,166.9519,285529,2019-08-15 04:00:00
238,170.0,174.6,26361789.0,177.55,168.57,172.4509,187855,2019-08-16 04:00:00
239,177.43,178.28,16486202.0,178.8,175.59,177.4201,129218,2019-08-19 04:00:00
240,175.91,177.21,10584690.0,177.99,175.62,177.1499,91873,2019-08-20 04:00:00
241,177.22,175.24,10859661.0,178.5,174.89,176.556,87592,2019-08-21 04:00:00
242,174.1,171.91,11784065.0,174.9796,170.5,172.2864,107681,2019-08-22 04:00:00
243,169.69,164.54,21279077.0,171.49,163.831,166.5247,194397,2019-08-23 04:00:00
244,166.49,165.9,8908646.0,167.45,165.53,166.3064,83395,2019-08-26 04:00:00
245,167.2,166.2,12951032.0,168.19,165.19,166.5402,90600,2019-08-27 04:00:00
246,164.64,167.48,9624185.0,168.0,164.2,167.2005,68546,2019-08-28 04:00:00
247,171.0,172.81,11825035.0,173.96,170.95,172.4564,103440,2019-08-29 04:00:00
248,174.35,175.03,10460859.0,175.25,172.66,174.409,85681,2019-08-30 04:00:00
249,173.0,172.41,8769318.0,174.72,172.15,173.1835,79200,2019-09-03 04:00:00
250,176.26,174.33,7415151.0,176.55,173.99,175.2224,65716,2019-09-04 04:00:00
251,176.88,178.94,11314453.0,178.95,176.52,177.9618,89275,2019-09-05 04:00:00
252,179.01,176.69,8551516.0,179.22,176.21,177.3678,74526,2019-09-06 04:00:00
253,177.88,177.78,7060865.0,177.99,175.86,177.1559,65257,2019-09-09 04:00:00
254,176.28,174.99,9991631.0,176.3,172.22,174.2213,88453,2019-09-10 04:00:00
255,176.0,176.09,7235979.0,176.66,174.15,175.9196,62808,2019-09-11 04:00:00
256,177.89,178.24,12634428.0,180.5,177.0,178.7164,96564,2019-09-12 04:00:00
257,179.74,179.17,9630526.0,180.18,178.61,179.4671,81791,2019-09-13 04:00:00
258,177.75,177.07,10850085.0,179.17,175.37,176.935,83892,2019-09-16 04:00:00
259,176.85,179.0,7751009.0,179.12,176.05,178.1062,67753,2019-09-17 04:00:00
260,179.15,180.0,9399620.0,180.17,177.58,179.1774,81835,2019-09-18 04:00:00
261,180.9,180.46,15382466.0,184.13,180.43,182.359,122254,2019-09-19 04:00:00
262,182.31,182.51,25074765.0,183.82,178.84,182.0851,132620,2019-09-20 04:00:00
263,181.25,176.98,14320054.0,181.33,176.8,178.076,118410,2019-09-23 04:00:00
264,179.17,171.55,14794854.0,179.49,171.3,173.8438,125122,2019-09-24 04:00:00
265,172.3,176.66,11993905.0,176.99,171.72,174.8701,98854,2019-09-25 04:00:00
266,177.0,175.0,10175799.0,178.23,174.83,175.7796,78900,2019-09-26 04:00:00
267,176.0,165.98,33419622.0,176.5,163.15,167.3142,276983,2019-09-27 04:00:00
268,169.8865,167.23,15308688.0,170.2,166.45,168.2182,135008,2019-09-30 04:00:00
269,168.01,165.15,14408429.0,168.23,163.64,165.2354,117053,2019-10-01 04:00:00
270,162.82,165.77,11800659.0,166.88,161.9,164.8185,102413,2019-10-02 04:00:00
271,166.65,169.48,10510977.0,170.18,165.0,168.1127,91233,2019-10-03 04:00:00
272,169.6,170.34,8972914.0,170.7,167.56,169.7378,75026,2019-10-04 04:00:00
273,168.83,168.32,12132858.0,172.3,167.21,169.0015,96600,2019-10-07 04:00:00
274,164.3,161.93,16141125.0,165.22,161.68,163.4745,128723,2019-10-08 04:00:00
275,165.5,165.19,11493483.0,166.58,163.42,165.1588,100009,2019-10-09 04:00:00
276,165.96,166.07,11660932.0,168.57,164.09,166.4631,94878,2019-10-10 04:00:00
277,170.77,172.94,19664645.0,174.88,169.57,173.0438,163129,2019-10-11 04:00:00
278,172.84,171.16,7975552.0,173.34,170.79,171.78,65720,2019-10-14 04:00:00
279,172.91,175.29,13984336.0,176.75,172.69,175.1313,110242,2019-10-15 04:00:00
280,175.8,177.12,11097461.0,177.35,174.12,176.2634,87926,2019-10-16 04:00:00
281,178.0,176.85,8240793.0,178.59,175.23,176.7384,63393,2019-10-17 04:00:00
282,176.0,169.13,14702083.0,176.23,169.0,171.3183,115271,2019-10-18 04:00:00
283,172.64,173.52,9237367.0,173.91,170.87,172.7194,72028,2019-10-21 04:00:00
284,174.53,169.89,11083149.0,175.3602,169.26,171.5109,83716,2019-10-22 04:00:00
285,170.45,169.92,9031528.0,171.04,168.12,169.4132,68399,2019-10-23 04:00:00
286,171.28,172.55,7587908.0,172.75,170.21,171.7124,64518,2019-10-24 04:00:00
287,171.56,174.31,9986518.0,175.81,170.88,174.201,76850,2019-10-25 04:00:00
288,176.5,178.68,11962271.0,179.64,176.41,178.3723,88699,2019-10-28 04:00:00
289,177.06,176.89,8225723.0,177.74,175.44,176.5771,70552,2019-10-29 04:00:00
290,175.42,177.53,10422720.0,177.88,173.9359,176.1958,83295,2019-10-30 04:00:00
291,179.16,176.67,15341371.0,179.24,175.5,176.6174,107067,2019-10-31 04:00:00
292,179.01,176.46,29198611.0,182.12,176.06,178.4633,195805,2019-11-01 04:00:00
293,180.66,179.69,45057881.0,182.4,178.02,180.1887,317496,2019-11-04 05:00:00
294,181.42,182.0,24015291.0,183.2,180.31,181.6253,171513,2019-11-05 05:00:00
295,183.61,184.16,15073059.0,185.0,182.2,183.8138,112652,2019-11-06 05:00:00
296,187.07,186.66,20636958.0,188.07,184.69,186.738,145563,2019-11-07 05:00:00
297,187.9016,187.16,20143264.0,188.28,185.15,187.297,126345,2019-11-08 05:00:00
298,184.82,186.71,20902299.0,187.2,181.37,184.3211,165538,2019-11-11 05:00:00
299,185.91,186.97,11993453.0,187.65,185.14,186.6364,81149,2019-11-12 05:00:00
300,185.47,182.48,15667604.0,185.674,181.0,182.995,125167,2019-11-13 05:00:00
301,182.87,182.8,12957177.0,184.5,181.3212,182.6737,114052,2019-11-14 05:00:00
302,184.0,185.49,11520789.0,185.6,183.71,184.9246,93425,2019-11-15 05:00:00
303,186.98,184.61,12119104.0,186.98,184.16,185.5559,81801,2019-11-18 05:00:00
304,186.31,185.25,13717252.0,186.71,183.87,184.9471,108038,2019-11-19 05:00:00
305,183.67,182.35,17061054.0,183.7,181.06,182.5688,148427,2019-11-20 05:00:00
306,181.77,184.86,10417422.0,184.89,181.6,183.7471,92516,2019-11-21 05:00:00
307,185.8,186.78,10718547.0,186.78,183.935,185.7316,80258,2019-11-22 05:00:00
308,188.32,190.45,19475353.0,190.72,187.88,189.7807,155871,2019-11-25 05:00:00
309,190.39,194.7,52293900.0,195.0,189.04,193.3378,190329,2019-11-26 05:00:00
310,197.24,200.82,34090809.0,200.98,197.0,199.012,242054,2019-11-27 05:00:00
311,199.81,200.0,19441153.0,200.43,198.3502,199.6353,135910,2019-11-29 05:00:00
312,198.58,196.31,19739452.0,198.67,193.51,195.5204,197641,2019-12-02 05:00:00
313,190.97,194.9,18837194.0,195.0,189.85,192.9132,162876,2019-12-03 05:00:00
314,195.53,193.74,15113752.0,196.66,193.23,194.7457,117529,2019-12-04 05:00:00
315,196.93,200.0,22625306.0,200.94,196.43,199.207,182247,2019-12-05 05:00:00
316,201.11,201.89,14468401.0,202.0,199.51,201.1138,124504,2019-12-06 05:00:00
317,200.32,198.74,14490732.0,203.43,198.55,200.4888,118219,2019-12-09 05:00:00
318,200.71,200.45,11854164.0,202.48,199.23,201.129,115550,2019-12-10 05:00:00
319,201.1,204.64,11914286.0,204.8,200.72,203.3232,115114,2019-12-11 05:00:00
320,203.71,204.5,22627835.0,206.0,202.0,204.2889,188109,2019-12-12 05:00:00
321,205.76,204.91,19637146.0,207.1,203.77,205.3761,166392,2019-12-13 05:00:00
322,206.33,206.97,17007546.0,209.15,206.19,207.7638,125525,2019-12-16 05:00:00
323,208.69,208.18,11548629.0,208.87,206.82,207.7293,101794,2019-12-17 05:00:00
324,208.53,210.0,13789968.0,210.05,208.04,209.4858,99122,2019-12-18 05:00:00
325,209.61,210.13,12318268.0,211.37,209.23,210.2843,96558,2019-12-19 05:00:00
326,211.35,212.25,26852602.0,213.98,210.42,212.3632,137927,2019-12-20 05:00:00
327,213.25,214.83,12769800.0,215.05,212.91,214.4135,89456,2019-12-23 05:00:00
328,215.01,214.26,5666397.0,215.43,213.35,214.2255,47412,2019-12-24 05:00:00
329,214.65,216.38,6997311.0,216.99,214.33,215.721,59253,2019-12-26 05:00:00
330,217.99,215.47,11869963.0,218.11,215.17,216.5186,90696,2019-12-27 05:00:00
331,215.78,212.91,8867836.0,215.78,211.76,213.0163,90338,2019-12-30 05:00:00
332,212.0,212.1,6871539.0,213.64,210.73,212.3874,64014,2019-12-31 05:00:00
333,216.6,219.77,16255288.0,219.98,216.54,219.0129,120072,2020-01-02 05:00:00
334,216.35,217.0,8878261.0,218.2025,216.01,217.1847,79040,2020-01-03 05:00:00
335,214.89,216.64,12232358.0,217.16,214.09,216.0814,89512,2020-01-06 05:00:00
336,217.64,217.63,9644187.0,218.94,216.69,218.0135,82153,2020-01-07 05:00:00
337,216.6,218.0,12157844.0,220.65,216.32,218.6835,93393,2020-01-08 05:00:00
338,221.5,221.78,13435041.0,223.08,220.82,221.9206,122729,2020-01-09 05:00:00
339,223.9,223.83,12588331.0,225.96,222.061,223.9942,117569,2020-01-10 05:00:00
340,228.81,230.48,17870205.0,231.14,227.04,229.2526,149743,2020-01-13 05:00:00
341,230.05,226.49,17719029.0,230.175,224.88,227.0242,166551,2020-01-14 05:00:00
342,226.65,225.06,10893622.0,227.82,224.39,225.8236,99842,2020-01-15 05:00:00
343,226.3,223.94,13927288.0,226.33,222.73,223.7539,128340,2020-01-16 05:00:00
344,225.9,227.43,13188596.0,228.0,225.35,226.6038,101091,2020-01-17 05:00:00
345,222.45,222.26,16367826.0,222.6,220.7295,221.9545,138186,2020-01-21 05:00:00
346,224.69,222.37,10254250.0,225.58,222.0,223.5535,92862,2020-01-22 05:00:00
347,217.93,219.13,18811914.0,220.13,216.77,218.609,145522,2020-01-23 05:00:00
348,218.49,213.75,18376633.0,219.83,211.3251,214.7793,154907,2020-01-24 05:00:00
349,201.22,205.47,25485343.0,208.02,199.5,204.3187,232433,2020-01-27 05:00:00
350,209.74,210.23,16379178.0,210.91,207.17,209.6432,132055,2020-01-28 05:00:00
351,212.56,212.02,13144016.0,213.98,209.52,211.704,116652,2020-01-29 05:00:00
352,207.88,208.58,14658222.0,209.86,205.03,207.4037,149279,2020-01-30 05:00:00
353,206.5,206.59,18444949.0,207.93,204.7282,206.2078,173906,2020-01-31 05:00:00
354,208.67,213.1,14510139.0,215.02,208.67,213.0782,133937,2020-02-03 05:00:00
355,221.35,222.88,17040188.0,224.38,220.49,222.5994,157521,2020-02-04 05:00:00
356,226.52,220.22,16151889.0,226.7,217.54,220.6115,144020,2020-02-05 05:00:00
357,223.13,220.9,10997556.0,223.65,219.78,221.2892,100067,2020-02-06 05:00:00
358,217.46,216.53,13998258.0,217.84,214.88,216.4222,127546,2020-02-07 05:00:00
359,213.5,215.77,17735564.0,215.77,212.2,214.3283,148423,2020-02-10 05:00:00
360,219.91,217.21,16354990.0,220.01,215.29,217.8899,148149,2020-02-11 05:00:00
361,221.13,224.31,19043510.0,225.52,220.21,223.8008,160711,2020-02-12 05:00:00
362,220.0,220.36,28383670.0,225.0,218.99,221.1203,235980,2020-02-13 05:00:00
363,221.1,219.63,10973990.0,221.64,218.23,219.7732,98514,2020-02-14 05:00:00
364,218.55,220.52,13336529.0,220.85,217.51,219.2691,112880,2020-02-18 05:00:00
365,221.52,222.14,11015047.0,223.56,220.75,222.3714,103020,2020-02-19 05:00:00
366,222.5,218.04,15138203.0,222.5,214.22,218.3274,140876,2020-02-20 05:00:00
367,217.54,212.59,17888190.0,217.6,211.56,213.2966,159714,2020-02-21 05:00:00
368,203.55,206.16,19850276.0,207.28,202.51,205.1263,202034,2020-02-24 05:00:00
369,208.51,205.61,18476069.0,209.95,204.1,206.7096,173594,2020-02-25 05:00:00
370,206.8,208.74,20007965.0,213.08,206.79,209.8787,175939,2020-02-26 05:00:00
371,205.01,205.03,22604559.0,209.97,201.86,205.6121,224628,2020-02-27 05:00:00
372,198.98,208.0,32053174.0,208.92,198.561,202.9677,282632,2020-02-28 05:00:00
373,208.59,210.98,21942382.0,211.11,203.7563,207.9542,217849,2020-03-02 05:00:00
374,211.08,207.41,21103908.0,211.39,202.2398,207.2235,217989,2020-03-03 05:00:00
375,209.49,211.96,12681782.0,212.7,208.85,210.9024,122419,2020-03-04 05:00:00
376,210.0,211.46,13616571.0,215.15,209.14,211.8471,138244,2020-03-05 05:00:00
377,206.7,204.64,21997304.0,207.0,201.1,203.8992,223485,2020-03-06 05:00:00
378,195.62,197.66,26060240.0,199.89,193.93,196.9569,241146,2020-03-09 04:00:00
379,205.53,206.39,19356724.0,207.45,200.8,204.5504,182777,2020-03-10 04:00:00
380,201.65,198.91,19360474.0,203.1,196.11,199.0551,171896,2020-03-11 04:00:00
381,186.5,185.1,30264150.0,190.4865,183.93,186.6555,271436,2020-03-12 04:00:00
382,194.9,194.0,24078375.0,195.99,187.81,191.6659,227970,2020-03-13 04:00:00
383,176.15,178.85,26636182.0,188.0,174.5,181.2757,214792,2020-03-16 04:00:00
384,181.26,184.81,19616945.0,189.39,179.69,184.5413,181646,2020-03-17 04:00:00
385,176.0,180.0,22783577.0,182.41,170.0,177.1162,198569,2020-03-18 04:00:00
386,179.26,180.88,21216089.0,187.25,177.39,182.7023,194959,2020-03-19 04:00:00
387,187.74,181.3,21421916.0,188.3,180.0,184.4853,182079,2020-03-20 04:00:00
388,175.27,176.34,23051210.0,178.5,169.95,174.3517,217731,2020-03-23 04:00:00
389,183.09,185.75,21227219.0,188.8,181.18,184.9547,197255,2020-03-24 04:00:00
390,185.82,188.56,19894450.0,195.19,185.53,190.6335,181961,2020-03-25 04:00:00
391,188.64,195.32,15654921.0,196.32,187.6,192.8614,127885,2020-03-26 04:00:00
392,189.97,188.59,13558248.0,192.74,188.0,189.5227,122836,2020-03-27 04:00:00
393,187.48,191.27,12491985.0,191.48,187.01,189.7118,118681,2020-03-30 04:00:00
394,192.0,194.48,19299811.0,196.79,190.6,194.4193,181839,2020-03-31 04:00:00
395,189.5,187.56,18113609.0,192.87,185.04,188.6285,164985,2020-04-01 04:00:00
396,186.08,188.9,13624703.0,191.3,185.6922,188.3012,121907,2020-04-02 04:00:00
397,190.12,187.11,9614152.0,190.55,185.41,187.4693,89100,2020-04-03 04:00:00
398,194.74,196.45,13459843.0,196.88,192.7,195.2904,133857,2020-04-06 04:00:00
399,200.05,198.0,15362623.0,201.45,197.05,198.8638,150572,2020-04-07 04:00:00
400,198.34,195.98,13764766.0,198.86,193.8835,195.6504,142600,2020-04-08 04:00:00
401,198.65,196.37,18010432.0,200.35,193.4,196.267,182280,2020-04-09 04:00:00
402,197.4,199.44,16243324.0,200.325,195.53,198.6346,118978,2020-04-13 04:00:00
403,204.95,204.78,17128022.0,207.97,204.25,205.8186,159090,2020-04-14 04:00:00
404,204.77,208.17,10999776.0,209.15,201.31,206.0891,118570,2020-04-15 04:00:00
405,210.53,212.66,16693698.0,213.25,209.12,211.4047,169203,2020-04-16 04:00:00
406,214.9797,209.5,13958097.0,214.9797,208.8514,211.0132,149045,2020-04-17 04:00:00
407,209.87,212.13,19597659.0,216.1,209.36,213.7742,178058,2020-04-20 04:00:00
408,209.9,207.34,14283401.0,212.13,205.03,207.8305,139698,2020-04-21 04:00:00
409,212.0,209.96,13655225.0,212.0,209.21,210.3462,113259,2020-04-22 04:00:00
410,210.24,205.24,20612858.0,210.56,203.46,206.2856,191600,2020-04-23 04:00:00
411,205.89,204.36,14895298.0,206.5,202.82,204.0162,126906,2020-04-24 04:00:00
412,207.55,203.69,17515164.0,207.78,202.03,204.2931,152204,2020-04-27 04:00:00
413,204.81,201.15,17406383.0,205.19,199.407,201.4797,168253,2020-04-28 04:00:00
414,202.93,206.7,19308057.0,207.08,202.51,205.5394,164229,2020-04-29 04:00:00
415,206.25,202.67,20291254.0,206.7,199.29,202.0083,186957,2020-04-30 04:00:00
416,195.75,194.48,22517915.0,197.38,192.86,194.3854,209834,2020-05-01 04:00:00
417,194.76,191.15,25958412.0,195.0,189.53,191.4479,226294,2020-05-04 04:00:00
418,196.38,195.02,23278933.0,198.27,194.2,195.599,177817,2020-05-05 04:00:00
419,197.67,195.17,18769527.0,198.91,194.93,196.4117,158983,2020-05-06 04:00:00
420,198.0,196.49,16389344.0,198.09,194.78,196.0613,139822,2020-05-07 04:00:00
421,199.8,201.19,24138878.0,203.02,198.68,201.2059,183179,2020-05-08 04:00:00
422,202.78,205.4,18168874.0,206.64,202.38,205.2893,156506,2020-05-11 04:00:00
423,206.95,200.31,17999554.0,208.05,200.02,204.201,165749,2020-05-12 04:00:00
424,203.62,199.46,22646285.0,204.68,197.98,200.504,187616,2020-05-13 04:00:00
425,195.5,201.3,20265629.0,201.77,194.03,197.4352,192546,2020-05-14 04:00:00
426,200.7,203.68,17477952.0,204.4899,200.1,202.1618,161759,2020-05-15 04:00:00
427,212.5,215.28,24171384.0,215.47,210.37,213.308,224053,2020-05-18 04:00:00
428,216.73,217.2,21707387.0,220.59,215.19,218.4262,198169,2020-05-19 04:00:00
429,220.0,216.79,38547683.0,221.1574,210.58,216.0163,341786,2020-05-20 04:00:00
430,211.29,212.16,30281756.0,214.58,209.53,211.7363,270834,2020-05-21 04:00:00
431,203.23,199.7,52569296.0,204.88,198.99,201.6944,477981,2020-05-22 04:00:00
432,205.94,201.72,29568161.0,206.8,201.0,204.2818,262383,2020-05-26 04:00:00
433,202.99,201.18,23953269.0,202.99,196.75,199.8503,220645,2020-05-27 04:00:00
434,199.0,199.49,19022877.0,202.37,197.62,199.9858,208437,2020-05-28 04:00:00
435,200.0,207.39,43445845.0,207.88,196.7,203.1345,295711,2020-05-29 04:00:00
436,205.9,206.57,16429655.0,207.2,203.94,205.788,160923,2020-06-01 04:00:00
437,207.21,214.33,22529672.0,214.57,207.17,212.2449,231744,2020-06-02 04:00:00
438,215.6,218.61,20532611.0,218.97,213.75,216.9343,200011,2020-06-03 04:00:00
439,217.28,218.04,15154763.0,220.0,216.32,218.2401,168737,2020-06-04 04:00:00
440,220.0,219.55,12424251.0,220.59,218.7,219.6545,129806,2020-06-05 04:00:00
441,219.6,219.0,12959397.0,220.4,215.33,217.7876,138041,2020-06-08 04:00:00
442,216.31,220.72,14374473.0,220.72,216.2,219.7163,138070,2020-06-09 04:00:00
443,222.0,223.68,13661220.0,225.0,220.6,222.792,141759,2020-06-10 04:00:00
444,218.0,215.24,15789419.0,219.95,213.56,216.6682,161799,2020-06-11 04:00:00
445,218.5,217.64,12911635.0,219.5,213.88,216.8883,126222,2020-06-12 04:00:00
446,214.11,217.03,17607033.0,217.72,212.75,216.3149,126732,2020-06-15 04:00:00
447,221.0,222.62,17413316.0,224.84,220.1001,222.8262,161427,2020-06-16 04:00:00
448,224.4,224.25,12632950.0,225.0,222.5,223.9582,111533,2020-06-17 04:00:00
449,223.74,223.54,10437474.0,226.03,222.92,224.2197,109937,2020-06-18 04:00:00
450,226.38,220.64,19858716.0,226.5,220.09,222.3769,171304,2020-06-19 04:00:00
451,220.92,221.41,13405044.0,222.08,219.445,220.7166,123757,2020-06-22 04:00:00
452,225.12,228.75,18466205.0,230.225,224.53,227.3943,181936,2020-06-23 04:00:00
453,228.3,226.22,12326581.0,231.03,224.2524,226.9132,144265,2020-06-24 04:00:00
454,224.59,222.16,15091570.0,224.69,220.87,222.2609,173060,2020-06-25 04:00:00
455,222.21,215.71,19447649.0,222.26,213.5,216.1794,230084,2020-06-26 04:00:00
456,215.03,215.02,12522570.0,216.5,211.82,214.7995,142529,2020-06-29 04:00:00
457,215.74,215.7,13046452.0,216.43,212.89,215.4651,142398,2020-06-30 04:00:00
458,215.81,215.95,11914261.0,216.55,214.74,215.8594,130226,2020-07-01 04:00:00
459,221.85,223.6,18415616.0,225.025,220.06,222.6294,198493,2020-07-02 04:00:00
460,233.31,240.0,34210908.0,240.48,232.82,237.6572,298356,2020-07-06 04:00:00
461,241.01,236.51,16763822.0,241.3,236.13,238.7835,184009,2020-07-07 04:00:00
462,244.86,257.68,40249162.0,258.49,244.02,252.9494,387965,2020-07-08 04:00:00
463,265.55,261.58,37357490.0,268.0,255.91,261.0142,382846,2020-07-09 04:00:00
464,260.21,261.01,20563567.0,261.9,255.71,259.4494,195771,2020-07-10 04:00:00
465,261.45,251.67,21718825.0,265.66,250.68,257.8477,255032,2020-07-13 04:00:00
466,246.57,248.58,20019171.0,249.75,241.23,246.1751,218248,2020-07-14 04:00:00
467,251.48,249.21,12773357.0,252.5,246.54,249.3217,145458,2020-07-15 04:00:00
468,241.77,242.5,18188626.0,245.05,240.74,243.0174,209857,2020-07-16 04:00:00
469,246.55,247.14,18896229.0,247.9299,244.48,246.482,178847,2020-07-17 04:00:00
470,256.45,254.81,19291719.0,257.67,252.43,254.7252,198357,2020-07-20 04:00:00
471,261.21,257.9,17449303.0,261.92,256.52,259.1984,201731,2020-07-21 04:00:00
472,255.76,251.7,19938623.0,256.27,249.6,251.8217,214036,2020-07-22 04:00:00
473,252.1,251.88,25852551.0,257.66,248.69,252.6951,205479,2020-07-23 04:00:00
474,244.96,249.0,17515664.0,249.48,241.89,246.9303,172367,2020-07-24 04:00:00
475,247.11,250.86,19123763.0,252.87,245.81,250.2665,141310,2020-07-27 04:00:00
476,251.15,249.05,10010058.0,251.65,248.53,250.0912,111011,2020-07-28 04:00:00
477,250.34,252.45,11650952.0,254.3,250.1,252.3241,104684,2020-07-29 04:00:00
478,251.7,252.74,7129858.0,253.86,249.62,251.6024,92438,2020-07-30 04:00:00
479,254.2,251.02,12496044.0,254.4,248.1,251.0563,132257,2020-07-31 04:00:00
480,254.02,257.94,11647639.0,260.65,254.0,257.8854,135082,2020-08-03 04:00:00
481,260.08,262.2,11179120.0,262.56,258.82,261.121,109995,2020-08-04 04:00:00
482,263.74,264.91,10930782.0,265.976,261.755,264.2362,119330,2020-08-05 04:00:00
483,263.42,265.68,10479035.0,265.7,259.2,262.7565,117034,2020-08-06 04:00:00
484,257.41,252.1,22808319.0,257.76,247.57,252.7966,266040,2020-08-07 04:00:00
485,249.34,248.13,13884625.0,251.7499,246.1,248.4539,153658,2020-08-10 04:00:00
486,251.29,248.42,10856592.0,252.88,247.83,250.2642,128217,2020-08-11 04:00:00
487,249.25,255.19,11258880.0,256.08,248.68,253.4385,129910,2020-08-12 04:00:00
488,256.39,253.72,8892132.0,256.97,252.8799,254.2772,106266,2020-08-13 04:00:00
489,255.49,253.97,8041877.0,255.77,251.64,253.4858,102257,2020-08-14 04:00:00
490,253.0,256.96,9925554.0,257.375,250.085,255.0806,117224,2020-08-17 04:00:00
491,258.71,259.2,13465447.0,261.42,256.06,259.3144,143746,2020-08-18 04:00:00
492,260.89,260.59,14320434.0,261.29,257.38,259.9286,160791,2020-08-19 04:00:00
493,256.89,257.97,21684285.0,258.88,254.18,257.081,225663,2020-08-20 04:00:00
494,259.03,265.8,25805823.0,267.43,258.31,264.6271,231731,2020-08-21 04:00:00
495,273.24,276.02,22811164.0,276.97,271.62,274.5364,235048,2020-08-24 04:00:00
496,278.06,286.0,27779735.0,289.12,276.04,284.7175,281462,2020-08-25 04:00:00
497,289.26,291.96,19760865.0,292.48,284.1,289.0702,221871,2020-08-26 04:00:00
498,290.17,284.17,15066599.0,290.25,282.1,285.4013,193444,2020-08-27 04:00:00
499,285.09,289.0,9850797.0,289.5,283.57,287.66,115229,2020-08-28 04:00:00
500,288.62,287.03,13536215.0,289.19,283.61,286.4513,155549,2020-08-31 04:00:00
501,289.2,298.0,13992828.0,298.0,288.87,293.9883,171521,2020-09-01 04:00:00
502,299.0,296.07,12944693.0,299.0,289.79,294.1055,174208,2020-09-02 04:00:00
503,289.0,282.5,16993211.0,290.7334,278.16,283.252,244343,2020-09-03 04:00:00
504,279.6,281.39,16152266.0,283.78,267.39,276.8876,236003,2020-09-04 04:00:00
505,270.23,270.02,13088322.0,273.97,266.59,270.9485,168244,2020-09-08 04:00:00
506,274.45,273.15,9617101.0,275.64,270.88,273.569,129045,2020-09-09 04:00:00
507,274.9,267.55,10856398.0,277.1,267.4,272.1921,138238,2020-09-10 04:00:00
508,272.63,271.61,9527924.0,274.53,268.12,271.6424,115060,2020-09-11 04:00:00
509,275.36,274.1,7987560.0,276.29,271.76,274.0111,109847,2020-09-14 04:00:00
510,278.0,277.96,8386950.0,279.1,274.8,277.0769,100255,2020-09-15 04:00:00
511,281.03,278.14,9734451.0,283.605,278.0,280.8228,114917,2020-09-16 04:00:00
512,273.11,275.72,8182649.0,275.9,272.3213,274.2815,102389,2020-09-17 04:00:00
513,275.98,272.41,11847351.0,277.27,270.55,273.2919,118557,2020-09-18 04:00:00
514,269.1,273.82,9214393.0,274.22,266.4,270.3289,105846,2020-09-21 04:00:00
515,276.02,275.29,9794295.0,276.32,270.05,273.8682,88469,2020-09-22 04:00:00
516,275.4,272.95,7442324.0,277.83,271.5,274.3267,82888,2020-09-23 04:00:00
517,267.93,269.73,9631820.0,271.25,267.3338,269.5518,93238,2020-09-24 04:00:00
518,267.57,271.09,11579400.0,271.81,264.56,268.7444,103036,2020-09-25 04:00:00
519,275.53,276.01,8953343.0,278.84,274.1989,276.148,109931,2020-09-28 04:00:00
520,275.43,276.93,7786877.0,279.3,274.9,277.3651,92817,2020-09-29 04:00:00
521,284.01,293.98,24988224.0,295.0,283.71,290.9232,275830,2020-09-30 04:00:00
522,295.26,290.05,16652088.0,295.59,288.25,290.936,194955,2020-10-01 04:00:00
523,286.62,288.17,11667752.0,291.9794,286.51,288.9212,134360,2020-10-02 04:00:00
524,289.06,288.27,18033906.0,290.0,284.88,287.2781,181244,2020-10-05 04:00:00
525,287.41,292.39,15978834.0,296.84,286.91,293.2992,190813,2020-10-06 04:00:00
526,297.99,296.5,16873112.0,299.51,292.87,296.8833,186031,2020-10-07 04:00:00
527,298.11,300.54,15294206.0,302.3,295.441,299.7928,151363,2020-10-08 04:00:00
528,298.55,299.74,11579440.0,302.61,297.74,300.0352,137213,2020-10-09 04:00:00
529,303.95,306.34,14955332.0,309.64,301.2848,306.2288,163707,2020-10-12 04:00:00
530,306.36,308.78,11094004.0,310.01,303.03,307.8006,139947,2020-10-13 04:00:00
531,309.0,301.04,15362607.0,309.96,300.8,305.2081,174014,2020-10-14 04:00:00
532,293.8,299.46,9971016.0,299.8628,292.61,297.4795,124361,2020-10-15 04:00:00
533,303.99,307.31,12462694.0,310.0,302.95,307.3768,140363,2020-10-16 04:00:00
534,309.89,305.29,14168137.0,313.81,303.41,308.2172,160485,2020-10-19 04:00:00
535,307.6,309.81,8950465.0,311.8,307.06,309.7641,112959,2020-10-20 04:00:00
536,311.75,307.97,11272193.0,314.0,307.7,310.273,117945,2020-10-21 04:00:00
537,311.46,306.28,7993031.0,311.85,304.2101,306.8697,107495,2020-10-22 04:00:00
538,307.27,309.92,6329189.0,310.33,304.06,307.7103,89554,2020-10-23 04:00:00
539,309.92,306.87,9385027.0,315.4599,303.2,308.6507,135386,2020-10-26 04:00:00
540,307.75,317.14,13295191.0,319.32,305.61,315.318,163662,2020-10-27 04:00:00
541,313.5,307.94,13849594.0,313.5,306.0,308.5697,177647,2020-10-28 04:00:00
542,309.44,312.56,11369689.0,315.58,308.91,312.1756,142377,2020-10-29 04:00:00
543,308.55,304.69,15108181.0,310.83,300.19,305.2684,204891,2020-10-30 04:00:00
544,310.95,310.84,12099188.0,311.44,305.39,309.159,169519,2020-11-02 05:00:00
545,286.2,285.57,58786991.0,294.28,280.78,287.8618,734357,2020-11-03 05:00:00
546,287.79,295.71,29408892.0,299.17,285.3,293.1323,363266,2020-11-04 05:00:00
547,289.09,287.75,50276773.0,291.25,279.6,285.9585,673365,2020-11-05 05:00:00
548,291.49,299.95,25727817.0,300.89,289.786,295.7993,298696,2020-11-06 05:00:00
549,303.77,290.53,23206787.0,304.0,290.5,295.6404,318283,2020-11-09 05:00:00
550,279.97,266.54,61836545.0,280.0,264.33,268.6802,821452,2020-11-10 05:00:00
551,261.92,265.65,42471316.0,271.92,261.205,266.5855,486924,2020-11-11 05:00:00
552,271.04,264.31,27714835.0,271.2,263.04,266.5139,356732,2020-11-12 05:00:00
553,264.72,260.84,34043081.0,265.44,257.17,259.8458,454756,2020-11-13 05:00:00
554,260.42,258.31,21391457.0,262.57,257.03,259.3077,276855,2020-11-16 05:00:00
555,260.28,256.8,20057893.0,260.28,256.54,257.5795,284301,2020-11-17 05:00:00
556,257.76,255.83,28445164.0,258.31,252.55,255.1137,353704,2020-11-18 05:00:00
557,255.0,259.89,20688544.0,261.4,253.5601,258.284,278820,2020-11-19 05:00:00
558,263.97,270.74,34457165.0,272.3699,261.9,267.9617,419851,2020-11-20 05:00:00
559,274.75,270.11,25799954.0,275.73,266.4107,271.0305,297625,2020-11-23 05:00:00
560,276.235,279.96,21024623.0,280.61,272.8,277.463,249708,2020-11-24 05:00:00
561,275.7,277.72,15378420.0,279.33,274.05,276.5756,209421,2020-11-25 05:00:00
562,278.8,276.48,9583197.0,278.92,275.6656,276.7858,125466,2020-11-27 05:00:00
563,268.97,263.36,30919196.0,268.97,262.52,264.6318,365466,2020-11-30 05:00:00
564,265.47,264.01,14851508.0,265.67,261.57,263.7364,213565,2020-12-01 05:00:00
565,262.0,261.32,13987004.0,263.1,260.11,261.6377,183154,2020-12-02 05:00:00
566,263.78,266.91,15829551.0,268.6,263.14,266.6816,207750,2020-12-03 05:00:00
567,271.02,267.25,15747999.0,271.3,266.27,267.7529,169280,2020-12-04 05:00:00
568,265.7,264.0,11499846.0,265.97,262.6,264.233,140418,2020-12-07 05:00:00
569,265.2,266.09,9606546.0,268.4,263.87,265.957,115597,2020-12-08 05:00:00
570,267.56,263.8,9213507.0,267.91,263.1,264.8636,129671,2020-12-09 05:00:00
571,261.99,264.87,10473993.0,266.0899,261.2001,264.2795,117599,2020-12-10 05:00:00
572,264.29,264.54,7930340.0,265.3199,262.5,264.0325,108241,2020-12-11 05:00:00
573,260.32,256.03,18660381.0,260.855,256.03,257.7141,235742,2020-12-14 05:00:00
574,255.34,255.11,16818836.0,255.68,252.3,254.228,215706,2020-12-15 05:00:00
575,257.74,261.89,16043482.0,263.18,257.04,260.655,180491,2020-12-16 05:00:00
576,264.7,264.43,14498158.0,264.85,260.2,263.0313,171819,2020-12-17 05:00:00
577,263.9,260.0,16137628.0,264.9,259.2,260.4629,167744,2020-12-18 05:00:00
578,255.17,260.43,11140875.0,260.46,254.5,258.3652,146470,2020-12-21 05:00:00
579,257.87,255.83,11664226.0,258.34,255.41,256.476,161753,2020-12-22 05:00:00
580,255.5,256.18,10898176.0,257.3499,252.5301,254.7606,153436,2020-12-23 05:00:00
581,228.235,222.0,142980179.0,229.9,211.23,220.5497,1409979,2020-12-24 05:00:00
582,216.88,222.36,74557884.0,224.99,215.3201,221.7686,714404,2020-12-28 05:00:00
583,231.76,236.26,70411024.0,239.19,229.6,234.9,662427,2020-12-29 05:00:00
584,243.3484,238.39,45353720.0,243.39,234.6452,238.1751,419600,2020-12-30 05:00:00
585,237.46,232.73,23638850.0,238.92,231.0267,233.4723,260959,2020-12-31 05:00:00
586,226.5,227.85,25446468.0,230.38,225.04,227.2422,331433,2021-01-04 05:00:00
587,229.05,240.4,36157124.0,240.76,228.12,237.3101,368521,2021-01-05 05:00:00
588,234.95,227.61,37624984.0,238.3,225.86,231.6965,419280,2021-01-06 05:00:00
589,229.31,226.9,49877385.0,229.95,220.09,224.906,479209,2021-01-07 05:00:00
590,227.88,236.19,35299754.0,238.6,226.6833,234.6353,375025,2021-01-08 05:00:00
591,229.9,227.37,23414173.0,230.8245,225.86,228.9588,261559,2021-01-11 05:00:00
592,228.385,225.6,19307258.0,229.75,225.14,227.3191,223826,2021-01-12 05:00:00
593,229.94,235.3,39183087.0,240.49,226.29,233.5839,383034,2021-01-13 05:00:00
594,245.31,242.98,31948477.0,245.7,241.47,243.8768,356653,2021-01-14 05:00:00
595,246.25,243.46,21818486.0,246.99,242.1501,244.2609,234201,2021-01-15 05:00:00
596,250.0,251.65,24235453.0,252.88,246.99,249.8713,250897,2021-01-19 05:00:00
597,267.5,265.49,45494539.0,269.0,262.7,266.4602,470991,2021-01-20 05:00:00
598,264.13,260.0,20680146.0,264.6,257.9,260.1735,206242,2021-01-21 05:00:00
599,256.8,258.62,13711950.0,260.33,255.5,258.3522,160254,2021-01-22 05:00:00
600,263.62,261.38,19762439.0,265.2,257.85,261.912,237480,2021-01-25 05:00:00
601,263.8,265.92,14820161.0,266.0,261.12,264.0352,169590,2021-01-26 05:00:00
602,265.13,260.25,16260840.0,265.92,259.95,262.15,215251,2021-01-27 05:00:00
603,259.17,260.76,10403913.0,261.57,257.33,259.9767,168252,2021-01-28 05:00:00
604,256.03,253.83,14847623.0,258.9,252.3,254.893,204134,2021-01-29 05:00:00
605,258.8,264.69,15513919.0,265.0,255.195,260.8377,192607,2021-02-01 05:00:00
606,264.57,254.5,30614825.0,265.0,254.04,257.9415,375141,2021-02-02 05:00:00
607,264.7,263.43,29799599.0,268.28,261.2501,265.5505,344306,2021-02-03 05:00:00
608,269.58,266.96,17008162.0,269.99,265.5576,267.4285,200711,2021-02-04 05:00:00
609,264.61,265.67,11007967.0,266.45,263.21,264.9407,144018,2021-02-05 05:00:00
610,264.98,262.59,10908653.0,265.0,261.82,262.9623,143473,2021-02-08 05:00:00
611,263.0,266.49,12582663.0,267.2,262.54,265.5025,146540,2021-02-09 05:00:00
612,268.7,267.79,13255273.0,270.4,264.6,268.1056,170633,2021-02-10 05:00:00
613,268.75,268.93,15403728.0,274.26,267.2,270.8611,190120,2021-02-11 05:00:00
614,269.09,267.85,9450691.0,270.25,265.6804,268.4029,123542,2021-02-12 05:00:00
615,271.0,270.7,17000013.0,274.29,270.4,272.0497,186500,2021-02-16 05:00:00
616,270.89,270.83,13536369.0,272.316,267.81,270.0246,148567,2021-02-17 05:00:00
617,265.23,264.51,15599303.0,266.18,262.33,264.341,153830,2021-02-18 05:00:00
618,266.05,263.59,14683754.0,269.39,262.85,264.7334,158141,2021-02-19 05:00:00
619,257.99,254.0,14637198.0,259.46,254.0,255.8785,194757,2021-02-22 05:00:00
620,247.31,252.75,16278814.0,254.9,241.62,248.7957,235133,2021-02-23 05:00:00
621,252.0,250.34,12959446.0,252.0,248.1,250.0438,152684,2021-02-24 05:00:00
622,250.0,240.18,18131407.0,250.34,240.07,244.5293,236040,2021-02-25 05:00:00
623,244.63,237.76,17568524.0,244.9,237.65,240.1143,204509,2021-02-26 05:00:00
624,241.05,241.69,14251124.0,242.79,239.26,240.9393,171883,2021-03-01 05:00:00
625,238.79,234.42,14798836.0,241.2,234.27,237.6719,198254,2021-03-02 05:00:00
626,237.5,236.27,13762909.0,239.6086,234.4506,236.7421,186698,2021-03-03 05:00:00
627,235.0,230.5,23154703.0,236.37,228.36,232.0679,264940,2021-03-04 05:00:00
628,235.42,233.89,16202452.0,236.43,228.34,232.6107,220319,2021-03-05 05:00:00
629,229.02,226.69,17286085.0,230.81,226.53,228.169,228384,2021-03-08 05:00:00
630,233.38,238.14,15434797.0,238.74,233.075,236.596,197608,2021-03-09 05:00:00
631,241.0,234.3,10636327.0,241.325,233.64,236.0346,152091,2021-03-10 05:00:00
632,237.2,240.8,15321355.0,241.72,235.0,239.423,193963,2021-03-11 05:00:00
633,233.695,231.87,18027786.0,235.45,229.7058,231.5232,238139,2021-03-12 05:00:00
634,228.41,230.28,14713989.0,230.45,226.26,228.319,215901,2021-03-15 04:00:00
635,228.07,226.93,19526801.0,229.85,225.53,227.5543,229279,2021-03-16 04:00:00
636,226.5,233.34,17079353.0,235.63,225.81,231.7282,220990,2021-03-17 04:00:00
637,238.56,236.43,15046395.0,239.5,235.56,237.3298,204592,2021-03-18 04:00:00
638,239.66,239.79,15831051.0,241.6,236.8838,239.7043,185003,2021-03-19 04:00:00
639,235.855,237.12,12227646.0,238.53,235.0,236.7527,137861,2021-03-22 04:00:00
640,237.3,237.67,12400312.0,241.12,235.5,238.9367,171563,2021-03-23 04:00:00
641,236.83,229.59,15634536.0,237.3,229.24,232.0969,225258,2021-03-24 04:00:00
642,225.0,222.72,25068813.0,229.24,222.5,224.8662,308605,2021-03-25 04:00:00
643,222.0,227.26,22233859.0,229.239,220.42,224.9504,278513,2021-03-26 04:00:00
644,225.49,231.86,18241309.0,232.38,225.1,229.8634,212516,2021-03-29 04:00:00
645,229.27,229.25,14978289.0,230.45,226.64,228.5329,183627,2021-03-30 04:00:00
646,229.89,226.73,16974268.0,231.52,226.47,228.7329,207022,2021-03-31 04:00:00
647,230.68,224.36,23648893.0,231.25,223.5,225.7808,291641,2021-04-01 04:00:00
648,226.53,225.3,15091949.0,226.57,222.52,224.6803,178857,2021-04-05 04:00:00
649,226.03,230.57,18273645.0,232.0,225.74,229.2131,221136,2021-04-06 04:00:00
650,226.11,225.42,18179858.0,228.19,224.8,225.9088,212369,2021-04-07 04:00:00
651,228.5,228.24,12336406.0,229.42,226.62,228.2103,177758,2021-04-08 04:00:00
652,224.85,223.31,19931992.0,225.07,221.32,222.6759,278867,2021-04-09 04:00:00
653,237.89,244.01,58110489.0,244.91,236.65,241.8894,589708,2021-04-12 04:00:00
654,243.66,241.89,21133991.0,245.69,239.69,242.7153,265037,2021-04-13 04:00:00
655,244.37,239.23,12630655.0,245.09,238.65,241.3767,182480,2021-04-14 04:00:00
656,240.0,239.09,11420108.0,240.95,238.1268,239.3899,172008,2021-04-15 04:00:00
657,241.89,238.69,14627715.0,241.89,237.82,238.9977,174550,2021-04-16 04:00:00
658,237.44,234.78,11414984.0,238.42,232.81,234.928,167416,2021-04-19 04:00:00
659,232.87,229.88,12181368.0,234.63,228.4301,230.4448,171780,2021-04-20 04:00:00
660,229.33,229.44,14428800.0,229.49,226.0701,227.8788,188793,2021-04-21 04:00:00
661,228.765,229.35,12137345.0,234.0,227.8201,231.1844,180009,2021-04-22 04:00:00
662,230.65,232.08,9083213.0,233.0,230.51,231.8646,130255,2021-04-23 04:00:00
663,231.5,232.7,7952180.0,233.49,230.82,232.1839,124412,2021-04-26 04:00:00
664,233.44,235.92,11775707.0,236.93,232.08,235.3113,157970,2021-04-27 04:00:00
665,237.57,236.72,9313914.0,239.22,236.33,237.712,134762,2021-04-28 04:00:00
666,237.79,234.18,9631907.0,238.05,232.6,234.3425,145509,2021-04-29 04:00:00
667,231.77,230.95,9473905.0,233.85,230.51,231.8933,120691,2021-04-30 04:00:00
668,231.27,230.71,13741274.0,236.1699,230.4052,233.1124,160837,2021-05-03 04:00:00
669,230.25,227.9,13334192.0,231.48,225.45,227.5698,197323,2021-05-04 04:00:00
670,228.0,226.78,10119094.0,229.3,226.73,227.5261,116381,2021-05-05 04:00:00
671,227.11,226.42,12358254.0,228.44,222.88,226.3107,156446,2021-05-06 04:00:00
672,227.9,225.31,10130321.0,228.79,225.05,226.5535,146977,2021-05-07 04:00:00
673,222.87,219.53,17504894.0,222.87,218.56,219.9788,232423,2021-05-10 04:00:00
674,213.71,221.38,14248404.0,221.39,213.0,217.9499,201713,2021-05-11 04:00:00
675,224.74,219.9,20613609.0,225.29,219.0,220.9916,220875,2021-05-12 04:00:00
676,213.15,206.08,51955941.0,215.5,204.39,209.3026,603142,2021-05-13 04:00:00
677,209.9235,209.51,31669746.0,210.94,206.02,208.6458,328341,2021-05-14 04:00:00
678,210.615,211.05,20633075.0,213.15,209.44,210.9629,223482,2021-05-17 04:00:00
679,212.5,213.72,19405957.0,215.17,211.42,213.735,226188,2021-05-18 04:00:00
680,211.1,212.54,16993691.0,212.91,210.12,211.4034,210803,2021-05-19 04:00:00
681,212.995,216.99,19255465.0,217.63,212.63,215.7527,213065,2021-05-20 04:00:00
682,215.23,211.06,22824993.0,215.89,209.87,211.3563,260655,2021-05-21 04:00:00
683,210.03,210.44,16075435.0,212.01,208.7,210.6447,188517,2021-05-24 04:00:00
684,212.83,211.13,14130512.0,214.05,211.01,212.1849,167308,2021-05-25 04:00:00
685,212.3,211.78,9585878.0,213.75,211.54,212.3594,150165,2021-05-26 04:00:00
686,214.17,212.74,18807530.0,215.46,212.53,213.5654,195962,2021-05-27 04:00:00
687,212.76,213.96,10617181.0,214.53,212.06,213.8104,122289,2021-05-28 04:00:00
688,223.02,219.48,23624457.0,223.13,218.24,220.2664,294498,2021-06-01 04:00:00
689,219.43,219.59,13243211.0,219.94,217.46,219.0887,152226,2021-06-02 04:00:00
690,218.0,217.04,12604800.0,218.7,216.305,217.0105,161461,2021-06-03 04:00:00
691,218.28,219.02,9182206.0,219.08,217.14,218.4902,117777,2021-06-04 04:00:00
692,218.0,216.9,10076294.0,218.4,215.69,216.7939,141012,2021-06-07 04:00:00
693,217.29,215.82,9621922.0,218.23,214.74,215.9688,140401,2021-06-08 04:00:00
694,215.21,213.32,10349439.0,216.57,213.31,214.6646,141640,2021-06-09 04:00:00
695,213.5,213.07,10886687.0,214.8,212.21,213.3978,157411,2021-06-10 04:00:00
696,213.45,211.64,12465068.0,213.46,211.0,211.7404,154457,2021-06-11 04:00:00
697,212.25,213.94,10916837.0,215.165,212.2435,213.7091,138231,2021-06-14 04:00:00
698,214.17,210.06,12353695.0,214.49,209.64,211.0588,169864,2021-06-15 04:00:00
699,209.75,209.32,11066332.0,211.62,208.2256,209.9185,164684,2021-06-16 04:00:00
700,209.9,211.6,11342651.0,212.49,209.77,211.4153,145012,2021-06-17 04:00:00
701,212.01,212.3,13770843.0,213.84,210.59,212.3749,159502,2021-06-18 04:00:00
702,210.55,211.06,9148059.0,211.78,208.99,210.6705,136985,2021-06-21 04:00:00
703,210.42,211.32,11218512.0,211.66,209.86,210.9045,129970,2021-06-22 04:00:00
704,214.19,214.86,14002085.0,216.33,213.13,214.9512,168174,2021-06-23 04:00:00
705,216.99,218.38,13648562.0,219.58,215.56,217.9066,150156,2021-06-24 04:00:00
706,221.71,228.5,27640318.0,230.25,221.1,225.7695,256997,2021-06-25 04:00:00
707,229.5,228.59,13827766.0,230.89,226.72,228.5866,181034,2021-06-28 04:00:00
708,226.7,229.44,10378893.0,229.64,225.602,227.9463,140231,2021-06-29 04:00:00
709,226.99,226.78,9532744.0,227.98,225.68,226.6298,143879,2021-06-30 04:00:00
710,228.07,221.87,13460947.0,228.85,221.55,223.5444,185901,2021-07-01 04:00:00
711,219.16,217.75,13195784.0,219.5,216.46,217.6418,179725,2021-07-02 04:00:00
712,215.32,211.6,24019901.0,215.4,209.3733,211.8852,316959,2021-07-06 04:00:00
713,211.61,208.0,18593534.0,212.05,207.82,209.5327,226417,2021-07-07 04:00:00
714,201.71,199.85,34346711.0,202.28,198.26,200.1534,437141,2021-07-08 04:00:00
715,202.05,205.94,17165664.0,207.268,201.5,205.0715,211972,2021-07-09 04:00:00
716,203.9,205.48,11498477.0,206.455,203.02,205.0491,163344,2021-07-12 04:00:00
717,209.23,209.51,17571002.0,212.81,208.19,210.5281,226075,2021-07-13 04:00:00
718,215.5,211.5,19574296.0,216.35,211.03,213.3441,221886,2021-07-14 04:00:00
719,215.11,214.76,14514418.0,216.6,213.1606,214.63,192273,2021-07-15 04:00:00
720,214.85,212.1,11216350.0,215.2,211.46,212.4292,137354,2021-07-16 04:00:00
721,206.1,208.91,16104658.0,209.08,203.24,206.3955,240187,2021-07-19 04:00:00
722,209.0,210.59,10032854.0,211.5,207.4668,209.7481,119792,2021-07-20 04:00:00
723,209.15,211.08,7769207.0,211.85,208.42,210.4452,104874,2021-07-21 04:00:00
724,212.64,214.04,10540809.0,216.39,212.6,214.4044,132466,2021-07-22 04:00:00
725,206.29,206.53,25838364.0,206.89,203.56,205.172,308819,2021-07-23 04:00:00
726,198.37,191.76,56293546.0,198.575,190.88,194.0838,680548,2021-07-26 04:00:00
727,183.59,186.07,60219059.0,186.9,179.6701,183.4483,666457,2021-07-27 04:00:00
728,190.23,196.01,34898210.0,198.0,189.76,193.8171,410009,2021-07-28 04:00:00
729,201.045,197.54,23363233.0,201.14,194.91,198.247,288224,2021-07-29 04:00:00
730,190.58,195.19,17250595.0,196.045,190.49,194.244,214665,2021-07-30 04:00:00
731,196.27,200.09,17844369.0,202.07,196.25,200.343,221378,2021-08-02 04:00:00
732,195.01,197.38,20087916.0,197.44,192.0,195.3621,269827,2021-08-03 04:00:00
733,197.49,200.71,22323031.0,203.275,196.91,201.2144,250562,2021-08-04 04:00:00
734,199.27,199.28,9881409.0,200.29,197.64,199.135,156249,2021-08-05 04:00:00
735,199.25,196.39,11967719.0,199.32,195.68,196.8924,169105,2021-08-06 04:00:00
736,194.58,195.25,14640158.0,195.5,192.82,194.3774,180656,2021-08-09 04:00:00
737,197.27,195.73,9283680.0,198.45,195.0727,196.3587,135885,2021-08-10 04:00:00
738,196.6,194.86,8980245.0,196.92,194.73,195.5702,130755,2021-08-11 04:00:00
739,191.17,191.66,12885440.0,192.98,189.685,190.9909,166794,2021-08-12 04:00:00
740,188.61,188.62,15376980.0,189.26,186.71,187.7771,210658,2021-08-13 04:00:00
741,185.0,182.71,21028957.0,186.26,181.51,183.1772,281862,2021-08-16 04:00:00
742,175.92,173.73,40491975.0,177.89,173.15,174.9995,477709,2021-08-17 04:00:00
743,174.1,172.35,34322132.0,175.36,172.11,173.6893,396837,2021-08-18 04:00:00
744,166.7,160.55,66639453.0,167.2644,159.51,162.6217,724204,2021-08-19 04:00:00
745,164.12,157.96,75948193.0,166.93,155.5,160.5788,684452,2021-08-20 04:00:00
746,159.28,161.06,88499153.0,161.47,152.8,156.8032,790403,2021-08-23 04:00:00
747,169.04,171.7,62390404.0,174.1515,168.1575,171.4066,639822,2021-08-24 04:00:00
748,168.7,169.1,26032512.0,169.61,166.08,167.5429,295046,2021-08-25 04:00:00
749,167.46,165.24,18791499.0,168.45,164.82,166.2475,220270,2021-08-26 04:00:00
750,159.99,159.47,31693950.0,161.7699,158.55,159.7244,374326,2021-08-27 04:00:00
751,160.17,162.29,23769393.0,163.29,158.23,160.9693,273261,2021-08-30 04:00:00
752,167.7,166.99,24629105.0,169.0,166.14,167.4022,272034,2021-08-31 04:00:00
753,169.56,173.28,29550195.0,174.79,169.33,172.9035,330610,2021-09-01 04:00:00
754,178.01,172.0,29374892.0,178.18,171.67,174.3389,308973,2021-09-02 04:00:00
755,169.525,170.3,16430499.0,172.06,168.88,170.8067,192451,2021-09-03 04:00:00
756,174.15,175.16,25054638.0,176.84,173.37,175.1372,268402,2021-09-07 04:00:00
757,174.25,170.71,18993031.0,174.37,169.26,170.7404,232102,2021-09-08 04:00:00
758,167.3,167.32,17295795.0,169.04,165.58,167.6437,216486,2021-09-09 04:00:00
759,171.2,168.1,15064274.0,171.64,167.61,169.4608,184223,2021-09-10 04:00:00
760,164.49,165.41,15745798.0,166.8623,163.02,165.0526,203307,2021-09-13 04:00:00
761,162.86,160.15,21091408.0,163.069,159.48,160.9945,254507,2021-09-14 04:00:00
762,157.95,157.86,32016429.0,158.03,153.92,156.1396,364472,2021-09-15 04:00:00
763,154.92,156.26,24358936.0,157.6388,153.67,156.0273,236703,2021-09-16 04:00:00
764,158.48,160.05,25543294.0,160.38,158.09,159.579,239716,2021-09-17 04:00:00
765,154.4,151.49,36177471.0,155.14,149.09,151.7134,419830,2021-09-20 04:00:00
766,151.58,150.18,19474706.0,152.58,149.571,150.5425,215890,2021-09-21 04:00:00
767,151.47,151.89,19832038.0,154.0,151.02,152.2684,217803,2021-09-22 04:00:00
768,152.58,151.19,24177475.0,152.68,149.61,150.5783,241736,2021-09-23 04:00:00
769,147.71,145.08,32030559.0,148.0,144.57,145.6653,374797,2021-09-24 04:00:00
770,144.92,150.18,24287443.0,150.99,144.44,148.0443,255338,2021-09-27 04:00:00
771,152.16,152.39,26295730.0,153.73,148.86,151.38,278311,2021-09-28 04:00:00
772,150.46,147.58,17360850.0,152.1,147.48,149.1315,224298,2021-09-29 04:00:00
773,147.03,148.05,14551780.0,149.58,146.8644,148.0554,166464,2021-09-30 04:00:00
774,147.09,144.2,19917753.0,148.45,143.34,144.4876,233454,2021-10-01 04:00:00
775,141.7,139.63,25218515.0,141.9,138.43,139.9246,297424,2021-10-04 04:00:00
776,139.38,143.14,14032088.0,143.83,139.19,142.4249,164440,2021-10-05 04:00:00
777,140.56,144.1,14825904.0,144.892,139.96,143.5436,164142,2021-10-06 04:00:00
778,151.05,156.0,45964862.0,158.29,150.75,155.6819,463108,2021-10-07 04:00:00
779,159.86,161.52,34086833.0,162.78,157.91,160.9388,337624,2021-10-08 04:00:00
780,169.61,163.95,42163575.0,169.8,163.95,166.4671,433827,2021-10-11 04:00:00
781,163.825,163.0,24512652.0,165.73,162.24,163.5747,234805,2021-10-12 04:00:00
782,164.38,167.4,18595001.0,168.265,163.6,166.6213,202797,2021-10-13 04:00:00
783,168.26,166.78,17403731.0,168.99,164.46,166.187,171910,2021-10-14 04:00:00
784,166.99,168.0,20762753.0,169.8,165.435,167.8098,209163,2021-10-15 04:00:00
785,166.58,166.82,18945873.0,169.25,166.58,167.7365,164383,2021-10-18 04:00:00
786,170.6,177.0,33538853.0,177.44,170.45,174.4229,362122,2021-10-19 04:00:00
787,180.95,177.18,33714430.0,182.09,176.1301,178.3166,333406,2021-10-20 04:00:00
788,177.0,177.42,16443998.0,179.78,176.71,177.779,170930,2021-10-21 04:00:00
789,179.08,177.7,20807336.0,182.09,175.81,178.3855,209674,2021-10-22 04:00:00
790,177.86,176.17,13119711.0,178.28,173.83,175.6256,160707,2021-10-25 04:00:00
791,174.48,169.99,17576988.0,174.9,167.48,170.8621,224359,2021-10-26 04:00:00
792,167.53,169.23,11801789.0,172.45,167.34,169.6677,159795,2021-10-27 04:00:00
793,168.49,169.79,12440142.0,170.35,166.77,169.4541,142327,2021-10-28 04:00:00
794,167.07,164.94,17155367.0,168.56,162.72,165.2689,221134,2021-10-29 04:00:00
795,165.84,170.17,17609488.0,171.895,165.8,169.8163,202345,2021-11-01 04:00:00
796,167.1,162.9,19072886.0,167.1,162.76,163.9437,237001,2021-11-02 04:00:00
797,165.36,166.24,13569682.0,166.65,163.11,165.4421,158549,2021-11-03 04:00:00
798,169.28,164.79,16414249.0,169.94,164.5,165.9918,186279,2021-11-04 04:00:00
799,164.795,158.73,22098218.0,164.795,158.3,160.125,304230,2021-11-05 04:00:00
800,161.765,162.16,16213504.0,162.16,159.48,161.0569,207807,2021-11-08 05:00:00
801,162.16,160.19,14010126.0,164.48,159.54,161.1478,176873,2021-11-09 05:00:00
802,163.68,163.97,17216642.0,166.48,161.82,164.4059,210557,2021-11-10 05:00:00
803,166.56,167.85,16747451.0,169.63,166.56,168.086,193141,2021-11-11 05:00:00
804,165.1735,166.81,13741775.0,167.8,163.4,165.6882,161666,2021-11-12 05:00:00
805,167.22,166.54,9655701.0,168.46,165.67,166.9045,128121,2021-11-15 05:00:00
806,168.6,168.43,11887505.0,169.94,166.67,168.3449,148200,2021-11-16 05:00:00
807,168.02,161.58,18828328.0,168.3,161.135,162.8142,230252,2021-11-17 05:00:00
808,146.91,143.6,61571451.0,148.5,141.89,145.1334,714372,2021-11-18 05:00:00
809,143.04,140.34,28313242.0,145.06,140.0,141.2818,350448,2021-11-19 05:00:00
810,139.9,136.62,26390394.0,140.7,135.21,137.5228,335531,2021-11-22 05:00:00
811,136.032,133.66,24102862.0,136.8499,133.31,134.5975,280984,2021-11-23 05:00:00
812,133.1,136.52,20010443.0,136.76,131.22,134.6606,222307,2021-11-24 05:00:00
813,132.93,133.35,14814898.0,133.9804,131.22,132.5863,197767,2021-11-26 05:00:00
814,134.25,131.61,18620852.0,134.55,130.55,131.9394,231159,2021-11-29 05:00:00
815,129.9008,127.53,32604945.0,131.32,126.13,127.9726,399517,2021-11-30 05:00:00
816,128.37,122.49,29340503.0,129.155,121.9,125.3265,363228,2021-12-01 05:00:00
817,123.02,122.0,34361894.0,125.0,119.3401,122.343,356352,2021-12-02 05:00:00
818,118.0,111.96,70266474.0,118.19,108.7,112.4965,704377,2021-12-03 05:00:00
819,113.64,123.6,43111395.0,123.82,113.43,119.8799,436164,2021-12-06 05:00:00
820,129.3,125.54,38542808.0,129.4499,123.4601,125.6987,384523,2021-12-07 05:00:00
821,123.21,125.08,22275034.0,126.97,121.32,124.9307,231868,2021-12-08 05:00:00
822,124.63,123.91,23494301.0,127.76,123.2117,124.7559,200065,2021-12-09 05:00:00
823,123.22,125.06,15008280.0,125.21,122.7797,124.089,157851,2021-12-10 05:00:00
824,123.0,122.24,15820490.0,123.25,119.75,121.8572,189420,2021-12-13 05:00:00
825,120.93,126.58,17689102.0,127.65,120.3,125.2466,201846,2021-12-14 05:00:00
826,122.63,122.47,24893463.0,123.59,117.77,120.4422,313497,2021-12-15 05:00:00
827,122.32,120.25,22533387.0,125.69,118.9,121.0954,232019,2021-12-16 05:00:00
828,119.49,122.1,19774489.0,122.87,117.81,121.2763,197855,2021-12-17 05:00:00
829,118.5,115.0,23960443.0,118.83,113.695,115.4312,246218,2021-12-20 05:00:00
830,116.85,122.98,18036275.0,122.98,116.6,121.2759,201011,2021-12-21 05:00:00
831,117.09,117.81,24496485.0,118.66,115.15,117.4972,239279,2021-12-22 05:00:00
832,116.8,118.66,17563254.0,119.59,115.39,117.6282,179843,2021-12-23 05:00:00
833,117.8,116.59,17864372.0,121.8,116.1021,118.1001,191134,2021-12-27 05:00:00
834,116.26,114.8,16752102.0,116.42,114.47,115.152,170536,2021-12-28 05:00:00
835,113.8,112.09,21050763.0,114.2,110.38,111.808,238334,2021-12-29 05:00:00
836,112.63,122.99,45437131.0,124.3,112.3,121.07,410124,2021-12-30 05:00:00
837,121.23,118.79,24287047.0,122.91,118.59,119.858,228880,2021-12-31 05:00:00
838,119.38,120.38,16789353.0,121.95,115.82,119.698,173466,2022-01-03 05:00:00
839,119.53,119.56,20824000.0,120.87,115.77,118.5575,215425,2022-01-04 05:00:00
840,118.0,121.16,36624821.0,126.62,117.7001,123.6033,321159,2022-01-05 05:00:00
841,124.26,126.63,32023782.0,128.3999,123.465,126.5623,289055,2022-01-06 05:00:00
842,130.24,129.81,38113003.0,133.88,128.18,131.0488,327564,2022-01-07 05:00:00
843,131.99,128.3,23371821.0,132.6,126.23,128.0857,209730,2022-01-10 05:00:00
844,129.21,132.19,23613430.0,134.23,127.47,132.2036,224398,2022-01-11 05:00:00
845,136.02,137.41,25961080.0,138.7,135.585,136.9696,259320,2022-01-12 05:00:00
846,135.2,131.37,19887678.0,135.92,131.3,132.731,226921,2022-01-13 05:00:00
847,132.81,131.57,18614915.0,134.36,129.35,131.3218,183859,2022-01-14 05:00:00
848,126.27,128.6,26136112.0,132.13,124.82,128.8631,244182,2022-01-18 05:00:00
849,128.1,127.74,14635150.0,130.86,127.13,128.8609,173062,2022-01-19 05:00:00
850,135.77,131.03,28966440.0,136.75,130.68,133.501,313427,2022-01-20 05:00:00
851,128.23,123.23,26329433.0,128.96,122.5207,125.1678,291551,2022-01-21 05:00:00
852,119.32,120.37,28468360.0,120.78,115.32,118.2739,331225,2022-01-24 05:00:00
853,119.91,119.14,22215231.0,122.4599,118.04,119.5548,229014,2022-01-25 05:00:00
854,120.93,113.37,27513215.0,120.93,112.9624,115.8798,315130,2022-01-26 05:00:00
855,113.11,111.79,21472705.0,114.54,110.27,112.4421,236501,2022-01-27 05:00:00
856,113.25,115.23,18892421.0,115.32,110.06,112.6673,209656,2022-01-28 05:00:00
857,118.17,125.79,20346454.0,125.87,117.5,122.7584,239921,2022-01-31 05:00:00
858,124.81,127.22,15027345.0,128.0,122.97,126.4512,159644,2022-02-01 05:00:00
859,127.63,122.88,14050109.0,127.63,121.17,123.2223,156890,2022-02-02 05:00:00
860,121.55,123.47,16645934.0,125.27,120.73,123.8162,173457,2022-02-03 05:00:00
861,121.27,122.22,13487629.0,123.94,119.66,122.0132,170713,2022-02-04 05:00:00
862,116.1,114.82,28589202.0,116.55,113.6,115.3069,336243,2022-02-07 05:00:00
863,118.16,121.9,22340508.0,122.24,116.8,120.8697,229619,2022-02-08 05:00:00
864,123.09,126.5,18253569.0,126.8,121.94,125.4468,200065,2022-02-09 05:00:00
865,124.11,123.98,16113417.0,128.34,123.4,125.456,172556,2022-02-10 05:00:00
866,125.335,122.25,13889857.0,126.72,121.94,124.2141,171022,2022-02-11 05:00:00
867,120.56,121.92,13154932.0,122.384,119.37,121.1445,163491,2022-02-14 05:00:00
868,123.77,126.24,14634690.0,126.805,123.3776,125.5976,140570,2022-02-15 05:00:00
869,125.61,125.56,17982787.0,127.58,124.51,125.7881,131875,2022-02-16 05:00:00
870,125.0,124.43,15905989.0,129.4,124.0563,126.6068,193165,2022-02-17 05:00:00
871,120.88,118.99,21142949.0,120.88,117.2,118.6978,239655,2022-02-18 05:00:00
872,114.0,112.93,21755083.0,114.85,112.06,113.2725,267563,2022-02-22 05:00:00
873,115.1,109.72,24088834.0,115.4,109.6,111.0598,268779,2022-02-23 05:00:00
874,100.0735,108.93,35294738.0,108.95,100.02,105.746,378397,2022-02-24 05:00:00
875,107.89,107.94,21428377.0,108.55,104.0,106.6892,233638,2022-02-25 05:00:00
876,105.97,105.19,23063511.0,107.49,103.64,105.2807,235971,2022-02-28 05:00:00
877,105.85,107.09,21190003.0,111.25,105.85,108.4156,235373,2022-03-01 05:00:00
878,107.39,105.42,20789336.0,107.39,103.24,104.9791,206649,2022-03-02 05:00:00
879,106.03,102.05,21713713.0,106.6299,101.07,102.2921,234094,2022-03-03 05:00:00
880,100.29,100.6,24560164.0,104.39,99.33,101.1345,260760,2022-03-04 05:00:00
881,99.56,98.66,20679440.0,103.36,98.6,100.4674,222573,2022-03-07 05:00:00
882,99.32,97.5,23275463.0,100.91,95.57,98.1715,250634,2022-03-08 05:00:00
883,100.26,100.93,20853630.0,100.97,98.32,100.117,225854,2022-03-09 05:00:00
884,95.19,92.92,37654156.0,95.7,90.82,92.679,416381,2022-03-10 05:00:00
885,93.26,86.71,39341801.0,93.95,86.68,88.793,357666,2022-03-11 05:00:00
886,80.7,77.76,69992642.0,82.45,77.08,79.3418,661720,2022-03-14 04:00:00
887,75.1,76.76,86209274.0,80.14,73.28,76.0082,713714,2022-03-15 04:00:00
888,92.0,104.98,159834315.0,105.74,87.12,96.1817,1164242,2022-03-16 04:00:00
889,99.14,100.37,80496212.0,101.89,95.77,98.9774,600497,2022-03-17 04:00:00
890,100.5,108.3,83781781.0,111.74,99.6,107.7672,627311,2022-03-18 04:00:00
891,102.81,103.59,58882855.0,105.68,98.7,102.2958,430096,2022-03-21 04:00:00
892,114.01,114.99,88193397.0,118.24,112.37,115.7444,659499,2022-03-22 04:00:00
893,115.7,117.24,81605666.0,124.1112,112.68,118.6688,589280,2022-03-23 04:00:00
894,112.86,115.15,55850182.0,116.5,110.82,113.5845,407286,2022-03-24 04:00:00
895,110.53,112.99,42396477.0,113.86,109.4,111.8314,340157,2022-03-25 04:00:00
896,113.86,115.09,30168019.0,116.23,111.92,114.3145,247132,2022-03-28 04:00:00
897,118.36,116.71,28060916.0,119.6,115.74,117.0894,242039,2022-03-29 04:00:00
898,115.54,116.58,28381709.0,120.1022,115.54,117.845,249501,2022-03-30 04:00:00
899,115.03,108.8,31240219.0,115.09,108.71,111.0181,308107,2022-03-31 04:00:00
900,117.62,110.2,55873017.0,118.95,109.75,113.7013,427664,2022-04-01 04:00:00
901,115.7,117.5,39118587.0,118.22,113.375,116.2332,304685,2022-04-04 04:00:00
902,115.0,111.0,35224539.0,115.0,110.23,111.6699,288804,2022-04-05 04:00:00
903,109.24,107.68,23739792.0,109.47,106.12,107.41,232854,2022-04-06 04:00:00
904,106.68,104.27,26809864.0,107.53,102.61,104.3452,269647,2022-04-07 04:00:00
905,104.48,103.53,20807870.0,106.47,103.3285,104.6994,204537,2022-04-08 04:00:00
906,101.09,101.55,23504132.0,103.92,99.16,102.1466,230454,2022-04-11 04:00:00
907,101.18,99.75,23953624.0,102.33,99.39,100.6964,221873,2022-04-12 04:00:00
908,99.24,100.03,18330407.0,101.35,98.21,100.1738,176995,2022-04-13 04:00:00
909,97.29,95.49,20931243.0,99.2707,95.305,96.812,219584,2022-04-14 04:00:00
910,93.77,94.71,19154968.0,95.2799,91.82,93.7144,196097,2022-04-18 04:00:00
911,92.29,93.5,23869961.0,93.95,90.95,92.8691,223370,2022-04-19 04:00:00
912,93.48,89.41,20949708.0,93.7,89.27,90.764,227829,2022-04-20 04:00:00
913,89.55,85.99,25639027.0,90.01,85.4,87.1039,236987,2022-04-21 04:00:00
914,86.5,86.49,25087266.0,90.6801,86.3106,88.3175,249290,2022-04-22 04:00:00
915,82.7,85.84,24673982.0,86.17,81.8,84.5356,252426,2022-04-25 04:00:00
916,85.87,83.99,21194574.0,86.24,83.28,84.6817,201368,2022-04-26 04:00:00
917,85.32,88.32,29351561.0,89.41,84.78,87.1237,274057,2022-04-27 04:00:00
918,88.62,90.91,17707498.0,90.98,86.94,88.9601,192791,2022-04-28 04:00:00
919,101.53,97.09,44903353.0,103.52,96.66,100.0515,418981,2022-04-29 04:00:00
920,96.41,101.21,25479548.0,101.32,95.15,98.9109,258254,2022-05-02 04:00:00
921,100.13,100.38,15216107.0,102.69,99.43,100.5399,163743,2022-05-03 04:00:00
922,97.72,101.41,17740624.0,101.57,96.61,98.9462,196838,2022-05-04 04:00:00
923,97.94,94.64,18673098.0,98.47,94.0501,95.5027,208371,2022-05-05 04:00:00
924,93.36,90.05,18568583.0,93.86,88.71,90.628,210150,2022-05-06 04:00:00
925,86.955,84.84,23338572.0,88.6,84.43,86.0434,228922,2022-05-09 04:00:00
926,88.64,84.57,23400882.0,88.64,83.51,85.0899,217110,2022-05-10 04:00:00
927,85.51,81.73,24962414.0,87.52,81.47,84.1814,237733,2022-05-11 04:00:00
928,80.68,81.09,23833077.0,83.12,78.01,80.6056,230172,2022-05-12 04:00:00
929,82.12,87.99,20060383.0,88.36,82.0,86.3499,189415,2022-05-13 04:00:00
930,87.7,86.48,19644809.0,89.08,86.34,87.5847,189441,2022-05-16 04:00:00
931,92.75,91.99,27330326.0,94.48,89.54,91.9678,261254,2022-05-17 04:00:00
932,90.0,87.31,18991274.0,91.64,87.0,89.2371,184600,2022-05-18 04:00:00
933,86.18,87.69,20776427.0,90.09,85.74,87.6855,212926,2022-05-19 04:00:00
934,88.7,86.79,21020333.0,90.17,84.73,87.0319,208353,2022-05-20 04:00:00
935,87.06,87.23,13998246.0,87.415,84.76,86.4743,145087,2022-05-23 04:00:00
936,84.99,82.47,15214413.0,85.12,81.54,83.0462,164087,2022-05-24 04:00:00
937,83.72,82.31,23087224.0,84.07,81.07,82.4987,218924,2022-05-25 04:00:00
938,87.3,94.48,50825030.0,95.09,86.73,92.4647,388527,2022-05-26 04:00:00
939,92.21,93.41,26717834.0,94.5,90.37,92.7414,229685,2022-05-27 04:00:00
940,98.33,96.05,33743023.0,99.32,95.45,96.8385,251975,2022-05-31 04:00:00
941,95.9,93.38,23730920.0,96.9299,91.88,93.7501,171466,2022-06-01 04:00:00
942,93.67,97.5,23028126.0,97.63,93.4,96.3837,189594,2022-06-02 04:00:00
943,95.15,93.21,15855929.0,96.0,93.0227,94.4423,130064,2022-06-03 04:00:00
944,99.64,99.01,37287194.0,102.42,97.915,100.2897,301445,2022-06-06 04:00:00
945,99.99,104.32,35958730.0,104.4599,99.42,102.0539,264498,2022-06-07 04:00:00
946,108.26,119.62,92336977.0,121.055,107.81,115.838,701783,2022-06-08 04:00:00
947,115.0,109.9,72637209.0,118.2196,109.44,113.4828,557296,2022-06-09 04:00:00
948,113.66,109.84,49813034.0,114.82,108.24,110.2467,377195,2022-06-10 04:00:00
949,103.61,98.52,36396684.0,104.53,97.58,99.778,321313,2022-06-13 04:00:00
950,101.99,105.23,28567494.0,106.075,100.83,103.8895,246769,2022-06-14 04:00:00
951,106.81,108.03,24026055.0,108.63,104.3819,106.3677,239515,2022-06-15 04:00:00
952,102.79,101.45,22357761.0,104.91,100.51,102.5885,212665,2022-06-16 04:00:00
953,112.54,102.24,72769300.0,112.75,101.3263,104.6578,552605,2022-06-17 04:00:00
954,105.96,106.39,33964472.0,107.062,103.87,105.6768,261988,2022-06-21 04:00:00
955,104.23,105.15,24252479.0,107.1,103.08,105.2051,206453,2022-06-22 04:00:00
956,109.96,112.11,33228155.0,113.0898,108.0811,110.7532,284172,2022-06-23 04:00:00
957,115.3,117.62,27029850.0,118.09,114.3,116.3177,243573,2022-06-24 04:00:00
958,119.97,118.73,21724327.0,121.38,117.88,119.1391,213978,2022-06-27 04:00:00
959,118.98,116.76,18676383.0,120.93,116.51,118.4036,195715,2022-06-28 04:00:00
960,115.81,116.03,13792734.0,117.09,113.71,115.5092,150380,2022-06-29 04:00:00
961,113.77,113.68,13836210.0,114.6,111.38,113.3611,162248,2022-06-30 04:00:00
962,113.63,116.0,16679403.0,116.625,112.92,115.3487,175415,2022-07-01 04:00:00
963,114.51,120.13,21017804.0,120.53,112.14,116.6361,207791,2022-07-05 04:00:00
964,118.93,119.12,20222716.0,120.0,115.51,117.6751,201846,2022-07-06 04:00:00
965,120.63,122.39,24202036.0,125.0,120.63,123.3326,232165,2022-07-07 04:00:00
966,122.26,120.9,27221428.0,125.84,120.7,122.8231,264439,2022-07-08 04:00:00
967,115.46,109.57,31296867.0,115.58,109.33,110.7737,295540,2022-07-11 04:00:00
968,110.86,109.21,22318512.0,111.0,107.06,108.8398,214819,2022-07-12 04:00:00
969,106.84,109.1,16861432.0,110.64,106.75,109.1132,179313,2022-07-13 04:00:00
970,107.8,103.76,35292623.0,108.54,100.71,104.3096,310884,2022-07-14 04:00:00
971,103.49,102.44,33572295.0,103.64,97.84,100.5595,303002,2022-07-15 04:00:00
972,105.88,103.14,20503351.0,106.96,102.95,104.6595,181950,2022-07-18 04:00:00
973,103.97,104.75,19842524.0,104.82,101.53,103.6151,168365,2022-07-19 04:00:00
974,106.24,103.96,21897868.0,107.16,102.85,104.3275,193861,2022-07-20 04:00:00
975,104.06,105.13,17865507.0,106.61,103.68,104.7896,156659,2022-07-21 04:00:00
976,104.31,100.61,18815953.0,104.7,99.68,101.3708,180117,2022-07-22 04:00:00
977,100.5,101.06,16604302.0,101.27,98.74,100.2357,145996,2022-07-25 04:00:00
978,104.31,101.44,28004262.0,105.25,100.81,102.1834,244662,2022-07-26 04:00:00
979,102.2,102.78,19366620.0,102.97,99.8,101.5135,176333,2022-07-27 04:00:00
980,101.92,100.55,33875401.0,102.68,95.62,98.3507,303533,2022-07-28 04:00:00
981,94.22,89.37,59201756.0,94.22,89.11,91.3476,487483,2022-07-29 04:00:00
982,89.19,90.34,36050925.0,90.54,88.0,89.2927,307293,2022-08-01 04:00:00
983,88.2,92.62,34430523.0,94.87,88.2,92.3992,305397,2022-08-02 04:00:00
984,92.0,95.72,23921690.0,96.3,90.92,94.6951,223347,2022-08-03 04:00:00
985,101.07,97.43,42517833.0,103.0,95.06,98.394,335479,2022-08-04 04:00:00
986,93.07,92.56,27206134.0,94.17,90.7301,92.4619,232496,2022-08-05 04:00:00
987,91.47,90.84,16194085.0,92.75,90.34,91.2736,149551,2022-08-08 04:00:00
988,91.19,91.19,16744908.0,93.1199,90.6,91.4314,122663,2022-08-09 04:00:00
989,91.17,92.43,17855365.0,92.95,88.56,91.3899,160288,2022-08-10 04:00:00
990,94.49,94.87,17521225.0,97.71,93.63,95.5218,172629,2022-08-11 04:00:00
991,91.51,94.77,17846425.0,94.8,91.43,93.6304,156403,2022-08-12 04:00:00
992,93.2,94.2,14425111.0,94.63,92.38,93.7406,121424,2022-08-15 04:00:00
993,92.69,92.65,12003155.0,93.5699,91.4,92.5046,122649,2022-08-16 04:00:00
994,91.87,89.77,14491455.0,92.39,89.76,90.5821,146161,2022-08-17 04:00:00
995,90.05,90.74,13418564.0,91.93,88.52,90.2923,129605,2022-08-18 04:00:00
996,90.41,89.63,12364344.0,91.65,89.18,89.7838,111809,2022-08-19 04:00:00
997,89.57,90.03,15545032.0,90.88,89.3,90.1709,134399,2022-08-22 04:00:00
998,89.17,89.83,17345880.0,90.18,86.71,88.9367,151589,2022-08-23 04:00:00
999,87.9,92.52,22808330.0,94.1482,87.55,92.1877,207611,2022-08-24 04:00:00
1000,96.06,99.89,39062258.0,101.03,94.95,98.806,364381,2022-08-25 04:00:00
1001,104.84,98.0,45760441.0,104.85,97.61,100.8172,403755,2022-08-26 04:00:00
1002,98.96,96.6,18323471.0,100.91,96.48,98.3931,170413,2022-08-29 04:00:00
1003,95.86,93.84,17865794.0,96.97,92.62,93.9353,174655,2022-08-30 04:00:00
1004,96.66,95.41,16169039.0,98.62,94.92,96.461,157247,2022-08-31 04:00:00
1005,92.75,93.71,11897127.0,94.52,91.67,93.0867,127075,2022-09-01 04:00:00
1006,91.77,91.8,12378935.0,93.668,90.77,92.1401,124688,2022-09-02 04:00:00
1007,89.32,88.45,15573459.0,89.47,87.8,88.6688,153774,2022-09-06 04:00:00
1008,88.52,90.6,12753290.0,90.86,87.7564,89.5611,101816,2022-09-07 04:00:00
1009,88.56,89.52,13291754.0,90.1799,88.28,89.3591,106403,2022-09-08 04:00:00
1010,91.05,92.14,10759201.0,92.9,90.72,92.0589,107717,2022-09-09 04:00:00
1011,92.42,94.69,15604001.0,94.84,91.81,94.0328,149243,2022-09-12 04:00:00
1012,90.76,89.47,21128513.0,92.18,89.23,90.4832,209149,2022-09-13 04:00:00
1013,89.46,88.92,10843634.0,89.78,88.17,88.8387,113760,2022-09-14 04:00:00
1014,88.63,88.83,12188847.0,91.095,88.2,89.6183,108978,2022-09-15 04:00:00
1015,87.7,86.43,18734707.0,88.25,85.42,86.3787,181743,2022-09-16 04:00:00
1016,85.1,87.66,12822134.0,87.765,85.0,86.6734,113896,2022-09-19 04:00:00
1017,87.95,85.8,19129016.0,88.73,85.01,86.8939,164235,2022-09-20 04:00:00
1018,85.12,81.6,23847345.0,85.16,81.5,82.8681,222555,2022-09-21 04:00:00
1019,82.63,80.71,19141219.0,83.28,80.17,81.1742,185514,2022-09-22 04:00:00
1020,79.26,78.8,20492118.0,79.77,77.6,78.5581,205424,2022-09-23 04:00:00
1021,79.94,78.91,17880572.0,80.9855,78.78,79.7151,172112,2022-09-26 04:00:00
1022,79.43,77.87,16975106.0,80.41,77.1,78.6282,155292,2022-09-27 04:00:00
1023,76.485,80.99,20725414.0,81.48,76.28,79.8764,168055,2022-09-28 04:00:00
1024,78.05,79.06,17913631.0,79.19,76.74,78.1398,155502,2022-09-29 04:00:00
1025,78.74,79.99,16870869.0,81.78,78.65,80.5697,150729,2022-09-30 04:00:00
1026,79.76,80.45,13249472.0,80.925,78.05,80.0692,116893,2022-10-03 04:00:00
1027,83.0,84.11,18251994.0,85.0326,82.34,83.8875,169196,2022-10-04 04:00:00
1028,84.1,84.39,13193991.0,86.29,83.25,84.4002,113964,2022-10-05 04:00:00
1029,84.07,84.32,11579429.0,85.25,83.52,84.4828,101778,2022-10-06 04:00:00
1030,82.35,81.24,11632448.0,83.71,80.755,81.6523,116098,2022-10-07 04:00:00
1031,79.77,79.24,14070870.0,79.79,77.7,78.9068,128014,2022-10-10 04:00:00
1032,77.38,75.37,18387948.0,77.84,74.14,75.6969,176682,2022-10-11 04:00:00
1033,74.9,75.73,13247869.0,76.678,74.03,75.8645,102914,2022-10-12 04:00:00
1034,72.24,75.01,17407437.0,75.78,71.4,74.0091,165483,2022-10-13 04:00:00
1035,76.05,73.02,13697586.0,76.14,72.78,74.0298,124088,2022-10-14 04:00:00
1036,75.15,76.77,14487400.0,77.87,75.11,76.8106,138056,2022-10-17 04:00:00
1037,78.01,76.34,14970556.0,78.64,75.06,76.3789,128055,2022-10-18 04:00:00
1038,73.28,71.27,23094473.0,74.33,70.52,72.2343,184919,2022-10-19 04:00:00
1039,71.6,72.02,19161994.0,74.94,71.55,73.2264,149074,2022-10-20 04:00:00
1040,71.2,72.18,19526824.0,72.79,69.4652,71.596,170925,2022-10-21 04:00:00
1041,63.39,63.15,100960255.0,64.1,58.01,61.2963,622729,2022-10-24 04:00:00
1042,65.08,63.22,69209872.0,66.1788,61.26,62.9623,396119,2022-10-25 04:00:00
1043,63.36,68.51,53063309.0,69.8,62.92,67.7659,378897,2022-10-26 04:00:00
1044,65.44,65.84,25812645.0,67.8799,65.42,66.6935,207125,2022-10-27 04:00:00
1045,63.2,63.74,28638002.0,64.15,61.82,63.0558,230300,2022-10-28 04:00:00
1046,63.49,63.58,20645269.0,64.8499,63.22,63.9608,156531,2022-10-31 04:00:00
1047,68.01,65.86,26939399.0,68.4512,65.64,67.1147,212256,2022-11-01 04:00:00
1048,66.48,64.7,28298088.0,67.67,64.33,66.0399,245051,2022-11-02 04:00:00
1049,63.42,65.21,23360518.0,66.88,63.4,65.3476,199748,2022-11-03 04:00:00
1050,71.17,69.81,50595584.0,71.64,67.45,69.1718,385176,2022-11-04 04:00:00
1051,71.3,69.71,26087638.0,71.88,68.6722,69.8939,213728,2022-11-07 05:00:00
1052,67.62,68.13,23832984.0,68.92,66.27,67.8111,191062,2022-11-08 05:00:00
1053,66.43,64.84,22095703.0,66.78,64.8,65.7084,175954,2022-11-09 05:00:00
1054,68.03,69.77,28757183.0,69.99,68.0,69.0028,222228,2022-11-10 05:00:00
1055,72.32,70.77,38723358.0,72.7,69.31,70.759,296959,2022-11-11 05:00:00
1056,73.16,71.33,30248714.0,74.0,71.32,72.3548,241659,2022-11-14 05:00:00
1057,78.93,79.3,53122492.0,80.37,77.81,79.1755,396941,2022-11-15 05:00:00
1058,80.32,78.16,26568948.0,80.45,77.41,78.5084,222493,2022-11-16 05:00:00
1059,76.0,84.26,62050577.0,85.68,75.76,82.7272,481091,2022-11-17 05:00:00
1060,82.15,80.48,29528331.0,82.52,79.86,80.7579,242348,2022-11-18 05:00:00
1061,78.69,76.93,19005149.0,79.06,76.47,77.3398,157399,2022-11-21 05:00:00
1062,75.44,75.99,20694114.0,76.8,74.58,75.8588,160149,2022-11-22 05:00:00
1063,78.19,78.5,19032677.0,78.845,76.85,77.9454,151375,2022-11-23 05:00:00
1064,75.5,75.5,12926881.0,76.05,74.92,75.6097,108925,2022-11-25 05:00:00
1065,74.74,75.88,19119393.0,77.417,74.68,76.2782,150082,2022-11-28 05:00:00
1066,80.24,79.86,24178076.0,80.89,79.45,80.0737,197865,2022-11-29 05:00:00
1067,82.74,87.56,60169613.0,89.625,82.25,87.0131,429373,2022-11-30 05:00:00
1068,84.35,85.94,20243018.0,87.6,84.26,86.2048,165635,2022-12-01 05:00:00
1069,86.05,90.06,35042629.0,91.85,86.05,90.1506,270388,2022-12-02 05:00:00
1070,92.9,90.52,30929815.0,92.9,89.63,90.8511,240973,2022-12-05 05:00:00
1071,91.88,91.45,26675734.0,92.57,89.2,91.1403,199240,2022-12-06 05:00:00
1072,87.06,88.33,19507404.0,89.2595,86.62,88.227,161830,2022-12-07 05:00:00
1073,91.97,94.17,29241462.0,94.335,91.08,93.2478,226006,2022-12-08 05:00:00
1074,93.27,91.34,15452118.0,93.75,91.225,92.4137,136244,2022-12-09 05:00:00
1075,90.09,89.41,15092207.0,90.889,87.75,89.1703,144490,2022-12-12 05:00:00
1076,93.45,91.41,21150557.0,94.98,90.3,92.3377,181115,2022-12-13 05:00:00
1077,91.06,90.91,15575486.0,91.265,89.5,90.6039,133432,2022-12-14 05:00:00
1078,93.09,86.21,30419400.0,94.08,86.05,88.6994,270729,2022-12-15 05:00:00
1079,88.8,86.79,25084555.0,90.57,86.61,87.8786,209766,2022-12-16 05:00:00
1080,89.75,87.16,20737008.0,89.78,86.5005,87.4945,197860,2022-12-19 05:00:00
1081,85.04,85.92,15315427.0,87.2,85.04,86.0517,130846,2022-12-20 05:00:00
1082,86.01,87.81,18212852.0,88.3869,85.46,87.1547,151139,2022-12-21 05:00:00
1083,89.08,87.97,16004787.0,89.69,86.67,87.8703,137889,2022-12-22 05:00:00
1084,87.85,85.65,17949298.0,88.65,85.5201,86.44,132362,2022-12-23 05:00:00
1085,86.55,89.86,22959936.0,90.6893,86.21,89.3635,189993,2022-12-27 05:00:00
1086,88.98,87.2,16268785.0,90.15,86.4647,87.6352,160357,2022-12-28 05:00:00
1087,87.625,89.13,12535405.0,89.52,87.06,88.932,125218,2022-12-29 05:00:00
1088,87.45,88.09,11926714.0,89.41,87.4101,88.1963,115480,2022-12-30 05:00:00
1089,91.11,91.98,27891043.0,94.45,90.75,92.2446,246498,2023-01-03 05:00:00
1090,98.85,103.92,53285901.0,104.52,96.97,101.2089,440629,2023-01-04 05:00:00
1091,101.4,104.58,30400384.0,105.7,100.6401,104.0141,257137,2023-01-05 05:00:00
1092,104.11,107.4,21063105.0,108.0,102.46,105.8918,192538,2023-01-06 05:00:00
1093,111.99,110.83,42067674.0,113.11,108.12,111.0022,354054,2023-01-09 05:00:00
1094,112.97,114.88,33478575.0,115.48,111.21,113.767,266342,2023-01-10 05:00:00
1095,114.6,115.02,22804411.0,115.2099,112.31,114.0872,210712,2023-01-11 05:00:00
1096,113.66,113.15,16590604.0,113.79,111.45,112.8998,166555,2023-01-12 05:00:00
1097,114.52,117.01,25605505.0,117.98,114.09,116.165,225003,2023-01-13 05:00:00
1098,115.52,115.19,16945555.0,117.01,114.34,115.5385,173353,2023-01-17 05:00:00
1099,116.75,113.22,15347918.0,116.75,113.04,114.3253,150771,2023-01-18 05:00:00
1100,114.02,116.58,18489927.0,117.0,113.97,116.0421,169064,2023-01-19 05:00:00
1101,118.302,119.86,18342688.0,120.06,117.8,119.488,183227,2023-01-20 05:00:00
1102,120.0,119.53,13590219.0,120.3,118.1372,119.4563,140449,2023-01-23 05:00:00
1103,115.0,119.44,7807089.0,120.0,115.0,119.2303,86250,2023-01-24 05:00:00
1104,118.51,120.25,9704954.0,120.32,117.5,119.419,108099,2023-01-25 05:00:00
1105,121.0,120.57,11170977.0,121.3,118.762,120.0657,108171,2023-01-26 05:00:00
1106,119.69,118.38,18025589.0,119.71,116.81,118.5086,164588,2023-01-27 05:00:00
1107,111.69,111.2,21918217.0,113.15,109.78,111.7852,211754,2023-01-30 05:00:00
1108,109.42,110.2,15329975.0,112.08,108.81,110.4818,161022,2023-01-31 05:00:00
1109,111.86,112.82,16622999.0,113.95,110.15,111.8961,149210,2023-02-01 05:00:00
1110,112.5,109.74,23396932.0,112.525,107.81,109.3696,232354,2023-02-02 05:00:00
1111,108.05,106.33,15982156.0,109.5299,105.81,106.9823,162207,2023-02-03 05:00:00
1112,103.82,105.45,15337475.0,106.28,103.22,104.8742,148911,2023-02-06 05:00:00
1113,106.84,105.5,16861658.0,107.35,103.72,105.0149,161792,2023-02-07 05:00:00
1114,107.1,105.11,14297288.0,107.14,103.55,105.4957,151518,2023-02-08 05:00:00
1115,108.5,108.46,16281295.0,109.81,107.75,108.6499,156930,2023-02-09 05:00:00
1116,105.8,103.65,18773735.0,106.64,102.79,104.1756,158563,2023-02-10 05:00:00
1117,105.99,104.79,17550825.0,106.35,104.15,105.0598,145822,2023-02-13 05:00:00
1118,103.55,104.22,12978395.0,104.48,101.85,103.4076,116130,2023-02-14 05:00:00
1119,102.39,103.08,18910236.0,103.44,102.0,102.7572,139644,2023-02-15 05:00:00
1120,102.71,103.11,21688594.0,104.52,102.03,103.4576,146092,2023-02-16 05:00:00
1121,101.0,100.01,18029644.0,101.09,99.25,100.0308,148895,2023-02-17 05:00:00
1122,96.5,95.1,27172733.0,97.625,94.7,95.8099,238867,2023-02-21 05:00:00
1123,95.575,94.78,24484024.0,95.89,93.5546,94.4414,188532,2023-02-22 05:00:00
1124,100.1,94.16,40482949.0,100.47,92.13,95.4203,348685,2023-02-23 05:00:00
1125,90.07,89.0,36153519.0,91.68,88.03,89.5783,291613,2023-02-24 05:00:00
1126,90.85,89.25,25818998.0,91.24,88.895,89.5593,187052,2023-02-27 05:00:00
1127,88.46,87.79,24597162.0,89.34,87.27,88.1582,175401,2023-02-28 05:00:00
1128,92.92,89.95,35434898.0,92.92,89.73,90.7286,257034,2023-03-01 05:00:00
1129,88.96,89.75,25691768.0,90.919,87.97,89.358,187347,2023-03-02 05:00:00
1130,90.11,89.7,25795849.0,90.46,88.4,89.293,170490,2023-03-03 05:00:00
1131,89.585,89.62,16963392.0,91.3001,88.03,90.0156,144200,2023-03-06 05:00:00
1132,89.52,88.73,14514657.0,90.05,88.2,89.1024,136925,2023-03-07 05:00:00
1133,87.39,86.95,14721537.0,87.77,86.45,87.0013,135485,2023-03-08 05:00:00
1134,85.12,83.37,24327736.0,85.69,82.875,84.1691,221065,2023-03-09 05:00:00
1135,82.64,82.96,18123069.0,84.52,82.33,83.3776,185528,2023-03-10 05:00:00
1136,83.01,82.9,17848336.0,83.755,81.97,83.0687,171930,2023-03-13 04:00:00
1137,82.86,83.85,20126118.0,83.91,82.1601,83.3353,152507,2023-03-14 04:00:00
1138,81.55,81.51,21025307.0,82.54,80.15,81.0997,187691,2023-03-15 04:00:00
1139,81.46,82.22,22897935.0,82.48,80.66,81.811,178049,2023-03-16 04:00:00
1140,84.0,81.67,23711136.0,84.16,80.62,81.7948,189746,2023-03-17 04:00:00
1141,80.15,81.0,19536496.0,81.9,79.48,80.8276,176504,2023-03-20 04:00:00
1142,82.46,83.7,16529397.0,84.0875,82.0,83.321,160249,2023-03-21 04:00:00
1143,84.84,83.65,21204671.0,85.39,83.51,84.5762,196652,2023-03-22 04:00:00
1144,87.68,86.52,26829427.0,88.38,85.26,87.0666,240785,2023-03-23 04:00:00
1145,85.87,86.9,20349646.0,88.11,85.63,86.7894,172472,2023-03-24 04:00:00
1146,87.13,86.12,18258302.0,88.22,85.5,86.3014,169622,2023-03-27 04:00:00
1147,95.35,98.4,118806179.0,99.51,92.06,95.7602,868857,2023-03-28 04:00:00
1148,97.59,99.92,53544633.0,101.33,96.28,99.565,405848,2023-03-29 04:00:00
1149,101.34,103.38,57748999.0,105.05,100.5,103.2329,453151,2023-03-30 04:00:00
1150,102.86,102.18,28246576.0,103.6,101.132,102.2642,221604,2023-03-31 04:00:00
1151,100.89,98.39,26876941.0,101.75,97.61,99.0931,228031,2023-04-03 04:00:00
1152,98.94,100.72,26868408.0,101.47,97.26,99.4746,223407,2023-04-04 04:00:00
1153,99.24,98.55,20117745.0,100.45,97.66,98.9298,161730,2023-04-05 04:00:00
1154,98.53,102.74,26849216.0,103.24,98.27,101.4636,213968,2023-04-06 04:00:00
1155,100.62,101.54,16308327.0,102.83,100.59,101.8052,149194,2023-04-10 04:00:00
1156,102.46,99.76,19017682.0,102.54,99.2,100.2095,169912,2023-04-11 04:00:00
1157,97.82,93.84,35467995.0,98.89,93.58,95.0383,303830,2023-04-12 04:00:00
1158,95.875,96.17,24231741.0,97.19,95.095,95.947,199385,2023-04-13 04:00:00
1159,95.63,94.55,14098698.0,96.12,93.84,94.6537,132967,2023-04-14 04:00:00
1160,96.74,96.42,15714118.0,97.23,95.49,96.2079,139346,2023-04-17 04:00:00
1161,99.02,95.49,20672320.0,99.17,95.1805,96.4454,155135,2023-04-18 04:00:00
1162,94.6,93.49,18947929.0,94.82,92.95,93.5697,142236,2023-04-19 04:00:00
1163,93.35,90.74,25533805.0,93.79,90.05,91.6516,195941,2023-04-20 04:00:00
1164,89.96,89.13,23071741.0,90.19,88.3,88.8908,164938,2023-04-21 04:00:00
1165,88.4,86.89,22757093.0,88.48,86.04,86.9981,169053,2023-04-24 04:00:00
1166,85.32,82.92,36441347.0,85.7,82.212,83.3895,274565,2023-04-25 04:00:00
1167,85.04,82.82,24983000.0,85.22,82.76,83.3426,171179,2023-04-26 04:00:00
1168,83.07,84.47,24506825.0,84.64,82.64,83.8412,155874,2023-04-27 04:00:00
1169,84.18,84.69,18109260.0,85.08,83.87,84.6617,123852,2023-04-28 04:00:00
1170,84.15,84.16,12909246.0,85.28,83.7711,84.3271,91552,2023-05-01 04:00:00
1171,83.15,81.53,20689482.0,83.28,80.6538,81.507,171607,2023-05-02 04:00:00
1172,81.305,81.48,17759399.0,82.0,80.49,81.4143,134993,2023-05-03 04:00:00
1173,82.39,82.49,23773830.0,83.13,81.8,82.5593,152835,2023-05-04 04:00:00
1174,82.75,83.22,17516980.0,83.38,82.03,82.8627,120981,2023-05-05 04:00:00
1175,83.63,83.31,17365561.0,83.7,82.34,83.0249,122247,2023-05-08 04:00:00
1176,80.545,82.22,13457351.0,82.66,80.15,81.7561,131043,2023-05-09 04:00:00
1177,82.14,82.95,16845862.0,84.5,81.77,83.2714,159068,2023-05-10 04:00:00
1178,85.43,87.89,28104158.0,88.48,84.82,87.1854,241733,2023-05-11 04:00:00
1179,86.71,85.34,19033344.0,86.71,84.76,85.5467,175022,2023-05-12 04:00:00
1180,87.13,88.34,23659678.0,88.4,85.8329,87.4414,166900,2023-05-15 04:00:00
1181,87.11,88.76,18151462.0,89.3699,87.06,88.4435,163622,2023-05-16 04:00:00
1182,88.46,90.68,27670688.0,91.43,88.01,90.2048,236112,2023-05-17 04:00:00
1183,90.81,85.77,60258607.0,91.0,85.0,87.0716,473536,2023-05-18 04:00:00
1184,83.85,83.98,21547832.0,85.2,83.48,84.2385,184641,2023-05-19 04:00:00
1185,85.67,86.1,16951329.0,87.48,85.65,86.3409,142186,2023-05-22 04:00:00
1186,84.16,82.88,19896788.0,84.975,82.7,83.6539,170739,2023-05-23 04:00:00
1187,82.165,81.21,17045795.0,82.6,80.88,81.4554,144421,2023-05-24 04:00:00
1188,80.59,78.78,21811561.0,80.71,78.12,79.2207,216786,2023-05-25 04:00:00
1189,79.9,80.97,16419963.0,81.5655,78.4,80.6068,156046,2023-05-26 04:00:00
1190,80.3,79.88,929797.0,80.63,79.875,80.3424,10595,2023-05-30 04:00:00
1191,79.58,79.55,16191283.0,79.665,77.77,78.8073,159797,2023-05-31 04:00:00
1192,79.35,83.0,23217608.0,84.0,79.35,82.4851,215299,2023-06-01 04:00:00
1193,85.08,84.27,17604990.0,86.03,84.14,84.9415,174286,2023-06-02 04:00:00
1194,83.99,84.4,9576637.0,84.57,83.24,83.9309,104937,2023-06-05 04:00:00
1195,83.5,86.7,18451961.0,87.06,83.37,85.8399,165397,2023-06-06 04:00:00
1196,85.72,85.28,12886683.0,86.95,85.09,85.7233,123771,2023-06-07 04:00:00
1197,85.17,86.14,11280953.0,86.95,85.17,86.3076,113589,2023-06-08 04:00:00
1198,86.06,85.5,12903414.0,86.8377,85.065,85.8785,125575,2023-06-09 04:00:00
1199,86.01,85.86,11454189.0,87.29,85.63,86.4517,120212,2023-06-12 04:00:00
1200,87.96,87.51,16814142.0,89.22,87.25,87.9611,167082,2023-06-13 04:00:00
1201,87.97,89.36,21450222.0,90.12,87.71,89.2462,202205,2023-06-14 04:00:00
1202,91.46,92.2,26570478.0,92.77,90.6,91.8426,224952,2023-06-15 04:00:00
1203,94.0,92.1,25087713.0,94.29,91.52,92.4271,223424,2023-06-16 04:00:00
1204,89.83,87.93,23382865.0,90.2,87.32,88.2428,223453,2023-06-20 04:00:00
1205,87.38,86.77,15159909.0,89.16,86.62,87.5725,167524,2023-06-21 04:00:00
1206,86.78,86.89,10272698.0,87.315,85.32,86.6886,111845,2023-06-22 04:00:00
1207,85.81,84.92,14907127.0,85.938,84.37,84.8677,162556,2023-06-23 04:00:00
1208,85.32,85.47,10808685.0,86.71,85.21,85.963,113873,2023-06-26 04:00:00
1209,86.82,87.13,13994520.0,87.615,86.715,87.1102,136082,2023-06-27 04:00:00
1210,85.75,84.59,14113822.0,85.75,84.38,84.8733,156665,2023-06-28 04:00:00
1211,83.39,83.55,13309747.0,83.99,83.0,83.4173,147510,2023-06-29 04:00:00
1212,83.23,83.35,12174290.0,84.23,83.01,83.4592,128332,2023-06-30 04:00:00
1213,84.87,84.07,11514390.0,85.635,84.0,84.7342,120145,2023-07-03 04:00:00
1214,83.98,84.3,11203853.0,84.69,82.82,83.8914,118705,2023-07-05 04:00:00
1215,83.12,83.84,12943666.0,83.95,82.64,83.3426,140915,2023-07-06 04:00:00
1216,86.76,90.55,46975945.0,91.57,86.63,89.7428,391739,2023-07-07 04:00:00
1217,90.05,90.56,25401783.0,92.04,89.6,90.8954,250116,2023-07-10 04:00:00
1218,91.02,91.79,20749841.0,92.32,89.01,90.8267,212555,2023-07-11 04:00:00
1219,94.11,94.0,24161384.0,95.03,92.55,94.0136,243300,2023-07-12 04:00:00
1220,95.03,96.61,24021402.0,97.005,94.6,95.8837,235442,2023-07-13 04:00:00
1221,95.22,94.56,18897112.0,96.09,94.24,94.9949,176002,2023-07-14 04:00:00
1222,92.25,93.41,17317289.0,93.55,91.04,92.6714,165866,2023-07-17 04:00:00
1223,91.54,91.2,20247720.0,92.21,90.15,91.1517,182932,2023-07-18 04:00:00
1224,93.57,92.09,17228055.0,94.71,92.09,93.2539,166782,2023-07-19 04:00:00
1225,91.69,91.9,14752965.0,93.12,91.35,92.0886,134835,2023-07-20 04:00:00
1226,92.89,92.17,13899064.0,93.23,91.54,92.2,113287,2023-07-21 04:00:00
1227,92.07,96.35,33376076.0,97.4686,91.3,95.6643,270932,2023-07-24 04:00:00
1228,98.17,94.98,25808077.0,98.49,94.61,95.9336,221974,2023-07-25 04:00:00
1229,94.95,97.14,15796671.0,97.545,94.84,96.7452,146690,2023-07-26 04:00:00
1230,97.75,95.44,18685523.0,97.99,95.1612,96.4664,181885,2023-07-27 04:00:00
1231,98.07,100.55,31956520.0,101.22,97.96,99.9381,296945,2023-07-28 04:00:00
1232,99.79,102.16,17721066.0,102.5,99.72,101.5372,165392,2023-07-31 04:00:00
1233,99.87,100.1,14418435.0,101.16,99.3,100.1994,135583,2023-08-01 04:00:00
1234,97.72,95.07,19452332.0,97.74,94.56,95.765,189525,2023-08-02 04:00:00
1235,96.71,97.58,15462655.0,98.49,96.58,97.6648,155738,2023-08-03 04:00:00
1236,97.735,96.9,13469195.0,98.49,96.69,97.4808,124249,2023-08-04 04:00:00
1237,97.78,96.56,13863855.0,97.8,95.03,96.2032,114265,2023-08-07 04:00:00
1238,93.51,94.22,13504738.0,94.48,92.9218,93.7193,135980,2023-08-08 04:00:00
1239,96.025,94.85,18640070.0,96.3,94.08,94.9825,183524,2023-08-09 04:00:00
1240,98.31,99.21,53193104.0,101.84,97.12,99.8543,440587,2023-08-10 04:00:00
1241,97.34,95.72,25222754.0,97.65,94.34,95.7242,238171,2023-08-11 04:00:00
1242,94.24,93.46,17133971.0,94.45,92.53,93.5207,185227,2023-08-14 04:00:00
1243,93.0,91.59,14756289.0,93.01,90.7446,91.589,151921,2023-08-15 04:00:00
1244,89.63,89.12,23224915.0,90.5,88.29,89.3755,223266,2023-08-16 04:00:00
1245,91.94,90.65,15732323.0,91.95,90.26,91.0127,152222,2023-08-17 04:00:00
1246,87.78,88.03,20424821.0,88.36,86.86,87.7086,183369,2023-08-18 04:00:00
1247,87.6,88.57,14167291.0,88.82,87.22,88.266,117941,2023-08-21 04:00:00
1248,89.28,88.08,11611582.0,89.49,87.86,88.2666,112792,2023-08-22 04:00:00
1249,88.37,89.84,12185729.0,90.59,88.31,90.0014,111649,2023-08-23 04:00:00
1250,90.49,89.11,10667541.0,90.92,89.04,89.8006,112591,2023-08-24 04:00:00
1251,89.25,89.82,11382199.0,90.04,88.27,89.2756,112328,2023-08-25 04:00:00
1252,91.5,92.24,14613754.0,92.77,91.29,92.1263,136643,2023-08-28 04:00:00
1253,93.45,94.03,16927977.0,94.095,92.34,93.5546,172931,2023-08-29 04:00:00
1254,92.55,93.65,13779899.0,94.25,92.47,93.5542,137995,2023-08-30 04:00:00
1255,92.98,92.9,13332295.0,93.36,92.16,92.8111,140746,2023-08-31 04:00:00
