CELH,open_price,close_price,trading_volume,highest_price,lowest_price,volume_weighted_avg_price,transaction_amt,date_time
0,4.38,4.39,29573,4.4212,4.3,4.3565,272,2018-09-05 04:00:00
1,4.37,4.3,25795,4.56,4.3,4.3398,193,2018-09-06 04:00:00
2,4.26,4.42,43215,4.52,4.26,4.4464,205,2018-09-07 04:00:00
3,4.48,4.6,40930,4.6,4.405,4.5264,315,2018-09-10 04:00:00
4,4.62,4.66,62884,4.74,4.5601,4.6772,419,2018-09-11 04:00:00
5,4.68,4.65,38384,4.7,4.59,4.64,246,2018-09-12 04:00:00
6,4.65,4.63,107193,4.65,4.57,4.6472,306,2018-09-13 04:00:00
7,4.6,4.57,23353,4.63,4.57,4.6058,256,2018-09-14 04:00:00
8,4.48,4.37,37755,4.55,4.31,4.4,288,2018-09-17 04:00:00
9,4.4872,4.28,29371,4.4872,4.28,4.335,228,2018-09-18 04:00:00
10,4.28,4.23,53238,4.3,4.18,4.2524,271,2018-09-19 04:00:00
11,4.3,4.35,57608,4.45,4.27,4.346,302,2018-09-20 04:00:00
12,4.33,4.16,204041,4.42,3.98,4.1804,834,2018-09-21 04:00:00
13,4.24,4.08,67720,4.24,4.04,4.1214,332,2018-09-24 04:00:00
14,4.07,4.08,42362,4.135,4.07,4.0853,406,2018-09-25 04:00:00
15,4.11,4.13,12967,4.17,4.1,4.1267,117,2018-09-26 04:00:00
16,4.11,4.23,39814,4.25,4.0802,4.1839,238,2018-09-27 04:00:00
17,4.16,4.03,59440,4.25,3.99,4.1156,452,2018-09-28 04:00:00
18,4.03,3.92,106372,4.18,3.8895,3.961,723,2018-10-01 04:00:00
19,3.9,3.98,104653,4.08,3.8,3.9388,616,2018-10-02 04:00:00
20,3.99,3.96,50713,4.01,3.83,3.9422,506,2018-10-03 04:00:00
21,3.95,3.88,90051,3.95,3.76,3.8306,623,2018-10-04 04:00:00
22,3.89,3.86,32134,3.91,3.79,3.8549,280,2018-10-05 04:00:00
23,3.87,3.74,63056,3.8709,3.71,3.7649,454,2018-10-08 04:00:00
24,3.71,3.69,51803,3.84,3.62,3.6855,567,2018-10-09 04:00:00
25,3.7,3.46,119889,3.93,3.46,3.5243,552,2018-10-10 04:00:00
26,3.15,3.5,113783,3.62,3.14,3.4244,638,2018-10-11 04:00:00
27,3.76,3.51,78170,3.76,3.29,3.5196,614,2018-10-12 04:00:00
28,3.52,3.68,33579,3.74,3.5,3.6442,216,2018-10-15 04:00:00
29,3.69,3.75,226437,3.86,3.65,3.8052,838,2018-10-16 04:00:00
30,4.2,4.05,80561,4.2,3.8246,4.0399,359,2018-10-17 04:00:00
31,4.06,4.06,47444,4.1395,3.921,4.06,299,2018-10-18 04:00:00
32,4,3.98,37516,4.16,3.97,4.0213,186,2018-10-19 04:00:00
33,4.07,3.95,30934,4.07,3.93,3.9573,263,2018-10-22 04:00:00
34,3.93,4.02,34113,4.07,3.84,3.9722,147,2018-10-23 04:00:00
35,4.02,3.82,42466,4.04,3.82,3.9396,210,2018-10-24 04:00:00
36,3.82,3.89,22484,4.1,3.81,3.8786,202,2018-10-25 04:00:00
37,3.87,3.94,17221,3.99,3.83,3.9226,129,2018-10-26 04:00:00
38,3.96,3.95,15828,4,3.9,3.9623,123,2018-10-29 04:00:00
39,3.95,4,37663,4,3.7487,3.9676,214,2018-10-30 04:00:00
40,4,3.99,48696,4,3.92,3.9792,254,2018-10-31 04:00:00
41,3.98,3.98,29291,4,3.9585,3.9803,179,2018-11-01 04:00:00
42,3.98,3.99,59345,4,3.97,3.9882,346,2018-11-02 04:00:00
43,3.98,3.96,45825,3.99,3.94,3.9656,437,2018-11-05 05:00:00
44,3.97,3.99,99540,4,3.96,3.9942,354,2018-11-06 05:00:00
45,4,4,50709,4,3.9,3.9853,323,2018-11-07 05:00:00
46,4.01,4,141077,4.01,3.9671,4.0009,403,2018-11-08 05:00:00
47,4.03,3.92,76560,4.03,3.89,3.9803,389,2018-11-09 05:00:00
48,3.94,4.07,97404,4.08,3.91,4.0111,506,2018-11-12 05:00:00
49,4.08,3.99,73025,4.08,3.95,4.0031,424,2018-11-13 05:00:00
50,3.95,3.86,35097,3.98,3.85,3.9241,212,2018-11-14 05:00:00
51,3.87,3.8,39492,3.93,3.7234,3.7973,294,2018-11-15 05:00:00
52,3.77,3.81,27652,3.9,3.77,3.8028,147,2018-11-16 05:00:00
53,3.75,3.76,50345,3.94,3.75,3.8345,239,2018-11-19 05:00:00
54,3.76,3.75,23257,3.81,3.75,3.7647,132,2018-11-20 05:00:00
55,3.7887,3.74,13975,3.79,3.72,3.7552,196,2018-11-21 05:00:00
56,3.74,3.81,17117,3.83,3.72,3.7611,171,2018-11-23 05:00:00
57,3.81,3.81,18438,3.91,3.78,3.8055,143,2018-11-26 05:00:00
58,3.83,3.8,22521,3.83,3.79,3.8032,128,2018-11-27 05:00:00
59,3.82,3.86,30558,3.9,3.82,3.8652,222,2018-11-28 05:00:00
60,3.85,3.94,22147,3.96,3.85,3.9131,291,2018-11-29 05:00:00
61,3.95,3.92,52252,3.96,3.92,3.9444,236,2018-11-30 05:00:00
62,3.8,3.99,70182,4,3.8,3.882,261,2018-12-03 05:00:00
63,4,3.87,35738,4,3.83,3.8972,281,2018-12-04 05:00:00
64,3.87,3.97,64386,4,3.87,3.9274,297,2018-12-06 05:00:00
65,3.97,3.95,30517,3.97,3.92,3.9442,286,2018-12-07 05:00:00
66,3.95,3.7,58534,3.95,3.68,3.7792,291,2018-12-10 05:00:00
67,3.72,3.68,38798,3.75,3.67,3.6979,214,2018-12-11 05:00:00
68,3.68,3.58,44581,3.82,3.55,3.6111,269,2018-12-12 05:00:00
69,3.59,3.47,93163,3.7,3.44,3.4774,410,2018-12-13 05:00:00
70,3.47,3.46,71121,3.53,3.37,3.4478,291,2018-12-14 05:00:00
71,3.5,3.44,43979,3.645,3.42,3.5076,362,2018-12-17 05:00:00
72,3.5,3.47,70801,3.51,3.33,3.4389,584,2018-12-18 05:00:00
73,3.5,3.55,46788,3.71,3.46,3.5495,293,2018-12-19 05:00:00
74,3.58,3.37,54750,3.79,3.37,3.4437,513,2018-12-20 05:00:00
75,3.31,3.12,124978,3.35,3.09,3.2275,462,2018-12-21 05:00:00
76,3.09,3.12,26612,3.18,3.09,3.1423,161,2018-12-24 05:00:00
77,3.18,3.35,52853,3.39,3.13,3.2854,340,2018-12-26 05:00:00
78,3.33,3.42,59375,3.44,3.14,3.2592,311,2018-12-27 05:00:00
79,3.41,3.45,31455,3.5,3.2845,3.4619,207,2018-12-28 05:00:00
80,3.5,3.47,38639,3.5,3.41,3.4609,177,2018-12-31 05:00:00
81,3.39,3.45,27782,3.49,3.362,3.431,304,2019-01-02 05:00:00
82,3.2368,3.4,8470,3.48,3.16,3.3802,126,2019-01-03 05:00:00
83,3.4,3.38,37206,3.5,3.33,3.3846,264,2019-01-04 05:00:00
84,3.35,3.65,13675,3.65,3.35,3.5221,180,2019-01-07 05:00:00
85,3.61,3.78,70459,3.8,3.58,3.7131,391,2019-01-08 05:00:00
86,3.76,3.75,32066,3.8,3.71,3.7805,192,2019-01-09 05:00:00
87,3.71,3.97,124805,4.16,3.71,4.0469,537,2019-01-10 05:00:00
88,3.98,3.88,111722,4,3.84,3.9164,471,2019-01-11 05:00:00
89,3.79,3.6,62518,3.95,3.6,3.6979,329,2019-01-14 05:00:00
90,3.64,3.64,73662,3.6835,3.62,3.6636,321,2019-01-15 05:00:00
91,3.62,3.62,44608,3.9216,3.61,3.6914,365,2019-01-16 05:00:00
92,3.62,3.64,79363,3.67,3.55,3.6112,769,2019-01-17 05:00:00
93,3.63,3.69,42810,3.74,3.58,3.6955,293,2019-01-18 05:00:00
94,3.69,3.67,72621,3.8,3.5,3.6058,608,2019-01-22 05:00:00
95,3.65,3.49,59072,3.7,3.45,3.5041,627,2019-01-23 05:00:00
96,3.5,3.75,65608,3.809,3.5,3.6431,532,2019-01-24 05:00:00
97,3.695,3.67,40660,3.8,3.56,3.7125,357,2019-01-25 05:00:00
98,3.61,3.65,38123,3.76,3.59,3.6738,292,2019-01-28 05:00:00
99,3.69,3.68,23068,3.7,3.55,3.6325,298,2019-01-29 05:00:00
100,3.73,3.79,41335,3.8,3.66,3.762,301,2019-01-30 05:00:00
101,3.71,4.09,121956,4.18,3.71,4.0199,427,2019-01-31 05:00:00
102,4.13,4,75487,4.13,3.95,4.042,438,2019-02-01 05:00:00
103,4.01,4.13,64365,4.1424,3.96,4.0386,409,2019-02-04 05:00:00
104,4.15,4.15,65761,4.19,4.037,4.128,369,2019-02-05 05:00:00
105,4.2,4.09,33038,4.2,4.08,4.1235,196,2019-02-06 05:00:00
106,4.08,3.9,100698,4.14,3.89,4.0683,474,2019-02-07 05:00:00
107,4.09,3.82,127124,4.09,3.7,3.8018,832,2019-02-08 05:00:00
108,3.99,3.62,59978,3.99,3.62,3.7424,462,2019-02-11 05:00:00
109,3.7992,3.55,102940,3.8,3.53,3.6285,855,2019-02-12 05:00:00
110,3.66,3.5,116243,3.85,3.5,3.5698,851,2019-02-13 05:00:00
111,3.52,3.43,98848,3.75,3.4,3.4608,676,2019-02-14 05:00:00
112,3.46,3.52,66504,3.61,3.46,3.536,508,2019-02-15 05:00:00
113,3.54,3.63,47971,3.66,3.54,3.6297,368,2019-02-19 05:00:00
114,3.63,3.57,29826,3.7378,3.56,3.627,265,2019-02-20 05:00:00
115,3.5496,3.5,35743,3.58,3.47,3.518,462,2019-02-21 05:00:00
116,3.54,3.58,27389,3.6,3.48,3.5494,263,2019-02-22 05:00:00
117,3.63,3.63,21548,3.7325,3.5781,3.6416,182,2019-02-25 05:00:00
118,3.7035,3.67,35115,3.76,3.66,3.7091,226,2019-02-26 05:00:00
119,3.7,3.72,21196,3.76,3.67,3.7192,218,2019-02-27 05:00:00
120,3.72,3.56,66372,3.72,3.515,3.5822,528,2019-02-28 05:00:00
121,3.56,3.61,48533,3.72,3.54,3.5993,404,2019-03-01 05:00:00
122,3.7,3.5,44867,3.72,3.49,3.5533,403,2019-03-04 05:00:00
123,3.55,3.53,34697,3.61,3.5,3.5497,311,2019-03-05 05:00:00
124,3.5719,3.43,48651,3.62,3.41,3.4924,393,2019-03-06 05:00:00
125,3.45,3.45,65255,3.5557,3.33,3.4387,606,2019-03-07 05:00:00
126,3.46,3.51,38107,3.6199,3.45,3.5452,287,2019-03-08 05:00:00
127,3.57,3.62,34701,3.62,3.52,3.5766,306,2019-03-11 04:00:00
128,3.62,3.71,95562,3.75,3.6,3.6614,382,2019-03-12 04:00:00
129,3.71,3.88,67610,3.88,3.68,3.7845,447,2019-03-13 04:00:00
130,3.88,3.78,121878,3.9,3.62,3.7574,517,2019-03-14 04:00:00
131,3.8,4.85,348004,4.85,3.8,4.3427,925,2019-03-15 04:00:00
132,4.46,4.99,193133,5,4.33,4.6044,974,2019-03-18 04:00:00
133,4.99,4.97,99701,5,4.8029,4.9598,515,2019-03-19 04:00:00
134,4.99,4.83,70162,4.99,4.63,4.7934,517,2019-03-20 04:00:00
135,4.85,4.78,43610,4.98,4.75,4.8198,342,2019-03-21 04:00:00
136,4.72,4.6,41537,4.8157,4.54,4.6166,336,2019-03-22 04:00:00
137,4.6,4.62,108055,4.8965,4.42,4.5499,756,2019-03-25 04:00:00
138,4.63,4.5,125946,4.8976,4.32,4.5316,959,2019-03-26 04:00:00
139,4.47,4.38,142914,4.7486,4.2,4.3459,1100,2019-03-27 04:00:00
140,4.3,4.3,260387,4.49,4.07,4.2669,1156,2019-03-28 04:00:00
141,4.36,4.26,202071,4.51,4.25,4.3374,969,2019-03-29 04:00:00
142,4.27,4.38,107430,4.44,4.24,4.3566,523,2019-04-01 04:00:00
143,4.38,4.37,31556,4.38,4.27,4.3419,233,2019-04-02 04:00:00
144,4.38,4.13,135536,4.43,3.99,4.1411,666,2019-04-03 04:00:00
145,4.2,4.22,59236,4.3,4.18,4.2296,304,2019-04-04 04:00:00
146,4.23,4.18,79962,4.3,4.13,4.2199,479,2019-04-05 04:00:00
147,4.13,4.14,35094,4.16,4.1,4.1225,239,2019-04-08 04:00:00
148,4.14,4.275,38066,4.32,4.14,4.2589,302,2019-04-09 04:00:00
149,4.29,4.42,191311,4.45,4.02,4.2394,790,2019-04-10 04:00:00
150,4.45,4.15,105568,4.45,4.11,4.2532,606,2019-04-11 04:00:00
151,4.21,4.13,189282,4.3,4.1,4.2305,1046,2019-04-12 04:00:00
152,4.14,3.94,133912,4.18,3.82,3.9426,663,2019-04-15 04:00:00
153,3.88,3.9,34620,3.98,3.87,3.9153,214,2019-04-16 04:00:00
154,3.87,3.77,62828,3.91,3.7,3.7758,494,2019-04-17 04:00:00
155,3.78,3.77,41916,3.88,3.76,3.796,269,2019-04-18 04:00:00
156,3.8,3.72,42215,3.98,3.71,3.7992,251,2019-04-22 04:00:00
157,3.72,3.92,109556,3.95,3.72,3.8515,517,2019-04-23 04:00:00
158,3.93,3.88,160556,4.05,3.79,3.9266,681,2019-04-24 04:00:00
159,3.85,3.78,55749,3.971,3.75,3.8124,389,2019-04-25 04:00:00
160,3.81,3.8,66566,3.91,3.73,3.7845,272,2019-04-26 04:00:00
161,3.82,4.03,36891,4.0599,3.82,3.9491,238,2019-04-29 04:00:00
162,4.03,4.14,99632,4.185,4.0104,4.1481,519,2019-04-30 04:00:00
163,4.16,4.14,42423,4.21,4.085,4.1508,417,2019-05-01 04:00:00
164,4.11,4.17,25385,4.21,4.11,4.1627,270,2019-05-02 04:00:00
165,4.22,4.25,70938,4.26,4.18,4.2316,349,2019-05-03 04:00:00
166,4.17,4.21,35168,4.3911,4.17,4.2536,226,2019-05-06 04:00:00
167,4.21,4.22,83706,4.2813,4.15,4.2142,471,2019-05-07 04:00:00
168,4.26,4.62,99497,4.6599,4.18,4.4239,484,2019-05-08 04:00:00
169,4.67,4.46,106596,4.67,4.1124,4.4489,469,2019-05-09 04:00:00
170,4.4,4.57,48452,4.58,4.35,4.5031,375,2019-05-10 04:00:00
171,4.64,4.45,69183,4.65,4.44,4.5327,351,2019-05-13 04:00:00
172,4.45,4.41,26085,4.5399,4.35,4.4177,200,2019-05-14 04:00:00
173,4.41,4.46,60958,4.5,4.21,4.374,359,2019-05-15 04:00:00
174,4.41,4.45,20632,4.5,4.4,4.4618,280,2019-05-16 04:00:00
175,4.42,4.32,83831,4.42,4.15,4.3019,440,2019-05-17 04:00:00
176,4.26,4.29,35020,4.31,4.05,4.1813,301,2019-05-20 04:00:00
177,4.35,4.35,49537,4.37,4.24,4.3027,224,2019-05-21 04:00:00
178,4.3,4.27,27926,4.355,4.24,4.2865,242,2019-05-22 04:00:00
179,4.2,4.13,31769,4.22,4.0715,4.1328,322,2019-05-23 04:00:00
180,4.0301,4.15,14206,4.19,4.0301,4.1168,111,2019-05-24 04:00:00
181,4.15,4.19,21453,4.22,4.11,4.1712,205,2019-05-28 04:00:00
182,4.17,4.14,45111,4.18,4.04,4.1071,502,2019-05-29 04:00:00
183,4.16,4.15,92747,4.3,4,4.1418,698,2019-05-30 04:00:00
184,4.07,4,34611,4.17,4,4.0335,364,2019-05-31 04:00:00
185,4.01,3.95,46976,4.07,3.91,3.9821,272,2019-06-03 04:00:00
186,3.95,4,26020,4.03,3.9463,3.9903,205,2019-06-04 04:00:00
187,3.99,4.01,28704,4.0133,3.96,3.9986,365,2019-06-05 04:00:00
188,4.02,4.01,26397,4.05,3.93,4.0009,318,2019-06-06 04:00:00
189,4.02,3.79,105853,4.07,3.57,3.8131,661,2019-06-07 04:00:00
190,3.78,3.8,44585,3.8,3.76,3.7921,418,2019-06-10 04:00:00
191,3.8,3.8,54220,3.8,3.77,3.7941,562,2019-06-11 04:00:00
192,3.76,3.97,55393,4.03,3.56,3.8646,484,2019-06-12 04:00:00
193,4.03,4.02,21724,4.04,3.98,4.0078,250,2019-06-13 04:00:00
194,4.05,4.04,40302,4.07,3.99,4.0381,518,2019-06-14 04:00:00
195,4.07,4.04,30323,4.07,3.95,4.0116,297,2019-06-17 04:00:00
196,4.07,4.07,19668,4.07,3.99,4.0572,251,2019-06-18 04:00:00
197,4.05,4.08,34251,4.1,4.03,4.073,237,2019-06-19 04:00:00
198,4.05,3.93,47878,4.05,3.89,3.9633,318,2019-06-20 04:00:00
199,3.87,3.87,94497,3.92,3.6851,3.8617,464,2019-06-21 04:00:00
200,3.9,3.74,52880,3.91,3.74,3.8094,528,2019-06-24 04:00:00
201,3.831,3.77,36533,3.8499,3.72,3.7772,244,2019-06-25 04:00:00
202,3.8201,3.95,48304,3.99,3.8201,3.926,512,2019-06-26 04:00:00
203,3.94,3.96,32340,4.04,3.87,3.9521,284,2019-06-27 04:00:00
204,3.98,4.44,420592,4.5,3.96,4.4068,1257,2019-06-28 04:00:00
205,4.5,4.22,83563,4.5,4.07,4.2237,654,2019-07-01 04:00:00
206,4.25,4.11,24527,4.3499,4.035,4.0967,374,2019-07-02 04:00:00
207,4.15,4.11,13342,4.23,4.02,4.1136,224,2019-07-03 04:00:00
208,4.18,4.05,18790,4.18,4.04,4.0967,187,2019-07-05 04:00:00
209,4.06,4.09,17747,4.11,4.05,4.0838,166,2019-07-08 04:00:00
210,4.07,4.25,59491,4.26,4.07,4.1795,379,2019-07-09 04:00:00
211,4.3988,4.255,39449,4.3988,4.22,4.2807,263,2019-07-10 04:00:00
212,4.3,4.36,106258,4.39,4.3,4.3363,377,2019-07-11 04:00:00
213,4.33,4.1,75824,4.374,4.1,4.2276,565,2019-07-12 04:00:00
214,4.07,4.24,24592,4.26,4.07,4.188,334,2019-07-15 04:00:00
215,4.15,4.7,205886,4.78,4.15,4.6003,1101,2019-07-16 04:00:00
216,4.72,4.5,128932,4.7764,4.4504,4.5727,688,2019-07-17 04:00:00
217,4.51,4.6,21930,4.62,4.4655,4.551,433,2019-07-18 04:00:00
218,4.56,4.76,207727,4.8495,4.45,4.6727,728,2019-07-19 04:00:00
219,4.82,4.93,199217,5.06,4.78,4.9546,834,2019-07-22 04:00:00
220,4.9,4.84,83930,4.95,4.7601,4.8551,581,2019-07-23 04:00:00
221,4.93,5.06,136515,5.1,4.8831,5.0131,855,2019-07-24 04:00:00
222,5.14,5.01,244639,5.3725,5,5.1832,1297,2019-07-25 04:00:00
223,5.06,5.04,162463,5.24,4.82,5.0635,1043,2019-07-26 04:00:00
224,5.13,4.9,65476,5.13,4.9,4.9714,620,2019-07-29 04:00:00
225,4.85,4.99,60872,5.03,4.85,4.9824,531,2019-07-30 04:00:00
226,4.97,4.99,109978,5.1,4.92,5.0132,874,2019-07-31 04:00:00
227,5,4.75,149361,5.03,4.72,4.799,852,2019-08-01 04:00:00
228,4.75,4.91,53798,4.92,4.6234,4.7945,471,2019-08-02 04:00:00
229,4.82,4.76,114957,4.89,4.62,4.7246,648,2019-08-05 04:00:00
230,4.74,4.7,134310,4.82,4.64,4.7089,623,2019-08-06 04:00:00
231,4.65,4.5,87978,4.83,4.46,4.6196,591,2019-08-07 04:00:00
232,4.56,4.81,186478,4.93,4.42,4.7272,1008,2019-08-08 04:00:00
233,4.81,4.49,83566,4.89,4.46,4.6007,684,2019-08-09 04:00:00
234,4.43,4.17,141973,4.525,4.04,4.276,1009,2019-08-12 04:00:00
235,4.13,4.35,106992,4.75,4.13,4.4892,671,2019-08-13 04:00:00
236,4.32,4.19,58752,4.32,4.16,4.2334,366,2019-08-14 04:00:00
237,4.2,4.12,80231,4.24,4.05,4.137,458,2019-08-15 04:00:00
238,4.15,4.15,80041,4.24,4.1,4.1599,381,2019-08-16 04:00:00
239,4.22,4.04,143476,4.31,4,4.0787,705,2019-08-19 04:00:00
240,4.02,3.99,57300,4.0499,3.98,4.0056,403,2019-08-20 04:00:00
241,4.05,4.17,94278,4.19,3.9,4.0644,698,2019-08-21 04:00:00
242,4.17,3.86,167404,4.17,3.565,3.8112,1081,2019-08-22 04:00:00
243,3.87,3.77,65285,3.91,3.7,3.7921,466,2019-08-23 04:00:00
244,3.77,3.94,31267,3.94,3.72,3.8627,239,2019-08-26 04:00:00
245,4.04,3.74,86114,4.04,3.7,3.797,614,2019-08-27 04:00:00
246,3.7,4.06,172490,4.08,3.7,3.9439,356,2019-08-28 04:00:00
247,4.18,4.17,372969,4.39,4.15,4.2417,926,2019-08-29 04:00:00
248,4.18,4.1,17881,4.305,4.07,4.1578,233,2019-08-30 04:00:00
249,4.03,3.95,52401,4.14,3.92,4.0545,351,2019-09-03 04:00:00
250,3.95,3.66,212323,4.0602,3.62,3.7851,1103,2019-09-04 04:00:00
251,3.8,3.94,58564,3.97,3.7185,3.8708,570,2019-09-05 04:00:00
252,3.87,3.68,132680,3.95,3.62,3.7226,877,2019-09-06 04:00:00
253,3.72,3.76,87049,3.85,3.62,3.7223,551,2019-09-09 04:00:00
254,3.74,3.88,25343,3.91,3.66,3.8364,410,2019-09-10 04:00:00
255,3.9,4.17,98335,4.21,3.79,4.0095,1005,2019-09-11 04:00:00
256,3.7,3.6,2625245,3.75,3.6,3.6377,4256,2019-09-12 04:00:00
257,3.65,3.79,854438,3.82,3.65,3.7381,2452,2019-09-13 04:00:00
258,3.8,3.76,257860,3.8,3.7,3.7423,1308,2019-09-16 04:00:00
259,3.79,3.63,391955,3.8263,3.59,3.6993,1832,2019-09-17 04:00:00
260,3.65,3.65,196676,3.68,3.57,3.6188,1060,2019-09-18 04:00:00
261,3.66,3.56,202531,3.6907,3.5,3.5702,1073,2019-09-19 04:00:00
262,3.55,3.54,386249,3.58,3.48,3.5327,1484,2019-09-20 04:00:00
263,3.55,3.555,212787,3.59,3.49,3.5234,1215,2019-09-23 04:00:00
264,3.58,3.49,232774,3.59,3.435,3.5145,1203,2019-09-24 04:00:00
265,3.51,3.47,192617,3.51,3.43,3.4792,1024,2019-09-25 04:00:00
266,3.47,3.39,117369,3.5,3.37,3.41,659,2019-09-26 04:00:00
267,3.41,3.35,207013,3.41,3.29,3.3389,1021,2019-09-27 04:00:00
268,3.39,3.475,195600,3.54,3.36,3.4812,1162,2019-09-30 04:00:00
269,3.48,3.34,123564,3.54,3.3,3.416,960,2019-10-01 04:00:00
270,3.31,3.26,238587,3.35,3.16,3.239,1051,2019-10-02 04:00:00
271,3.27,3.17,267747,3.3055,3.06,3.1307,1545,2019-10-03 04:00:00
272,3.19,3.28,317723,3.3018,3.16,3.239,1206,2019-10-04 04:00:00
273,3.32,3.23,120214,3.35,3.155,3.2212,704,2019-10-07 04:00:00
274,3.19,3.185,148304,3.2399,3.15,3.1815,749,2019-10-08 04:00:00
275,3.17,3.22,122720,3.24,3.15,3.1871,600,2019-10-09 04:00:00
276,3.24,3.22,191599,3.24,3.18,3.2146,628,2019-10-10 04:00:00
277,3.21,3.23,143715,3.25,3.21,3.2419,683,2019-10-11 04:00:00
278,3.25,3.24,208435,3.34,3.2,3.2476,1007,2019-10-14 04:00:00
279,3.23,3.17,259785,3.24,3.1,3.169,1197,2019-10-15 04:00:00
280,3.21,3.23,243784,3.27,3.179,3.2085,1042,2019-10-16 04:00:00
281,3.26,3.22,126438,3.265,3.19,3.2315,741,2019-10-17 04:00:00
282,3.19,3.17,125682,3.27,3.1273,3.2016,662,2019-10-18 04:00:00
283,3.2,3.24,134717,3.25,3.16,3.2159,639,2019-10-21 04:00:00
284,3.23,3.22,68992,3.28,3.2013,3.2353,407,2019-10-22 04:00:00
285,3.24,3.32,256426,3.38,3.22,3.3131,667,2019-10-23 04:00:00
286,3.37,3.52,412551,3.55,3.37,3.4732,1750,2019-10-24 04:00:00
287,3.54,3.46,131340,3.5736,3.37,3.4677,701,2019-10-25 04:00:00
288,3.55,3.53,229169,3.5809,3.46,3.5157,1478,2019-10-28 04:00:00
289,3.53,3.55,155215,3.55,3.445,3.5043,1180,2019-10-29 04:00:00
290,3.58,3.55,96550,3.58,3.44,3.5049,657,2019-10-30 04:00:00
291,3.53,3.52,118148,3.53,3.43,3.4866,943,2019-10-31 04:00:00
292,3.5,3.6,128567,3.65,3.49,3.5948,728,2019-11-01 04:00:00
293,3.62,3.65,248245,3.68,3.53,3.6383,1458,2019-11-04 05:00:00
294,3.68,3.56,154069,3.7,3.55,3.5965,863,2019-11-05 05:00:00
295,3.56,3.7,230667,3.73,3.4701,3.6365,1535,2019-11-06 05:00:00
296,3.74,3.98,666381,4.0811,3.698,3.8851,3365,2019-11-07 05:00:00
297,4.01,3.95,268065,4.07,3.9,3.9919,1410,2019-11-08 05:00:00
298,3.99,4.05,167860,4.13,3.96,4.0516,1169,2019-11-11 05:00:00
299,4.1,3.94,186114,4.1,3.83,3.9557,1192,2019-11-12 05:00:00
300,3.94,3.8,173768,3.98,3.8,3.871,1304,2019-11-13 05:00:00
301,3.81,3.83,159471,3.95,3.8,3.8564,1062,2019-11-14 05:00:00
302,3.85,3.85,272545,3.93,3.78,3.8351,1435,2019-11-15 05:00:00
303,3.85,3.83,105342,3.85,3.77,3.8201,596,2019-11-18 05:00:00
304,3.81,4.01,354506,4.1,3.77,3.9197,2035,2019-11-19 05:00:00
305,4.02,4.21,1236459,4.4373,3.828,4.2343,4628,2019-11-20 05:00:00
306,4.49,4.57,582758,4.6,4.3,4.4716,3070,2019-11-21 05:00:00
307,4.6,4.47,572496,4.89,4.45,4.6127,2964,2019-11-22 05:00:00
308,4.5,4.68,682169,4.89,4.5,4.7192,4383,2019-11-25 05:00:00
309,4.67,4.85,434711,4.9,4.63,4.7931,2994,2019-11-26 05:00:00
310,4.94,4.95,515375,5.13,4.88,4.9993,2638,2019-11-27 05:00:00
311,4.88,4.85,215459,4.94,4.66,4.8152,1123,2019-11-29 05:00:00
312,4.81,4.76,289105,4.89,4.71,4.7644,1842,2019-12-02 05:00:00
313,4.7,4.64,389821,4.7,4.45,4.6078,2011,2019-12-03 05:00:00
314,4.66,4.58,319364,4.7024,4.5,4.5583,2219,2019-12-04 05:00:00
315,4.59,4.45,344494,4.6998,4.42,4.5333,2651,2019-12-05 05:00:00
316,4.5,4.71,299786,4.75,4.4876,4.6418,2395,2019-12-06 05:00:00
317,4.74,4.97,701646,5,4.61,4.8345,3185,2019-12-09 05:00:00
318,4.99,4.69,307391,4.99,4.64,4.7861,1958,2019-12-10 05:00:00
319,4.68,4.6,244811,4.7139,4.51,4.5875,1497,2019-12-11 05:00:00
320,4.6,4.57,215353,4.6083,4.47,4.5436,1359,2019-12-12 05:00:00
321,4.59,4.51,177839,4.59,4.39,4.4814,1282,2019-12-13 05:00:00
322,4.58,4.44,257852,4.58,4.385,4.4665,2350,2019-12-16 05:00:00
323,4.44,4.42,228203,4.51,4.31,4.3996,1698,2019-12-17 05:00:00
324,4.44,4.3,305030,4.455,4.16,4.2741,2356,2019-12-18 05:00:00
325,4.29,4.36,305149,4.47,4.21,4.364,1866,2019-12-19 05:00:00
326,4.37,4.3,708887,4.469,4.26,4.3143,2833,2019-12-20 05:00:00
327,4.31,4.58,372260,4.64,4.27,4.5253,3102,2019-12-23 05:00:00
328,4.6,4.6,243069,4.71,4.3,4.5327,996,2019-12-24 05:00:00
329,4.59,4.64,219641,4.74,4.5612,4.6426,1581,2019-12-26 05:00:00
330,4.68,4.73,207730,4.75,4.64,4.7094,1378,2019-12-27 05:00:00
331,4.72,4.85,236848,4.88,4.67,4.8107,1918,2019-12-30 05:00:00
332,4.87,4.83,380535,4.87,4.69,4.784,2643,2019-12-31 05:00:00
333,4.83,4.75,250489,4.87,4.71,4.7569,1603,2020-01-02 05:00:00
334,4.7,4.65,291966,4.7,4.53,4.6155,1799,2020-01-03 05:00:00
335,4.58,4.52,268225,4.66,4.49,4.5679,1573,2020-01-06 05:00:00
336,4.5,4.255,1183316,4.5,4.11,4.2648,6767,2020-01-07 05:00:00
337,4.27,4.39,353702,4.45,4.26,4.3733,3361,2020-01-08 05:00:00
338,4.45,4.69,425509,4.74,4.3737,4.6016,2438,2020-01-09 05:00:00
339,4.7,4.62,239130,4.89,4.56,4.7096,1804,2020-01-10 05:00:00
340,4.62,4.81,342222,4.87,4.56,4.7504,1819,2020-01-13 05:00:00
341,4.8,4.81,192634,4.868,4.74,4.7867,1449,2020-01-14 05:00:00
342,4.85,4.83,194659,4.89,4.775,4.8177,1627,2020-01-15 05:00:00
343,4.77,5.05,612995,5.07,4.73,4.9552,2950,2020-01-16 05:00:00
344,5.1,5.24,695585,5.3,5.07,5.1837,4039,2020-01-17 05:00:00
345,5.29,5.74,1113224,5.76,5.25,5.5648,6457,2020-01-21 05:00:00
346,5.76,5.765,1255713,6.1,5.66,5.8692,6501,2020-01-22 05:00:00
347,5.77,6,683724,6.08,5.56,5.8186,4770,2020-01-23 05:00:00
348,6.08,6.07,1087759,6.37,6.01,6.1964,3775,2020-01-24 05:00:00
349,6,5.97,369283,6.11,5.8755,5.9774,2872,2020-01-27 05:00:00
350,6,5.75,529180,6.1899,5.64,5.8453,3155,2020-01-28 05:00:00
351,5.73,5.59,500192,5.73,5.41,5.5475,2697,2020-01-29 05:00:00
352,5.56,5.57,138286,5.67,5.4601,5.5442,1131,2020-01-30 05:00:00
353,5.51,5.4,390476,5.55,5.23,5.3429,2183,2020-01-31 05:00:00
354,5.39,5.61,229662,5.67,5.39,5.5757,2014,2020-02-03 05:00:00
355,5.63,5.55,453911,5.68,5.4411,5.548,2174,2020-02-04 05:00:00
356,5.6,5.69,442362,5.82,5.55,5.6719,3156,2020-02-05 05:00:00
357,5.7,5.75,207814,5.83,5.65,5.743,1636,2020-02-06 05:00:00
358,5.75,5.69,170753,5.7746,5.6075,5.679,1850,2020-02-07 05:00:00
359,5.69,5.85,350337,5.9,5.63,5.8159,2016,2020-02-10 05:00:00
360,5.91,5.9,276339,6.03,5.83,5.9272,1740,2020-02-11 05:00:00
361,5.94,6.03,147730,6.1,5.85,6.0106,1456,2020-02-12 05:00:00
362,6.02,5.91,112289,6.09,5.88,5.9499,1189,2020-02-13 05:00:00
363,5.92,6.08,155397,6.1,5.86,6.0013,1320,2020-02-14 05:00:00
364,6.14,6.2,307570,6.29,6.04,6.1725,2706,2020-02-18 05:00:00
365,6.24,6.17,383517,6.45,6.15,6.3138,2507,2020-02-19 05:00:00
366,6.15,6.42,276348,6.47,6.15,6.3208,1902,2020-02-20 05:00:00
367,6.38,6.4,839285,7.1,6.32,6.6617,4788,2020-02-21 05:00:00
368,6.31,6.19,342668,6.315,6.05,6.2102,2445,2020-02-24 05:00:00
369,6.22,5.98,399250,6.31,5.94,6.0376,2441,2020-02-25 05:00:00
370,5.99,6.44,412123,6.47,5.95,6.2665,2310,2020-02-26 05:00:00
371,6.36,6.22,388080,6.37,6.04,6.199,3193,2020-02-27 05:00:00
372,6.06,5.91,692639,6.12,5.44,5.8361,3335,2020-02-28 05:00:00
373,5.96,5.81,275676,5.96,5.6201,5.7895,1533,2020-03-02 05:00:00
374,5.95,6.32,659665,6.35,5.91,6.1611,4240,2020-03-03 05:00:00
375,6.4,6.645,381028,6.8,6.35,6.6021,2780,2020-03-04 05:00:00
376,6.51,6.2,239300,6.56,6.08,6.242,1745,2020-03-05 05:00:00
377,6,6.09,462117,6.24,5.8,6.0165,2712,2020-03-06 05:00:00
378,5.53,5.48,452279,5.9,5.45,5.5573,2468,2020-03-09 04:00:00
379,5.71,5.56,249676,5.78,5.405,5.5908,2535,2020-03-10 04:00:00
380,5.44,5.4,486435,5.59,5.28,5.4438,3235,2020-03-11 04:00:00
381,4.76,5.12,583653,5.25,4.6,4.9881,3757,2020-03-12 04:00:00
382,5.4,5.33,671486,5.41,5.05,5.2501,4552,2020-03-13 04:00:00
383,4.86,3.22,966909,4.88,3.22,4.2271,5044,2020-03-16 04:00:00
384,3.6,4.18,740469,4.441,3.6,4.0166,4395,2020-03-17 04:00:00
385,3.78,3.97,587988,4.02,3.6649,3.8269,3303,2020-03-18 04:00:00
386,3.95,4.17,495801,4.19,3.77,4.0268,2722,2020-03-19 04:00:00
387,4.21,3.86,598721,4.34,3.76,4.0033,3421,2020-03-20 04:00:00
388,3.83,4.24,465912,4.25,3.69,3.9948,2853,2020-03-23 04:00:00
389,4.49,4,618847,4.49,3.91,4.1837,3976,2020-03-24 04:00:00
390,3.98,3.87,405661,4.2194,3.76,3.9266,2169,2020-03-25 04:00:00
391,3.88,4.06,584151,4.14,3.88,4.0015,3669,2020-03-26 04:00:00
392,4,4.1,355753,4.27,3.87,4.0945,2699,2020-03-27 04:00:00
393,4.2,4.11,240892,4.2007,4,4.0684,2070,2020-03-30 04:00:00
394,4.12,4.21,209189,4.24,4.075,4.1566,1905,2020-03-31 04:00:00
395,4.18,3.84,214283,4.18,3.82,3.9331,2293,2020-04-01 04:00:00
396,3.87,3.81,291775,4.08,3.78,3.8928,2535,2020-04-02 04:00:00
397,3.87,3.84,188467,3.97,3.77,3.8446,1708,2020-04-03 04:00:00
398,4.01,4.03,336162,4.09,3.84,3.9797,3253,2020-04-06 04:00:00
399,4.06,4.09,355546,4.22,3.9,4.0323,2317,2020-04-07 04:00:00
400,4.12,4.09,393250,4.28,4.055,4.1685,2084,2020-04-08 04:00:00
401,4.22,4.56,572952,4.6,4.09,4.3587,4161,2020-04-09 04:00:00
402,4.63,4.56,237322,4.7,4.41,4.5201,2324,2020-04-13 04:00:00
403,4.65,4.65,302031,4.9733,4.48,4.6382,2212,2020-04-14 04:00:00
404,4.56,4.26,430151,4.59,4.23,4.3166,2879,2020-04-15 04:00:00
405,4.3,4.19,371672,4.36,4.1,4.1866,2861,2020-04-16 04:00:00
406,4.34,4.41,317956,4.45,4.15,4.3215,2389,2020-04-17 04:00:00
407,4.39,4.39,141784,4.48,4.29,4.4027,1174,2020-04-20 04:00:00
408,4.34,4.35,215325,4.4,4.03,4.26,1562,2020-04-21 04:00:00
409,4.48,4.49,284894,4.66,4.4,4.5344,1861,2020-04-22 04:00:00
410,4.55,4.57,227584,4.71,4.47,4.637,1823,2020-04-23 04:00:00
411,4.58,4.49,229308,4.59,4.46,4.5133,1562,2020-04-24 04:00:00
412,4.57,4.77,278868,4.85,4.5494,4.7503,1860,2020-04-27 04:00:00
413,4.98,4.82,279499,4.98,4.7215,4.8195,1829,2020-04-28 04:00:00
414,4.98,4.94,322048,5.14,4.8997,5.017,2278,2020-04-29 04:00:00
415,5.26,5.02,387273,5.33,4.76,4.98,3183,2020-04-30 04:00:00
416,4.99,4.9,386291,5.05,4.79,4.8868,2949,2020-05-01 04:00:00
417,4.82,4.69,328159,4.98,4.63,4.7726,2754,2020-05-04 04:00:00
418,4.79,4.83,185586,4.9258,4.76,4.8617,2397,2020-05-05 04:00:00
419,4.88,4.58,278767,4.95,4.55,4.6566,2123,2020-05-06 04:00:00
420,4.6,4.54,293593,4.71,4.49,4.5658,2343,2020-05-07 04:00:00
421,4.61,5.09,496109,5.16,4.54,4.9453,3575,2020-05-08 04:00:00
422,5.24,5.47,791560,5.605,4.95,5.3721,5857,2020-05-11 04:00:00
423,6.21,6.33,2562501,7.55,6.055,6.7394,12805,2020-05-12 04:00:00
424,6.35,6,966797,6.5277,5.6,6.0315,7804,2020-05-13 04:00:00
425,6.05,6.44,568007,6.5179,5.67,6.1822,4524,2020-05-14 04:00:00
426,6.37,6.48,452020,6.65,6.3,6.5036,3418,2020-05-15 04:00:00
427,6.65,6.925,588166,7,6.52,6.8138,4056,2020-05-18 04:00:00
428,6.98,7.87,2014668,8.2,6.94,7.5759,11785,2020-05-19 04:00:00
429,7.92,7.96,1407854,8.4,7.73,8.05,9131,2020-05-20 04:00:00
430,8.12,8.39,1334484,9,8.01,8.4272,8830,2020-05-21 04:00:00
431,8.57,8.99,824142,8.99,8.3379,8.7617,6817,2020-05-22 04:00:00
432,9.3,9.245,1679124,10.43,9.2,9.8071,10827,2020-05-26 04:00:00
433,9.31,8.9,792599,9.61,8.81,9.127,6496,2020-05-27 04:00:00
434,8.93,8.69,673267,9.25,8.62,8.8615,5284,2020-05-28 04:00:00
435,8.54,9.27,616688,9.42,8.51,9.116,5198,2020-05-29 04:00:00
436,9.365,8.89,645959,9.669,8.83,9.0633,4461,2020-06-01 04:00:00
437,8.89,8.89,424753,9.08,8.64,8.8724,3824,2020-06-02 04:00:00
438,8.94,8.81,569695,9.0727,8.61,8.8056,4466,2020-06-03 04:00:00
439,8.69,9.18,768548,9.27,8.51,8.9201,5372,2020-06-04 04:00:00
440,9.29,9.67,741392,9.81,9.225,9.5838,6158,2020-06-05 04:00:00
441,9.85,9.55,588982,10.21,9.45,9.726,5583,2020-06-08 04:00:00
442,9.32,9.495,287362,9.58,9.2,9.4356,3694,2020-06-09 04:00:00
443,9.46,9.47,370708,9.55,9.26,9.4085,3635,2020-06-10 04:00:00
444,9.13,8.64,642386,9.25,8.61,8.8628,5704,2020-06-11 04:00:00
445,8.85,9.03,500554,9.47,8.7702,9.0851,4331,2020-06-12 04:00:00
446,8.85,9.6,559478,9.75,8.7623,9.4515,4524,2020-06-15 04:00:00
447,9.56,9.225,486767,9.7,9.0074,9.2946,3257,2020-06-16 04:00:00
448,9.27,9.47,431425,9.65,9.24,9.4969,3433,2020-06-17 04:00:00
449,9.45,10.16,1000631,10.5,9.35,9.9827,7033,2020-06-18 04:00:00
450,10.29,10.16,585692,10.5,9.94,10.1677,3682,2020-06-19 04:00:00
451,10.15,10.14,483273,10.2999,9.78,10.1155,4008,2020-06-22 04:00:00
452,10.275,11.1,967106,11.45,10.16,10.9712,7264,2020-06-23 04:00:00
453,10.81,10.44,831266,11.41,10.29,10.6639,6040,2020-06-24 04:00:00
454,10.45,11.36,553765,11.37,10.3,11.0637,4226,2020-06-25 04:00:00
455,11.41,11.04,1491120,11.98,10.71,11.0748,6004,2020-06-26 04:00:00
456,11.04,11.56,791667,11.64,10.51,11.2959,4970,2020-06-29 04:00:00
457,11.62,11.77,484833,11.83,11.27,11.6645,3715,2020-06-30 04:00:00
458,11.77,11.05,1010914,11.99,10.55,11.1906,7264,2020-07-01 04:00:00
459,11.21,11.14,562754,11.4,10.8,11.1104,5025,2020-07-02 04:00:00
460,11.37,11.32,569105,11.3839,10.88,11.133,5805,2020-07-06 04:00:00
461,11.23,11.83,817036,11.8986,10.76,11.5421,6944,2020-07-07 04:00:00
462,11.89,12.37,1179152,12.72,11.81,12.2841,9529,2020-07-08 04:00:00
463,12.46,12.9,1095365,13.05,12.25,12.7316,8844,2020-07-09 04:00:00
464,12.95,12.93,605697,13.19,12.62,12.9305,5507,2020-07-10 04:00:00
465,13.1,13.42,1066401,13.9,12.92,13.4762,10623,2020-07-13 04:00:00
466,13.42,13.38,956527,13.5604,12.0501,12.9294,8875,2020-07-14 04:00:00
467,13.38,13.76,709461,13.96,13.21,13.7317,5766,2020-07-15 04:00:00
468,13.75,13.85,732432,14.27,13.66,13.9464,6116,2020-07-16 04:00:00
469,13.9,14.36,870907,14.69,13.8101,14.3693,7997,2020-07-17 04:00:00
470,14.06,14.3,807348,14.39,13.58,14.0906,6965,2020-07-20 04:00:00
471,14.51,14.17,592878,14.55,14.1,14.24,6788,2020-07-21 04:00:00
472,14.2,14.6,832188,14.785,14.1594,14.4995,7015,2020-07-22 04:00:00
473,14.6,14.55,467061,14.97,14.31,14.6532,5346,2020-07-23 04:00:00
474,14.35,13.97,546401,14.42,13.2,13.8124,4832,2020-07-24 04:00:00
475,14.08,14.795,527908,14.95,13.8716,14.6,4390,2020-07-27 04:00:00
476,14.92,14.64,756960,15.4698,14.6,15.0675,6488,2020-07-28 04:00:00
477,14.82,15.19,651980,15.42,14.82,15.191,5952,2020-07-29 04:00:00
478,15,14.72,523599,15.02,14.4,14.7327,4652,2020-07-30 04:00:00
479,14.98,14.67,501954,15.06,14.295,14.6202,4546,2020-07-31 04:00:00
480,14.68,14.395,704629,14.84,14.32,14.4707,5878,2020-08-03 04:00:00
481,14.47,14.25,822335,14.64,13.91,14.2146,7695,2020-08-04 04:00:00
482,14.42,15.65,1258079,16.1,14.42,15.5895,10570,2020-08-05 04:00:00
483,18.75,20.83,3927886,21,17.5,19.4783,28882,2020-08-06 04:00:00
484,21,21.2,2176892,22.96,20.1406,21.6753,20744,2020-08-07 04:00:00
485,22.52,19.83,1411357,22.79,19.57,20.7563,14067,2020-08-10 04:00:00
486,19.61,19.85,2417344,20.0028,18.11,19.0915,21910,2020-08-11 04:00:00
487,19.94,20.11,1561476,20.68,19.25,20.1009,13720,2020-08-12 04:00:00
488,20.18,21.45,1194623,22.06,20.105,21.3965,10764,2020-08-13 04:00:00
489,21.35,21.52,471587,21.6,20.88,21.3038,4742,2020-08-14 04:00:00
490,21.63,23.03,951096,23.54,21.63,22.8601,8873,2020-08-17 04:00:00
491,23.25,23.07,878392,23.99,22.02,23.0218,8458,2020-08-18 04:00:00
492,23.25,25.38,1865575,26.76,23.25,25.1968,16168,2020-08-19 04:00:00
493,25.3,22.88,1939353,25.39,22.25,23.3795,17398,2020-08-20 04:00:00
494,22.53,21.295,1229970,22.5452,20.64,21.3934,10847,2020-08-21 04:00:00
495,21.18,21.2,1377522,21.5695,19.64,20.5604,12718,2020-08-24 04:00:00
496,21.27,21.3,587946,21.83,20.96,21.2794,6239,2020-08-25 04:00:00
497,21.32,21.58,558972,22.36,21.21,21.7892,5943,2020-08-26 04:00:00
498,21.46,20.79,598581,21.55,20.23,20.7833,5422,2020-08-27 04:00:00
499,21,20.54,673991,21,20.19,20.4746,7191,2020-08-28 04:00:00
500,20.32,19.42,1195634,20.38,18.26,19.3093,10921,2020-08-31 04:00:00
501,19.29,20.22,549933,20.57,19.1,20.0239,6897,2020-09-01 04:00:00
502,20.47,19.89,611031,20.47,19.45,19.9676,6449,2020-09-02 04:00:00
503,19.76,18.64,533248,19.99,18.615,19.0907,6746,2020-09-03 04:00:00
504,18.75,18.92,866519,19.18,17.34,18.3626,8856,2020-09-04 04:00:00
505,18.35,18.71,551923,19.33,17.95,18.7641,6218,2020-09-08 04:00:00
506,19.49,20.36,732022,21.07,19.26,20.3155,6702,2020-09-09 04:00:00
507,20.49,20.79,665332,21.6,20.43,21.0823,7184,2020-09-10 04:00:00
508,20.92,20.62,475385,21.0644,19.92,20.3999,5536,2020-09-11 04:00:00
509,20.88,21.13,426010,21.435,20.4316,20.8357,5223,2020-09-14 04:00:00
510,21.5,21.86,748237,22.84,21.5,22.1583,8142,2020-09-15 04:00:00
511,21.86,21.2,433447,22.05,21.13,21.3838,6187,2020-09-16 04:00:00
512,20.6,21.94,533040,22.08,20.0351,21.3568,5531,2020-09-17 04:00:00
513,22.18,21.92,1563062,24.2,21.14,22.3795,9787,2020-09-18 04:00:00
514,21.38,21.58,586204,21.9,20.88,21.4719,6701,2020-09-21 04:00:00
515,21.75,20.92,581540,21.92,20.69,21.0287,6545,2020-09-22 04:00:00
516,20.99,19.46,712453,21.53,19.37,20.0639,7909,2020-09-23 04:00:00
517,19.22,19.54,504029,20.18,18.71,19.6509,6147,2020-09-24 04:00:00
518,19.45,19.76,355447,20.09,19.1938,19.7396,4456,2020-09-25 04:00:00
519,20.15,20.25,556469,20.8799,19.94,20.295,6179,2020-09-28 04:00:00
520,20.39,20.83,626594,20.93,19.855,20.4331,7353,2020-09-29 04:00:00
521,20.83,22.71,1018669,22.8,20.77,22.0733,10784,2020-09-30 04:00:00
522,23.02,21.93,4521588,24.34,19.8,21.4955,32140,2020-10-01 04:00:00
523,21.2,23.03,1196759,23.73,20.81,22.7063,10756,2020-10-02 04:00:00
524,23.03,22.62,817470,23.3621,21.95,22.5872,8120,2020-10-05 04:00:00
525,22.58,21.16,1200272,22.6387,20.6,21.3434,11622,2020-10-06 04:00:00
526,21.32,22.02,951756,22.27,20.84,21.6286,9449,2020-10-07 04:00:00
527,22.32,20.48,1153485,22.86,20.19,20.8794,9730,2020-10-08 04:00:00
528,20.71,21.97,2238043,22.5499,19.51,21.1422,15258,2020-10-09 04:00:00
529,22.14,21.43,842866,22.55,20.7,21.2419,6417,2020-10-12 04:00:00
530,21.25,22.88,1629753,22.98,21.25,22.4335,10882,2020-10-13 04:00:00
531,23.25,21.92,2265392,23.94,21.18,22.284,17342,2020-10-14 04:00:00
532,21.58,21.36,734490,21.805,20.72,21.1745,7327,2020-10-15 04:00:00
533,21.35,20.93,611613,21.484,20.91,21.1237,7220,2020-10-16 04:00:00
534,21,21.18,723594,22.04,20.52,21.3546,7811,2020-10-19 04:00:00
535,21.2,21.31,410192,21.82,20.83,21.4139,4599,2020-10-20 04:00:00
536,21.45,21.28,468563,21.6987,20.85,21.2967,4980,2020-10-21 04:00:00
537,21.46,22.99,1754648,23.5932,21.4328,22.7859,13176,2020-10-22 04:00:00
538,23.29,22.03,1322835,24.29,21.23,22.1761,12406,2020-10-23 04:00:00
539,21.85,20.72,1120431,22.075,20.28,20.8945,12098,2020-10-26 04:00:00
540,20.8,21.81,795422,22.17,20.62,21.7278,7635,2020-10-27 04:00:00
541,21.18,21.41,982817,21.95,20.76,21.3749,7354,2020-10-28 04:00:00
542,21.7103,22.3,1235155,23,20.701,21.7632,8549,2020-10-29 04:00:00
543,22,20.11,1232158,22.3,19.8,20.5569,10857,2020-10-30 04:00:00
544,20.44,20.41,656283,20.7696,20,20.3435,6987,2020-11-02 05:00:00
545,20.66,22.09,904856,22.46,20.6,21.85,8919,2020-11-03 05:00:00
546,22.2,23.49,982418,24.1927,22.2,23.5778,8512,2020-11-04 05:00:00
547,24,23.86,1118631,25.205,22.62,23.473,9883,2020-11-05 05:00:00
548,23.78,23.72,642043,24.88,23.5,23.9921,6574,2020-11-06 05:00:00
549,24.5,24.11,1170473,25.76,23.02,24.6361,11375,2020-11-09 05:00:00
550,24.12,23.95,805651,24.49,23.02,23.9025,8025,2020-11-10 05:00:00
551,23.99,24.77,942640,24.8384,23.8,24.4898,8881,2020-11-11 05:00:00
552,27.57,31.96,7001977,32.75,25.5,29.7285,47527,2020-11-12 05:00:00
553,32.09,32.58,2675066,32.7456,30.05,31.4871,21933,2020-11-13 05:00:00
554,32.95,34.09,2082128,35.44,32.1,34.0701,18342,2020-11-16 05:00:00
555,33.64,32.31,2059321,33.64,30.635,32.2479,19447,2020-11-17 05:00:00
556,32.4,31.93,950234,32.95,31.45,32.2097,8611,2020-11-18 05:00:00
557,31.65,34.02,1025757,34.14,31.63,33.2922,10338,2020-11-19 05:00:00
558,34.07,34.16,874076,34.78,32.72,33.7199,8565,2020-11-20 05:00:00
559,34.38,33.7,971449,34.77,33.15,33.7618,9803,2020-11-23 05:00:00
560,33.82,31.18,1677775,33.99,31.01,32.0151,16366,2020-11-24 05:00:00
561,31.5,30.44,1201460,31.7999,30.11,30.6682,11859,2020-11-25 05:00:00
562,31.04,32.69,755581,33.7,30.69,32.7103,7791,2020-11-27 05:00:00
563,33.42,32.25,1560216,33.5,31.57,32.3426,12065,2020-11-30 05:00:00
564,32.6,34.75,2352348,37.3645,31.31,35.1586,19296,2020-12-01 05:00:00
565,34.82,35.51,990399,36.105,33.77,35.0531,10194,2020-12-02 05:00:00
566,35.75,36.22,830513,36.8,34.78,35.9776,8717,2020-12-03 05:00:00
567,36.5,35.6,1035144,37.04,34.14,35.2827,9493,2020-12-04 05:00:00
568,36.26,37.38,929487,38.11,36.24,37.2563,9817,2020-12-07 05:00:00
569,37.29,37.32,636073,38.14,36.2,37.3252,7137,2020-12-08 05:00:00
570,37.26,35.67,1070878,37.33,34.84,35.895,10523,2020-12-09 05:00:00
571,35.42,36.37,522043,36.78,35,36.0906,5798,2020-12-10 05:00:00
572,35.9288,36.38,569653,36.98,35.55,36.2845,6287,2020-12-11 05:00:00
573,36.82,35.66,477220,37.47,35.6,36.3766,5916,2020-12-14 05:00:00
574,36.02,36,701192,36.42,35.4,35.9877,8590,2020-12-15 05:00:00
575,36.01,39.69,1423650,40.24,35.54,38.3914,13186,2020-12-16 05:00:00
576,40.5762,39.88,783335,40.8199,38.43,39.7794,9149,2020-12-17 05:00:00
577,40.18,39.21,1023011,41.54,38.8809,39.8909,8380,2020-12-18 05:00:00
578,38.5199,41.31,777196,41.53,38,40.3384,8019,2020-12-21 05:00:00
579,41.48,41.35,1442621,42.92,40,41.2969,12527,2020-12-22 05:00:00
580,41.5,43,772607,43.26,40.5991,42.1219,8655,2020-12-23 05:00:00
581,43,44.15,811821,44.49,42.9,43.962,7610,2020-12-24 05:00:00
582,45.1,41.88,1030458,45.1,41.42,42.5217,10457,2020-12-28 05:00:00
583,41.83,40.88,989734,42.6885,38.77,40.8823,10064,2020-12-29 05:00:00
584,40.8,44.42,971436,44.93,39.71,43.6215,11518,2020-12-30 05:00:00
585,49.85,50.31,3654619,52.1,48.37,50.3376,36898,2020-12-31 05:00:00
586,52.67,49.54,1820767,52.72,48.48,49.914,21878,2021-01-04 05:00:00
587,48.7755,52.15,2588612,55.79,47.15,52.704,29340,2021-01-05 05:00:00
588,51.96,52.34,7246218,56.87,51.674,52.8948,30982,2021-01-06 05:00:00
589,52.5,56.34,1695620,56.45,50.41,54.1267,19392,2021-01-07 05:00:00
590,56.01,58.54,3798858,58.7646,55.99,58.9059,18750,2021-01-08 05:00:00
591,58.1,57.11,1345695,58.77,55.05,56.9481,15281,2021-01-11 05:00:00
592,56.92,59.31,1104923,59.58,56.12,58.4017,13164,2021-01-12 05:00:00
593,59.56,59.6,1800404,60.33,57.5,58.7403,15591,2021-01-13 05:00:00
594,59.7998,64.815,2399298,66.81,59.63,64.4815,19400,2021-01-14 05:00:00
595,63.99,65.25,1499166,67.72,62.5,64.9507,15343,2021-01-15 05:00:00
596,67.04,69.58,1333132,69.7,63.55,68.2422,16372,2021-01-19 05:00:00
597,69.99,65.58,1727361,70.66,63.64,66.3629,21750,2021-01-20 05:00:00
598,66,63.175,1339092,66.45,61.39,63.2694,14302,2021-01-21 05:00:00
599,62.71,64.68,1039991,66.38,61.7495,64.2018,12306,2021-01-22 05:00:00
600,64.6,62.92,1449458,67.29,60.2,63.157,17600,2021-01-25 05:00:00
601,62.39,64.91,984710,67.18,61.43,64.6701,10673,2021-01-26 05:00:00
602,63.265,56.84,2137402,63.794,55.29,59.5641,23675,2021-01-27 05:00:00
603,59.42,56.06,1390538,59.83,52.5101,55.3786,17664,2021-01-28 05:00:00
604,55.99,53.4,916933,57.3925,52.15,54.4343,13155,2021-01-29 05:00:00
605,53.54,55.9,812873,56.47,52.6628,55.1636,11860,2021-02-01 05:00:00
606,56,57.46,1274845,57.8,54,55.8073,14231,2021-02-02 05:00:00
607,59.17,59.07,931360,60,55.89,58.3315,12399,2021-02-03 05:00:00
608,58.74,59.3,553050,60.1,56.91,58.7422,9084,2021-02-04 05:00:00
609,60.235,63.96,784475,64.39,59.92,62.6017,11027,2021-02-05 05:00:00
610,65.22,64.12,950878,67.55,64,65.4084,13228,2021-02-08 05:00:00
611,63.78,61.84,876744,64.8364,60.58,62.4933,12337,2021-02-09 05:00:00
612,61.4635,60.87,1212365,66.68,60.82,62.924,14105,2021-02-10 05:00:00
613,61.95,64.14,713130,64.24,59.69,62.3012,9167,2021-02-11 05:00:00
614,64.69,61.74,906038,65,61.4773,62.6123,13435,2021-02-12 05:00:00
615,62.97,62.25,881562,63.67,58.38,61.6087,12280,2021-02-16 05:00:00
616,61.5,59.22,874189,62,56.17,58.6606,13098,2021-02-17 05:00:00
617,58.15,58.77,584440,60.5,56.27,58.2521,10553,2021-02-18 05:00:00
618,59.56,60.82,707493,63.98,59.24,61.8568,10492,2021-02-19 05:00:00
619,60.03,61.1,1848246,68.49,59.5,64.124,20313,2021-02-22 05:00:00
620,57.025,55.88,1626961,58.1999,49.02,54.2699,23264,2021-02-23 05:00:00
621,57.33,58.87,767431,59.09,52.5,56.8046,10731,2021-02-24 05:00:00
622,58.5,57.28,820789,61.1,55.64,57.6928,12378,2021-02-25 05:00:00
623,57.25,59.53,918435,61.33,56.34,59.3075,12164,2021-02-26 05:00:00
624,62.8,65.43,1001695,67.2399,62.51,65.2926,15489,2021-03-01 05:00:00
625,65.75,64,1231174,70.5,63.15,66.2796,15144,2021-03-02 05:00:00
626,63.41,57.76,1134077,64.5959,56.75,59.1806,15894,2021-03-03 05:00:00
627,56.77,53.04,1325740,59.77,51.22,53.9634,17757,2021-03-04 05:00:00
628,53.42,51.87,1375216,54,45.97,50.0294,20325,2021-03-05 05:00:00
629,51,55.01,1035085,55.95,50.51,54.3716,12929,2021-03-08 05:00:00
630,57.14,59.74,1154492,60.7399,56.5,58.8961,15660,2021-03-09 05:00:00
631,61.68,60.55,885442,62.72,59.13,60.7606,12908,2021-03-10 05:00:00
632,46.98,47.37,13312100,50,41.71,45.8818,111839,2021-03-11 05:00:00
633,45.56,45.19,2886462,48.3899,44.65,46.4034,33781,2021-03-12 05:00:00
634,45.45,48.6,2332622,49.84,44.76,48.0337,28325,2021-03-15 04:00:00
635,48.55,46.95,1522941,49.3515,45.42,47.1147,19055,2021-03-16 04:00:00
636,45.45,49.94,1835817,50.89,45.07,48.7237,21069,2021-03-17 04:00:00
637,49.1931,45.48,1398772,49.69,45.04,47.2734,17276,2021-03-18 04:00:00
638,45.75,46.23,1529579,47.7,44.5001,46.4152,14664,2021-03-19 04:00:00
639,47.17,48.54,980258,49,46.14,47.9477,12326,2021-03-22 04:00:00
640,48.21,47.82,701393,49.49,47.3614,48.171,11699,2021-03-23 04:00:00
641,48,43.76,810381,48.202,43.6712,45.2254,14305,2021-03-24 04:00:00
642,42.03,44.95,1193704,45.575,41.27,43.9293,12851,2021-03-25 04:00:00
643,45.17,43.49,1116623,45.96,41.05,43.0534,14796,2021-03-26 04:00:00
644,43.21,42.57,542498,44.3,42.28,43.1523,8915,2021-03-29 04:00:00
645,42.57,45.72,1664542,46.53,42.5,45.1988,17498,2021-03-30 04:00:00
646,46.35,48.05,913604,48.64,45.745,47.7028,13192,2021-03-31 04:00:00
647,48.57,49.56,921536,50.36,47.7,49.299,12922,2021-04-01 04:00:00
648,50.37,51.91,783066,52.33,49.7305,51.2358,12339,2021-04-05 04:00:00
649,52.13,52.37,622591,53.4,51.7275,52.6762,10562,2021-04-06 04:00:00
650,51.9,51.76,592334,52.69,50.86,51.7895,9205,2021-04-07 04:00:00
651,52.62,54.6,1629621,54.68,52.2,54.3557,10987,2021-04-08 04:00:00
652,54.33,53.54,687706,54.5,52.24,53.4122,10559,2021-04-09 04:00:00
653,53.55,57.09,962294,57.45,51.81,55.6896,14228,2021-04-12 04:00:00
654,57.88,56.58,1217668,59.89,55.35,56.84,16311,2021-04-13 04:00:00
655,56.47,57.81,484721,58.49,56.02,57.4104,8375,2021-04-14 04:00:00
656,58.82,59.41,658998,60.025,56.4001,58.8445,10039,2021-04-15 04:00:00
657,59.61,60.755,826844,60.88,57.37,59.9366,9022,2021-04-16 04:00:00
658,60.62,57.26,782516,61,56.37,57.6971,10811,2021-04-19 04:00:00
659,57.24,55.41,798353,58.12,53.7,55.2444,10291,2021-04-20 04:00:00
660,55.13,58.07,600204,58.2022,53.51,57.09,10038,2021-04-21 04:00:00
661,58.47,57.13,623724,59.5,55.65,57.7293,8966,2021-04-22 04:00:00
662,57.53,59.63,572916,59.95,56.51,59.0695,9309,2021-04-23 04:00:00
663,59.99,64.75,1094767,64.99,58.45,62.9886,13786,2021-04-26 04:00:00
664,65,62.62,848736,65.92,61.09,62.9242,12320,2021-04-27 04:00:00
665,62.37,61.81,622243,63.23,60.1,61.9648,8820,2021-04-28 04:00:00
666,62.13,56.77,1213129,62.28,55.4771,57.443,15253,2021-04-29 04:00:00
667,55.49,57.3,476087,57.58,55,56.7489,7583,2021-04-30 04:00:00
668,58.74,56.44,563757,58.74,56,56.7241,9362,2021-05-03 04:00:00
669,55.05,52.74,833872,56.25,52.093,53.3273,12264,2021-05-04 04:00:00
670,53.662,52,749018,55.1099,51.43,52.7893,11338,2021-05-05 04:00:00
671,51.5,49.76,1575854,52.77,48.89,50.1809,16997,2021-05-06 04:00:00
672,50,49.07,1718417,51.54,48.59,49.8098,16295,2021-05-07 04:00:00
673,48.21,47.33,1249383,48.6813,46.22,47.0858,16127,2021-05-10 04:00:00
674,44,48.8,869306,49.24,43.6,47.4013,13461,2021-05-11 04:00:00
675,48.7,46.13,1238560,48.7,45,46.4166,17170,2021-05-12 04:00:00
676,51.26,51.7,1953453,53.3763,46.5,50.789,24855,2021-05-13 04:00:00
677,52.86,54.15,1600776,55.355,50.06,53.4146,22503,2021-05-14 04:00:00
678,54,54.68,651789,55.88,53.01,54.5796,11542,2021-05-17 04:00:00
679,55,53.09,702860,55.23,53.01,54.0854,12819,2021-05-18 04:00:00
680,51.25,53.6,588052,53.7,49.8794,52.4396,10206,2021-05-19 04:00:00
681,54.08,57.25,890081,57.28,53.2174,56.1261,10746,2021-05-20 04:00:00
682,58.92,60.04,1275227,60.81,56.55,59.5935,16104,2021-05-21 04:00:00
683,60.1,63.89,959505,64.16,58.32,62.6159,13314,2021-05-24 04:00:00
684,64.28,62.59,820203,65.652,61.61,63.3384,12995,2021-05-25 04:00:00
685,62.9,64.03,1035650,66.97,62.21,64.4635,15645,2021-05-26 04:00:00
686,64.13,65.65,933124,65.77,63.48,65.3923,11657,2021-05-27 04:00:00
687,66,65.54,797208,67.95,65.29,66.4603,10752,2021-05-28 04:00:00
688,66.62,66.47,815898,67.48,63.6673,66.0382,12636,2021-06-01 04:00:00
689,66.71,76.47,2431005,78.5682,66.05,74.1906,28673,2021-06-02 04:00:00
690,74.73,73.53,1522597,76.47,71.46,74.6223,20431,2021-06-03 04:00:00
691,75.28,78.13,1263141,80.88,74.3487,78.6883,19436,2021-06-04 04:00:00
692,79.4343,81.94,1216990,82.6237,78.5,81.7027,18204,2021-06-07 04:00:00
693,82.5,72.45,2450022,83,71,74.6839,34963,2021-06-08 04:00:00
694,73.41,72.73,867856,74.5,70.91,72.1107,14677,2021-06-09 04:00:00
695,63.15,61.75,7948098,64.8399,60.75,62.1915,84259,2021-06-10 04:00:00
696,63.49,63.81,2228536,63.9471,61.75,62.8617,35121,2021-06-11 04:00:00
697,63.84,64.55,1589395,64.95,62,63.8721,25813,2021-06-14 04:00:00
698,64.55,63.94,1065990,65.5,62.5,63.9825,15836,2021-06-15 04:00:00
699,63.9,63.01,2184817,65.71,61.71,63.4648,23463,2021-06-16 04:00:00
700,61.9374,64.63,1136564,65.06,61.9374,64.0668,15230,2021-06-17 04:00:00
701,64.42,65.4,1143314,66.7,64.01,65.4919,18036,2021-06-18 04:00:00
702,65.6904,67.46,955815,67.81,64.32,66.7201,15921,2021-06-21 04:00:00
703,67.24,69.21,1159037,69.37,66.03,68.4132,16243,2021-06-22 04:00:00
704,70.47,70.11,1098753,71.11,68.22,69.7322,14996,2021-06-23 04:00:00
705,71.47,73.23,1218350,75.6,71.405,73.9032,19144,2021-06-24 04:00:00
706,74.02,72.37,2955345,74.02,70.02,71.9351,21122,2021-06-25 04:00:00
707,72.98,73.79,916680,74,71.26,73.0122,13155,2021-06-28 04:00:00
708,74.13,74.555,955239,74.9365,72.36,73.8543,13438,2021-06-29 04:00:00
709,74.56,76.09,980706,76.8005,73.37,75.4996,14643,2021-06-30 04:00:00
710,75.9,72.73,841695,76.4499,71.51,73.168,13743,2021-07-01 04:00:00
711,72.885,72.36,732946,73.9,70.5601,72.0487,10053,2021-07-02 04:00:00
712,73.17,72.92,627446,73.25,70.74,72.1037,8691,2021-07-06 04:00:00
713,74.1,70.1,1149637,74.57,67.5201,69.8146,16646,2021-07-07 04:00:00
714,67.34,70.79,780862,72.47,66.26,70.0003,14217,2021-07-08 04:00:00
715,70.9,71.45,427106,72.351,70.23,71.2116,7524,2021-07-09 04:00:00
716,72.29,71.49,481880,72.9,70.18,71.5896,8787,2021-07-12 04:00:00
717,71.24,71.76,1194490,75.615,70.84,73.07,16243,2021-07-13 04:00:00
718,73.14,65.13,1688955,73.175,64.4201,66.8295,23826,2021-07-14 04:00:00
719,64.49,62.7,893562,64.9,61.5747,63.2731,15991,2021-07-15 04:00:00
720,63.31,61.52,841449,63.99,61.29,62.0728,11675,2021-07-16 04:00:00
721,59.72,62.36,713883,63.45,58.84,61.871,11130,2021-07-19 04:00:00
722,62.5,65.59,599861,65.83,61.23,64.2483,10227,2021-07-20 04:00:00
723,66.25,66.42,535841,67.41,65.31,66.4187,8589,2021-07-21 04:00:00
724,66.52,65.85,519595,67,65.3101,66.0608,7568,2021-07-22 04:00:00
725,66.435,65.3,735626,66.435,63.57,65.0902,10056,2021-07-23 04:00:00
726,65.77,66.91,529720,67.05,65.01,66.0957,8569,2021-07-26 04:00:00
727,67.28,65.38,878553,67.98,62.8001,65.0708,11517,2021-07-27 04:00:00
728,65.11,67.7,513755,68.095,65.11,67.1023,7899,2021-07-28 04:00:00
729,68.25,69.63,978727,73.5799,67.6,70.7764,14237,2021-07-29 04:00:00
730,69.25,68.63,546441,71.35,67.81,69.3105,7982,2021-07-30 04:00:00
731,68.72,69.27,760395,70.85,66.23,68.9033,11121,2021-08-02 04:00:00
732,70.34,71.85,831415,72.42,67.63,70.5252,11204,2021-08-03 04:00:00
733,72.33,72.34,935118,74.5,71.6527,72.6942,13792,2021-08-04 04:00:00
734,71.73,75.63,781964,76.5,71.73,74.8988,13035,2021-08-05 04:00:00
735,75.55,75.72,1252062,77.89,74.01,75.7379,13404,2021-08-06 04:00:00
736,76.15,76.78,578266,77.03,75.06,76.3978,9943,2021-08-09 04:00:00
737,77.15,76.92,928494,78.94,76.555,77.7302,12643,2021-08-10 04:00:00
738,77,77.81,995897,80,75.97,77.7208,15014,2021-08-11 04:00:00
739,74,73.32,2085205,78.93,68.2401,74.6045,28705,2021-08-12 04:00:00
740,74.53,72.63,1207439,75.71,70.12,72.5774,19221,2021-08-13 04:00:00
741,72,72.39,564569,73.26,70.3101,72.0113,8680,2021-08-16 04:00:00
742,71.46,65.84,1480025,71.495,65.06,66.956,22172,2021-08-17 04:00:00
743,66.63,67.84,803457,69.66,66,68.2254,15644,2021-08-18 04:00:00
744,66.75,65.89,777205,69.19,65.11,66.6624,13891,2021-08-19 04:00:00
745,65.5,65.99,683329,67.52,65.35,66.1666,12195,2021-08-20 04:00:00
746,67.73,70.55,1013778,70.66,67.2,69.6408,17104,2021-08-23 04:00:00
747,71.26,72.36,906231,73.61,68.52,71.7167,14257,2021-08-24 04:00:00
748,72,73.42,806213,74.87,70.58,73.2957,14780,2021-08-25 04:00:00
749,73.34,72.57,674289,75.7,72.23,73.5347,12545,2021-08-26 04:00:00
750,73.26,75.56,1128412,76.2,71.529,74.497,13749,2021-08-27 04:00:00
751,76.18,79.61,1082635,79.86,75.875,78.5269,16725,2021-08-30 04:00:00
752,80,81.76,1204493,81.96,76.8401,80.565,14975,2021-08-31 04:00:00
753,82.13,84.1,963534,84.39,80.6701,83.254,17568,2021-09-01 04:00:00
754,84.91,85.76,993368,87.88,84.66,86.0395,17004,2021-09-02 04:00:00
755,85.66,87.42,847715,88.115,82.6009,86.7008,13745,2021-09-03 04:00:00
756,87.51,85.85,1000079,88.9,85.04,86.7783,20283,2021-09-07 04:00:00
757,85.46,87.6,820460,88,83.29,86.0521,15727,2021-09-08 04:00:00
758,86.72,87.64,762618,90.51,86.42,88.7306,14844,2021-09-09 04:00:00
759,88.11,91.45,1148560,93.49,86.2,90.3776,21401,2021-09-10 04:00:00
760,91.56,86.95,833856,91.56,86.25,87.8354,16175,2021-09-13 04:00:00
761,87.5,89,926460,93.25,87.5,90.8377,18427,2021-09-14 04:00:00
762,88.5,90.9,905666,92.21,86.5101,89.9283,13641,2021-09-15 04:00:00
763,93.41,96.24,1506416,97.23,91.44,95.3678,20428,2021-09-16 04:00:00
764,97.2,93.28,3671020,99.15,92.05,94.2798,28476,2021-09-17 04:00:00
765,88.98,89.67,1144518,92.3165,86.45,89.1562,18250,2021-09-20 04:00:00
766,90.19,91.63,1028192,93.64,89.5,91.7715,16085,2021-09-21 04:00:00
767,91.94,93.9,627455,94.5165,89.73,92.6829,11139,2021-09-22 04:00:00
768,94.73,96.98,760505,98.9,94.73,97.2165,13742,2021-09-23 04:00:00
769,96.83,98.65,1057603,101.5,96.51,98.979,17658,2021-09-24 04:00:00
770,98.82,92.26,1409804,99.015,92.01,94.0941,23501,2021-09-27 04:00:00
771,90,90.71,1146817,92.34,87,89.6072,21806,2021-09-28 04:00:00
772,92.07,90.58,794407,92.1299,88.93,90.6622,13906,2021-09-29 04:00:00
773,91.16,90.09,1338770,94.7096,90,91.1369,13880,2021-09-30 04:00:00
774,90.14,94.19,992464,95.76,88.66,92.8233,16799,2021-10-01 04:00:00
775,93.22,90.62,835974,93.3346,87.35,89.4384,15431,2021-10-04 04:00:00
776,91.33,94.92,566627,95.32,90.462,93.9853,9949,2021-10-05 04:00:00
777,93.75,94.46,594571,96.8999,92.35,94.3216,12167,2021-10-06 04:00:00
778,95.85,97.62,1015940,100.57,94.91,98.3821,14972,2021-10-07 04:00:00
779,98.6,94.1,565723,99.4455,93.64,95.5709,11267,2021-10-08 04:00:00
780,93.73,94.65,470476,96.7794,93,94.968,9408,2021-10-11 04:00:00
781,95.49,97.22,617119,98.91,94.45,97.5304,11015,2021-10-12 04:00:00
782,97.5,95.54,625926,99.48,94.84,96.3103,12956,2021-10-13 04:00:00
783,97.18,92.5,963345,97.99,92.33,93.8731,14608,2021-10-14 04:00:00
784,93.79,88.91,1491608,94.65,87.095,90.215,23037,2021-10-15 04:00:00
785,88.2634,93.02,663570,93.46,88.193,91.8869,11937,2021-10-18 04:00:00
786,93.11,94.55,647035,97.2,92.41,95.1944,10761,2021-10-19 04:00:00
787,94.96,93.92,622851,97.85,93.39,95.0523,9958,2021-10-20 04:00:00
788,93.39,95.31,331843,96.6,93,94.8329,6944,2021-10-21 04:00:00
789,95.46,94.29,436967,96.41,91.71,93.4388,9806,2021-10-22 04:00:00
790,94.805,99.96,1351682,101.89,94.28,99.4916,20000,2021-10-25 04:00:00
791,100,98.92,722617,103.7,97.23,99.8728,14653,2021-10-26 04:00:00
792,100.03,95.51,464585,101.8524,95.49,97.3177,10367,2021-10-27 04:00:00
793,96.26,97.74,425307,98.4,94.61,97.3599,9348,2021-10-28 04:00:00
794,97.65,96.52,550156,97.92,94.7701,96.2574,11425,2021-10-29 04:00:00
795,96.67,101.4,1120835,104.95,96,101.7118,17719,2021-11-01 04:00:00
796,101.72,101.15,914194,101.8999,95.64,98.7244,18036,2021-11-02 04:00:00
797,101.16,104.85,908195,106.16,99.54,103.9048,14914,2021-11-03 04:00:00
798,105.29,103.95,499674,106.88,102.89,104.6575,11876,2021-11-04 04:00:00
799,105,108.07,761283,108.69,102.1,106.4417,14516,2021-11-05 04:00:00
800,109,103.95,605335,110.22,103.82,105.7047,15986,2021-11-08 05:00:00
801,105,101.51,751012,108.2199,101.292,103.4228,16381,2021-11-09 05:00:00
802,98.485,93.89,1217362,99.12,93.78,95.8208,22354,2021-11-10 05:00:00
803,105.55,97.71,2045006,106.11,92.13,96.9969,33125,2021-11-11 05:00:00
804,95.62,83.35,3678591,96.925,83.32,88.5494,54604,2021-11-12 05:00:00
805,83.14,77.77,3217126,83.34,75.82,78.483,49754,2021-11-15 05:00:00
806,79.35,79.52,1833980,80.8,75.12,78.1052,30125,2021-11-16 05:00:00
807,78,77.02,1731537,78.77,75.29,76.9364,22444,2021-11-17 05:00:00
808,77.1,77,937674,78.25,74.51,76.5639,17015,2021-11-18 05:00:00
809,76.53,72.84,1259880,76.8699,72.12,73.9735,18441,2021-11-19 05:00:00
810,73.7481,73.44,1143093,75.13,70.57,73.5841,21162,2021-11-22 05:00:00
811,73.05,71.6,947938,74.86,70.02,72.0802,15005,2021-11-23 05:00:00
812,71.24,73.29,918114,73.62,69.09,71.8305,14848,2021-11-24 05:00:00
813,69.75,71.38,800577,73.39,68.2574,70.4719,11737,2021-11-26 05:00:00
814,72.05,70.78,898093,72.2899,69.6,70.966,15416,2021-11-29 05:00:00
815,70.15,68.41,1099053,71,67.17,68.9094,19927,2021-11-30 05:00:00
816,69.68,62.91,1711289,69.92,61.09,64.308,25233,2021-12-01 05:00:00
817,63.51,65.52,1106450,66.1095,62.01,64.6527,18351,2021-12-02 05:00:00
818,65.69,63.05,1114121,65.6972,61.78,62.8931,22985,2021-12-03 05:00:00
819,62.17,64.79,1115811,65.52,59.135,63.2462,18989,2021-12-06 05:00:00
820,67.36,68.58,904739,71.28,67.25,69.5058,15029,2021-12-07 05:00:00
821,68.68,71.86,715420,72.59,67.18,70.9149,13883,2021-12-08 05:00:00
822,71.4,67.13,847230,72.5094,66.16,68.3742,14356,2021-12-09 05:00:00
823,67.81,66.29,548138,68.9524,65.49,66.3897,10932,2021-12-10 05:00:00
824,66.36,63.39,698478,66.36,61.61,63.3891,12464,2021-12-13 05:00:00
825,62.21,62.76,697683,63.96,61.43,62.7491,13417,2021-12-14 05:00:00
826,63.14,64.93,745214,65.47,60.65,63.4278,15130,2021-12-15 05:00:00
827,66.1,63.71,1171626,67.36,62.47,64.4123,20095,2021-12-16 05:00:00
828,62.75,68,1162931,68.29,61.01,66.8138,16652,2021-12-17 05:00:00
829,66.16,65.92,584967,67.29,64.01,65.661,11806,2021-12-20 05:00:00
830,65.97,70.33,670637,70.53,65.88,68.932,11985,2021-12-21 05:00:00
831,70.06,70.89,449036,71.15,67.6,69.9764,9439,2021-12-22 05:00:00
832,71.21,74.6,650106,74.9673,69.52,73.281,10034,2021-12-23 05:00:00
833,74.75,75.1,605030,75.41,72.61,74.6539,12303,2021-12-27 05:00:00
834,74.92,73.55,560974,75.4,71.78,73.4553,11557,2021-12-28 05:00:00
835,73.79,73.11,384964,74.2599,72.285,73.1567,8776,2021-12-29 05:00:00
836,73,73.52,457747,75.2,72.27,73.7403,9172,2021-12-30 05:00:00
837,73.49,74.57,1089218,75.6,72.6,74.4146,9302,2021-12-31 05:00:00
838,74.6,75.09,552208,76.175,72.02,74.2285,9718,2022-01-03 05:00:00
839,74.95,69,913865,75,66.8,69.1316,16152,2022-01-04 05:00:00
840,68.23,63.67,717805,68.735,62.6201,64.7508,15429,2022-01-05 05:00:00
841,62.1159,61.52,877244,64.7,60.51,62.383,14545,2022-01-06 05:00:00
842,61.18,54.6,1735263,61.32,54.18,56.9953,28469,2022-01-07 05:00:00
843,50.93,49.71,3319685,50.98,45.635,48.089,45416,2022-01-10 05:00:00
844,49.87,54.31,1680578,54.5175,48.25,52.6527,27691,2022-01-11 05:00:00
845,55.27,52.12,905383,57.61,51.562,53.2651,16935,2022-01-12 05:00:00
846,52.5,50.24,567255,52.73,49.8627,51.1154,10801,2022-01-13 05:00:00
847,49.15,49.34,1019024,50.44,47.53,48.8944,16651,2022-01-14 05:00:00
848,47.59,47.52,1143626,48.89,46.841,47.8014,19095,2022-01-18 05:00:00
849,47.8,45.09,960810,48.0328,45,45.9575,15505,2022-01-19 05:00:00
850,45.58,43.67,1069716,47.83,43.18,44.869,17390,2022-01-20 05:00:00
851,42.635,43.92,1237623,46.3699,42.34,44.6135,16827,2022-01-21 05:00:00
852,42.4,46.98,1900315,47.38,40.78,44.6306,27275,2022-01-24 05:00:00
853,45.51,44.17,1040193,46.35,43.2,44.4142,14716,2022-01-25 05:00:00
854,44.66,42.37,1099868,45.72,41.91,43.8831,15621,2022-01-26 05:00:00
855,42.93,40.49,977371,43.41,39.8,41.125,16022,2022-01-27 05:00:00
856,40.45,45.05,1600858,45.66,39.45,43.5873,22291,2022-01-28 05:00:00
857,44.96,47.73,921679,48.49,44.38,47.1701,14758,2022-01-31 05:00:00
858,48.4774,50.17,972840,50.36,46.25,49.3569,18778,2022-02-01 05:00:00
859,50.92,49.95,1012854,51.7499,49.165,50.295,16883,2022-02-02 05:00:00
860,48.34,46.99,869123,49.76,46.81,47.7508,12788,2022-02-03 05:00:00
861,46.91,48.92,852099,49.49,46.09,48.2232,13589,2022-02-04 05:00:00
862,48.9,49.98,694558,51.68,48.79,50.0995,12299,2022-02-07 05:00:00
863,49.84,53.55,786124,53.9,49.16,52.1919,12736,2022-02-08 05:00:00
864,54.91,57.49,892815,57.7,54,56.5424,14589,2022-02-09 05:00:00
865,55.2,57.6,1251054,60.53,55.2,58.2058,21325,2022-02-10 05:00:00
866,57.71,56.85,711745,59.1195,55.71,57.3011,13453,2022-02-11 05:00:00
867,56.29,57.57,660079,58.64,55.33,57.4563,10371,2022-02-14 05:00:00
868,58.67,62.11,831698,62.33,58.67,61.0309,14151,2022-02-15 05:00:00
869,61.64,59.92,551662,61.7331,58.51,59.852,10613,2022-02-16 05:00:00
870,59.86,56.37,639403,59.86,55.33,56.8914,11221,2022-02-17 05:00:00
871,56.19,51.63,1244147,56.78,51.29,52.6918,19592,2022-02-18 05:00:00
872,51,55.95,1072558,56.97,50.44,55.0806,16946,2022-02-22 05:00:00
873,56.16,55.56,1486958,59.37,55.32,56.4123,19190,2022-02-23 05:00:00
874,52.45,60.88,1168854,61.11,51.09,57.1458,19861,2022-02-24 05:00:00
875,61.06,63.76,1118360,63.79,59.59,62.4041,17906,2022-02-25 05:00:00
876,63.25,63.89,915785,66.4,62.64,64.4046,16897,2022-02-28 05:00:00
877,63.3,62.8,1894349,64.85,61.94,62.6294,25904,2022-03-01 05:00:00
878,57.05,64.82,2338784,65,56.21,60.5325,32845,2022-03-02 05:00:00
879,65.01,57.6,976631,65.495,57.11,59.2665,20552,2022-03-03 05:00:00
880,57.22,54.87,1141674,60.94,53.69,56.2297,19595,2022-03-04 05:00:00
881,55.51,48.87,1123340,55.7132,48.72,50.209,25452,2022-03-07 05:00:00
882,48.33,46.61,1065690,48.88,46.01,47.1492,18317,2022-03-08 05:00:00
883,48.76,50.44,915614,50.9,48.55,50.01,12679,2022-03-09 05:00:00
884,49,49.56,595005,50.5523,48.13,49.4235,8759,2022-03-10 05:00:00
885,50.69,45.14,602342,50.69,44.92,46.2905,10525,2022-03-11 05:00:00
886,44.39,42.39,782102,45.65,41.59,43.2722,13909,2022-03-14 04:00:00
887,43.09,45.04,1165949,45.42,42.34,44.3903,14948,2022-03-15 04:00:00
888,46.17,49.82,1522900,50.04,45.82,48.1207,23244,2022-03-16 04:00:00
889,49.66,56.89,1165458,57.45,48.8,55.4236,19833,2022-03-17 04:00:00
890,56.45,61.18,1056420,61.37,56.415,59.7764,15847,2022-03-18 04:00:00
891,61.45,59.76,897211,61.99,57.75,59.5788,16537,2022-03-21 04:00:00
892,59.27,58.3,788363,60.68,57.73,58.8563,13416,2022-03-22 04:00:00
893,57.86,57.9,528102,59.26,56.205,58.1947,11527,2022-03-23 04:00:00
894,58.38,56.71,576383,58.99,54.37,56.1483,12451,2022-03-24 04:00:00
895,56.66,55.63,744834,57.3,54.25,55.2974,11301,2022-03-25 04:00:00
896,55.71,57.63,544241,57.96,55.29,56.9392,10089,2022-03-28 04:00:00
897,59,59.52,500579,60.5,57.34,59.3219,9583,2022-03-29 04:00:00
898,58.63,57.16,662205,60.638,56.81,58.5461,12533,2022-03-30 04:00:00
899,57.03,55.18,458650,57.49,55.03,55.7786,8498,2022-03-31 04:00:00
900,55.29,58.66,670290,59.04,54.32,57.3796,14470,2022-04-01 04:00:00
901,59.38,60.13,721822,61.58,58.81,60.6705,13786,2022-04-04 04:00:00
902,60.05,56.76,888436,60.33,55.62,56.6368,16793,2022-04-05 04:00:00
903,55.12,52,1358198,55.4,49.2314,51.0251,24036,2022-04-06 04:00:00
904,51.62,52.88,716573,53.3399,51.03,52.3795,15277,2022-04-07 04:00:00
905,52.43,50.03,519852,52.43,49.765,50.7415,11719,2022-04-08 04:00:00
906,49,50.14,493824,51.23,48.29,49.8305,10378,2022-04-11 04:00:00
907,51.6,50.93,440766,54,50.4701,51.7992,9003,2022-04-12 04:00:00
908,50.93,52.66,476196,53.99,50.22,52.7852,9197,2022-04-13 04:00:00
909,52.85,53.78,680338,54.62,52.2488,53.764,11166,2022-04-14 04:00:00
910,52.99,53.05,832598,54.08,50.71,53.2283,14306,2022-04-18 04:00:00
911,53.21,57.24,672576,57.7,53.01,56.4342,15107,2022-04-19 04:00:00
912,56.53,58.06,616617,58.99,56.3,57.9845,12050,2022-04-20 04:00:00
913,59,55.16,789397,59.93,54.7,57.0978,15766,2022-04-21 04:00:00
914,54.59,52.46,812933,56.33,50.9,52.9866,15062,2022-04-22 04:00:00
915,51.8,57.5,879923,57.67,51.66,55.9929,16058,2022-04-25 04:00:00
916,56.46,53.33,667365,57.77,52.98,54.2379,13975,2022-04-26 04:00:00
917,53.28,53.96,590498,55.4278,51.854,53.5406,15023,2022-04-27 04:00:00
918,54.151,55.74,611906,57.33,52.07,55.2339,14367,2022-04-28 04:00:00
919,55.08,52,644145,57.24,51.67,53.242,14294,2022-04-29 04:00:00
920,52,54.58,782876,54.81,50.7905,53.4663,13974,2022-05-02 04:00:00
921,54.51,54.08,672961,55.83,52.2,53.5681,11747,2022-05-03 04:00:00
922,54.73,57.77,727197,58.21,52.18,55.723,15199,2022-05-04 04:00:00
923,56.54,50.79,1035601,56.695,49.82,52.1805,17980,2022-05-05 04:00:00
924,50.02,50.73,897117,52.09,46.6801,50.1363,19214,2022-05-06 04:00:00
925,48.77,41.89,1362746,49.35,41.3827,43.8014,23668,2022-05-09 04:00:00
926,43.35,41.31,2173465,43.5975,38.3101,40.576,32194,2022-05-10 04:00:00
927,45.84,47.42,4362009,53.25,43.74,48.8377,54107,2022-05-11 04:00:00
928,46.831,50.04,1477692,51.91,45.47,49.2178,27903,2022-05-12 04:00:00
929,51.39,56.38,2328348,59.8,51.39,57.3123,35968,2022-05-13 04:00:00
930,55.87,54.8,1239237,56.88,53.29,54.8743,22145,2022-05-16 04:00:00
931,57.34,58.58,1011887,59.99,55.55,57.745,16830,2022-05-17 04:00:00
932,57.04,56.45,1099565,58.35,54.7401,56.4722,19415,2022-05-18 04:00:00
933,56.17,60.01,1516119,63.1,53.61,60.0043,24562,2022-05-19 04:00:00
934,60.44,58.77,1036629,61.46,55.9,58.2369,16543,2022-05-20 04:00:00
935,59.23,62.62,1075701,62.76,56.38,60.7006,19161,2022-05-23 04:00:00
936,61.1,58.74,917289,61.1,56.36,58.3775,17465,2022-05-24 04:00:00
937,58.15,62.44,1083727,62.96,58.15,61.7476,18427,2022-05-25 04:00:00
938,62.97,65.84,950576,68.7517,62.7005,66.6709,17718,2022-05-26 04:00:00
939,66.65,70.86,906984,71.29,66.3,69.4808,16758,2022-05-27 04:00:00
940,70.29,67.09,1087535,70.73,65.67,67.5744,17666,2022-05-31 04:00:00
941,67.99,65.87,733513,68.815,63.74,65.6131,14035,2022-06-01 04:00:00
942,65.84,68.96,738972,70.25,64.99,68.7618,14164,2022-06-02 04:00:00
943,67.32,68.49,557800,69,66.01,67.941,14100,2022-06-03 04:00:00
944,70.62,68.19,838203,72.01,66.51,68.2004,17547,2022-06-06 04:00:00
945,67.5,69.93,792707,70.44,66.38,69.3692,17425,2022-06-07 04:00:00
946,69.52,68.91,697675,70.449,68.1101,69.1546,14536,2022-06-08 04:00:00
947,68.55,66.02,576364,69,65.9,67.1675,12598,2022-06-09 04:00:00
948,63.59,61.51,1160440,66.71,61.1937,62.5803,23166,2022-06-10 04:00:00
949,58.44,54.61,1154673,60.02,53.87,55.3066,21982,2022-06-13 04:00:00
950,55.81,57.57,1120795,57.79,53.82,56.1844,20254,2022-06-14 04:00:00
951,57.86,56.6,1168197,58.73,55.19,56.9241,23906,2022-06-15 04:00:00
952,54.14,53.93,918134,55,52.11,53.2853,16112,2022-06-16 04:00:00
953,54.58,55.45,736069,57.5,54.4,55.6847,13472,2022-06-17 04:00:00
954,56.85,55.23,723107,57.06,54.895,55.7088,14481,2022-06-21 04:00:00
955,53.41,55.67,756349,56.15,53.1677,55.3867,14035,2022-06-22 04:00:00
956,56.78,63.85,1447919,64.17,56.59,61.6447,23132,2022-06-23 04:00:00
957,64.99,67.11,1168828,67.35,62.88,65.6592,19993,2022-06-24 04:00:00
958,67.6,66.73,1059526,69.1,65.36,66.7999,23491,2022-06-27 04:00:00
959,66.8,63.73,920656,68.5099,63.69,65.2693,19990,2022-06-28 04:00:00
960,64.16,64.51,664528,65.83,62.03,64.1404,13903,2022-06-29 04:00:00
961,63.85,65.26,1324934,67.32,61.62,64.9518,25916,2022-06-30 04:00:00
962,65.49,65.96,874800,67.2832,63.64,65.3557,17292,2022-07-01 04:00:00
963,65.19,75.04,2596537,75.71,65.125,72.5363,45628,2022-07-05 04:00:00
964,75.04,76.92,1936194,78.34,74.0467,76.6442,36724,2022-07-06 04:00:00
965,77.51,77.45,1182757,80.35,75,77.8992,23291,2022-07-07 04:00:00
966,76.58,78.45,840513,78.68,75,77.4474,17260,2022-07-08 04:00:00
967,78.06,75.01,748119,78.06,74.09,75.4372,18498,2022-07-11 04:00:00
968,75.58,72.33,1174009,76.82,69.54,72.2509,20872,2022-07-12 04:00:00
969,70.63,74.25,797170,76.93,70.5,74.4149,16549,2022-07-13 04:00:00
970,73.98,74.85,644550,75.25,72.12,74.0433,14590,2022-07-14 04:00:00
971,76.58,80.87,1595824,82.13,76.11,80.3431,31760,2022-07-15 04:00:00
972,83.24,75.28,1513002,83.24,75.04,78.159,29456,2022-07-18 04:00:00
973,76.27,75.38,1215259,77.2499,73.15,75.1132,22802,2022-07-19 04:00:00
974,75.99,79.9,1200181,81,74.53,78.988,22956,2022-07-20 04:00:00
975,82.13,85.08,1342496,85.08,80.08,83.4864,25408,2022-07-21 04:00:00
976,84.7,80.03,1111902,86.46,78.7392,80.9286,24565,2022-07-22 04:00:00
977,80.4,83.15,722559,83.5,79.68,82.4882,15473,2022-07-25 04:00:00
978,82.99,81.89,521429,82.99,80.55,81.5621,11096,2022-07-26 04:00:00
979,82.6,83.99,683925,85.4,80.96,83.2335,14217,2022-07-27 04:00:00
980,84.47,87.23,728446,87.59,81.23,85.641,16072,2022-07-28 04:00:00
981,86.83,88.96,619703,89.05,85.52,87.7641,11935,2022-07-29 04:00:00
982,96.83,98.87,4549755,105.52,92.8801,99.8877,68980,2022-08-01 04:00:00
983,98.41,103.61,2779202,109.74,97.5485,104.5453,43163,2022-08-02 04:00:00
984,104.68,105.43,1494940,106.89,102.45,104.5235,29535,2022-08-03 04:00:00
985,106.17,108.41,1229221,109.51,104.2182,107.6073,24226,2022-08-04 04:00:00
986,103.41,98.62,4797365,103.99,93.57,97.9555,74665,2022-08-05 04:00:00
987,100.17,101.32,2297375,101.9,97.8742,100.3048,40733,2022-08-08 04:00:00
988,99.98,93.38,11249447,100,92.58,93.9988,62980,2022-08-09 04:00:00
989,96.7,102.61,3090344,104.62,96.6,101.076,37860,2022-08-10 04:00:00
990,103.95,103.11,2115123,107.89,102.45,104.1548,28452,2022-08-11 04:00:00
991,101.47,105.16,1512662,105.19,99.08,102.7094,25786,2022-08-12 04:00:00
992,104.07,101.25,2967215,109.03,100.83,103.6709,36606,2022-08-15 04:00:00
993,100.55,99.6,2520746,100.5527,94.25,97.4913,32803,2022-08-16 04:00:00
994,99.45,98.98,1281986,101.62,96.8029,99.3711,22132,2022-08-17 04:00:00
995,100.54,102.92,1593024,104.415,99.11,102.3524,23751,2022-08-18 04:00:00
996,100.3,98.28,1365122,100.7899,96.23,98.1791,23048,2022-08-19 04:00:00
997,96.21,103.59,1762182,104.65,95.1,102.1887,27918,2022-08-22 04:00:00
998,102.95,113.04,3324066,114.79,102.0301,110.7309,47396,2022-08-23 04:00:00
999,114.295,113.54,2185947,117.13,112.05,114.4289,34381,2022-08-24 04:00:00
1000,115.991,116.1,1373149,118.1899,113.11,115.6411,22262,2022-08-25 04:00:00
1001,114.735,110.71,2300558,114.99,107.25,110.3997,36162,2022-08-26 04:00:00
1002,107.81,104.98,1799465,109.99,104.54,106.9562,32337,2022-08-29 04:00:00
1003,106.24,104.43,1322584,106.28,101.83,104.0177,26872,2022-08-30 04:00:00
1004,106.87,103.49,1071614,107.49,101.59,103.7418,19460,2022-08-31 04:00:00
1005,102,99.19,2135049,102.5,94.615,98.1004,34435,2022-09-01 04:00:00
1006,101,96.36,1160984,102.27,95.9,98.2654,22470,2022-09-02 04:00:00
1007,96.88,93.82,1140360,97.62,93.3012,94.6587,23645,2022-09-06 04:00:00
1008,94,98.93,1334525,99.28,93.7,97.1523,22234,2022-09-07 04:00:00
1009,97.04,104.98,1716575,105.6192,95.5964,102.0348,29665,2022-09-08 04:00:00
1010,106.21,105.93,1205138,107.6699,103.54,105.5143,24527,2022-09-09 04:00:00
1011,106.93,107.36,1239185,108.2,104.08,106.6032,24118,2022-09-12 04:00:00
1012,102.43,99.8,1339352,103.92,99.13,101.3006,23683,2022-09-13 04:00:00
1013,100.27,103.97,1242441,104.19,96.4,101.3411,21418,2022-09-14 04:00:00
1014,103.41,101.6,1115318,108.37,100.86,104.0174,20762,2022-09-15 04:00:00
1015,99.35,100.7,1576744,101.43,97.2,99.9323,21001,2022-09-16 04:00:00
1016,99.71,106.05,1069179,106.6209,99.079,104.8343,21262,2022-09-19 04:00:00
1017,105.71,102.23,909912,105.96,101.43,103.2238,18564,2022-09-20 04:00:00
1018,103.67,98.23,1235132,104,98.17,100.0109,23638,2022-09-21 04:00:00
1019,96.83,89.9,2028480,98,89.74,91.8262,33988,2022-09-22 04:00:00
1020,87.1,88.52,1838368,88.81,85.46,87.2206,33381,2022-09-23 04:00:00
1021,88.37,88.26,827269,92.25,87.86,89.4515,18025,2022-09-26 04:00:00
1022,91.2,89.83,986063,92.67,88.29,90.3813,20491,2022-09-27 04:00:00
1023,90.11,92.77,683960,93.82,88.88,92.2019,14397,2022-09-28 04:00:00
1024,91.1,90.85,954258,91.77,87.33,89.4377,19696,2022-09-29 04:00:00
1025,90.1,90.68,1234413,94.95,89.2,92.9602,18169,2022-09-30 04:00:00
1026,92.84,91.22,995158,93.79,89.35,91.1721,17498,2022-10-03 04:00:00
1027,94.53,94.35,857884,95.85,92.65,94.3518,15404,2022-10-04 04:00:00
1028,93.78,89.09,2083733,93.99,84.8401,87.8082,34229,2022-10-05 04:00:00
1029,89.1,89.65,944223,93.04,88.98,91.0254,20198,2022-10-06 04:00:00
1030,87.14,85.57,1039735,89.2699,84.4,85.829,21324,2022-10-07 04:00:00
1031,85.49,89.24,877327,90.45,84.04,88.553,19230,2022-10-10 04:00:00
1032,88.03,86.31,998925,88.5326,82.89,85.5533,21787,2022-10-11 04:00:00
1033,87.78,90.34,799716,90.78,86.345,89.2177,18155,2022-10-12 04:00:00
1034,86.35,90.55,1014129,91.68,83.7,88.466,21871,2022-10-13 04:00:00
1035,92.28,82.68,926682,93,82.38,84.7138,17636,2022-10-14 04:00:00
1036,85.12,88.82,811858,89.38,84.7786,88.0804,16585,2022-10-17 04:00:00
1037,92.89,89.33,1014234,95.78,87.76,90.8527,18581,2022-10-18 04:00:00
1038,87.8,84.79,679986,89.26,83.6,85.2904,14429,2022-10-19 04:00:00
1039,84,83.54,694533,86.73,83.23,84.3304,14788,2022-10-20 04:00:00
1040,83.61,85.66,775559,86.45,80.7,84.599,16274,2022-10-21 04:00:00
1041,86.04,84.21,751610,87.53,80.88,83.7925,14229,2022-10-24 04:00:00
1042,85.67,88.35,1100618,88.8,84.61,87.2907,21632,2022-10-25 04:00:00
1043,87.61,90.45,901378,94.23,87.13,91.223,15438,2022-10-26 04:00:00
1044,91.07,89.37,851744,92.3958,88.75,90.5524,14380,2022-10-27 04:00:00
1045,89.3,91.72,599215,92.1122,86.21,90.0845,13412,2022-10-28 04:00:00
1046,91.77,91.08,655092,93.35,88.8001,91.5373,14195,2022-10-31 04:00:00
1047,93,90.56,928687,96.5339,89.49,91.4496,16983,2022-11-01 04:00:00
1048,90.54,86.65,880124,92.92,86.35,89.419,18466,2022-11-02 04:00:00
1049,84.55,88.88,633932,90.11,84.03,88.1997,13242,2022-11-03 04:00:00
1050,90.16,86.24,1025966,92.74,83.05,86.3273,18477,2022-11-04 04:00:00
1051,87.18,87,1044060,90.39,86.61,88.0858,21054,2022-11-07 05:00:00
1052,87.32,82.36,1495019,87.455,80.52,82.8694,31059,2022-11-08 05:00:00
1053,81.35,78.65,1722471,82.69,78.2475,79.9508,34065,2022-11-09 05:00:00
1054,92,89.21,3490933,100.51,86.16,91.6633,54741,2022-11-10 05:00:00
1055,89.2,93.35,1528164,95.4999,87.35,92.515,34797,2022-11-11 05:00:00
1056,93.01,91.16,1191342,97.37,90.69,92.896,22806,2022-11-14 05:00:00
1057,93.68,98.37,1364402,98.54,93.05,96.623,25054,2022-11-15 05:00:00
1058,98.16,100.67,996317,100.94,95.03,98.6718,21125,2022-11-16 05:00:00
1059,98.14,99.71,1188469,102.7,96.0429,99.9642,23913,2022-11-17 05:00:00
1060,102.39,96.99,972782,102.7,94.11,97.0444,19203,2022-11-18 05:00:00
1061,96.31,96.09,734385,96.9925,94.44,96.0172,15897,2022-11-21 05:00:00
1062,96.25,93.17,2036695,96.405,87.38,90.3741,37436,2022-11-22 05:00:00
1063,93.25,103.92,1802147,105.85,93.185,102.2531,31644,2022-11-23 05:00:00
1064,103.75,109.24,1144553,110.5398,103.525,108.2826,21216,2022-11-25 05:00:00
1065,108.79,107.82,1251509,112.2499,107.25,109.4744,28276,2022-11-28 05:00:00
1066,108.03,102.78,858663,108.44,101.8222,104.1383,16454,2022-11-29 05:00:00
1067,102.38,111.34,1063662,111.93,102.25,108.9099,22707,2022-11-30 05:00:00
1068,112.39,113.38,1278846,115.48,110.03,112.9805,25246,2022-12-01 05:00:00
1069,110.21,117.58,1252505,119.73,108.27,116.8359,25132,2022-12-02 05:00:00
1070,117,113.42,816678,119.09,112.27,114.4365,18929,2022-12-05 05:00:00
1071,115.27,113.96,900763,117.298,111.6,114.0409,22316,2022-12-06 05:00:00
1072,114.66,111.36,1044345,115.42,107.4438,111.217,23410,2022-12-07 05:00:00
1073,113.58,118.23,1372452,121.63,111.74,117.2531,27805,2022-12-08 05:00:00
1074,117.54,113.74,655601,118.9,113.52,115.5324,15380,2022-12-09 05:00:00
1075,114.21,115.28,509385,116.395,112.345,115.0084,13893,2022-12-12 05:00:00
1076,121.18,115.7,1062087,122.24,113.801,118.2112,19970,2022-12-13 05:00:00
1077,116.2,116.04,804807,118.8899,113.73,116.5663,15583,2022-12-14 05:00:00
1078,113.54,107.14,1111326,113.8085,105.68,108.4322,22203,2022-12-15 05:00:00
1079,104.56,108.8,1082420,109.94,103.1,107.8978,19201,2022-12-16 05:00:00
1080,107.87,105.84,629709,108.61,104.205,105.9179,14423,2022-12-19 05:00:00
1081,105,106.28,405613,108.2789,103.55,106.7255,10934,2022-12-20 05:00:00
1082,106.98,107.88,548850,111.3,105.515,108.5295,12594,2022-12-21 05:00:00
1083,107.31,105.7,632526,108.1899,101.87,104.4546,13564,2022-12-22 05:00:00
1084,106.31,106.79,319800,106.92,103.24,105.7199,7907,2022-12-23 05:00:00
1085,106.79,105.03,448442,109.31,104.21,106.3933,11620,2022-12-27 05:00:00
1086,104.66,103.51,418514,104.89,101.88,103.387,10612,2022-12-28 05:00:00
1087,104.62,103.39,495310,106.7599,102.61,104.2253,10706,2022-12-29 05:00:00
1088,101.9,104.04,862867,105.29,98.63,103.1236,17074,2022-12-30 05:00:00
1089,105.52,100.47,1216499,106.51,97.1305,100.5488,22862,2023-01-03 05:00:00
1090,103.34,100.91,822645,103.38,98.2105,100.7966,18986,2023-01-04 05:00:00
1091,99.97,101.23,601313,103.56,99,101.4147,15837,2023-01-05 05:00:00
1092,101.32,97.26,1055391,103.9,96.76,98.1458,22297,2023-01-06 05:00:00
1093,99,97.67,640066,102.25,97.58,99.5587,15572,2023-01-09 05:00:00
1094,97.05,101.24,834999,101.71,96,99.9091,18260,2023-01-10 05:00:00
1095,102.27,106.57,1301136,108.7999,101.2488,105.8954,23235,2023-01-11 05:00:00
1096,106.98,106.4,801588,109.94,104.04,106.6849,17566,2023-01-12 05:00:00
1097,105.12,110.18,951030,110.52,104.5931,108.5596,19845,2023-01-13 05:00:00
1098,111.36,112.68,1177497,116.01,109.39,112.8799,23691,2023-01-17 05:00:00
1099,113.53,101.83,1534278,114.49,101.57,105.8896,28201,2023-01-18 05:00:00
1100,99.74,97.81,979839,102,97.38,98.8745,20570,2023-01-19 05:00:00
1101,99.1,99.88,1089830,100.18,95.65,98.3571,21034,2023-01-20 05:00:00
1102,99.71,103.4,688694,104.01,98.3101,102.4081,14963,2023-01-23 05:00:00
1103,102.86,104.02,850156,108.02,102.13,104.9715,19047,2023-01-24 05:00:00
1104,101.81,101.43,702828,101.81,98.301,100.5104,16249,2023-01-25 05:00:00
1105,102.86,102.16,450705,103.9899,100.3,101.6951,10828,2023-01-26 05:00:00
1106,101.76,99.03,703838,101.89,97.9726,99.4648,15444,2023-01-27 05:00:00
1107,98.1,97.73,478101,100.49,97.01,98.6811,11974,2023-01-30 05:00:00
1108,98.3,100.32,482382,100.58,97.78,99.7614,10149,2023-01-31 05:00:00
1109,100.16,100.45,736776,101.82,96.1,99.2151,17148,2023-02-01 05:00:00
1110,101.88,94.13,1657727,103.75,93.35,96.6036,31005,2023-02-02 05:00:00
1111,92.5,92.13,1397518,95.87,90.85,93.3731,25395,2023-02-03 05:00:00
1112,95.57,99.45,2051348,101.97,94.59,99.2879,34461,2023-02-06 05:00:00
1113,99.19,98.13,1074798,100.11,95.32,97.9649,19457,2023-02-07 05:00:00
1114,98.27,97.41,450408,99.87,96.89,97.8591,12188,2023-02-08 05:00:00
1115,98.92,96.41,797338,100.58,95.67,97.0624,19744,2023-02-09 05:00:00
1116,95.48,97.13,538847,98.23,93.52,96.5892,14183,2023-02-10 05:00:00
1117,97.87,97.86,890784,99.3,95.17,97.7282,17922,2023-02-13 05:00:00
1118,96.53,96.18,517619,99.09,95.61,96.8427,12661,2023-02-14 05:00:00
1119,96.62,96.66,488837,97.5,94.7001,96.4088,11689,2023-02-15 05:00:00
1120,95.98,93.81,719328,98.8736,93.725,95.6375,14490,2023-02-16 05:00:00
1121,93.8,94.84,681226,95.4699,92.5184,94.3959,14029,2023-02-17 05:00:00
1122,93.48,86.91,1353319,94.1247,86.34,88.3005,27729,2023-02-21 05:00:00
1123,88,89.04,1190455,89.41,85.285,87.7169,23389,2023-02-22 05:00:00
1124,90.33,91.78,1072528,92.38,86.98,90.0351,23702,2023-02-23 05:00:00
1125,89.92,92.07,884364,93.19,89.31,91.6725,20937,2023-02-24 05:00:00
1126,92.79,90.02,1224320,92.794,89.31,90.4896,25207,2023-02-27 05:00:00
1127,93.56,90.8,1918760,95.01,89.55,91.1979,33168,2023-02-28 05:00:00
1128,89.62,88.78,2047457,90.75,86.625,88.0886,42406,2023-03-01 05:00:00
1129,84.84,94.41,2350543,96.89,84.02,92.9202,43883,2023-03-02 05:00:00
1130,93.88,94.78,1620194,95,89.9702,92.6663,33945,2023-03-03 05:00:00
1131,92,88.39,2500176,92.49,87.62,89.6711,44473,2023-03-06 05:00:00
1132,88.71,89.19,1184435,91,88.27,89.3409,23182,2023-03-07 05:00:00
1133,89.19,88.21,764827,91.03,87.74,89.136,17750,2023-03-08 05:00:00
1134,88,87,847679,88.95,86.49,87.5579,18690,2023-03-09 05:00:00
1135,86.92,83.01,1134668,87.65,82.84,84.1774,25866,2023-03-10 05:00:00
1136,81.515,81.64,985809,84.16,80.25,82.2002,21814,2023-03-13 04:00:00
1137,83.8,84.52,880837,84.91,82.45,83.9804,19230,2023-03-14 04:00:00
1138,82.62,83.48,860225,84.12,82.15,83.1417,19435,2023-03-15 04:00:00
1139,83.53,85.17,672162,86.65,81.9,85.0069,17202,2023-03-16 04:00:00
1140,84.64,83.78,866983,85.45,83.1442,83.8947,14970,2023-03-17 04:00:00
1141,84.02,83.8,522450,85.21,82.7794,83.8254,12756,2023-03-20 04:00:00
1142,85.04,89.195,1070820,90.04,84.67,88.377,22666,2023-03-21 04:00:00
1143,89.54,88.53,749266,90.73,88.165,89.2849,16475,2023-03-22 04:00:00
1144,89.4,88.88,655491,91.035,87.6201,89.3048,15865,2023-03-23 04:00:00
1145,90.35,90.46,696695,91.57,89.2701,90.5041,15477,2023-03-24 04:00:00
1146,91.29,92.52,682996,92.95,90.35,92.0114,14943,2023-03-27 04:00:00
1147,92.05,89.45,503135,92.2999,89.04,90.103,11740,2023-03-28 04:00:00
1148,90.63,90.62,417047,92.48,89.6,90.9362,10266,2023-03-29 04:00:00
1149,91.94,91.44,382689,93,90.85,91.738,9891,2023-03-30 04:00:00
1150,91.85,92.94,682679,94.295,91.298,93.1233,12960,2023-03-31 04:00:00
1151,92.44,92.14,547801,93.2799,90.59,91.872,12593,2023-04-03 04:00:00
1152,92.15,89.91,499695,92.99,89.28,90.6163,12977,2023-04-04 04:00:00
1153,89.09,88.36,521858,89.5,86.68,87.8982,13824,2023-04-05 04:00:00
1154,87.86,86.71,511966,88.47,86.375,87.2209,12402,2023-04-06 04:00:00
1155,85.77,87,521836,87.46,84.25,86.4216,11762,2023-04-10 04:00:00
1156,87.28,86.89,512995,88,86.55,87.049,11785,2023-04-11 04:00:00
1157,87.54,86.07,486591,87.75,85.5,86.215,12889,2023-04-12 04:00:00
1158,87.04,87.36,619434,88.65,86.7624,87.6736,18532,2023-04-13 04:00:00
1159,86.83,86.92,438839,88.28,85.78,86.8565,13185,2023-04-14 04:00:00
1160,87.09,87.43,758514,89.04,86.83,87.5941,12708,2023-04-17 04:00:00
1161,87.65,87.69,737487,88.12,84.8952,86.6391,18374,2023-04-18 04:00:00
1162,87.03,89.49,1058412,89.6,84.29,87.5957,20965,2023-04-19 04:00:00
1163,88.27,90.02,1078255,91.44,88.27,90.211,20111,2023-04-20 04:00:00
1164,90.54,90.58,979546,92.3,89.25,90.8383,14848,2023-04-21 04:00:00
1165,90.62,92.48,736692,92.57,90.62,91.8343,17059,2023-04-24 04:00:00
1166,91.65,89.98,489837,92.83,89.7228,90.7261,13539,2023-04-25 04:00:00
1167,91.67,91.86,961490,94.9599,91,92.8144,21113,2023-04-26 04:00:00
1168,92,93.05,717387,93.85,91.35,92.8446,17899,2023-04-27 04:00:00
1169,92.24,95.57,929844,95.7,89.76,93.2144,21718,2023-04-28 04:00:00
1170,96.17,103.35,1581773,103.71,96.17,101.8961,34880,2023-05-01 04:00:00
1171,100.57,99.51,1647057,101.7876,96.86,99.1828,31879,2023-05-02 04:00:00
1172,100.26,99.83,817186,101.69,99.59,100.5405,16405,2023-05-03 04:00:00
1173,100.45,100.04,719945,102.33,98.97,100.7935,16903,2023-05-04 04:00:00
1174,100.82,104.26,1072187,105.83,100.82,104.3535,22049,2023-05-05 04:00:00
1175,103.9,106.89,1047085,107.32,103.0089,106.1406,24268,2023-05-08 04:00:00
1176,105.71,107.12,1501816,107.44,104.23,107.2652,29499,2023-05-09 04:00:00
1177,118.5,128.29,6958148,134.5,118.5,128.4915,104554,2023-05-10 04:00:00
1178,129.95,130.21,1939550,130.99,126.1,128.8155,38233,2023-05-11 04:00:00
1179,131.12,129.83,1748872,135.19,128.7565,131.3717,35652,2023-05-12 04:00:00
1180,129.73,131.56,1061235,132.33,127.64,130.1471,22552,2023-05-15 04:00:00
1181,132.13,132.26,1149827,133.3849,129.82,132.0896,23886,2023-05-16 04:00:00
1182,132.3,133.13,819578,133.74,130.3086,132.1951,21180,2023-05-17 04:00:00
1183,132.32,133.38,1574903,138.7999,131.5,134.9651,29240,2023-05-18 04:00:00
1184,135.53,131.67,966324,135.534,131.14,132.2657,20591,2023-05-19 04:00:00
1185,132.35,131.22,1023167,135.2,130.98,132.1272,17380,2023-05-22 04:00:00
1186,131.7,129.61,1513282,133.15,128.4,130.1775,28779,2023-05-23 04:00:00
1187,128.21,131.43,1412490,132.15,126.51,130.0682,24641,2023-05-24 04:00:00
1188,131.5,129.11,754113,132.73,127.89,129.1376,17405,2023-05-25 04:00:00
1189,129.36,126.44,945852,129.86,125.25,127.2763,20881,2023-05-26 04:00:00
1190,127.89,124.56,823440,128.7999,124.31,126.0626,19187,2023-05-30 04:00:00
1191,124.3,125.53,1361005,126.43,122.62,125.0072,23156,2023-05-31 04:00:00
1192,126.01,133.29,2242736,136.71,125.61,133.4294,43029,2023-06-01 04:00:00
1193,136.26,138.17,1600946,140.39,135.25,138.2109,35521,2023-06-02 04:00:00
1194,138.52,143.94,1863537,147.9,138.44,144.7282,38058,2023-06-05 04:00:00
1195,143.22,142.21,1324662,146.8,141.81,144.1024,28985,2023-06-06 04:00:00
1196,143.87,138.03,1242091,145.925,137.79,140.6526,29691,2023-06-07 04:00:00
1197,137.61,141,1064458,141.42,136.18,140.1097,23823,2023-06-08 04:00:00
1198,141.57,139.19,727189,143.2499,138.9301,140.2695,18825,2023-06-09 04:00:00
1199,140.56,144.11,865434,145.41,139.8955,143.6225,23356,2023-06-12 04:00:00
1200,145.37,149.485,1596857,150.35,143.52,148.0758,33754,2023-06-13 04:00:00
1201,147,143.06,1760293,148.309,140.171,143.7247,35631,2023-06-14 04:00:00
1202,142.72,144.75,950689,145.49,140.85,143.455,20239,2023-06-15 04:00:00
1203,146.53,144.44,861498,148,143.4,144.953,16820,2023-06-16 04:00:00
1204,144.43,141.36,952146,147.1799,140.65,142.2527,21130,2023-06-20 04:00:00
1205,141,140.47,750580,143.2438,139.54,140.668,18853,2023-06-21 04:00:00
1206,141.41,147.87,1580794,149.97,141.41,147.3348,32337,2023-06-22 04:00:00
1207,148,150.1,7894735,153.4599,147.23,150.3124,38576,2023-06-23 04:00:00
1208,149.86,147.16,1246796,151.99,145.44,148.2219,26795,2023-06-26 04:00:00
1209,146.43,150.71,1152631,151.3919,146.43,150.043,21134,2023-06-27 04:00:00
1210,149.95,150.35,852903,153.94,149.84,151.3347,20360,2023-06-28 04:00:00
1211,150.35,148.83,643421,152.1799,148.52,149.9042,16960,2023-06-29 04:00:00
1212,149.25,149.19,843923,152.7465,148.89,150.1619,17166,2023-06-30 04:00:00
1213,149.2,148.27,429701,150.2299,146.32,148.0434,12364,2023-07-03 04:00:00
1214,148.77,147.84,627355,149.74,146.81,148.1417,17675,2023-07-05 04:00:00
1215,146.1,146.05,1096334,148.58,143.4301,145.8335,27299,2023-07-06 04:00:00
1216,146.97,146.01,720089,149.16,145.77,147.3031,19488,2023-07-07 04:00:00
1217,146.65,149.52,862785,151,146.65,149.1709,19003,2023-07-10 04:00:00
1218,149.07,145.79,1312752,150.43,141.0931,145.2632,27877,2023-07-11 04:00:00
1219,147.02,149.84,1095082,152.2,145.52,149.8494,25956,2023-07-12 04:00:00
1220,150.69,148.71,1023351,154.9994,148.31,150.684,26251,2023-07-13 04:00:00
1221,148.85,153.11,1767104,154.6,148.12,152.2274,33291,2023-07-14 04:00:00
1222,153.11,151.91,1058933,157.28,151.68,153.672,24951,2023-07-17 04:00:00
1223,151.91,144.54,1713009,151.91,143.52,145.9209,37094,2023-07-18 04:00:00
1224,143.44,145.3,1038394,146.3,141.68,144.4121,24159,2023-07-19 04:00:00
1225,144.9,143.51,622420,145.37,141.66,143.1968,20127,2023-07-20 04:00:00
1226,144.97,143.38,566651,145.31,142.8,143.5924,15138,2023-07-21 04:00:00
1227,143.3,143.4,853619,147.34,141.46,143.9818,21469,2023-07-24 04:00:00
1228,143.42,146.64,933897,147.43,143.11,146.1791,19478,2023-07-25 04:00:00
1229,146.06,147.35,910037,150.8799,145.35,148.1348,21813,2023-07-26 04:00:00
1230,149.54,144.43,689022,149.54,143.4785,146.0716,18253,2023-07-27 04:00:00
1231,147.53,147.48,584232,149.06,145.78,147.3646,16736,2023-07-28 04:00:00
1232,148.77,144.7,1619496,151.84,141.5966,144.456,30827,2023-07-31 04:00:00
1233,143.52,142.43,735007,145.98,141.94,142.8796,19370,2023-08-01 04:00:00
1234,140.26,139.34,1268328,141.25,135.09,139.2076,27844,2023-08-02 04:00:00
1235,139.5,143.36,877670,145.82,139.5,143.3871,22267,2023-08-03 04:00:00
1236,143.37,142.61,975653,146.165,141.16,143.6447,23464,2023-08-04 04:00:00
1237,142.5,143.22,1458316,145.45,137.18,141.959,34892,2023-08-07 04:00:00
1238,143.11,143.36,2701317,146.5899,140.18,145.1198,47680,2023-08-08 04:00:00
1239,171.5,172.67,5459221,175.85,160.55,170.5165,90342,2023-08-09 04:00:00
1240,175.19,172.975,2308536,178.76,168.84,173.3114,42849,2023-08-10 04:00:00
1241,172.72,175.06,1346081,176.4885,170.01,173.9103,29137,2023-08-11 04:00:00
1242,176.28,183,1953904,183.06,174,180.7813,34565,2023-08-14 04:00:00
1243,179.41,182.74,1987348,183.6774,177.04,179.7107,31707,2023-08-15 04:00:00
1244,183,179.15,1080976,183.5,178.1431,179.8629,24649,2023-08-16 04:00:00
1245,179.6,169.35,1540209,179.9,169.12,172.8445,33787,2023-08-17 04:00:00
1246,168.26,174.79,1067955,176.4,167.16,172.4853,25809,2023-08-18 04:00:00
1247,175.27,177.52,1195220,179.95,174.01,176.9932,25712,2023-08-21 04:00:00
1248,179.98,178.01,756524,181.828,176.95,178.3555,18729,2023-08-22 04:00:00
1249,177.97,180.355,1013721,185.05,177.14,181.2758,25496,2023-08-23 04:00:00
1250,180.34,177.62,748866,181.65,176.34,178.4854,17629,2023-08-24 04:00:00
1251,179.02,181.99,839574,182.42,176.19,180.4089,19624,2023-08-25 04:00:00
1252,183.07,182.13,502541,183.5,180.29,181.9427,15697,2023-08-28 04:00:00
1253,183.75,187.81,1542835,188.88,183.51,187.0484,26274,2023-08-29 04:00:00
1254,187.75,194.01,974084,194.35,187.75,192.3497,23648,2023-08-30 04:00:00
1255,194.01,196.04,1212404,196.5873,192.43,195.161,23376,2023-08-31 04:00:00
