CSCO,open_price,close_price,trading_volume,highest_price,lowest_price,volume_weighted_avg_price,transaction_amt,date_time
0,47.56,47.27,20818114,47.65,46.755,47.2377,111611,2018-09-05 04:00:00
1,47.44,47.28,16537925,47.9,47.07,47.3432,93552,2018-09-06 04:00:00
2,47.01,47.05,17229656,47.49,46.88,47.1499,89234,2018-09-07 04:00:00
3,47.3,47.07,16597212,47.46,46.775,47.0495,94546,2018-09-10 04:00:00
4,46.91,47.03,17291537,47.17,46.435,46.9206,91968,2018-09-11 04:00:00
5,46.86,46.89,16649396,47.01,46.44,46.7719,94674,2018-09-12 04:00:00
6,46.84,47.24,17972112,47.4,46.8,47.1978,81660,2018-09-13 04:00:00
7,47.27,47.4,13936996,47.49,47.1,47.3242,67416,2018-09-14 04:00:00
8,47.23,47.11,14430160,47.58,47.07,47.2364,81621,2018-09-17 04:00:00
9,47.07,47.46,16469562,47.65,47.07,47.4532,90968,2018-09-18 04:00:00
10,47.42,47.28,12721944,47.62,47.12,47.2982,73149,2018-09-19 04:00:00
11,47.41,47.73,17007833,47.81,47.16,47.6553,86425,2018-09-20 04:00:00
12,47.93,48.56,59664599,48.639,47.82,48.4118,112627,2018-09-21 04:00:00
13,48.21,48.44,21819266,48.62,48.19,48.4479,88039,2018-09-24 04:00:00
14,48.57,48.47,15810798,48.88,48.43,48.5816,78291,2018-09-25 04:00:00
15,48.74,48.41,20080051,49.06,48.27,48.645,85163,2018-09-26 04:00:00
16,48.33,48.33,15910073,48.76,48.21,48.4734,82473,2018-09-27 04:00:00
17,48.27,48.65,15474402,48.8,48.06,48.5834,79203,2018-09-28 04:00:00
18,49,48.87,13669841,49.14,48.665,48.9162,71558,2018-10-01 04:00:00
19,48.75,49.01,15671575,49.14,48.67,48.9375,74308,2018-10-02 04:00:00
20,49.26,49.14,16737511,49.47,49.07,49.2371,81933,2018-10-03 04:00:00
21,48.63,48.38,22110874,48.77,48.04,48.3414,123930,2018-10-04 04:00:00
22,48.4,48.13,19103325,48.85,47.61,48.2053,120463,2018-10-05 04:00:00
23,47.92,47.52,23791356,48.5,47.1504,47.5928,117096,2018-10-08 04:00:00
24,47.53,47.49,17008723,48.03,47.28,47.5814,105888,2018-10-09 04:00:00
25,47.44,45.63,33055756,47.51,45.54,46.2641,162222,2018-10-10 04:00:00
26,45.46,44.12,36496338,45.6,43.92,44.7894,225258,2018-10-11 04:00:00
27,44.93,45.71,35423951,45.85,44.46,45.2633,192631,2018-10-12 04:00:00
28,45.52,44.67,26160473,45.72,44.67,44.9874,139226,2018-10-15 04:00:00
29,45.29,45.82,22669396,45.94,44.85,45.5423,115675,2018-10-16 04:00:00
30,45.89,45.94,17803413,46.23,45.22,45.7711,104590,2018-10-17 04:00:00
31,46.3,45.46,19044600,46.49,45.15,45.5906,115072,2018-10-18 04:00:00
32,45.4,45.34,21356337,46.2,45.13,45.5854,108225,2018-10-19 04:00:00
33,45.77,45.76,19195386,46.28,45.405,45.7989,110777,2018-10-22 04:00:00
34,45.15,45.42,21836153,45.77,44.44,45.0927,144817,2018-10-23 04:00:00
35,45.49,44.07,29588840,45.68,43.96,44.7263,154347,2018-10-24 04:00:00
36,44.62,45.47,27054452,45.81,44.205,45.2923,148173,2018-10-25 04:00:00
37,44.57,44.25,31806568,45.11,43.78,44.3325,188415,2018-10-26 04:00:00
38,44.89,43.84,28214192,45.05,42.94,44.1021,168043,2018-10-29 04:00:00
39,43.92,44.58,25924569,44.7,43.75,44.2953,161136,2018-10-30 04:00:00
40,45.05,45.75,26023684,46.3,44.89,45.7466,137628,2018-10-31 04:00:00
41,45.67,45.65,24662127,45.88,45.1,45.5604,142200,2018-11-01 04:00:00
42,45.72,45.48,25581290,46.09,44.98,45.4827,148763,2018-11-02 04:00:00
43,45.74,46.14,17524422,46.435,45.35,45.9996,101983,2018-11-05 05:00:00
44,46.04,46.5,15446674,46.62,46,46.356,87451,2018-11-06 05:00:00
45,46.98,47.9,19990404,47.93,46.745,47.4807,111207,2018-11-07 05:00:00
46,47.87,48.44,21002043,48.44,47.87,48.2532,111563,2018-11-08 05:00:00
47,48.08,47.11,22015395,48.25,46.7,47.2914,125076,2018-11-09 05:00:00
48,47.14,45.62,25913467,47.25,45.54,46.0463,135524,2018-11-12 05:00:00
49,45.7,45.12,26196749,46.055,45.0268,45.4145,144516,2018-11-13 05:00:00
50,45.46,44.33,36613496,45.64,44.08,44.8212,195141,2018-11-14 05:00:00
51,46.8,46.77,45983318,47.1,45.1515,46.2418,266577,2018-11-15 05:00:00
52,46.46,46.35,31327415,47.04,46.13,46.5546,153430,2018-11-16 05:00:00
53,46.35,45.75,28370385,46.58,45.25,45.7853,143735,2018-11-19 05:00:00
54,44.92,44.49,28430630,45.285,44.14,44.6578,158762,2018-11-20 05:00:00
55,44.95,44.89,20117418,45.18,44.395,44.8644,107507,2018-11-21 05:00:00
56,44.45,44.54,9372865,45.12,44.39,44.8147,47938,2018-11-23 05:00:00
57,45.14,45.57,18275853,45.64,45.09,45.442,96249,2018-11-26 05:00:00
58,45.45,46.12,21472680,46.39,45.21,46.0167,103299,2018-11-27 05:00:00
59,46.3,47.29,24293836,47.48,46.12,46.9836,127280,2018-11-28 05:00:00
60,46.9,47.34,22650798,47.76,46.9,47.4348,124650,2018-11-29 05:00:00
61,47.27,47.87,41619082,47.9099,46.92,47.7021,108631,2018-11-30 05:00:00
62,48.32,48.74,24690115,48.79,48.08,48.5347,127308,2018-12-03 05:00:00
63,48.7,47.35,30802730,49.1388,47.25,47.9916,159504,2018-12-04 05:00:00
64,46.99,48.39,40132980,48.46,46.47,47.4663,223720,2018-12-06 05:00:00
65,48.16,46.44,38297966,48.485,46.36,47.0317,194813,2018-12-07 05:00:00
66,46.3,46.86,28682003,47.13,45.815,46.5213,166839,2018-12-10 05:00:00
67,47.86,47.09,26048515,47.9,46.71,47.2734,141157,2018-12-11 05:00:00
68,47.92,47.42,23157159,48.2,47.36,47.7349,117982,2018-12-12 05:00:00
69,47.68,47.47,20051716,47.965,47.13,47.4724,118867,2018-12-13 05:00:00
70,46.37,45.82,27364513,46.615,45.64,45.998,146976,2018-12-14 05:00:00
71,45.82,44.2,36610288,45.99,43.905,44.6291,180280,2018-12-17 05:00:00
72,44.55,44.06,30513804,44.61,43.73,44.1535,141284,2018-12-18 05:00:00
73,43.89,43.14,34820104,44.92,42.57,43.6811,180716,2018-12-19 05:00:00
74,42.99,42.49,38810930,43.23,41.87,42.5725,225407,2018-12-20 05:00:00
75,42.91,41.85,77915088,43.46,41.74,42.2608,226392,2018-12-21 05:00:00
76,41.7,40.28,24069389,41.81,40.25,40.889,133508,2018-12-24 05:00:00
77,40.68,42.47,33335913,42.5,40.4,41.6151,157155,2018-12-26 05:00:00
78,41.89,42.91,28404105,42.93,41.15,42.0846,138375,2018-12-27 05:00:00
79,43.17,42.77,22447733,43.525,42.46,42.9126,120433,2018-12-28 05:00:00
80,43.19,43.33,20581167,43.55,42.89,43.2373,92175,2018-12-31 05:00:00
81,42.28,42.95,23833507,43.2,42.21,42.7824,124388,2019-01-02 05:00:00
82,42.3,41.07,29606741,42.41,40.96,41.5107,156663,2019-01-03 05:00:00
83,41.85,42.92,27514985,43,41.53,42.5313,137534,2019-01-04 05:00:00
84,42.86,43.21,19488097,43.645,42.76,43.2956,98523,2019-01-07 05:00:00
85,43.57,43.56,22071410,43.94,43.1,43.4897,98996,2019-01-08 05:00:00
86,43.87,43.32,22640039,43.87,43.17,43.4188,126988,2019-01-09 05:00:00
87,43.11,43.24,23277606,43.29,42.58,43.0061,117613,2019-01-10 05:00:00
88,43.11,43.49,17378775,43.54,42.885,43.297,80577,2019-01-11 05:00:00
89,43.08,43.21,16243608,43.39,43,43.232,72990,2019-01-14 05:00:00
90,43.33,44.02,17743902,44.04,43.15,43.8551,88831,2019-01-15 05:00:00
91,44.12,43.96,17262525,44.24,43.7605,43.9753,78845,2019-01-16 05:00:00
92,43.87,44.21,18826220,44.53,43.8,44.0958,95640,2019-01-17 05:00:00
93,44.48,45.03,24416514,45.35,44.31,44.8671,109296,2019-01-18 05:00:00
94,44.88,44.78,21338440,45.24,44.38,44.7989,103376,2019-01-22 05:00:00
95,45.14,45.46,24769397,45.88,45.02,45.4309,124615,2019-01-23 05:00:00
96,45.63,45.61,17360572,45.75,45.23,45.4968,91805,2019-01-24 05:00:00
97,46.12,46.13,24198137,46.66,45.95,46.2934,102184,2019-01-25 05:00:00
98,45.73,45.75,18297091,45.77,45.23,45.565,87618,2019-01-28 05:00:00
99,45.81,45.96,14469874,46.05,45.645,45.9034,75814,2019-01-29 05:00:00
100,45.94,46.71,18329281,46.93,45.92,46.4541,89810,2019-01-30 05:00:00
101,46.72,47.29,23693599,47.38,46.52,47.1728,90144,2019-01-31 05:00:00
102,47.37,47.34,16266452,47.56,47.0501,47.3179,84967,2019-02-01 05:00:00
103,47.22,47.35,15743124,47.47,47.12,47.2982,68259,2019-02-04 05:00:00
104,47.42,47.26,16946343,47.455,47.075,47.2851,76043,2019-02-05 05:00:00
105,47.12,47.48,18160485,47.59,46.95,47.4099,85230,2019-02-06 05:00:00
106,47.19,46.7,20331161,47.3199,46.49,46.8117,93673,2019-02-07 05:00:00
107,46.4,47.19,18407127,47.2,46.3,46.8812,82848,2019-02-08 05:00:00
108,47.34,47.58,19363615,47.71,47.13,47.4642,87081,2019-02-11 05:00:00
109,47.27,47.89,23909243,48.15,47.16,47.8343,105957,2019-02-12 05:00:00
110,47.86,47.5,28325602,47.95,47.12,47.6304,132251,2019-02-13 05:00:00
111,48.85,48.4,47598631,49.68,48.34,48.9523,214362,2019-02-14 05:00:00
112,48.83,49.43,30189636,49.59,48.44,49.14,133937,2019-02-15 05:00:00
113,49.2,49.65,20204730,49.93,49.2,49.6685,93800,2019-02-19 05:00:00
114,49.7,49.63,17550893,49.8,49.35,49.5731,89417,2019-02-20 05:00:00
115,49.54,49.41,17120554,49.72,49.2,49.4019,83138,2019-02-21 05:00:00
116,49.7,50.11,22008055,50.22,49.58,50.0385,97110,2019-02-22 05:00:00
117,50.34,50.79,24264332,51,50.34,50.8471,105239,2019-02-25 05:00:00
118,50.51,51.18,19382465,51.41,50.48,51.1839,88695,2019-02-26 05:00:00
119,51.21,51.59,19940911,51.65,50.89,51.394,95867,2019-02-27 05:00:00
120,51.55,51.77,30708461,51.96,51.3546,51.7253,94294,2019-02-28 05:00:00
121,52,51.41,23683679,52.09,51.27,51.4936,96876,2019-03-01 05:00:00
122,51.65,51.16,18725852,51.92,50.6301,51.1782,100174,2019-03-04 05:00:00
123,51.12,51.3,14994150,51.505,50.97,51.2519,81582,2019-03-05 05:00:00
124,51.37,51.67,19686893,51.79,50.92,51.3842,84054,2019-03-06 05:00:00
125,51.55,51.29,22209205,51.97,51.205,51.4287,103907,2019-03-07 05:00:00
126,50.72,51.07,18182184,51.13,50.51,50.8519,92223,2019-03-08 05:00:00
127,51.14,51.92,17859289,52.09,51.1,51.8151,79793,2019-03-11 04:00:00
128,52.01,52.15,19391588,52.275,51.68,52.0889,100864,2019-03-12 04:00:00
129,52.41,52.59,20567962,52.855,52.14,52.5896,102587,2019-03-13 04:00:00
130,52.63,52.74,19215854,52.96,52.51,52.7834,87687,2019-03-14 04:00:00
131,52.94,53.2,43639853,53.62,52.93,53.226,101011,2019-03-15 04:00:00
132,53.27,53.51,19073773,53.935,53.09,53.5328,98868,2019-03-18 04:00:00
133,53.79,53.31,20596403,54,53.14,53.4625,104875,2019-03-19 04:00:00
134,53.16,53.26,21140841,53.87,52.855,53.3154,114388,2019-03-20 04:00:00
135,53.08,53.94,20082716,54.23,53.04,53.858,101921,2019-03-21 04:00:00
136,53.91,52.74,23938450,54.14,52.7,53.1389,120039,2019-03-22 04:00:00
137,52.7,52.73,18774884,52.93,52.245,52.6271,96680,2019-03-25 04:00:00
138,53.19,53.23,17742681,53.485,53,53.2121,88610,2019-03-26 04:00:00
139,53.3,53.14,20447515,53.66,52.74,53.0805,116910,2019-03-27 04:00:00
140,53.19,53.36,13094985,53.69,53.02,53.3527,83498,2019-03-28 04:00:00
141,53.7,53.99,19582287,54,53.36,53.8074,89928,2019-03-29 04:00:00
142,54.475,54.98,19741670,55.02,54.39,54.7976,101267,2019-04-01 04:00:00
143,55,55.29,17264005,55.41,54.97,55.2293,86422,2019-04-02 04:00:00
144,55.46,55.63,21110361,55.8,55.07,55.5096,102884,2019-04-03 04:00:00
145,55.37,55.14,16412138,55.68,54.86,55.2011,95589,2019-04-04 04:00:00
146,55.25,55.21,13817484,55.61,55.13,55.3026,71904,2019-04-05 04:00:00
147,55.2,55.49,13850832,55.56,54.79,55.3129,78058,2019-04-08 04:00:00
148,55.08,55.18,15508423,55.42,54.86,55.1848,85623,2019-04-09 04:00:00
149,55.11,55.82,13460222,55.84,55.11,55.6629,70638,2019-04-10 04:00:00
150,55.93,55.6,13185968,55.95,55.305,55.5735,78429,2019-04-11 04:00:00
151,55.93,56.29,14331657,56.355,55.79,56.1156,74774,2019-04-12 04:00:00
152,56.4,56.56,12198388,56.61,56.235,56.4512,71605,2019-04-15 04:00:00
153,56.62,56.95,19718334,57.525,56.61,57.0394,102119,2019-04-16 04:00:00
154,57.18,56.31,26093616,57.32,56.285,56.5795,129180,2019-04-17 04:00:00
155,56.63,56.4,18331954,56.695,56.11,56.384,89548,2019-04-18 04:00:00
156,56.16,56.34,11951486,56.6,56.1,56.4266,66901,2019-04-22 04:00:00
157,56.43,56.69,18796598,56.695,56.2,56.4989,91698,2019-04-23 04:00:00
158,56.64,56.88,13212028,57.15,56.58,56.8982,69746,2019-04-24 04:00:00
159,56.46,56.33,15526912,56.78,56.01,56.303,87784,2019-04-25 04:00:00
160,56.02,55.88,18010909,56.37,55.68,55.9521,101725,2019-04-26 04:00:00
161,55.665,56.13,16259508,56.22,55.55,56.0528,78662,2019-04-29 04:00:00
162,56,55.95,20822761,56.12,55.53,55.8835,99915,2019-04-30 04:00:00
163,56,55.58,17648487,56.35,55.51,55.8935,95544,2019-05-01 04:00:00
164,55.48,54.94,24220605,55.89,54.82,55.1468,131428,2019-05-02 04:00:00
165,54.64,54.94,26887110,54.99,54.18,54.6715,133585,2019-05-03 04:00:00
166,53.86,54.59,17025888,54.76,53.56,54.3758,97367,2019-05-06 04:00:00
167,53.86,53.45,25289716,54.24,52.94,53.4765,151907,2019-05-07 04:00:00
168,53.17,53.47,21525073,53.94,53.13,53.6046,113206,2019-05-08 04:00:00
169,52.82,52.92,24322804,53.21,52.23,52.7907,137459,2019-05-09 04:00:00
170,52.61,53.36,21795896,53.55,51.95,52.7482,144319,2019-05-10 04:00:00
171,51.83,51.3,28869931,52.26,51.06,51.4202,187464,2019-05-13 04:00:00
172,51.45,52.02,25478278,52.44,51.38,52.1129,159928,2019-05-14 04:00:00
173,51.76,52.44,30577207,52.71,51.69,52.4833,171544,2019-05-15 04:00:00
174,54.27,55.93,46057795,56.4,54.12,55.6412,241249,2019-05-16 04:00:00
175,55.78,56.35,27299346,56.83,55.52,56.4153,159744,2019-05-17 04:00:00
176,55.8,56.01,21004115,56.39,55.5513,55.9829,131008,2019-05-20 04:00:00
177,56.68,56.52,18562320,56.75,56.13,56.4449,103132,2019-05-21 04:00:00
178,56.22,55.69,19479165,56.3,55.67,55.9363,103505,2019-05-22 04:00:00
179,54.91,54.19,22734207,55.01,53.94,54.3097,133351,2019-05-23 04:00:00
180,54.57,54.37,13057587,54.67,54.06,54.3672,89266,2019-05-24 04:00:00
181,54.74,53.93,29769161,55.03,53.82,54.2192,99356,2019-05-28 04:00:00
182,53.55,53.18,19762122,53.55,52.855,53.223,115564,2019-05-29 04:00:00
183,53.44,53.57,12954268,53.78,53.335,53.5549,81796,2019-05-30 04:00:00
184,52.79,52.03,20480449,52.88,52.01,52.2556,116394,2019-05-31 04:00:00
185,52.05,51.78,22380491,52.565,51.485,52.0034,141420,2019-06-03 04:00:00
186,52.48,53.23,21689299,53.635,52.41,53.1291,126574,2019-06-04 04:00:00
187,53.85,54.75,22521863,54.79,53.75,54.3047,133963,2019-06-05 04:00:00
188,54.89,55.1,15927322,55.3,54.21,54.8254,98924,2019-06-06 04:00:00
189,55.41,55.93,17394941,56.3,55.03,55.9408,103165,2019-06-07 04:00:00
190,56.14,56.42,16871195,56.65,55.96,56.4275,108911,2019-06-10 04:00:00
191,56.74,57.11,26723748,57.56,56.73,57.1724,120381,2019-06-11 04:00:00
192,56.05,55.86,23183028,56.585,55.65,56.0482,117640,2019-06-12 04:00:00
193,55.92,56.17,15775780,56.265,55.78,56.063,83519,2019-06-13 04:00:00
194,55.99,54.75,22530450,56.015,54.66,54.9544,115630,2019-06-14 04:00:00
195,54.99,55.4,20392573,55.47,54.86,55.2998,102051,2019-06-17 04:00:00
196,56.07,56.05,21173211,56.65,55.75,56.254,118909,2019-06-18 04:00:00
197,56.04,56.13,21096325,56.37,55.77,56.1395,112572,2019-06-19 04:00:00
198,57,57.41,20969787,57.535,56.68,57.1967,106861,2019-06-20 04:00:00
199,57.41,57.03,57588754,58.15,56.98,57.2825,126710,2019-06-21 04:00:00
200,57.25,57.18,17794414,57.29,56.69,57.0521,94405,2019-06-24 04:00:00
201,57.06,56.08,25520632,57.2,56.01,56.3924,107080,2019-06-25 04:00:00
202,56.54,56.6,19286146,57.045,56.36,56.688,103827,2019-06-26 04:00:00
203,56.94,55.73,23959908,57.25,55.47,56.0521,110581,2019-06-27 04:00:00
204,55.91,54.73,103123399,55.98,54.025,54.6787,195044,2019-06-28 04:00:00
205,55.26,54.74,28483973,55.35,54.225,54.7109,152790,2019-07-01 04:00:00
206,54.83,55.81,20314322,55.92,54.7758,55.5924,103898,2019-07-02 04:00:00
207,55.77,56.48,13866804,56.54,55.54,56.1381,65832,2019-07-03 04:00:00
208,56,56.6,14273870,56.73,55.71,56.3522,66283,2019-07-05 04:00:00
209,56.25,56.19,15835102,56.475,55.96,56.2143,82205,2019-07-08 04:00:00
210,56.37,56.34,19564012,56.69,56.04,56.3785,101102,2019-07-09 04:00:00
211,56.69,57.13,19362567,57.65,56.6,57.172,102214,2019-07-10 04:00:00
212,57.37,57.3,15994550,57.62,56.92,57.2525,84198,2019-07-11 04:00:00
213,57.58,57.95,13660587,57.99,57.57,57.8651,80810,2019-07-12 04:00:00
214,58,58.05,8809738,58.23,57.87,57.9999,51337,2019-07-15 04:00:00
215,58.13,57.62,11501067,58.26,57.46,57.779,63439,2019-07-16 04:00:00
216,57.57,57.21,9266851,57.79,57.19,57.4129,51161,2019-07-17 04:00:00
217,57.05,57.74,10292940,57.79,56.9,57.4394,56766,2019-07-18 04:00:00
218,57.81,57.36,13882569,58.07,57.32,57.656,76912,2019-07-19 04:00:00
219,57.46,57.73,10485787,58.01,57.37,57.7315,56435,2019-07-22 04:00:00
220,58.06,57.71,12692209,58.095,57.48,57.7366,60605,2019-07-23 04:00:00
221,57.58,57.23,18176990,57.68,57.11,57.277,77943,2019-07-24 04:00:00
222,57.36,56.62,15127245,57.5,56.37,56.6792,84051,2019-07-25 04:00:00
223,56.68,56.53,15243018,56.84,56.37,56.5239,70188,2019-07-26 04:00:00
224,56.69,56.93,12051146,57.15,56.54,56.8793,61895,2019-07-29 04:00:00
225,56.85,56.47,9623420,56.9,56.35,56.5814,54253,2019-07-30 04:00:00
226,56.33,55.4,17441208,56.8307,54.9,55.9415,106844,2019-07-31 04:00:00
227,55.84,55.39,19020638,56.89,55.16,55.8561,119474,2019-08-01 04:00:00
228,54.22,53.25,29021920,54.32,52.58,53.2849,161512,2019-08-02 04:00:00
229,52.39,51.37,29931795,52.54,50.94,51.6345,170071,2019-08-05 04:00:00
230,51.95,52.6,20708383,52.73,51.6,52.2753,123527,2019-08-06 04:00:00
231,51.83,52.34,24128601,52.49,51.21,52.1175,143953,2019-08-07 04:00:00
232,52.79,53.16,26093469,53.36,52.59,53.0905,118857,2019-08-08 04:00:00
233,52.78,52.43,17425041,52.865,52.04,52.4878,102826,2019-08-09 04:00:00
234,52.27,51.54,16388269,52.355,51.34,51.729,100146,2019-08-12 04:00:00
235,51.47,52.72,21679098,53.0716,51.2,52.654,132536,2019-08-13 04:00:00
236,52.12,50.61,30213434,52.12,50.13,50.5375,182613,2019-08-14 04:00:00
237,47.36,46.25,61385211,47.94,46,46.7709,314475,2019-08-15 04:00:00
238,46.42,46.96,25000253,47.36,46.4,46.9985,138181,2019-08-16 04:00:00
239,47.9,48.5,26410555,48.6,47.49,48.2347,129852,2019-08-19 04:00:00
240,48.54,47.93,18204991,48.59,47.92,48.1852,97609,2019-08-20 04:00:00
241,48.5,48.77,18368664,48.925,48.36,48.7352,101240,2019-08-21 04:00:00
242,49.24,48.18,21519317,49.33,47.94,48.2907,105201,2019-08-22 04:00:00
243,47.9,46.61,25881999,48.52,46.43,47.1493,158201,2019-08-23 04:00:00
244,47.05,47.1,14823801,47.27,46.67,46.9958,92756,2019-08-26 04:00:00
245,47.54,46.79,20863841,47.65,46.69,46.9975,96112,2019-08-27 04:00:00
246,46.53,46.87,11193854,46.96,46.24,46.7453,72519,2019-08-28 04:00:00
247,47.59,47.27,14733682,47.9135,47.11,47.383,81477,2019-08-29 04:00:00
248,47.52,46.81,19250690,47.57,46.545,46.8107,103085,2019-08-30 04:00:00
249,46.63,46.5,17010969,46.97,46.2,46.4781,108602,2019-09-03 04:00:00
250,47.02,47.32,13707394,47.41,46.89,47.2092,77839,2019-09-04 04:00:00
251,48.02,48.42,18436760,48.71,47.78,48.3841,110149,2019-09-05 04:00:00
252,48.65,48.84,17939057,48.99,48.27,48.7828,102455,2019-09-06 04:00:00
253,48.97,48.58,21175063,49.005,48.46,48.6581,103217,2019-09-09 04:00:00
254,48.57,49.21,16119224,49.345,47.945,48.846,95193,2019-09-10 04:00:00
255,49.95,50.03,18631961,50.07,49.33,49.8951,107827,2019-09-11 04:00:00
256,50.28,49.93,16546697,50.3,49.405,49.8848,101285,2019-09-12 04:00:00
257,50.01,50.03,15867788,50.22,49.76,50.0502,88711,2019-09-13 04:00:00
258,49.8,49.96,13025571,50.18,49.79,49.9687,82094,2019-09-16 04:00:00
259,49.98,49.41,16129125,50.02,49.18,49.4014,94661,2019-09-17 04:00:00
260,49.465,49.34,12665176,49.74,48.78,49.2854,85106,2019-09-18 04:00:00
261,49.35,49.19,15433810,49.92,49.04,49.352,87186,2019-09-19 04:00:00
262,49.29,49.6,49139602,49.87,48.87,49.4998,110387,2019-09-20 04:00:00
263,49.66,49.42,19673531,49.75,49.28,49.5064,101353,2019-09-23 04:00:00
264,49.75,49.12,27127177,50.2,48.93,49.4676,154551,2019-09-24 04:00:00
265,49.05,49.605,15685239,49.77,48.58,49.284,82810,2019-09-25 04:00:00
266,49.43,48.83,20264362,49.49,48.255,48.7459,109477,2019-09-26 04:00:00
267,49,48.84,16065692,49.47,48.6,48.9938,99495,2019-09-27 04:00:00
268,48.95,49.41,15107114,49.66,48.95,49.428,82675,2019-09-30 04:00:00
269,49.65,47.74,24270299,49.87,47.36,48.1347,142707,2019-10-01 04:00:00
270,47.35,46.56,32061445,47.3752,46.01,46.4928,165310,2019-10-02 04:00:00
271,46.32,47.06,16533122,47.08,45.7,46.6788,97929,2019-10-03 04:00:00
272,47.25,47.52,16775500,47.63,46.95,47.2684,95123,2019-10-04 04:00:00
273,47.47,47.77,14937642,48.13,47.32,47.8061,78434,2019-10-07 04:00:00
274,47.5,46.39,23711966,47.54,46.35,46.6294,140051,2019-10-08 04:00:00
275,46.92,46.84,16819434,47.1715,46.655,46.9132,101385,2019-10-09 04:00:00
276,46.05,46.15,25016703,46.23,45.55,45.9714,143611,2019-10-10 04:00:00
277,46.67,46.56,25172223,47.3,46.46,46.825,134515,2019-10-11 04:00:00
278,46.55,46.05,15967125,46.55,46,46.1905,85101,2019-10-14 04:00:00
279,46.25,46.36,18806666,46.58,46.035,46.355,98455,2019-10-15 04:00:00
280,46.36,46.79,16584363,46.875,46.32,46.6831,88091,2019-10-16 04:00:00
281,47.15,47.03,14365297,47.3,46.6,46.9359,79693,2019-10-17 04:00:00
282,47.1,46.71,17227396,47.27,46.66,46.8717,74906,2019-10-18 04:00:00
283,47.14,47.39,14455710,47.48,46.97,47.3311,70297,2019-10-21 04:00:00
284,47.5,47.55,15203845,47.885,47.4,47.6601,82582,2019-10-22 04:00:00
285,47.47,47.05,15680883,47.7,46.84,47.1033,74209,2019-10-23 04:00:00
286,47.23,46.41,18456389,47.23,46.1,46.4441,96954,2019-10-24 04:00:00
287,46.54,46.9,15701152,46.99,46.46,46.8477,76901,2019-10-25 04:00:00
288,47.15,47.17,13859725,47.6,47.06,47.2532,71173,2019-10-28 04:00:00
289,47,47.24,13713939,47.4261,46.91,47.2016,77625,2019-10-29 04:00:00
290,47.3,47.56,12062028,47.58,47.16,47.4024,77704,2019-10-30 04:00:00
291,47.6,47.51,12488292,47.65,47.1,47.4012,64296,2019-10-31 04:00:00
292,46.85,47.03,24404134,47.485,46.64,46.9552,107685,2019-11-01 04:00:00
293,47.5,47.48,15018913,47.875,47.32,47.5779,74987,2019-11-04 05:00:00
294,47.59,47.76,18988936,47.92,47.26,47.7225,75785,2019-11-05 05:00:00
295,47.81,48.27,15704472,48.5,47.785,48.2032,82126,2019-11-06 05:00:00
296,48.61,48.42,16717751,48.98,48.2,48.55,95507,2019-11-07 05:00:00
297,48.42,48.83,14414055,48.85,48.05,48.5897,67982,2019-11-08 05:00:00
298,48.01,48.1,19595430,48.47,47.56,48.149,101970,2019-11-11 05:00:00
299,48.29,48.37,15627971,48.74,48.12,48.4176,84021,2019-11-12 05:00:00
300,48.24,48.46,27250239,48.85,48.15,48.1622,127784,2019-11-13 05:00:00
301,45.56,44.91,65609855,46,44.6,44.9511,312944,2019-11-14 05:00:00
302,45.07,45.09,32387644,45.65,44.81,45.1626,144473,2019-11-15 05:00:00
303,44.98,45.15,22746710,45.19,44.44,44.8745,108612,2019-11-18 05:00:00
304,45.39,45.47,19619578,45.595,45.08,45.3954,84300,2019-11-19 05:00:00
305,45.69,45.08,18668523,45.74,44.93,45.1865,98031,2019-11-20 05:00:00
306,45.13,44.84,19868780,45.15,44.69,44.9007,92486,2019-11-21 05:00:00
307,45.15,44.85,18725691,45.17,44.69,44.8294,85862,2019-11-22 05:00:00
308,45,45.45,19654604,45.55,44.93,45.3775,88635,2019-11-25 05:00:00
309,45.53,45.31,29424782,45.77,45.25,45.3767,84547,2019-11-26 05:00:00
310,45.36,45.24,14895009,45.415,44.9259,45.1988,71724,2019-11-27 05:00:00
311,45.24,45.31,9808886,45.54,45.15,45.3608,41624,2019-11-29 05:00:00
312,45.25,44.7,17647593,45.33,44.67,44.8307,90503,2019-12-02 05:00:00
313,44.4,44.28,20331665,44.49,43.74,44.0829,108384,2019-12-03 05:00:00
314,44.52,43.89,17206915,44.55,43.86,44.163,88448,2019-12-04 05:00:00
315,44.05,43.52,22637277,44.1,43.4,43.5561,102726,2019-12-05 05:00:00
316,43.89,43.84,16518918,44.06,43.65,43.8659,79681,2019-12-06 05:00:00
317,43.89,43.9,17659772,44.37,43.75,44.0298,80872,2019-12-09 05:00:00
318,43.85,44.1,21863861,44.18,43.8,44.0281,99227,2019-12-10 05:00:00
319,44.36,44.28,16451397,44.45,44.15,44.2949,78829,2019-12-11 05:00:00
320,44.545,45.67,27073511,45.77,44.41,45.4204,137921,2019-12-12 05:00:00
321,45.91,45.3,21801583,46.05,45.2,45.5201,119676,2019-12-13 05:00:00
322,45.8,45.98,21875699,46.59,45.8,46.1382,105056,2019-12-16 05:00:00
323,46.22,46.44,22510487,46.52,45.93,46.3487,98535,2019-12-17 05:00:00
324,46.52,46.64,21928065,46.755,46.25,46.578,92979,2019-12-18 05:00:00
325,47.15,47.88,30768601,47.99,47.11,47.7349,126328,2019-12-19 05:00:00
326,48.25,47.45,52580716,48.37,47.42,47.6477,99771,2019-12-20 05:00:00
327,47.55,48.1,20255224,48.3,47.422,48.0242,84989,2019-12-23 05:00:00
328,48.16,47.78,7044728,48.245,47.65,47.8024,38621,2019-12-24 05:00:00
329,47.78,47.85,11122017,48,47.65,47.7993,51589,2019-12-26 05:00:00
330,47.99,47.77,11058982,48.05,47.68,47.8209,50385,2019-12-27 05:00:00
331,47.75,47.59,12129049,47.88,47.29,47.5392,67984,2019-12-30 05:00:00
332,47.54,47.96,14894735,47.98,47.41,47.8273,62556,2019-12-31 05:00:00
333,48.06,48.42,16710076,48.42,47.88,48.189,92412,2020-01-02 05:00:00
334,47.91,47.63,15587707,48.135,47.48,47.726,81508,2020-01-03 05:00:00
335,47.14,47.8,22185267,47.82,47.01,47.5776,81604,2020-01-06 05:00:00
336,47.72,47.49,16566640,47.72,47.1,47.4088,84929,2020-01-07 05:00:00
337,46.97,47.52,25181655,47.785,46.81,47.4044,109388,2020-01-08 05:00:00
338,47.79,47.32,18211200,47.88,47.07,47.3109,97477,2020-01-09 05:00:00
339,47.48,47.13,13485400,47.56,47.06,47.2924,73178,2020-01-10 05:00:00
340,47.31,47.97,18243201,47.98,47.299,47.7395,89562,2020-01-13 05:00:00
341,47.96,47.79,17951758,47.99,47.62,47.812,86671,2020-01-14 05:00:00
342,47.92,48.01,16289443,48.395,47.7649,48.0657,84676,2020-01-15 05:00:00
343,48.38,49.05,20094931,49.08,48.23,48.8022,94538,2020-01-16 05:00:00
344,49.31,49.02,27176174,49.54,48.87,49.0859,98982,2020-01-17 05:00:00
345,48.96,48.8,21771752,49.2,48.67,48.8791,81776,2020-01-21 05:00:00
346,49.28,49.06,15185991,49.53,49.04,49.2374,80898,2020-01-22 05:00:00
347,49,49,16767687,49.175,48.413,48.968,76014,2020-01-23 05:00:00
348,49.22,48.85,14066913,49.48,48.5433,48.9548,80829,2020-01-24 05:00:00
349,47.89,47.47,20665994,48.07,47.27,47.5492,107079,2020-01-27 05:00:00
350,47.52,47.77,14035052,47.965,47.5033,47.7851,72330,2020-01-28 05:00:00
351,47.97,47.05,14289781,47.98,46.93,47.2839,85893,2020-01-29 05:00:00
352,46.54,47.24,14822581,47.27,46.26,46.7355,98810,2020-01-30 05:00:00
353,46.99,45.97,20069931,47,45.84,46.1396,113881,2020-01-31 05:00:00
354,46.4,46.53,15383527,46.825,46.21,46.5472,85678,2020-02-03 05:00:00
355,47.22,47.62,13947268,47.7074,47.11,47.5007,79619,2020-02-04 05:00:00
356,48.33,48.45,17042331,48.6,48.15,48.4022,93241,2020-02-05 05:00:00
357,48.69,48.69,9814844,48.82,48.22,48.5995,65081,2020-02-06 05:00:00
358,48.6,47.97,16807738,48.77,47.87,48.0709,90659,2020-02-07 05:00:00
359,47.99,48.87,19012716,48.89,47.88,48.5253,81449,2020-02-10 05:00:00
360,49.39,49.13,23168267,49.714,48.8646,49.2846,123715,2020-02-11 05:00:00
361,49.43,49.93,31686166,50.28,49.4,49.7265,164074,2020-02-12 05:00:00
362,47.15,47.32,47044716,47.67,46.58,47.1442,238953,2020-02-13 05:00:00
363,47.16,46.97,26747248,47.22,46.48,46.8075,128726,2020-02-14 05:00:00
364,46.82,46.59,18550358,46.85,46.29,46.5422,96011,2020-02-18 05:00:00
365,46.69,46.29,27626380,46.81,45.9,46.1875,130083,2020-02-19 05:00:00
366,46.09,46.85,20416659,46.96,45.9,46.4813,98884,2020-02-20 05:00:00
367,46.73,46.295,20031423,46.85,46.05,46.3447,92742,2020-02-21 05:00:00
368,45,44,35295921,45.68,44,44.4959,178582,2020-02-24 05:00:00
369,44.05,42.74,48024747,44.21,42.07,42.8522,250773,2020-02-25 05:00:00
370,42.97,42.16,38528925,43.3775,41.94,42.5537,215760,2020-02-26 05:00:00
371,41.28,40.04,51427101,42.095,40.01,41.062,285244,2020-02-27 05:00:00
372,38.7,39.93,80192071,40.55,38.35,39.3786,498616,2020-02-28 05:00:00
373,40.15,41.17,48864271,41.19,38.92,40.3003,273515,2020-03-02 05:00:00
374,41.26,40.04,49294737,41.9,39.71,40.4909,287860,2020-03-03 05:00:00
375,40.72,41.39,30022089,41.45,39.8,40.829,158845,2020-03-04 05:00:00
376,40.17,39.57,30255898,40.51,39.29,39.7636,152974,2020-03-05 05:00:00
377,38,39.68,48605591,39.95,37.8,39.1663,234070,2020-03-06 05:00:00
378,36.9,37.96,61535333,39.56,36.29,38.2522,365546,2020-03-09 04:00:00
379,39.2478,40.08,50536518,40.145,37.87,39.2282,291505,2020-03-10 04:00:00
380,39.02,37.05,63608527,39.16,36.37,37.5014,301210,2020-03-11 04:00:00
381,34.5,33.2,51855305,35.82,33,33.9818,263672,2020-03-12 04:00:00
382,35.18,37.64,53830800,37.68,33.33,35.303,269438,2020-03-13 04:00:00
383,33.23,33.71,43894489,36.99,32.4001,34.9528,268190,2020-03-16 04:00:00
384,34.7,35.5,41572404,36.25,33.6,34.8063,247885,2020-03-17 04:00:00
385,33.76,37.12,56904267,37.71,33.31,36.4715,315125,2020-03-18 04:00:00
386,37.05,37.71,58319654,39.32,36.15,38.0023,369333,2020-03-19 04:00:00
387,38.27,35.6,48582546,38.47,35.4,36.4073,268198,2020-03-20 04:00:00
388,35.51,34.6,39823397,35.82,33.74,34.6359,248943,2020-03-23 04:00:00
389,36.405,38.6,48235609,38.68,35.54,37.3121,261149,2020-03-24 04:00:00
390,38.65,37.67,42873923,39.95,37.5,38.3214,267607,2020-03-25 04:00:00
391,37.97,40.58,38487226,40.92,37.3664,39.5278,229201,2020-03-26 04:00:00
392,39.21,38.82,31278581,40.15,38.41,39.0827,193151,2020-03-27 04:00:00
393,39.45,40.32,27120333,40.485,38.96,40.0225,167093,2020-03-30 04:00:00
394,40.13,39.31,26019845,40.415,39.11,39.6906,155665,2020-03-31 04:00:00
395,38.17,38.33,26790667,38.86,37.8742,38.4203,160665,2020-04-01 04:00:00
396,37.84,39.8,28180489,39.945,37.47,39.0791,169665,2020-04-02 04:00:00
397,39.82,39.06,21235157,40.29,38.54,39.113,131729,2020-04-03 04:00:00
398,40.46,41.43,31641428,41.68,39.78,40.8825,163878,2020-04-06 04:00:00
399,42.66,40.64,30366068,42.74,40.59,41.4155,176676,2020-04-07 04:00:00
400,41.17,41.74,22683517,42.2,40.865,41.5417,129728,2020-04-08 04:00:00
401,42.09,41.2,27650195,42.2,40.85,41.2967,166628,2020-04-09 04:00:00
402,41.04,41.22,19591971,41.46,40.53,41.0047,107447,2020-04-13 04:00:00
403,41.91,42.78,22882368,42.82,41.53,42.4623,129183,2020-04-14 04:00:00
404,42.2028,41.52,18428791,42.37,41.235,41.6062,117868,2020-04-15 04:00:00
405,41.76,41.5,26177970,41.79,40.68,41.2766,146927,2020-04-16 04:00:00
406,42.25,42.48,30701461,42.64,41.74,42.2228,149030,2020-04-17 04:00:00
407,41.92,42.54,23438799,43.29,41.79,42.7283,130894,2020-04-20 04:00:00
408,41.83,40.55,31661042,41.99,40.41,40.8461,171341,2020-04-21 04:00:00
409,41.27,41.76,18337406,42.09,41.11,41.606,96383,2020-04-22 04:00:00
410,41.89,41.62,16099282,42.55,41.53,41.9275,99527,2020-04-23 04:00:00
411,41.84,42.52,14641718,42.66,41.65,42.1773,87906,2020-04-24 04:00:00
412,42.7,43.06,17937887,43.22,42.58,42.9602,90306,2020-04-27 04:00:00
413,43.5,42.49,16427731,43.625,42.41,42.8787,100423,2020-04-28 04:00:00
414,43.346,43.34,17430133,43.48,42.93,43.2911,97116,2020-04-29 04:00:00
415,43.1654,42.38,26679921,43.1677,42.17,42.4704,126963,2020-04-30 04:00:00
416,41.72,40.92,22095255,41.81,40.765,41.1476,119209,2020-05-01 04:00:00
417,40.9549,41.35,15997715,41.41,40.49,41.0029,95588,2020-05-04 04:00:00
418,41.61,41.46,15060218,41.925,41.39,41.597,81450,2020-05-05 04:00:00
419,41.56,41.15,16040349,41.69,40.97,41.3398,96517,2020-05-06 04:00:00
420,41.59,41.37,20173635,41.765,41.215,41.4519,109826,2020-05-07 04:00:00
421,42.02,42.99,21962827,43.02,41.7,42.4864,118657,2020-05-08 04:00:00
422,42.78,43.32,26176685,43.65,42.605,43.2453,134030,2020-05-11 04:00:00
423,43.94,43.22,25817074,44.3,43.19,43.7058,162274,2020-05-12 04:00:00
424,43.41,41.95,36986702,43.57,41.31,42.3284,206105,2020-05-13 04:00:00
425,43.43,43.85,50417743,44.58,43.26,43.9096,271145,2020-05-14 04:00:00
426,42.93,44.27,30573032,44.38,42.85,43.9318,165731,2020-05-15 04:00:00
427,45.21,45.06,26980080,45.295,44.3301,45.0033,133704,2020-05-18 04:00:00
428,44.83,44.605,24345423,44.98,44.41,44.6826,141612,2020-05-19 04:00:00
429,45.05,45.44,20176626,45.82,45.03,45.5143,120274,2020-05-20 04:00:00
430,45.45,44.64,18674890,45.655,44.555,44.9491,110032,2020-05-21 04:00:00
431,44.67,44.9,12592805,44.95,44.12,44.6653,78801,2020-05-22 04:00:00
432,45.78,44.84,21776880,45.7999,44.68,45.1266,110062,2020-05-26 04:00:00
433,45.0424,45.96,22157156,45.98,44.8,45.5014,119124,2020-05-27 04:00:00
434,45.9,45.595,20007806,46.46,45.373,45.8596,118032,2020-05-28 04:00:00
435,46.04,47.82,43570367,47.82,45.41,47.0646,166779,2020-05-29 04:00:00
436,47.15,46.3,18730622,47.285,46.23,46.5652,128181,2020-06-01 04:00:00
437,46.4,46.89,17285945,46.9,45.88,46.5541,100357,2020-06-02 04:00:00
438,46.98,46.94,17491951,47.2,46.54,46.977,99469,2020-06-03 04:00:00
439,46.77,46.86,14089037,47.25,46.5301,46.8223,90717,2020-06-04 04:00:00
440,47.27,47.83,22591054,48.29,47.2,47.923,125782,2020-06-05 04:00:00
441,47.46,48.13,17820919,48.16,47.12,47.736,108315,2020-06-08 04:00:00
442,48.02,48.05,18574267,48.24,47.49,47.9173,112705,2020-06-09 04:00:00
443,47.66,47.42,18462377,47.83,47.12,47.4654,119823,2020-06-10 04:00:00
444,46.99,43.67,35582020,47,43.64,44.7073,238255,2020-06-11 04:00:00
445,44.96,45.07,26125553,45.86,44.11,45.0388,166975,2020-06-12 04:00:00
446,44.12,45.35,21300098,45.76,43.93,44.9498,143675,2020-06-15 04:00:00
447,47.41,46.48,28061829,47.49,45.91,46.6062,180904,2020-06-16 04:00:00
448,46.75,46.17,20399076,46.82,45.9,46.2679,104713,2020-06-17 04:00:00
449,45.79,45.83,22423457,46.05,45.35,45.6934,131132,2020-06-18 04:00:00
450,46.26,45.32,36103238,46.51,45.05,45.618,135766,2020-06-19 04:00:00
451,45.11,45.16,18398599,45.46,44.805,45.1813,102674,2020-06-22 04:00:00
452,45.92,45.47,23206359,46.15,45.32,45.671,112720,2020-06-23 04:00:00
453,45.2875,44.75,22840139,45.47,44.39,44.7984,139045,2020-06-24 04:00:00
454,44.77,45.22,19114867,45.32,44.2,44.8435,104534,2020-06-25 04:00:00
455,45.1193,46.31,106928267,46.51,44.63,46.0273,203107,2020-06-26 04:00:00
456,46.34,46.15,23779408,46.45,45.67,45.9989,148578,2020-06-29 04:00:00
457,46.145,46.64,21888827,47.01,46.095,46.5483,115860,2020-06-30 04:00:00
458,46.54,46.06,17129455,46.72,46,46.2363,112591,2020-07-01 04:00:00
459,46.07,45.63,19631979,46.2182,45.48,45.836,106980,2020-07-02 04:00:00
460,46.07,46.42,16152864,46.49,45.87,46.3154,94965,2020-07-06 04:00:00
461,46.12,45.63,17102639,46.29,45.56,45.9132,84005,2020-07-07 04:00:00
462,45.59,45.81,15020765,46.07,45.32,45.7321,81075,2020-07-08 04:00:00
463,46.6,46.7,26027688,47.195,46.22,46.7702,158237,2020-07-09 04:00:00
464,46.73,46.66,13775702,46.92,46.2366,46.6292,84115,2020-07-10 04:00:00
465,46.87,45.93,17965547,46.99,45.78,46.4735,111451,2020-07-13 04:00:00
466,45.49,46.26,19303457,46.5,45.4103,46.093,123210,2020-07-14 04:00:00
467,46.5,46.4,15704961,46.83,45.985,46.4092,100538,2020-07-15 04:00:00
468,45.7,45.78,17709446,45.83,45.2,45.564,108048,2020-07-16 04:00:00
469,46.04,46.75,20389736,46.93,45.88,46.6298,92206,2020-07-17 04:00:00
470,46.67,46.97,15966490,47.1,46.26,46.7559,94877,2020-07-20 04:00:00
471,47.2796,47.02,16074737,47.325,46.85,47.0701,94414,2020-07-21 04:00:00
472,47.0161,46.9,27186764,47.11,46.53,46.9248,102821,2020-07-22 04:00:00
473,46.975,47.41,23750217,47.7,46.68,47.3255,128937,2020-07-23 04:00:00
474,47.49,46.4,16983627,47.64,46.11,46.6672,107715,2020-07-24 04:00:00
475,46.66,47.19,15575959,47.26,46.15,46.9668,86190,2020-07-27 04:00:00
476,46.98,46.28,13810256,47.08,46.21,46.479,90667,2020-07-28 04:00:00
477,46.4,46.71,11618230,46.88,46.37,46.616,75511,2020-07-29 04:00:00
478,46.13,46.44,15385149,46.46,45.375,46.0348,101406,2020-07-30 04:00:00
479,46.3852,47.1,17706367,47.11,45.86,46.5921,105510,2020-07-31 04:00:00
480,47.14,47.16,14142518,47.355,46.68,47.1189,87007,2020-08-03 04:00:00
481,47.01,47.67,12839490,47.67,46.91,47.374,78230,2020-08-04 04:00:00
482,47.67,47.33,13077572,47.7331,47.05,47.3774,82013,2020-08-05 04:00:00
483,47.23,47.77,14190870,47.825,47.1,47.6438,86162,2020-08-06 04:00:00
484,47.33,47.43,17054306,47.6,47.03,47.3693,99967,2020-08-07 04:00:00
485,47.16,47.73,14999189,48,47.16,47.7007,98750,2020-08-10 04:00:00
486,47.9,47.19,18859633,48.45,47.085,47.7309,121156,2020-08-11 04:00:00
487,47.28,48.1,27023683,48.13,47.27,47.4895,157445,2020-08-12 04:00:00
488,43.79,42.72,91849461,43.84,42.38,42.7634,468956,2020-08-13 04:00:00
489,42.49,42.5,32443453,42.88,42.27,42.5349,169052,2020-08-14 04:00:00
490,42.55,42.09,30511747,42.7625,41.86,42.0923,159411,2020-08-17 04:00:00
491,42.13,41.98,23344586,42.29,41.81,42.0104,117806,2020-08-18 04:00:00
492,42.1,41.87,20097423,42.35,41.78,42.0341,108106,2020-08-19 04:00:00
493,41.87,42.31,18443877,42.42,41.73,42.2329,100536,2020-08-20 04:00:00
494,42.05,42.25,17289561,42.3,41.81,42.0697,98471,2020-08-21 04:00:00
495,42.07,42.18,17742932,42.47,42,42.1755,97753,2020-08-24 04:00:00
496,42.23,41.96,15417363,42.3,41.78,41.9558,81909,2020-08-25 04:00:00
497,41.65,42.25,21625828,42.28,41.45,42.045,106223,2020-08-26 04:00:00
498,42.4,42.29,22456772,42.47,42.02,42.2827,115452,2020-08-27 04:00:00
499,42.14,42.2,16573581,42.3,42,42.1106,89737,2020-08-28 04:00:00
500,42.1,42.22,21297990,42.35,41.94,42.142,100014,2020-08-31 04:00:00
501,42,42.03,23344890,42.07,41.5,41.8373,122020,2020-09-01 04:00:00
502,42.04,42.42,30045675,42.69,42.03,42.4046,155825,2020-09-02 04:00:00
503,41.75,40.95,39288117,41.83,40.67,41.0942,217559,2020-09-03 04:00:00
504,41.2,40.82,34867423,41.43,40.44,40.9557,201402,2020-09-04 04:00:00
505,40.05,40,29101793,40.61,39.97,40.1834,177952,2020-09-08 04:00:00
506,40.1,40.13,23351624,40.475,39.715,40.1585,126841,2020-09-09 04:00:00
507,40.03,39.57,25108752,40.635,39.42,39.8722,139739,2020-09-10 04:00:00
508,39.765,39.88,21852955,40.05,39.515,39.8363,114960,2020-09-11 04:00:00
509,40.215,40.37,19866723,40.64,40.05,40.3926,100591,2020-09-14 04:00:00
510,40.51,40.6,19024095,40.839,40.38,40.5755,102232,2020-09-15 04:00:00
511,40.72,40.42,22868445,41.17,40.39,40.6464,111210,2020-09-16 04:00:00
512,39.66,40.37,22225917,40.4,39.51,40.203,115105,2020-09-17 04:00:00
513,40.18,39.81,44450761,40.32,39.575,39.8726,149433,2020-09-18 04:00:00
514,39.31,39.04,28494973,39.47,38.69,39.0075,156609,2020-09-21 04:00:00
515,39.18,39.32,17656815,39.46,38.88,39.1949,105044,2020-09-22 04:00:00
516,39.23,38.28,24816243,39.39,38.18,38.636,133762,2020-09-23 04:00:00
517,38,37.85,30760354,38.16,37.6,37.845,169513,2020-09-24 04:00:00
518,37.76,38.45,22966645,38.54,37.62,38.1682,114147,2020-09-25 04:00:00
519,39.195,39.13,24275701,39.29,38.79,39.0601,118457,2020-09-28 04:00:00
520,39.07,39.06,16476893,39.375,38.83,39.1228,88407,2020-09-29 04:00:00
521,39.09,39.39,27113197,39.7,39.02,39.4081,128763,2020-09-30 04:00:00
522,39.1,38.8,20763541,39.31,38.565,38.8353,106781,2020-10-01 04:00:00
523,38.046,38.27,24492961,38.55,37.97,38.2833,132055,2020-10-02 04:00:00
524,38.48,38.57,26929054,38.79,38.285,38.5158,95510,2020-10-05 04:00:00
525,38.5,38.57,28430813,39.35,38.4,38.7878,139732,2020-10-06 04:00:00
526,38.98,39.4,20593711,39.58,38.78,39.2964,103158,2020-10-07 04:00:00
527,39.8,39.79,19031346,40.18,39.66,39.8438,93576,2020-10-08 04:00:00
528,40.145,39.85,16167474,40.23,39.72,39.9009,88465,2020-10-09 04:00:00
529,39.93,40.36,22757245,40.53,39.63,40.2144,112920,2020-10-12 04:00:00
530,40.54,39.81,23428066,40.61,39.71,39.9154,116835,2020-10-13 04:00:00
531,39.85,39.89,16444686,40.42,39.76,40.0458,91454,2020-10-14 04:00:00
532,39.47,39.97,15456971,40,39.35,39.6892,91271,2020-10-15 04:00:00
533,39.88,40.16,21295117,40.3,39.55,40.1093,95839,2020-10-16 04:00:00
534,40.15,39.3,19600466,40.38,39.16,39.5809,107496,2020-10-19 04:00:00
535,39.44,39.2,16564890,39.51,39.03,39.2402,100531,2020-10-20 04:00:00
536,39.31,39.06,17016266,39.57,38.98,39.1898,86336,2020-10-21 04:00:00
537,38.85,38.82,20399040,38.96,38.38,38.6905,113380,2020-10-22 04:00:00
538,38.93,38.82,15556084,38.97,38.65,38.8312,83491,2020-10-23 04:00:00
539,38.4,37.67,29138448,38.43,37.15,37.6614,153423,2020-10-26 04:00:00
540,37.38,36.87,37911471,37.5,36.59,36.9314,190060,2020-10-27 04:00:00
541,36.315,35.71,34561490,36.51,35.68,35.9273,169818,2020-10-28 04:00:00
542,35.51,35.69,35331966,36.07,35.28,35.7093,170463,2020-10-29 04:00:00
543,35.595,35.9,29159659,35.93,35.49,35.7201,147655,2020-10-30 04:00:00
544,36.19,35.9,23469898,36.35,35.67,35.9674,123176,2020-11-02 05:00:00
545,36.36,36.68,27342739,37.33,36.3,36.8854,134768,2020-11-03 05:00:00
546,37.0309,36.57,30121919,37.3,36.5,36.84,155231,2020-11-04 05:00:00
547,37.02,37.23,23149699,37.3,36.91,37.1841,113650,2020-11-05 05:00:00
548,37.56,37.53,19475288,37.6,37.08,37.3949,103450,2020-11-06 05:00:00
549,39.92,38.2,42649538,40.23,38.12,38.899,212235,2020-11-09 05:00:00
550,38.21,38.72,31392511,39.025,38.167,38.6861,151781,2020-11-10 05:00:00
551,39.01,39.33,27286809,39.45,38.44,39.0639,131947,2020-11-11 05:00:00
552,38.98,38.67,29543624,39.39,38.395,39.2447,153560,2020-11-12 05:00:00
553,41.2,41.4,49120098,41.52,40.56,41.272,239303,2020-11-13 05:00:00
554,41.74,42.54,34572647,42.59,41.35,42.1618,167128,2020-11-16 05:00:00
555,41.92,41.88,23140911,42.345,41.62,42.0649,123143,2020-11-17 05:00:00
556,41.9,41.32,21327707,42.2386,41.255,41.7848,112065,2020-11-18 05:00:00
557,41,41.17,22177706,41.37,40.77,41.0532,128498,2020-11-19 05:00:00
558,41.05,40.97,19778945,41.39,40.92,41.1219,94355,2020-11-20 05:00:00
559,41.03,41.64,19656683,41.8,41.02,41.4628,101267,2020-11-23 05:00:00
560,42.14,42.61,22785728,42.71,41.9,42.4588,127043,2020-11-24 05:00:00
561,42.78,42.5,22617660,42.8,42.21,42.5082,99159,2020-11-25 05:00:00
562,42.855,42.7,10769521,42.98,42.64,42.8055,58837,2020-11-27 05:00:00
563,42.44,43.02,34741648,43.05,42.41,42.8302,126997,2020-11-30 05:00:00
564,43.01,43.54,23948792,44.07,43.01,43.6295,130865,2020-12-01 05:00:00
565,43.39,43.89,17422160,43.96,43.35,43.7759,97496,2020-12-02 05:00:00
566,43.78,44.11,27710714,44.14,43.595,43.9324,110967,2020-12-03 05:00:00
567,43.89,44.38,17319803,44.51,43.89,44.3519,97298,2020-12-04 05:00:00
568,44.2868,44.35,14086826,44.49,43.91,44.2611,88998,2020-12-07 05:00:00
569,44.2055,44.37,13348461,44.525,43.93,44.3208,84691,2020-12-08 05:00:00
570,44.47,44.69,22679751,44.83,44.36,44.6445,113563,2020-12-09 05:00:00
571,44.54,44.32,17694193,44.605,44.11,44.3798,95419,2020-12-10 05:00:00
572,43.94,44.32,14577713,44.33,43.72,44.0923,84489,2020-12-11 05:00:00
573,44.27,44.24,16112333,44.91,44.15,44.4457,92440,2020-12-14 05:00:00
574,44.39,44.72,18165252,44.795,44.135,44.5926,100178,2020-12-15 05:00:00
575,44.695,44.72,16191982,45.14,44.525,44.7784,86701,2020-12-16 05:00:00
576,44.91,44.82,16141596,44.93,44.6,44.7876,79044,2020-12-17 05:00:00
577,44.9,45.44,41026972,45.57,44.77,45.3167,114593,2020-12-18 05:00:00
578,44.47,44.88,19617795,44.955,44.065,44.6445,116115,2020-12-21 05:00:00
579,44.44,44.69,16031552,45.07,44.44,44.7936,92258,2020-12-22 05:00:00
580,44.65,44.375,12032642,44.8029,44.35,44.4912,68009,2020-12-23 05:00:00
581,44.45,44.54,5720538,44.59,44.23,44.4193,37979,2020-12-24 05:00:00
582,44.93,44.92,13458432,45.34,44.72,44.9611,72492,2020-12-28 05:00:00
583,44.97,44.64,11828960,45.245,44.53,44.7597,73860,2020-12-29 05:00:00
584,44.74,44.48,11043106,45.06,44.44,44.609,64240,2020-12-30 05:00:00
585,44.38,44.75,15105475,44.84,44.16,44.4857,68828,2020-12-31 05:00:00
586,44.31,43.96,24392541,44.37,43.35,43.8581,123232,2021-01-04 05:00:00
587,43.68,43.98,17763655,44.07,43.38,43.8123,102116,2021-01-05 05:00:00
588,44.13,44.4,21823112,44.87,43.89,44.474,121084,2021-01-06 05:00:00
589,44.2,44.96,18218757,45.105,44.1659,44.8101,94071,2021-01-07 05:00:00
590,44.48,45.06,20936283,45.41,44.25,45.0651,119077,2021-01-08 05:00:00
591,45.15,45.36,25059260,45.95,45.02,45.5159,112449,2021-01-11 05:00:00
592,45.3,45.79,20145042,45.925,44.96,45.5503,108450,2021-01-12 05:00:00
593,45.29,45.36,19367270,45.965,45.18,45.5319,102880,2021-01-13 05:00:00
594,44.87,45.15,22261277,45.6,44.85,45.2694,119841,2021-01-14 05:00:00
595,44.96,45.43,29571669,45.65,44.88,45.363,119258,2021-01-15 05:00:00
596,45.33,45.19,28868848,45.63,44.77,45.1627,111100,2021-01-19 05:00:00
597,45.33,45.34,16499412,45.5,45.14,45.3369,91584,2021-01-20 05:00:00
598,45.2,45.11,17495888,45.235,44.72,45.0432,96195,2021-01-21 05:00:00
599,44.75,44.77,14643420,44.885,44.23,44.6787,79097,2021-01-22 05:00:00
600,45.04,45.03,16581260,45.17,44.71,44.9767,92306,2021-01-25 05:00:00
601,44.885,45.26,13087753,45.35,44.77,45.1815,82209,2021-01-26 05:00:00
602,45.24,45.7,29634489,46.46,45.08,45.8139,187297,2021-01-27 05:00:00
603,45.9137,45.34,21166033,46.27,45.3,45.7062,133807,2021-01-28 05:00:00
604,44.85,44.58,22608096,45.37,44.48,44.7709,129517,2021-01-29 05:00:00
605,44.92,45.4,16776851,45.625,44.66,45.3172,102824,2021-02-01 05:00:00
606,45.52,45.83,16520926,45.94,45.43,45.754,98667,2021-02-02 05:00:00
607,45.75,45.77,13173639,46.16,45.54,45.8396,77602,2021-02-03 05:00:00
608,45.87,47.25,22285660,47.32,45.77,47.0101,129503,2021-02-04 05:00:00
609,47.57,48.08,25488557,48.34,47.5,48.0451,140049,2021-02-05 05:00:00
610,48.56,48.94,25215439,49.34,48.56,48.9385,136744,2021-02-08 05:00:00
611,48.766,48.5,24795017,48.8317,48.41,48.4162,137186,2021-02-09 05:00:00
612,46.15,47.24,44540882,47.41,45.83,46.6132,258050,2021-02-10 05:00:00
613,47.349,47.58,18589910,47.91,47.1978,47.6087,117592,2021-02-11 05:00:00
614,47.425,47.29,15239817,47.69,46.91,47.2197,83523,2021-02-12 05:00:00
615,47.26,46.51,18539026,47.26,46.4,46.6398,99976,2021-02-16 05:00:00
616,46.315,46.25,13301380,46.4,45.865,46.2028,74627,2021-02-17 05:00:00
617,46.39,46.34,16867524,46.4,45.69,46.1649,98599,2021-02-18 05:00:00
618,46.54,45.68,25086981,46.61,45.58,45.893,131152,2021-02-19 05:00:00
619,45.29,45.43,21435794,45.68,44.82,45.2902,127661,2021-02-22 05:00:00
620,45.26,45.51,19714927,45.78,45.1,45.4418,140628,2021-02-23 05:00:00
621,45.24,45.74,17785845,45.8,45.035,45.5237,102200,2021-02-24 05:00:00
622,45.585,45.52,21916721,46.24,45.24,45.656,146196,2021-02-25 05:00:00
623,45.58,44.87,22081046,45.78,44.76,45.1812,131594,2021-02-26 05:00:00
624,45.22,45.92,17396073,46.22,45.22,45.9123,99114,2021-03-01 05:00:00
625,45.9308,45.515,14832974,46.08,45.415,45.6251,85662,2021-03-02 05:00:00
626,45.43,45.13,16851125,45.53,45,45.2329,95488,2021-03-03 05:00:00
627,45.135,44.56,24653504,45.47,44.15,44.7146,169594,2021-03-04 05:00:00
628,45.4455,46.25,33197580,46.74,45.27,46.2472,224452,2021-03-05 05:00:00
629,46.24,47.51,34824529,48.4,46.2,47.6685,196099,2021-03-08 05:00:00
630,47.8236,47.89,26487908,48.37,47.72,48.0245,129314,2021-03-09 05:00:00
631,48.47,48.29,19841506,48.79,48.19,48.4518,130858,2021-03-10 05:00:00
632,48.51,48.8,21976557,49.08,48.225,48.746,119045,2021-03-11 05:00:00
633,48.81,48.82,15196531,48.99,48.47,48.7601,85998,2021-03-12 05:00:00
634,48.9,49.41,15526110,49.44,48.9,49.2376,92529,2021-03-15 04:00:00
635,49.19,49.67,17282260,49.74,49.19,49.5602,96608,2021-03-16 04:00:00
636,49.61,49.42,18326916,49.61,48.89,49.3063,108894,2021-03-17 04:00:00
637,48.52,48.8,18417638,49.57,48.515,49.0415,117921,2021-03-18 04:00:00
638,48.71,48.98,65366839,49.22,48.32,48.9485,119534,2021-03-19 04:00:00
639,48.94,50.3,28813876,50.38,48.94,50.0485,142695,2021-03-22 04:00:00
640,50.02,50.01,28328168,50.68,49.9,50.1918,143507,2021-03-23 04:00:00
641,49.94,49.65,26444743,50.4454,49.62,49.9311,134002,2021-03-24 04:00:00
642,50.575,50.51,34537716,51.4,50.285,50.6562,173964,2021-03-25 04:00:00
643,50.5996,52.57,31996954,52.64,50.56,51.8616,183763,2021-03-26 04:00:00
644,52.4008,52.52,25032760,52.9399,52.28,52.5423,143560,2021-03-29 04:00:00
645,52.11,51.77,22444404,52.29,51.175,51.6873,135881,2021-03-30 04:00:00
646,51.83,51.71,22212375,52.05,51.545,51.7646,104843,2021-03-31 04:00:00
647,51.75,51.98,17896171,52.07,51.35,51.8266,109664,2021-04-01 04:00:00
648,51.628,52.41,19860914,52.92,51.628,52.4697,111549,2021-04-05 04:00:00
649,51.98,52.025,15126113,52.22,51.78,52.0352,89636,2021-04-06 04:00:00
650,52.01,51.77,15783648,52.14,51.58,51.8226,77803,2021-04-07 04:00:00
651,51.94,51.91,15111252,52,51.45,51.7852,73604,2021-04-08 04:00:00
652,51.8297,52.09,13135750,52.15,51.675,51.9606,69842,2021-04-09 04:00:00
653,52.07,51.57,16441725,52.16,51.47,51.7046,79625,2021-04-12 04:00:00
654,51.64,51.66,13353171,51.88,51.34,51.5732,75899,2021-04-13 04:00:00
655,51.51,51.37,15376586,51.68,51.14,51.3734,82718,2021-04-14 04:00:00
656,51.76,51.64,17869815,51.94,51.37,51.6125,93389,2021-04-15 04:00:00
657,52.45,52.8,28327910,53.18,52.26,52.8471,148411,2021-04-16 04:00:00
658,52.525,52.85,20120609,52.96,52.49,52.7768,95131,2021-04-19 04:00:00
659,52.59,51.79,21257481,52.79,51.595,51.9298,112114,2021-04-20 04:00:00
660,51.84,51.93,14015534,52.07,51.48,51.8445,79393,2021-04-21 04:00:00
661,51.81,51.5,15564755,52.0865,51.38,51.6673,83606,2021-04-22 04:00:00
662,51.5035,51.91,14017740,52.13,51.1773,51.8462,73491,2021-04-23 04:00:00
663,51.65,51.64,13778194,51.7685,51.5,51.6348,69957,2021-04-26 04:00:00
664,51.58,51.37,13260990,51.67,51.35,51.4634,71517,2021-04-27 04:00:00
665,51.56,51.11,14984035,51.77,50.92,51.2243,94014,2021-04-28 04:00:00
666,51.18,51.46,13916580,51.6,50.98,51.3087,82139,2021-04-29 04:00:00
667,51.22,50.91,19930545,51.23,50.41,50.7929,96187,2021-04-30 04:00:00
668,51.21,51.17,13465912,51.4,50.81,51.1485,76439,2021-05-03 04:00:00
669,51.11,50.71,18164789,51.23,50.295,50.6251,104092,2021-05-04 04:00:00
670,50.99,51.13,16205349,51.25,50.68,51.0579,83542,2021-05-05 04:00:00
671,51.07,52.44,27106820,52.71,50.95,52.1861,158179,2021-05-06 04:00:00
672,52.48,53.43,24146008,53.675,52.22,53.35,129777,2021-05-07 04:00:00
673,53.97,53.16,23845556,54.14,53.16,53.6009,127318,2021-05-10 04:00:00
674,53.1,52.83,20220914,53.11,52.11,52.6119,127682,2021-05-11 04:00:00
675,52.18,51.6,22123313,52.43,51.4661,51.7651,131288,2021-05-12 04:00:00
676,52.11,52.49,15868663,52.805,51.88,52.4958,102768,2021-05-13 04:00:00
677,52.93,52.9,14689375,53.215,52.6,52.946,85540,2021-05-14 04:00:00
678,52.76,52.94,15731002,53.15,52.68,52.8913,88929,2021-05-17 04:00:00
679,52.8,52.93,20177200,53.34,52.74,53.0354,113668,2021-05-18 04:00:00
680,51.88,52.47,29187939,52.66,51.86,51.9363,179707,2021-05-19 04:00:00
681,50.41,52.85,48830758,52.97,50.1,52.0735,262153,2021-05-20 04:00:00
682,52.765,52.43,24468371,52.93,52.24,52.5174,128257,2021-05-21 04:00:00
683,52.96,53.39,21128861,53.765,52.79,53.4704,110971,2021-05-24 04:00:00
684,53.37,53.31,20057179,53.58,53.14,53.3439,106440,2021-05-25 04:00:00
685,53.35,52.91,18671193,53.61,52.82,53.0534,96960,2021-05-26 04:00:00
686,52.93,52.92,56216068,53.35,52.58,52.8832,118593,2021-05-27 04:00:00
687,53.18,52.9,14864346,53.22,52.835,52.9665,76699,2021-05-28 04:00:00
688,52.96,52.62,15741984,53.315,52.43,52.6716,92599,2021-06-01 04:00:00
689,52.65,52.96,14529315,52.99,52.4,52.8558,90347,2021-06-02 04:00:00
690,52.8,53.33,17368103,53.555,52.62,53.2783,105768,2021-06-03 04:00:00
691,53.435,54.07,11676702,54.17,53.435,53.9792,75330,2021-06-04 04:00:00
692,54.32,53.92,14899750,54.44,53.79,53.9598,85420,2021-06-07 04:00:00
693,53.97,54.13,15329693,54.39,53.89,54.1925,81669,2021-06-08 04:00:00
694,54.18,54.02,14861230,54.42,53.935,54.1292,79992,2021-06-09 04:00:00
695,54.43,55.03,22183543,55.08,54.27,54.8563,108342,2021-06-10 04:00:00
696,55.19,54.77,17134047,55.35,54.54,54.8383,87813,2021-06-11 04:00:00
697,54.39,54.17,15131359,54.5278,53.525,53.9723,93763,2021-06-14 04:00:00
698,54.23,53.79,12542570,54.32,53.73,53.8912,75682,2021-06-15 04:00:00
699,53.85,53.47,15477901,53.92,53.13,53.6053,95607,2021-06-16 04:00:00
700,53.41,53.13,18288396,53.545,53.01,53.22,111343,2021-06-17 04:00:00
701,52.805,52.07,35758257,52.84,51.88,52.2354,128683,2021-06-18 04:00:00
702,52.365,53.18,17682231,53.41,52.29,53.0211,101347,2021-06-21 04:00:00
703,53.3,53.26,16427678,53.36,52.81,53.1425,96716,2021-06-22 04:00:00
704,53.27,52.76,14749810,53.29,52.59,52.8546,90346,2021-06-23 04:00:00
705,52.94,52.78,13891785,53.05,52.61,52.7881,73492,2021-06-24 04:00:00
706,52.77,53.06,16682662,53.195,52.6466,53.0311,75414,2021-06-25 04:00:00
707,53.16,52.96,14008655,53.29,52.92,53.0304,70528,2021-06-28 04:00:00
708,52.89,52.91,10776112,53.1877,52.77,52.9224,65207,2021-06-29 04:00:00
709,52.95,53,15826635,53.07,52.62,52.915,83120,2021-06-30 04:00:00
710,53.05,53.44,15074802,53.6,53,53.421,87337,2021-07-01 04:00:00
711,53.19,53.54,14923513,53.62,52.835,53.358,85242,2021-07-02 04:00:00
712,53.2159,52.98,19394469,53.36,52.34,52.8638,88275,2021-07-06 04:00:00
713,53.07,53.26,14411561,53.3,52.67,53.0903,80068,2021-07-07 04:00:00
714,53.16,53.26,15691808,53.72,52.91,53.221,87341,2021-07-08 04:00:00
715,53.36,53.74,14655098,53.93,53.29,53.7179,80863,2021-07-09 04:00:00
716,54.04,53.23,14000837,54.04,53.13,53.3603,79401,2021-07-12 04:00:00
717,53.34,53.32,9927531,53.58,53.2,53.3414,62298,2021-07-13 04:00:00
718,53.5,54.09,17113677,54.2,53.34,53.9176,85017,2021-07-14 04:00:00
719,53.84,53.65,14952369,53.87,53.24,53.56,88483,2021-07-15 04:00:00
720,53.88,53.7,14144924,54.4092,53.65,53.8418,75297,2021-07-16 04:00:00
721,53.67,53.06,19925276,53.695,52.73,53.0617,109020,2021-07-19 04:00:00
722,53.28,53.58,17250163,53.93,53.19,53.6638,92488,2021-07-20 04:00:00
723,53.82,53.88,14068607,53.9,53.42,53.7563,77776,2021-07-21 04:00:00
724,53.905,54.54,15729796,54.55,53.78,54.2944,82916,2021-07-22 04:00:00
725,54.89,55.23,13042474,55.34,54.51,55.1226,76752,2021-07-23 04:00:00
726,55.1315,55.47,10097443,55.65,55.1315,55.421,67547,2021-07-26 04:00:00
727,55.38,55.28,14725182,55.41,54.79,55.1504,86561,2021-07-27 04:00:00
728,55.46,54.77,18835703,55.52,54.41,54.7693,96438,2021-07-28 04:00:00
729,55,55.07,10680230,55.35,54.9,55.113,69461,2021-07-29 04:00:00
730,55.08,55.37,13438791,55.49,55.01,55.3411,74369,2021-07-30 04:00:00
731,55.5972,55.45,12468820,55.94,55.26,55.5606,78937,2021-08-02 04:00:00
732,55.535,56.25,17357425,56.415,55.27,56.0382,93482,2021-08-03 04:00:00
733,56.37,55.69,11662395,56.37,55.47,55.7193,79240,2021-08-04 04:00:00
734,55.52,55.76,10785166,55.98,55.5,55.79,66447,2021-08-05 04:00:00
735,55.47,55.59,18386118,55.95,55.15,55.6304,94873,2021-08-06 04:00:00
736,55.82,55.47,8707363,56.07,55.4,55.5478,50988,2021-08-09 04:00:00
737,55.5003,55.61,10441902,55.67,55.25,55.5005,64588,2021-08-10 04:00:00
738,55.89,55.86,12604661,56.01,55.6,55.8392,77430,2021-08-11 04:00:00
739,55.85,56.39,11214978,56.45,55.66,56.1745,72405,2021-08-12 04:00:00
740,56.39,56.47,10641712,56.62,56.26,56.412,71548,2021-08-13 04:00:00
741,56.3,56.28,14408717,56.43,55.93,56.208,91611,2021-08-16 04:00:00
742,55.87,56.01,11897541,56.02,55.625,55.8729,85059,2021-08-17 04:00:00
743,55.79,55.15,17111660,56.135,55.025,55.3885,114642,2021-08-18 04:00:00
744,54.76,57.27,39881554,57.49,54.59,56.6054,237708,2021-08-19 04:00:00
745,57.2537,58.22,21876451,58.335,56.85,57.9248,137285,2021-08-20 04:00:00
746,57.85,58.54,16225367,58.7,57.7435,58.5015,105147,2021-08-23 04:00:00
747,58.49,59.32,17658268,59.43,58.43,59.0909,108338,2021-08-24 04:00:00
748,59.54,59.35,18069603,60.27,59.17,59.7223,114480,2021-08-25 04:00:00
749,59.42,59.2,13729432,59.63,58.985,59.2308,93889,2021-08-26 04:00:00
750,59.265,59.02,14795234,59.35,58.86,59.1432,94521,2021-08-27 04:00:00
751,58.98,59.13,11690606,59.22,58.8,59.0442,77025,2021-08-30 04:00:00
752,59.11,59.02,19873915,59.175,58.58,58.9081,94059,2021-08-31 04:00:00
753,59.02,59.04,11629950,59.14,58.66,58.9604,85601,2021-09-01 04:00:00
754,59.35,59.53,12857568,59.72,59.06,59.3419,93226,2021-09-02 04:00:00
755,59.33,59.42,9735954,59.6592,59.28,59.4772,67622,2021-09-03 04:00:00
756,59.235,58.88,15733888,59.365,58.75,58.9369,84852,2021-09-07 04:00:00
757,58.55,58.68,13124542,58.93,58.49,58.6717,91504,2021-09-08 04:00:00
758,58.45,58.6,14958801,58.94,58.25,58.6153,97364,2021-09-09 04:00:00
759,58.75,57.89,13622076,58.95,57.82,58.1399,100107,2021-09-10 04:00:00
760,58.16,58.1,13957442,58.53,57.725,58.0564,107284,2021-09-13 04:00:00
761,58.24,57.87,13188275,58.47,57.66,57.8884,93325,2021-09-14 04:00:00
762,57.78,57.56,38494174,59.6,57.06,57.9614,277742,2021-09-15 04:00:00
763,58.3093,57.33,24029589,58.82,57.125,57.503,151618,2021-09-16 04:00:00
764,57.39,56.85,40262681,57.45,56.47,56.8621,136459,2021-09-17 04:00:00
765,56.38,55.89,21896975,56.4,55.29,55.8146,159729,2021-09-20 04:00:00
766,55.96,55.26,18655634,56.37,55.23,55.585,127982,2021-09-21 04:00:00
767,55.7621,55.52,17940644,56.13,55.37,55.6192,126069,2021-09-22 04:00:00
768,55.6992,56.69,16262483,56.895,55.6,56.5922,104056,2021-09-23 04:00:00
769,56.4468,56.73,13113449,56.81,56.22,56.6809,80019,2021-09-24 04:00:00
770,56.46,56.22,13859542,56.67,56.05,56.3204,90399,2021-09-27 04:00:00
771,55.7841,55.52,17803201,55.985,55.41,55.625,121096,2021-09-28 04:00:00
772,55.615,55.48,14051718,55.98,55.34,55.5623,100563,2021-09-29 04:00:00
773,55.8,54.43,19111516,55.9,54.41,54.7961,125193,2021-09-30 04:00:00
774,54.6,55.14,18338041,55.41,54.04,54.8947,127771,2021-10-01 04:00:00
775,54.5,54.23,16939070,54.68,53.95,54.227,126467,2021-10-04 04:00:00
776,54.13,54.69,14135038,55.025,54.13,54.7363,89284,2021-10-05 04:00:00
777,54.345,53.94,26339162,54.38,52.98,53.6268,164958,2021-10-06 04:00:00
778,54.493,55.02,14725494,55.41,54.35,55.0569,109615,2021-10-07 04:00:00
779,55.2,55.08,9495790,55.3,54.75,55.0471,71769,2021-10-08 04:00:00
780,55.25,54.93,8117578,55.3801,54.9,55.0997,66231,2021-10-11 04:00:00
781,54.99,54.28,14241870,55.06,54.07,54.3493,102775,2021-10-12 04:00:00
782,54.32,54.62,13739168,54.75,54.08,54.5278,87285,2021-10-13 04:00:00
783,55.09,55.65,14456308,55.85,54.98,55.5823,85933,2021-10-14 04:00:00
784,55.8876,55.25,15202187,55.8876,54.96,55.3458,89963,2021-10-15 04:00:00
785,55.04,55.19,10989551,55.49,54.57,55.1725,69500,2021-10-18 04:00:00
786,55.29,55.74,13258367,55.78,55.03,55.6115,79660,2021-10-19 04:00:00
787,55.8,56.2,11613612,56.23,55.8,56.1225,70910,2021-10-20 04:00:00
788,56.04,55.69,12619885,56.12,55.525,55.7008,74123,2021-10-21 04:00:00
789,55.55,55.11,15026632,55.86,54.94,55.2921,91868,2021-10-22 04:00:00
790,55.11,55.14,10218874,55.415,54.81,55.1519,67296,2021-10-25 04:00:00
791,55.56,55.81,15249972,56.3494,55.4,55.9894,92033,2021-10-26 04:00:00
792,56.13,56.18,16278988,56.72,55.925,56.2809,105862,2021-10-27 04:00:00
793,56.23,56.24,11209173,56.685,55.89,56.2612,80132,2021-10-28 04:00:00
794,56.315,55.97,13550598,56.58,55.86,56.0747,76225,2021-10-29 04:00:00
795,55.8691,56.1,14341376,56.25,55.5,55.9187,87816,2021-11-01 04:00:00
796,56.37,57.62,22097851,57.87,56.28,57.4511,139751,2021-11-02 04:00:00
797,57.58,57.65,13219383,57.93,57.12,57.5343,92810,2021-11-03 04:00:00
798,57.6,57.12,18070422,57.69,56.555,57.0487,109742,2021-11-04 04:00:00
799,57.3762,57.07,15637915,57.8,56.93,57.2069,105392,2021-11-05 04:00:00
800,57.1,57,15045275,57.52,56.59,56.9435,85749,2021-11-08 05:00:00
801,57.07,57.44,14459822,57.6299,56.9,57.4012,97241,2021-11-09 05:00:00
802,57.9,57.77,17868614,58.625,57.685,58.0859,129947,2021-11-10 05:00:00
803,57.57,56.76,17434744,57.77,56.69,56.9453,109167,2021-11-11 05:00:00
804,56.97,56.82,16663563,57.15,56.31,56.8213,102425,2021-11-12 05:00:00
805,56.9287,57.27,19041763,57.7,56.83,57.205,119964,2021-11-15 05:00:00
806,57.24,57,21136858,58.08,56.925,57.2188,101595,2021-11-16 05:00:00
807,56.61,56.76,31496259,57.14,56.27,56.4008,177292,2021-11-17 05:00:00
808,52.73,53.63,70843010,53.93,51.08,52.4866,406065,2021-11-18 05:00:00
809,53.545,53.25,30030780,53.69,52.78,53.1386,166557,2021-11-19 05:00:00
810,53.35,54.6,39952475,55.53,53.3,54.7949,228391,2021-11-22 05:00:00
811,54.61,55.3,25653544,55.58,54.47,55.1824,160830,2021-11-23 05:00:00
812,55.15,55.54,19328705,55.7468,55.15,55.4747,115211,2021-11-24 05:00:00
813,54.46,54.67,16730277,55.19,54.46,54.8058,108925,2021-11-26 05:00:00
814,55.14,55.76,25724505,56.19,54.83,55.6929,150299,2021-11-29 05:00:00
815,55.58,54.84,45141286,55.6,54.15,54.8685,171381,2021-11-30 05:00:00
816,55.53,55.03,24126176,56.38,54.93,55.5946,167576,2021-12-01 05:00:00
817,55.15,56.15,22384721,56.6099,55.08,56.147,150606,2021-12-02 05:00:00
818,56.2965,56.23,26235369,56.82,55.665,56.2231,156307,2021-12-03 05:00:00
819,56.7,56.96,23172844,57.17,56.465,56.8903,141220,2021-12-06 05:00:00
820,57.1,58.08,24254772,58.215,57.01,57.9229,130967,2021-12-07 05:00:00
821,58.075,57.02,23631258,58.13,56.63,57.1811,138012,2021-12-08 05:00:00
822,57.195,57.55,16480245,57.8301,56.93,57.513,109334,2021-12-09 05:00:00
823,57.91,59.25,19901484,59.34,57.908,59.0086,128671,2021-12-10 05:00:00
824,59.1,58.61,18496305,59.51,58.54,58.8015,109883,2021-12-13 05:00:00
825,58.34,57.77,19114189,58.525,57.37,57.7832,122275,2021-12-14 05:00:00
826,57.9213,59.93,27953908,60.03,57.9,59.3353,188680,2021-12-15 05:00:00
827,60.05,60.31,24599323,60.76,59.87,60.3686,164081,2021-12-16 05:00:00
828,60.27,60.46,62333271,60.795,59.785,60.3545,189318,2021-12-17 05:00:00
829,59.67,60.36,21342148,60.41,59.3,60.0211,143320,2021-12-20 05:00:00
830,60.44,61.03,20761103,61.2377,60,60.7948,125016,2021-12-21 05:00:00
831,60.97,61.53,17095453,61.595,60.615,61.3297,96300,2021-12-22 05:00:00
832,61.79,62.28,17771398,62.895,61.79,62.3774,102401,2021-12-23 05:00:00
833,62.41,63.42,14780510,63.47,62.28,63.2646,94347,2021-12-27 05:00:00
834,63.42,63.53,12871662,63.84,63.23,63.4881,85190,2021-12-28 05:00:00
835,63.65,63.96,14997944,64.285,63.55,63.9547,84586,2021-12-29 05:00:00
836,64.04,63.62,9076698,64.14,63.47,63.6966,65792,2021-12-30 05:00:00
837,63.545,63.37,10359098,63.819,63.32,63.4788,64340,2021-12-31 05:00:00
838,62.9,63.16,17189201,63.35,62.5,62.9875,122109,2022-01-03 05:00:00
839,62.44,61.25,29682496,62.81,61.11,61.7365,187819,2022-01-04 05:00:00
840,61.19,60.28,30317894,61.64,60.25,60.7287,180288,2022-01-05 05:00:00
841,60,60.92,19616648,61.13,59.91,60.8058,144733,2022-01-06 05:00:00
842,60.87,61.13,20152411,61.5,60.67,61.1289,124061,2022-01-07 05:00:00
843,60.865,61.82,24715338,61.895,60.52,61.3144,156375,2022-01-10 05:00:00
844,61.595,62.37,22804164,62.43,61.44,62.0974,133789,2022-01-11 05:00:00
845,62.4,62.12,13405374,62.8175,61.9201,62.225,100079,2022-01-12 05:00:00
846,62.08,61.5,14871644,62.15,61.21,61.6406,106842,2022-01-13 05:00:00
847,61.4722,61.36,18832053,61.5,60.94,61.3277,121362,2022-01-14 05:00:00
848,59.98,59.73,26550047,60.22,59.49,59.745,152991,2022-01-18 05:00:00
849,57.995,58.9,24333873,59.49,57.78,58.9708,167498,2022-01-19 05:00:00
850,58.99,58.08,17726476,59.34,58.02,58.5195,123258,2022-01-20 05:00:00
851,58.07,56.68,25843972,58.34,56.61,57.1812,183596,2022-01-21 05:00:00
852,56.16,56.9,34191535,57,54.87,56.2163,239012,2022-01-24 05:00:00
853,56.09,56.11,25156433,56.6851,55.07,55.9777,178176,2022-01-25 05:00:00
854,56.11,55.33,28632685,56.45,54.855,55.6788,199569,2022-01-26 05:00:00
855,55.51,54.62,25967391,56.53,54.4,55.1185,184724,2022-01-27 05:00:00
856,54.5,55.61,30909080,55.66,53.445,54.7472,181712,2022-01-28 05:00:00
857,55.43,55.67,29925295,55.86,54.87,55.5869,159646,2022-01-31 05:00:00
858,55.45,55.37,22438472,55.5,54.735,55.2505,140727,2022-02-01 05:00:00
859,55.225,56.17,23316715,56.315,55.17,55.8269,137826,2022-02-02 05:00:00
860,55.87,55.2,19260467,56.15,55.06,55.441,121497,2022-02-03 05:00:00
861,54.8935,55.15,19625873,55.62,54.39,55.1225,131660,2022-02-04 05:00:00
862,55.33,55.17,14450184,55.53,54.695,55.1934,91580,2022-02-07 05:00:00
863,55.06,55.34,15219936,55.49,54.71,55.1961,100285,2022-02-08 05:00:00
864,55.82,56.29,19136723,56.38,55.4826,56.1395,114694,2022-02-09 05:00:00
865,55.24,54.87,19730640,56.025,54.74,55.1974,131258,2022-02-10 05:00:00
866,54.87,53.9,20132500,55.09,53.77,54.293,137256,2022-02-11 05:00:00
867,53.41,53.18,21868416,53.65,52.7,53.1833,152649,2022-02-14 05:00:00
868,53.7159,54.27,17680362,54.3,53.64,54.0838,116453,2022-02-15 05:00:00
869,54.13,54.25,20388673,54.44,53.385,54.2355,162565,2022-02-16 05:00:00
870,55.5,55.77,32860732,57.06,55.4,56.1685,214447,2022-02-17 05:00:00
871,55.46,57.21,35626154,57.69,55.38,56.8745,211571,2022-02-18 05:00:00
872,56.93,56.3,25188344,57.14,55.735,56.403,175326,2022-02-22 05:00:00
873,56.61,54.44,22033657,56.99,54.37,55.174,162765,2022-02-23 05:00:00
874,54.07,54.73,27739339,54.83,53.21,54.0409,214439,2022-02-24 05:00:00
875,54.98,56.04,18963683,56.22,54.49,55.7847,141809,2022-02-25 05:00:00
876,55.41,55.77,23868699,56,54.75,55.5533,135898,2022-02-28 05:00:00
877,55.53,54.62,17799613,55.85,54.26,54.791,136678,2022-03-01 05:00:00
878,54.77,56.15,18660045,56.38,54.71,55.9525,144973,2022-03-02 05:00:00
879,56.74,56.07,16794589,57,55.835,56.2193,130802,2022-03-03 05:00:00
880,55.67,56.51,16731553,56.895,55.25,56.2343,138908,2022-03-04 05:00:00
881,56.31,55.59,21350920,56.44,55.52,55.8119,159508,2022-03-07 05:00:00
882,55.7,54.4,23642377,55.86,54.0701,54.8166,190197,2022-03-08 05:00:00
883,55.64,55.92,19150856,56.245,55.25,55.738,137031,2022-03-09 05:00:00
884,54.4,54.71,18550934,55.16,53.97,54.6294,127908,2022-03-10 05:00:00
885,55.29,54.69,20330307,56.21,54.6,55.0892,125702,2022-03-11 05:00:00
886,54.73,54.3,17977522,55.4,53.995,54.4723,126835,2022-03-14 04:00:00
887,54.42,55.6,18829100,55.725,54.42,55.2302,134193,2022-03-15 04:00:00
888,55.93,55.81,21821806,56,54.6,55.5542,167626,2022-03-16 04:00:00
889,55.49,56.17,18830686,56.3,55.35,55.9893,119929,2022-03-17 04:00:00
890,56.03,55.97,51807230,56.42,55.54,55.9785,179880,2022-03-18 04:00:00
891,56.06,56,28924578,56.545,55.52,55.9748,133056,2022-03-21 04:00:00
892,56.36,56.17,29212852,56.72,56.09,56.2087,118892,2022-03-22 04:00:00
893,55.9,54.48,19742131,56.09,54.45,54.8238,118726,2022-03-23 04:00:00
894,54.67,54.5,20551509,54.69,53.68,54.2305,128700,2022-03-24 04:00:00
895,54.605,54.97,18092381,55.18,54.395,54.798,113346,2022-03-25 04:00:00
896,54.8,55.14,17164623,55.16,54.42,54.9346,98052,2022-03-28 04:00:00
897,55.67,55.67,20036473,56.3138,55.04,55.5072,130903,2022-03-29 04:00:00
898,55.75,56.05,16125420,56.94,55.59,56.1427,108708,2022-03-30 04:00:00
899,56.04,55.76,27587690,56.88,55.72,56.1115,133004,2022-03-31 04:00:00
900,56.17,55.66,17465147,56.19,54.885,55.4678,123802,2022-04-01 04:00:00
901,55.46,55.87,19645622,56.12,54.99,55.7358,107260,2022-04-04 04:00:00
902,55.2,54.92,16063610,55.59,54.665,55.0368,108209,2022-04-05 04:00:00
903,54.69,54.37,19644092,54.76,53.8432,54.3499,133136,2022-04-06 04:00:00
904,54.43,54.63,15738986,54.85,53.735,54.341,112897,2022-04-07 04:00:00
905,54.84,54.28,18148381,54.91,54.01,54.4663,105148,2022-04-08 04:00:00
906,53.92,52.88,20992057,53.95,52.785,53.1442,149604,2022-04-11 04:00:00
907,51.7,51.82,25254235,52.9501,51.48,52.0652,175095,2022-04-12 04:00:00
908,51.84,52.15,17004593,52.36,51.405,51.911,126470,2022-04-13 04:00:00
909,52.08,51.17,18024830,52.38,51.1207,51.4788,114074,2022-04-14 04:00:00
910,50.88,51.11,13990703,51.56,50.8,51.1832,106613,2022-04-18 04:00:00
911,51,51.83,15490875,51.935,50.92,51.6349,96437,2022-04-19 04:00:00
912,52.22,53.02,19526243,53.67,52.15,53.0801,135166,2022-04-20 04:00:00
913,53.34,52.78,17147255,53.83,52.73,53.2168,116680,2022-04-21 04:00:00
914,52.92,51.36,17692980,52.96,51.29,51.7611,125038,2022-04-22 04:00:00
915,51.45,51.94,18677038,51.98,50.54,51.3555,136080,2022-04-25 04:00:00
916,51.875,50.9,19238344,51.94,50.87,51.2097,133070,2022-04-26 04:00:00
917,50.91,49.31,33668555,51.11,49.245,49.7646,235352,2022-04-27 04:00:00
918,49.53,50.63,20170660,50.78,49.205,50.2051,151626,2022-04-28 04:00:00
919,50.51,48.98,20281439,50.64,48.87,49.4437,139957,2022-04-29 04:00:00
920,49.34,49.86,22499245,49.9144,48.93,49.5172,172136,2022-05-02 04:00:00
921,49.77,49.92,15828221,50.36,49.53,49.97,127527,2022-05-03 04:00:00
922,50.03,51.58,23942297,51.655,49.67,50.8275,154750,2022-05-04 04:00:00
923,51.15,49.61,24846479,51.21,49.155,49.8136,179371,2022-05-05 04:00:00
924,49.15,49.33,21743857,49.835,48.85,49.2637,163768,2022-05-06 04:00:00
925,49,48.96,22421198,49.42,48.67,49.0264,184407,2022-05-09 04:00:00
926,49.705,49.55,21741122,50.235,49.15,49.6163,168651,2022-05-10 04:00:00
927,49.09,48.65,23872138,49.64,48.575,48.9588,180245,2022-05-11 04:00:00
928,48.63,48.29,25950955,48.78,47.47,48.1428,195673,2022-05-12 04:00:00
929,48.71,49.56,18954482,49.63,48.53,49.2973,125031,2022-05-13 04:00:00
930,49.66,49,20254526,49.66,48.88,49.2268,132515,2022-05-16 04:00:00
931,49.68,50.6,18780579,50.72,49.51,50.3944,136095,2022-05-17 04:00:00
932,50.47,48.36,40672704,50.47,48.21,47.1201,269719,2022-05-18 04:00:00
933,43.055,41.72,97674605,43.93,41.02,41.9579,581039,2022-05-19 04:00:00
934,41.86,42.94,46148684,43,41.52,42.3074,301295,2022-05-20 04:00:00
935,43.34,43.35,27366597,43.82,42.94,43.3894,170384,2022-05-23 04:00:00
936,43.4,43.77,29823852,44.06,42.499,43.3293,192672,2022-05-24 04:00:00
937,43.75,44,25504571,44.42,43.19,43.8651,162361,2022-05-25 04:00:00
938,44.05,44.99,28294660,45.5256,44.05,45.1012,179704,2022-05-26 04:00:00
939,45.12,45.62,23882056,45.64,44.95,45.4207,130834,2022-05-27 04:00:00
940,45.27,45.05,64821191,45.605,44.735,45.0856,171557,2022-05-31 04:00:00
941,45.55,45.23,20665971,45.8,44.765,45.2105,158090,2022-06-01 04:00:00
942,45.18,45.79,20546752,45.8,44.895,45.4413,141356,2022-06-02 04:00:00
943,45.55,45.25,17946966,45.74,45.12,45.3752,113494,2022-06-03 04:00:00
944,45.603,45.33,12641918,46.09,45.125,45.491,98243,2022-06-06 04:00:00
945,44.82,45.57,14667229,45.65,44.715,45.4208,91853,2022-06-07 04:00:00
946,45.45,44.92,16263801,45.63,44.88,45.1277,95357,2022-06-08 04:00:00
947,44.83,44.26,18417690,45.27,44.24,44.7003,109233,2022-06-09 04:00:00
948,43.8,43.49,20267053,43.99,43.29,43.603,138120,2022-06-10 04:00:00
949,43.06,43.24,29050816,43.84,42.89,43.3287,191330,2022-06-13 04:00:00
950,43.63,42.91,22499137,43.7,42.57,43.0532,160707,2022-06-14 04:00:00
951,43.37,43.8,22525083,44.425,43.0999,43.737,165800,2022-06-15 04:00:00
952,42.81,43.32,27049015,43.4099,42.81,43.1532,175281,2022-06-16 04:00:00
953,43.36,43.39,59678621,44.0001,43.24,43.4498,173886,2022-06-17 04:00:00
954,43.805,44.14,23277880,44.28,43.7,44.0704,129126,2022-06-21 04:00:00
955,43.47,43.57,19942288,44.115,43.17,43.7121,131786,2022-06-22 04:00:00
956,43.41,42.93,33801716,43.46,42.715,43.0183,182367,2022-06-23 04:00:00
957,43.44,44.1,30543781,44.215,43.24,44.0245,150425,2022-06-24 04:00:00
958,44.29,43.77,22755296,44.29,43.625,43.8811,110360,2022-06-27 04:00:00
959,43.91,43.06,20094262,44.4713,42.99,43.3994,102645,2022-06-28 04:00:00
960,43.14,42.88,13450785,43.26,42.6938,42.9031,93528,2022-06-29 04:00:00
961,42.37,42.64,24947921,43.14,42.19,42.6191,133479,2022-06-30 04:00:00
962,42.52,42.6,24338545,42.7,41.57,42.2641,152400,2022-07-01 04:00:00
963,41.52,41.96,24448142,41.97,40.82,41.5189,150633,2022-07-05 04:00:00
964,42.12,42.69,17250440,42.93,42.01,42.5513,116001,2022-07-06 04:00:00
965,42.88,43.22,22316703,43.36,42.79,43.1829,108975,2022-07-07 04:00:00
966,43.03,43.39,11816977,43.605,42.94,43.3291,78470,2022-07-08 04:00:00
967,43.34,43.25,15279568,43.68,43.07,43.3056,94727,2022-07-11 04:00:00
968,43.58,42.86,17385309,43.83,42.66,43.195,103885,2022-07-12 04:00:00
969,41.854,42.7,16854195,43.05,41.8,42.6092,110686,2022-07-13 04:00:00
970,41.79,42.33,17336231,42.47,41.35,41.989,123247,2022-07-14 04:00:00
971,42.5,43.07,19897839,43.13,42.5,42.8864,100418,2022-07-15 04:00:00
972,43.3,42.6,16743800,43.32,42.405,42.8426,99107,2022-07-18 04:00:00
973,42.82,44.03,22861380,44.09,42.65,43.8176,124179,2022-07-19 04:00:00
974,44.08,44.13,15599217,44.315,43.66,44.057,96661,2022-07-20 04:00:00
975,44.29,44.58,15364579,44.69,44.07,44.4392,85738,2022-07-21 04:00:00
976,44.78,44.46,14854639,44.92,44.25,44.5258,85022,2022-07-22 04:00:00
977,44.66,44.34,12954742,44.66,44.11,44.3617,77580,2022-07-25 04:00:00
978,44.37,43.83,19513029,44.54,43.75,44.0335,112429,2022-07-26 04:00:00
979,44.19,44.64,22348959,44.79,43.83,44.3387,132135,2022-07-27 04:00:00
980,44.88,45.62,17576191,45.865,44.71,45.4967,103196,2022-07-28 04:00:00
981,45.11,45.37,23701677,45.49,44.83,45.2271,120796,2022-07-29 04:00:00
982,45.06,45.28,14153363,45.427,44.76,45.2296,93432,2022-08-01 04:00:00
983,45.52,44.92,15005410,45.7,44.9019,45.1913,105982,2022-08-02 04:00:00
984,44.9,45.71,14943774,45.82,44.79,45.5041,91652,2022-08-03 04:00:00
985,45.9,45.38,15249317,45.93,45.005,45.3673,91056,2022-08-04 04:00:00
986,44.91,45.01,19533918,45.07,44.54,44.8894,112017,2022-08-05 04:00:00
987,45.49,45.02,15466668,45.52,44.855,45.0598,84144,2022-08-08 04:00:00
988,45.15,44.92,12826332,45.18,44.7249,44.9201,82030,2022-08-09 04:00:00
989,45.71,46.02,18935426,46.06,45.43,45.9123,111117,2022-08-10 04:00:00
990,46.11,45.9,15849321,46.425,45.77,46.0217,96331,2022-08-11 04:00:00
991,46.09,46.61,16967587,46.61,45.97,46.4441,96665,2022-08-12 04:00:00
992,46.39,46.59,15456070,46.62,46.025,46.3863,100863,2022-08-15 04:00:00
993,46.57,46.77,21113886,47.01,46.4401,46.7618,120926,2022-08-16 04:00:00
994,46.36,46.66,27975611,47.1,46.225,46.8772,185791,2022-08-17 04:00:00
995,49.795,49.37,39999935,50,49.11,49.5151,234488,2022-08-18 04:00:00
996,49.01,48.7,23130410,49.46,48.535,48.8267,130441,2022-08-19 04:00:00
997,48.47,47.71,20534051,48.5,47.515,47.8118,108909,2022-08-22 04:00:00
998,47.59,47.41,13570110,48.04,47.39,47.6055,97782,2022-08-23 04:00:00
999,47.09,47.07,14946488,47.405,46.87,47.1289,99479,2022-08-24 04:00:00
1000,47.25,47.27,23039278,47.43,46.84,47.1777,106638,2022-08-25 04:00:00
1001,47.08,45.89,19949829,47.27,45.88,46.1951,120195,2022-08-26 04:00:00
1002,45.72,45.71,13195741,46,45.49,45.7601,97014,2022-08-29 04:00:00
1003,45.75,45.24,14279071,45.87,44.9608,45.291,102442,2022-08-30 04:00:00
1004,45.78,44.72,23006140,45.83,44.585,44.8649,112354,2022-08-31 04:00:00
1005,44.57,45.29,16236428,45.34,44.4,44.9815,121046,2022-09-01 04:00:00
1006,45.71,44.59,14720949,45.92,44.275,44.961,101378,2022-09-02 04:00:00
1007,44.66,44.47,14366065,44.787,43.98,44.4618,111305,2022-09-06 04:00:00
1008,44.75,45.02,18297407,45.165,44.35,44.9073,100738,2022-09-07 04:00:00
1009,44.76,45.37,14231500,45.47,44.62,45.0934,83559,2022-09-08 04:00:00
1010,45.66,45.77,15499423,45.89,45.395,45.7421,92435,2022-09-09 04:00:00
1011,46.11,46.4,17923005,46.73,45.97,46.3905,88879,2022-09-12 04:00:00
1012,45.72,44.11,23028647,45.91,44.02,44.4693,139566,2022-09-13 04:00:00
1013,44.04,43.96,27551508,44.27,43.5604,43.9836,103653,2022-09-14 04:00:00
1014,43.81,43.29,18148604,43.87,43.09,43.4461,113232,2022-09-15 04:00:00
1015,43.11,43.3,32696096,43.58,42.785,43.1948,118216,2022-09-16 04:00:00
1016,42.895,43.3,13667537,43.44,42.76,43.1583,89229,2022-09-19 04:00:00
1017,43.01,42.58,16813923,43.02,42.2625,42.5535,109968,2022-09-20 04:00:00
1018,42.32,41.59,21415876,42.865,41.57,42.1756,151633,2022-09-21 04:00:00
1019,41.34,41.15,16634990,41.55,41.14,41.2951,120292,2022-09-22 04:00:00
1020,41.25,40.66,19067689,41.25,40.12,40.6359,136997,2022-09-23 04:00:00
1021,40.66,40.58,22694823,41.19,40.37,40.6979,133842,2022-09-26 04:00:00
1022,41.14,40.52,15027873,41.46,40.225,40.6643,112782,2022-09-27 04:00:00
1023,40.85,41.34,23217706,41.57,40.592,41.1589,124483,2022-09-28 04:00:00
1024,41.05,40.57,19496426,41.1,40.15,40.4938,127821,2022-09-29 04:00:00
1025,40.66,40,27989869,41.04,39.96,40.3814,125492,2022-09-30 04:00:00
1026,40.67,41.29,22138577,41.53,40.47,41.2021,129788,2022-10-03 04:00:00
1027,41.56,41.82,22889355,42.035,41.39,41.7576,116669,2022-10-04 04:00:00
1028,41.585,41.99,14289744,42.25,41.4,41.8858,95294,2022-10-05 04:00:00
1029,41.65,41.52,18198825,42.09,41.37,41.6354,110659,2022-10-06 04:00:00
1030,41.25,40.27,19055395,41.25,40.0809,40.4435,102581,2022-10-07 04:00:00
1031,40.625,39.89,16628441,40.805,39.6,40.0107,100131,2022-10-10 04:00:00
1032,39.81,39.58,19386431,40.11,39.27,39.6963,125758,2022-10-11 04:00:00
1033,39.7,39.27,17279923,39.86,39.25,39.4771,109529,2022-10-12 04:00:00
1034,39.03,40.61,26328346,40.8,38.605,40.1622,176492,2022-10-13 04:00:00
1035,40.84,40.2,19572198,40.96,39.92,40.2336,130394,2022-10-14 04:00:00
1036,41.04,41.3,27845187,41.525,40.95,41.2654,137186,2022-10-17 04:00:00
1037,41.92,41.79,18223318,42.22,41.26,41.7666,130388,2022-10-18 04:00:00
1038,41.63,41.88,19071943,42.235,41.47,41.8691,102515,2022-10-19 04:00:00
1039,41.56,41.71,16830456,42.615,41.455,41.8916,116431,2022-10-20 04:00:00
1040,41.85,42.8,25035034,42.97,41.81,42.628,160436,2022-10-21 04:00:00
1041,43.115,43.54,18785257,43.73,42.9,43.4262,112450,2022-10-24 04:00:00
1042,43.34,44.36,19165167,44.4,43.2,44.1798,107157,2022-10-25 04:00:00
1043,44.93,44.38,20055302,45.23,44.28,44.5912,145216,2022-10-26 04:00:00
1044,44.77,44.42,18102450,45.085,44.36,44.5857,120972,2022-10-27 04:00:00
1045,44.69,45.64,17978327,45.71,44.65,45.4365,118030,2022-10-28 04:00:00
1046,45.305,45.43,17793744,45.64,45.055,45.4159,98179,2022-10-31 04:00:00
1047,45.58,45.46,12088885,45.79,45.06,45.4086,89440,2022-11-01 04:00:00
1048,45.47,44.57,15309364,46.21,44.55,45.1404,109118,2022-11-02 04:00:00
1049,44.03,43.85,17889662,44.15,43.39,43.8123,102015,2022-11-03 04:00:00
1050,44.5,44.52,19648749,45.08,43.8315,44.423,116992,2022-11-04 04:00:00
1051,44.832,44.55,21382988,44.98,44.405,44.5913,106969,2022-11-07 05:00:00
1052,44.69,44.61,17503078,45.35,44.18,44.7753,108597,2022-11-08 05:00:00
1053,44.51,43.91,19311650,44.72,43.89,44.0996,107888,2022-11-09 05:00:00
1054,45.7,45.66,27190062,45.81,44.645,45.3833,141783,2022-11-10 05:00:00
1055,45.18,44.79,25949105,45.32,43.92,44.5191,176969,2022-11-11 05:00:00
1056,44.832,44.74,21091267,45.44,44.68,44.9439,119150,2022-11-14 05:00:00
1057,45.04,44.9,19318030,45.24,44.445,44.9138,118716,2022-11-15 05:00:00
1058,44.94,44.39,24939624,44.98,44.301,44.654,159365,2022-11-16 05:00:00
1059,46.188,46.59,38887821,46.845,45.1601,46.2741,256997,2022-11-17 05:00:00
1060,46.91,47.79,30843249,48.04,46.86,47.6806,187136,2022-11-18 05:00:00
1061,47.61,47.62,16977535,48.29,47.56,47.7647,122890,2022-11-21 05:00:00
1062,48,48.38,16367811,48.42,47.76,48.2673,113178,2022-11-22 05:00:00
1063,48.4,48.57,12065557,48.99,48.32,48.637,86164,2022-11-23 05:00:00
1064,48.75,48.4,8492585,49.05,48.345,48.5599,45105,2022-11-25 05:00:00
1065,48.29,48.08,14978278,48.47,47.92,48.1272,86216,2022-11-28 05:00:00
1066,48.25,48.28,13779538,48.41,47.84,48.1871,93765,2022-11-29 05:00:00
1067,48.17,49.72,29919729,49.83,47.96,49.3439,135923,2022-11-30 05:00:00
1068,49.88,49.97,18559513,50.46,49.69,50.0362,138166,2022-12-01 05:00:00
1069,49.23,49.7,12298139,49.84,48.915,49.4609,105769,2022-12-02 05:00:00
1070,49.55,49.33,13795904,49.64,49.165,49.3894,90831,2022-12-05 05:00:00
1071,49.44,48.59,15443791,49.44,48.261,48.6247,110585,2022-12-06 05:00:00
1072,48.4,48.18,15171824,48.55,48.06,48.2332,91408,2022-12-07 05:00:00
1073,48.66,48.99,16015797,49.2,48.62,48.9276,130689,2022-12-08 05:00:00
1074,49.1,48.46,14303159,49.17,48.44,48.7225,94284,2022-12-09 05:00:00
1075,48.8,49.3,15425338,49.32,48.37,48.9759,96342,2022-12-12 05:00:00
1076,50.33,49.64,22705893,50.71,49.23,49.7739,167051,2022-12-13 05:00:00
1077,49.74,49.3,19050352,50.06,48.82,49.4898,140258,2022-12-14 05:00:00
1078,48.96,48.15,19373088,49.05,47.74,48.14,140291,2022-12-15 05:00:00
1079,47.41,47.81,66125394,48,47.08,47.7256,155743,2022-12-16 05:00:00
1080,47.66,47.4,17986272,47.96,47.14,47.4394,97587,2022-12-19 05:00:00
1081,47.41,47.37,15086163,47.56,46.79,47.3067,92011,2022-12-20 05:00:00
1082,47.69,47.66,15598986,47.96,47.42,47.7172,90479,2022-12-21 05:00:00
1083,47.49,47.32,23119117,47.49,46.685,47.2166,92230,2022-12-22 05:00:00
1084,47.25,47.48,9554363,47.49,47.01,47.3467,75401,2022-12-23 05:00:00
1085,47.67,47.53,12066167,47.71,47.215,47.5439,66215,2022-12-27 05:00:00
1086,47.69,47.07,9847362,47.77,46.98,47.2001,72358,2022-12-28 05:00:00
1087,47.26,47.5,11396466,47.74,47.26,47.5712,81276,2022-12-29 05:00:00
1088,47.27,47.64,13199817,47.67,46.95,47.4116,81486,2022-12-30 05:00:00
1089,47.86,47.94,17718894,48.05,47.31,47.7891,126654,2023-01-03 05:00:00
1090,48.28,47.55,18339805,48.48,47.17,47.7383,118122,2023-01-04 05:00:00
1091,47.49,46.88,17372063,47.49,46.76,46.9245,98614,2023-01-05 05:00:00
1092,47.46,48.32,20823079,48.585,47.275,48.178,113506,2023-01-06 05:00:00
1093,48.255,48.58,13937950,49.21,48.22,48.7134,101436,2023-01-09 05:00:00
1094,48.8,48.81,12474437,49.21,48.59,48.815,93402,2023-01-10 05:00:00
1095,48.83,49.21,12530861,49.23,48.7,49.0521,80814,2023-01-11 05:00:00
1096,49.21,49,14241689,49.43,48.85,49.0933,95072,2023-01-12 05:00:00
1097,48.56,48.88,12649385,49.02,48.42,48.7864,79574,2023-01-13 05:00:00
1098,48.92,48.08,19290752,48.94,47.95,48.254,115641,2023-01-17 05:00:00
1099,48.185,46.9,19882210,48.27,46.8903,47.2813,119500,2023-01-18 05:00:00
1100,46.95,46.46,19118552,47.05,46.39,46.5498,114254,2023-01-19 05:00:00
1101,46.06,46.78,21847201,46.83,45.67,46.4881,115998,2023-01-20 05:00:00
1102,46.895,47.5,15180548,47.87,46.81,47.47,105221,2023-01-23 05:00:00
1103,47.49,47.81,14872692,48.015,47.055,47.7504,96602,2023-01-24 05:00:00
1104,47.98,47.98,14638661,48.079,47.23,47.7694,104741,2023-01-25 05:00:00
1105,48.15,48.34,12952664,48.465,47.83,48.2627,98574,2023-01-26 05:00:00
1106,48.1,48.51,13414781,48.73,47.97,48.4616,81161,2023-01-27 05:00:00
1107,48.14,48.22,19166943,48.5,48.12,48.2553,91663,2023-01-30 05:00:00
1108,48.12,48.67,16821701,48.69,48.05,48.5004,78783,2023-01-31 05:00:00
1109,48.39,48.57,19639432,48.9,47.505,48.1862,143030,2023-02-01 05:00:00
1110,48.53,49.32,17883773,49.56,48.355,49.1703,122358,2023-02-02 05:00:00
1111,49.3,48.63,17979957,49.3,48.505,48.7655,112352,2023-02-03 05:00:00
1112,48.07,47.57,13796567,48.28,47.515,47.7705,95586,2023-02-06 05:00:00
1113,47.24,47.84,16675159,48.145,46.97,47.6043,125120,2023-02-07 05:00:00
1114,47.38,46.96,18905527,47.54,46.77,47.0748,131646,2023-02-08 05:00:00
1115,47.225,46.73,18598419,47.41,46.43,46.8733,116582,2023-02-09 05:00:00
1116,46.7,47.26,17397289,47.32,46.64,47.0797,111352,2023-02-10 05:00:00
1117,47.45,47.86,19422105,47.99,47.39,47.792,111060,2023-02-13 05:00:00
1118,47.78,47.7,19134354,48,47.18,47.678,109011,2023-02-14 05:00:00
1119,47.5,48.45,27273961,48.52,47.33,48.646,175512,2023-02-15 05:00:00
1120,49.99,50.99,48125253,51.74,49.8,51.0732,320288,2023-02-16 05:00:00
1121,51.325,50.77,25321406,51.44,50.6,50.8933,158328,2023-02-17 05:00:00
1122,50.71,49.69,25100478,50.76,49.62,49.8989,135016,2023-02-21 05:00:00
1123,49.85,49.31,20301885,49.85,48.89,49.3027,115256,2023-02-22 05:00:00
1124,49.535,49.21,14066190,49.68,48.55,49.0891,91727,2023-02-23 05:00:00
1125,48.805,48.48,17251578,48.9,48.165,48.4674,107855,2023-02-24 05:00:00
1126,48.95,48.73,14776418,49.335,48.55,48.7981,94179,2023-02-27 05:00:00
1127,48.81,48.42,16622431,48.93,48.38,48.5406,98617,2023-02-28 05:00:00
1128,48.44,48.34,13049316,48.59,48.02,48.3009,93512,2023-03-01 05:00:00
1129,48.32,48.53,18283178,48.63,48.12,48.4056,127323,2023-03-02 05:00:00
1130,48.99,49.28,15969867,49.36,48.815,49.1351,98662,2023-03-03 05:00:00
1131,49.455,49.42,13878360,49.81,49.24,49.4473,89595,2023-03-06 05:00:00
1132,49.57,48.91,17506589,49.755,48.63,48.9782,103826,2023-03-07 05:00:00
1133,49.02,49.11,12055541,49.27,48.74,49.0543,90529,2023-03-08 05:00:00
1134,49.3,48.81,12497686,49.69,48.705,49.1512,89912,2023-03-09 05:00:00
1135,48.89,48.56,16338205,49.17,48.3,48.6126,117257,2023-03-10 05:00:00
1136,48.53,48.41,20280766,48.88,48.12,48.4793,162313,2023-03-13 04:00:00
1137,48.68,49.05,17679559,49.255,48.505,48.9615,124336,2023-03-14 04:00:00
1138,48.37,49.06,17355073,49.11,48.37,48.8015,137875,2023-03-15 04:00:00
1139,48.68,50.12,21427586,50.29,48.51,49.8973,125593,2023-03-16 04:00:00
1140,50.26,50.19,47642678,50.55,49.735,50.1433,167547,2023-03-17 04:00:00
1141,50.22,50.94,22699745,51.04,50.01,50.7545,131641,2023-03-20 04:00:00
1142,51.205,50.67,23334044,51.33,50.33,50.6814,121467,2023-03-21 04:00:00
1143,50.74,49.46,21398100,50.75,49.42,50.0526,152641,2023-03-22 04:00:00
1144,49.56,49.73,17775356,50.25,49.405,49.849,123353,2023-03-23 04:00:00
1145,49.9,50.51,19439419,50.55,49.495,50.2158,138879,2023-03-24 04:00:00
1146,50.7,50.54,15857214,50.95,50.48,50.6156,86548,2023-03-27 04:00:00
1147,50.32,50.39,11124346,50.595,50.27,50.3898,83050,2023-03-28 04:00:00
1148,50.725,51.17,18463404,51.27,50.64,51.0122,95812,2023-03-29 04:00:00
1149,51.58,51.43,11754581,51.68,51.125,51.3841,83723,2023-03-30 04:00:00
1150,51.44,52.275,20588795,52.35,51.39,52.0635,106435,2023-03-31 04:00:00
1151,52.06,52.31,16884635,52.56,51.99,52.2939,101941,2023-04-03 04:00:00
1152,52.03,51.82,13599896,52.12,51.43,51.7868,98089,2023-04-04 04:00:00
1153,52.07,51.82,13797933,52.29,51.68,51.8914,112423,2023-04-05 04:00:00
1154,50.92,51.27,14749037,51.564,50.725,51.2255,113320,2023-04-06 04:00:00
1155,51.11,51.33,10177650,51.4,50.875,51.2522,81439,2023-04-10 04:00:00
1156,51.12,50.62,15957903,51.3,50.52,50.7365,115444,2023-04-11 04:00:00
1157,50.82,50.11,16100652,50.95,50.05,50.3396,123097,2023-04-12 04:00:00
1158,50.21,50.8,15451869,50.83,50.09,50.6329,107962,2023-04-13 04:00:00
1159,50.52,50.54,12360102,50.85,50.2,50.4711,92838,2023-04-14 04:00:00
1160,50.56,50.28,12042328,50.675,50.05,50.3392,86108,2023-04-17 04:00:00
1161,50.38,50.31,15203628,50.69,50.07,50.2856,97150,2023-04-18 04:00:00
1162,49.23,48.04,30466697,49.27,47.99,48.3551,190320,2023-04-19 04:00:00
1163,47.61,46.58,39769410,47.65,46.36,46.9125,222499,2023-04-20 04:00:00
1164,46.565,47.03,20861009,47.115,46.24,46.8206,136303,2023-04-21 04:00:00
1165,47.05,47.39,17359902,47.45,47,47.2715,100312,2023-04-24 04:00:00
1166,47.37,47.09,20281552,47.43,46.805,47.129,112327,2023-04-25 04:00:00
1167,46.76,46.54,22390493,46.85,46.425,46.6056,135700,2023-04-26 04:00:00
1168,46.78,46.56,22845421,46.8,45.97,46.3527,132637,2023-04-27 04:00:00
1169,46.685,47.25,19664960,47.26,46.61,47.0609,120173,2023-04-28 04:00:00
1170,47.2,47.34,13122321,47.52,47.125,47.3639,85064,2023-05-01 04:00:00
1171,46.905,46.36,20175127,47.08,46.06,46.4094,127995,2023-05-02 04:00:00
1172,46.42,45.96,20765706,46.55,45.86,46.1202,144070,2023-05-03 04:00:00
1173,45.77,45.7,17748930,45.93,45.555,45.7276,118377,2023-05-04 04:00:00
1174,46.12,46.25,14317403,46.36,45.92,46.1933,86370,2023-05-05 04:00:00
1175,46.44,46.34,12000025,46.52,46.09,46.2989,95505,2023-05-08 04:00:00
1176,45.98,46.47,15221927,46.515,45.92,46.357,98511,2023-05-09 04:00:00
1177,46.7,46.71,15625285,46.93,46.15,46.6606,88298,2023-05-10 04:00:00
1178,46.83,46.37,12522127,46.85,46.2,46.4226,86311,2023-05-11 04:00:00
1179,46.28,46.71,14097455,46.81,46.28,46.6392,102325,2023-05-12 04:00:00
1180,46.8,47.1,13204406,47.26,46.56,47.0105,88172,2023-05-15 04:00:00
1181,47.24,46.92,16500040,47.33,46.8,47.037,112712,2023-05-16 04:00:00
1182,47.15,47.63,29325954,47.76,47.0125,47.3261,172481,2023-05-17 04:00:00
1183,45.76,48.2,41475717,48.245,45.7,47.5873,254254,2023-05-18 04:00:00
1184,48.43,49.13,28564111,49.34,48.4,49.053,195196,2023-05-19 04:00:00
1185,49.11,48.82,18664522,49.229,48.77,48.9529,116047,2023-05-22 04:00:00
1186,48.61,48.91,17645878,49.35,48.6,48.9735,128789,2023-05-23 04:00:00
1187,48.95,48.41,15452947,49,48.174,48.4351,114743,2023-05-24 04:00:00
1188,47.77,49.03,21716990,49.23,47.72,48.7722,143523,2023-05-25 04:00:00
1189,49.11,49.86,19825593,50.09,49.11,49.879,126497,2023-05-26 04:00:00
1190,49.99,50.17,19074758,50.485,49.74,50.1461,137308,2023-05-30 04:00:00
1191,49.91,49.67,51990280,50.025,49.605,49.696,139569,2023-05-31 04:00:00
1192,49.76,49.74,17816965,50.085,49.2609,49.6805,113245,2023-06-01 04:00:00
1193,49.87,50.02,19155365,50.25,49.73,50.03,116006,2023-06-02 04:00:00
1194,50.22,50.21,13964138,50.58,50.04,50.3029,110102,2023-06-05 04:00:00
1195,49.79,49.81,16029602,49.91,49.14,49.6091,120587,2023-06-06 04:00:00
1196,49.7,49.78,15950610,50.14,49.65,49.8182,107449,2023-06-07 04:00:00
1197,49.92,49.68,13289076,50,49.57,49.7104,94942,2023-06-08 04:00:00
1198,49.532,49.66,12173944,49.97,49.365,49.6689,96730,2023-06-09 04:00:00
1199,49.915,50.48,15497668,50.51,49.67,50.2722,94519,2023-06-12 04:00:00
1200,50.685,50.8,24035528,50.94,50.45,50.7332,113672,2023-06-13 04:00:00
1201,50.8,50.96,16630747,51.22,50.63,50.9359,116264,2023-06-14 04:00:00
1202,50.905,51.93,22479240,52.07,50.83,51.6789,144077,2023-06-15 04:00:00
1203,52.2,52.07,37134415,52.405,51.93,52.1261,126634,2023-06-16 04:00:00
1204,51.94,51.55,20140397,52.08,51.47,51.6443,112399,2023-06-20 04:00:00
1205,51.38,50.85,16939642,51.4,50.82,51.0016,106252,2023-06-21 04:00:00
1206,50.65,51.12,14996304,51.14,50.4291,50.9106,113005,2023-06-22 04:00:00
1207,50.64,50.33,16544577,50.72,50.09,50.3517,92463,2023-06-23 04:00:00
1208,50.305,50.21,13032101,50.8,50.18,50.3955,82634,2023-06-26 04:00:00
1209,50.31,50.86,12980977,51.04,50.25,50.7896,84409,2023-06-27 04:00:00
1210,50.78,50.87,11387580,51.015,50.44,50.8055,80468,2023-06-28 04:00:00
1211,50.86,51.21,14246002,51.27,50.82,51.0798,79797,2023-06-29 04:00:00
1212,51.88,51.74,18185809,52.26,51.52,51.7546,110074,2023-06-30 04:00:00
1213,51.36,51.82,7338268,51.83,51.33,51.6579,57886,2023-07-03 04:00:00
1214,50.97,51.51,14952219,51.57,50.925,51.4169,111318,2023-07-05 04:00:00
1215,51.065,51.11,13933187,51.19,50.65,51.0231,94554,2023-07-06 04:00:00
1216,51,50.99,15580380,51.65,50.74,51.1758,107999,2023-07-07 04:00:00
1217,51.07,51.4,19046467,51.5,51.02,51.3138,136907,2023-07-10 04:00:00
1218,51.57,52.12,15002730,52.1475,51.54,51.9372,105956,2023-07-11 04:00:00
1219,51.56,50.74,26332531,51.93,50.5319,50.952,175754,2023-07-12 04:00:00
1220,50.69,51.53,17864784,51.62,50.65,51.3779,109837,2023-07-13 04:00:00
1221,50.42,50.38,19566594,50.97,50.055,50.3883,133337,2023-07-14 04:00:00
1222,50.2,50.81,16141050,50.95,50.14,50.7437,101070,2023-07-17 04:00:00
1223,50.98,51.24,16434158,51.37,50.8525,51.153,109527,2023-07-18 04:00:00
1224,52.21,52.43,21744956,52.44,51.7,52.2186,149104,2023-07-19 04:00:00
1225,52.06,52.37,22784427,52.87,51.915,52.4649,147902,2023-07-20 04:00:00
1226,52.745,52.63,51284800,52.995,52.525,52.6679,156656,2023-07-21 04:00:00
1227,52.69,53.11,18394424,53.31,52.67,53.0192,116730,2023-07-24 04:00:00
1228,53.19,53.6,16136560,53.76,53.11,53.5498,107977,2023-07-25 04:00:00
1229,53.54,53.22,13563650,53.65,52.96,53.1957,100217,2023-07-26 04:00:00
1230,53.6,53,15795505,53.885,52.855,53.3458,122856,2023-07-27 04:00:00
1231,52.062,52.09,27493037,52.42,51.77,52.0929,163706,2023-07-28 04:00:00
1232,51.84,52.04,14195973,52.18,51.74,52.0007,99486,2023-07-31 04:00:00
1233,52.57,52.66,15287771,52.78,52.305,52.6099,114358,2023-08-01 04:00:00
1234,52.38,52.58,17694350,53.11,52.32,52.6541,114364,2023-08-02 04:00:00
1235,52.49,53.15,15193556,53.27,52.24,53.0099,102690,2023-08-03 04:00:00
1236,52.88,52.63,12266938,53.32,52.54,52.8229,104571,2023-08-04 04:00:00
1237,52.97,53.01,11327895,53.065,52.682,52.9415,82526,2023-08-07 04:00:00
1238,52.66,53.06,12224774,53.13,52.355,52.8679,91574,2023-08-08 04:00:00
1239,52.9,52.99,18765524,53.45,52.66,53.0377,105196,2023-08-09 04:00:00
1240,53.41,53.37,16251164,54.14,53.17,53.5353,124907,2023-08-10 04:00:00
1241,53.35,53.79,14344470,53.945,53.185,53.7659,112112,2023-08-11 04:00:00
1242,53.8,53.88,20707313,54.13,53.72,53.8549,114054,2023-08-14 04:00:00
1243,53.62,53.35,20173361,53.7289,53.18,53.3945,129482,2023-08-15 04:00:00
1244,53.19,52.96,26468925,53.52,52.87,53.1436,192783,2023-08-16 04:00:00
1245,54.44,54.73,45278042,55.835,54.37,55.0699,291403,2023-08-17 04:00:00
1246,54.63,55.04,28839759,55.46,54.62,55.1375,170994,2023-08-18 04:00:00
1247,55.2,55.44,18283190,55.79,55.15,55.4442,129504,2023-08-21 04:00:00
1248,55.48,55.46,15665989,55.82,55.28,55.5177,117120,2023-08-22 04:00:00
1249,55.61,55.98,18249998,56.2,55.4,55.9309,118417,2023-08-23 04:00:00
1250,56.32,55.24,17586350,56.475,55.21,55.5401,118779,2023-08-24 04:00:00
1251,55.25,55.7,15731774,55.87,55.25,55.5923,119991,2023-08-25 04:00:00
1252,55.89,56.2,15189854,56.28,55.68,56.1255,94875,2023-08-28 04:00:00
1253,56.35,56.56,17859122,56.8,56.11,56.5609,118134,2023-08-29 04:00:00
1254,56.63,56.81,12145393,56.91,56.535,56.7538,89070,2023-08-30 04:00:00
1255,57.1,57.35,22619681,57.5286,56.89,57.3579,113020,2023-08-31 04:00:00
