FIZZ,open_price,close_price,trading_volume,highest_price,lowest_price,volume_weighted_avg_price,transaction_amt,date_time
0,59.42,59.63,249886,59.68,58.595,59.3385,2206,2018-09-05 04:00:00
1,59.84,62.3,965432,63.66,57.985,61.4594,5445,2018-09-06 04:00:00
2,62.375,58.09,746058,62.375,58,59.2437,4445,2018-09-07 04:00:00
3,58.235,59.77,629504,60.0338,58.2055,59.3857,3583,2018-09-10 04:00:00
4,59.78,60,612910,60.7,59.13,59.8536,3184,2018-09-11 04:00:00
5,60,62.075,628146,62.465,60,61.6492,3121,2018-09-12 04:00:00
6,62.07,61.75,323124,62.47,61.07,61.7343,1924,2018-09-13 04:00:00
7,60.78,58.46,589488,61.7,58.435,59.191,3873,2018-09-14 04:00:00
8,58.34,58.25,509188,58.865,57.63,58.2496,3083,2018-09-17 04:00:00
9,58.18,57.235,396070,58.425,56.5401,57.2462,2716,2018-09-18 04:00:00
10,57.175,57.055,249662,57.795,56.6487,57.1688,1641,2018-09-19 04:00:00
11,57.26,57.46,264534,57.745,56.74,57.384,1938,2018-09-20 04:00:00
12,57.245,56.72,437970,57.8925,56.7,56.9628,2374,2018-09-21 04:00:00
13,56.745,56.15,336020,57.2681,55.935,56.2936,2535,2018-09-24 04:00:00
14,56.17,55.4,467308,56.3436,54.86,55.4395,2981,2018-09-25 04:00:00
15,55.39,55.665,346350,55.935,54.8522,55.6177,2242,2018-09-26 04:00:00
16,55.665,57.13,351862,57.28,55.665,56.9369,2879,2018-09-27 04:00:00
17,57.145,58.31,527580,58.595,57.05,58.1733,2928,2018-09-28 04:00:00
18,58.42,56.61,1231376,58.42,56.01,56.8798,6836,2018-10-01 04:00:00
19,56.775,55.11,472964,56.8675,54.7,55.6265,3391,2018-10-02 04:00:00
20,55.125,54.41,351630,55.51,54.41,54.7233,2192,2018-10-03 04:00:00
21,54.295,54.425,432754,54.48,53.4159,53.96,3020,2018-10-04 04:00:00
22,54.495,53.13,498612,54.835,52.845,53.361,2928,2018-10-05 04:00:00
23,52.785,52.625,825226,53.1,51.67,52.3542,4523,2018-10-08 04:00:00
24,52.355,50.155,748818,52.6925,49.915,50.7364,5489,2018-10-09 04:00:00
25,50.04,50.365,739924,50.985,49.04,50.246,4269,2018-10-10 04:00:00
26,50.245,49.4,602808,50.3355,48.955,49.5299,3679,2018-10-11 04:00:00
27,49.79,49.955,574454,50.87,49.61,50.2699,2488,2018-10-12 04:00:00
28,49.95,49.02,337934,50.425,48.93,49.2234,2218,2018-10-15 04:00:00
29,49.2,49.905,264396,50.33,49.2,49.7942,2206,2018-10-16 04:00:00
30,49.955,51.165,260694,51.67,49.49,51.0118,1855,2018-10-17 04:00:00
31,51.365,50.21,258204,51.705,49.755,50.3847,1698,2018-10-18 04:00:00
32,50.295,49.08,341586,50.855,49,49.6706,2615,2018-10-19 04:00:00
33,49.27,49.12,369574,49.81,48.675,49.279,2762,2018-10-22 04:00:00
34,48.875,49.24,302840,49.625,48.24,48.9423,1934,2018-10-23 04:00:00
35,49.295,49.71,414906,50.345,48.7,49.9262,2956,2018-10-24 04:00:00
36,49.835,49.56,323030,50.15,48.745,49.6026,2557,2018-10-25 04:00:00
37,49.195,49.435,231004,49.81,48.62,49.3855,1799,2018-10-26 04:00:00
38,50.005,50.3,259488,51,49.59,50.3894,2255,2018-10-29 04:00:00
39,49,47.945,842956,49.5203,46.195,48.2319,5106,2018-10-30 04:00:00
40,48.005,46.225,736120,48.505,45.125,46.3299,4378,2018-10-31 04:00:00
41,46.22,47.215,436470,47.515,46.22,47.1142,3251,2018-11-01 04:00:00
42,47.405,47.5,235042,47.655,46.845,47.3536,1877,2018-11-02 04:00:00
43,47.575,49.235,326210,49.51,47.525,48.9502,2577,2018-11-05 05:00:00
44,49.375,50.155,333028,50.605,49.375,50.1675,2122,2018-11-06 05:00:00
45,50.42,51.095,394958,51.5763,49.575,50.8927,2364,2018-11-07 05:00:00
46,51.515,51.185,161408,51.515,50.505,51.0975,1528,2018-11-08 05:00:00
47,51.32,50.71,242450,51.805,50.155,50.7807,1698,2018-11-09 05:00:00
48,50.59,50.725,208912,51.715,50.495,50.9472,1769,2018-11-12 05:00:00
49,50.225,45.315,1132212,50.225,45.07,46.486,6186,2018-11-13 05:00:00
50,46.005,45.235,485886,47.26,45.1975,46.1768,3724,2018-11-14 05:00:00
51,44.95,44.805,493844,45.755,44.525,45.0211,3287,2018-11-15 05:00:00
52,44.57,45.34,555540,45.73,44.26,45.1362,3412,2018-11-16 05:00:00
53,45.5,46.79,583118,47.045,45.5,46.5004,3404,2018-11-19 05:00:00
54,46.75,45.28,368990,46.75,45.11,45.6057,2436,2018-11-20 05:00:00
55,45.65,46.49,305006,46.8524,45.65,46.4715,1947,2018-11-21 05:00:00
56,46.485,46.515,94296,47.06,46.36,46.7314,756,2018-11-23 05:00:00
57,46.915,46.265,282996,47.41,46.21,46.4965,1647,2018-11-26 05:00:00
58,46.27,45.38,383118,46.3991,45.195,45.599,2632,2018-11-27 05:00:00
59,45.6,45.575,418458,46.2627,45.1975,45.5631,2707,2018-11-28 05:00:00
60,43.705,42.8,894712,44.035,41.755,42.3434,5185,2018-11-29 05:00:00
61,42.91,43.635,461056,44.5,42.8,43.7762,3158,2018-11-30 05:00:00
62,43.87,43.66,508194,43.985,41.8,42.7439,4126,2018-12-03 05:00:00
63,43.815,42.26,401306,44.35,42.155,43.0191,2900,2018-12-04 05:00:00
64,42.275,42.15,534168,42.75,40.7699,41.5646,3931,2018-12-06 05:00:00
65,41.74,41.84,676154,44.14,41.56,42.6912,4410,2018-12-07 05:00:00
66,42.1,43.09,461280,43.325,41.675,42.8244,4226,2018-12-10 05:00:00
67,43.185,41.925,416254,43.785,41.615,42.4519,3285,2018-12-11 05:00:00
68,42.27,42.08,306490,42.955,41.8,42.2988,2509,2018-12-12 05:00:00
69,40.77,39.985,856366,41.0625,39.325,40.0476,5127,2018-12-13 05:00:00
70,39.745,39.445,497084,40.4,39.075,39.5541,3958,2018-12-14 05:00:00
71,39.25,38.94,447176,39.91,38.64,39.1541,3776,2018-12-17 05:00:00
72,39.09,38.07,634994,39.46,37.715,38.4525,3804,2018-12-18 05:00:00
73,38.11,37.445,757904,38.892,37.23,37.6449,5211,2018-12-19 05:00:00
74,37.54,37.335,455900,37.89,37.09,37.5026,3629,2018-12-20 05:00:00
75,37.13,37.73,924068,38.995,37.13,37.9759,4002,2018-12-21 05:00:00
76,37.575,36.105,335788,37.605,36.015,36.4631,2000,2018-12-24 05:00:00
77,36.125,36.28,636608,36.92,35.33,36.0469,3773,2018-12-26 05:00:00
78,35.955,37.22,638500,37.4,35.5,36.6238,3938,2018-12-27 05:00:00
79,37.33,35.77,649456,37.33,35.555,36.1757,4670,2018-12-28 05:00:00
80,35.78,35.885,1066018,36.5,35.305,35.8013,4467,2018-12-31 05:00:00
81,35.505,36.39,683866,36.82,35.285,36.2376,4392,2019-01-02 05:00:00
82,36.285,36.66,366394,37.215,36.05,36.6663,2755,2019-01-03 05:00:00
83,36.795,36.345,682874,37.585,35.94,36.5881,4349,2019-01-04 05:00:00
84,36.305,37.105,505194,37.435,35.745,36.9436,3519,2019-01-07 05:00:00
85,37.315,39.615,969736,39.8775,37.2213,39.2036,5849,2019-01-08 05:00:00
86,39.62,38.47,706204,39.625,37.5686,38.8633,4183,2019-01-09 05:00:00
87,38.445,38.86,487952,39.3875,38.1,38.8774,3085,2019-01-10 05:00:00
88,38.995,39.575,360010,39.595,38.385,39.1647,2628,2019-01-11 05:00:00
89,39.305,39.04,539356,39.605,38.135,39.0017,3968,2019-01-14 05:00:00
90,39.13,40.445,580686,40.5325,37.09,40.1372,4004,2019-01-15 05:00:00
91,40.465,40.3,639716,40.725,39.555,40.3076,3730,2019-01-16 05:00:00
92,40.295,39.355,550450,40.835,39.035,39.5359,3382,2019-01-17 05:00:00
93,39.34,40.955,584748,41.065,39.11,40.4811,3334,2019-01-18 05:00:00
94,40.98,40.39,524660,41.3575,39.835,40.4191,3117,2019-01-22 05:00:00
95,40.385,41.55,406966,41.715,40.33,41.3467,2863,2019-01-23 05:00:00
96,41.485,41.83,508406,42.1,40.2704,41.717,3514,2019-01-24 05:00:00
97,41.905,40.935,395962,42.4383,40.84,41.1558,2841,2019-01-25 05:00:00
98,40.93,41.475,432500,41.845,40.89,41.3792,2743,2019-01-28 05:00:00
99,41.48,41.03,401058,41.7461,40.555,40.9809,2590,2019-01-29 05:00:00
100,41.21,41.9,362770,42.12,40.0825,41.7791,3022,2019-01-30 05:00:00
101,41.99,41.92,407008,42.01,41.46,41.793,2936,2019-01-31 05:00:00
102,41.89,41.53,527886,42.075,40.995,41.5031,3537,2019-02-01 05:00:00
103,41.53,42.055,629208,42.385,41.39,41.9586,3091,2019-02-04 05:00:00
104,41.525,37.765,2005668,41.785,37.3901,38.5657,10288,2019-02-05 05:00:00
105,37.79,36.675,1405020,37.8396,36.3,36.6597,8068,2019-02-06 05:00:00
106,36.655,36.59,631556,36.92,36.25,36.5683,3867,2019-02-07 05:00:00
107,36.515,36.68,539588,36.9069,36.135,36.4901,3346,2019-02-08 05:00:00
108,36.73,36.645,549628,36.83,36.125,36.5256,4248,2019-02-11 05:00:00
109,36.675,37.295,391272,37.325,36.245,37.0582,3014,2019-02-12 05:00:00
110,37.37,37.22,339578,37.585,36.8,37.1257,2945,2019-02-13 05:00:00
111,36.925,36.8,328086,37.495,36.7,37.0959,2536,2019-02-14 05:00:00
112,37.055,37.55,493142,37.8975,36.915,37.5462,3055,2019-02-15 05:00:00
113,37.125,36.105,758942,37.25,35.9694,36.5258,4243,2019-02-19 05:00:00
114,36.1,36.515,657108,37.0275,36.0001,36.5677,3550,2019-02-20 05:00:00
115,36.585,36.59,372526,37.265,36.49,36.7432,2616,2019-02-21 05:00:00
116,36.515,36.655,429716,36.71,36.165,36.4646,3040,2019-02-22 05:00:00
117,36.745,35.885,468066,36.9749,35.555,35.993,3086,2019-02-25 05:00:00
118,35.875,34.205,1014746,36.13,34.165,34.5819,5635,2019-02-26 05:00:00
119,34.19,34.25,1808820,34.29,33.285,33.7832,8027,2019-02-27 05:00:00
120,34.425,34.295,551906,34.815,34.22,34.4769,3256,2019-02-28 05:00:00
121,34.365,33.825,738744,34.51,33.135,33.6651,4344,2019-03-01 05:00:00
122,33.81,34.04,804416,34.235,33.325,33.9511,3694,2019-03-04 05:00:00
123,34.03,33.46,560300,34.435,33.05,33.5655,3792,2019-03-05 05:00:00
124,33.57,33.76,925390,34.145,32.84,33.4715,6289,2019-03-06 05:00:00
125,33.725,34.135,933024,35.05,33.32,33.5518,5463,2019-03-07 05:00:00
126,27.655,29.135,10829980,29.415,25.2655,27.6522,40774,2019-03-08 05:00:00
127,29.1,29.68,2459154,30.5026,28.64,29.4046,12611,2019-03-11 04:00:00
128,29.69,29.535,1452270,29.925,28.58,29.2274,7653,2019-03-12 04:00:00
129,29.45,29.895,1026844,30.16,29.145,29.7088,6015,2019-03-13 04:00:00
130,30,29.325,835752,30.225,29.13,29.5968,4164,2019-03-14 04:00:00
131,29.445,29.3,924766,29.995,29.225,29.5471,4373,2019-03-15 04:00:00
132,29.835,29.99,831862,30.03,29.665,29.9162,4003,2019-03-18 04:00:00
133,30,28.855,729652,30.0833,28.805,29.2898,4507,2019-03-19 04:00:00
134,28.75,28.56,744428,28.98,28.175,28.6107,3748,2019-03-20 04:00:00
135,28.535,28.565,648134,28.82,28.265,28.4948,3627,2019-03-21 04:00:00
136,28.48,28.345,424954,28.75,28.185,28.4738,2527,2019-03-22 04:00:00
137,28.345,28.71,645724,28.9675,28.345,28.6951,3678,2019-03-25 04:00:00
138,28.845,29.175,491228,29.345,28.55,29.1124,3022,2019-03-26 04:00:00
139,29.14,29.19,580420,29.6017,29.075,29.3291,3410,2019-03-27 04:00:00
140,29.18,28.25,789682,29.5,28.1604,28.5442,5480,2019-03-28 04:00:00
141,28.16,28.865,1527226,29.025,26.965,28.2988,8513,2019-03-29 04:00:00
142,28.935,28.79,724530,29.28,28.6776,28.9104,4378,2019-04-01 04:00:00
143,28.855,28.8,462212,29.38,28.405,28.777,3396,2019-04-02 04:00:00
144,28.8,28.335,673970,28.95,27.975,28.4602,3906,2019-04-03 04:00:00
145,28.34,28.75,544396,28.79,28.075,28.5356,3468,2019-04-04 04:00:00
146,28.75,28.945,372376,29.2,28.38,28.8938,2497,2019-04-05 04:00:00
147,28.945,28.955,445590,29.06,28.795,28.9374,2809,2019-04-08 04:00:00
148,28.78,27.86,854220,29.05,27.7,28.0672,4920,2019-04-09 04:00:00
149,28.005,27.89,816790,28.08,27.25,27.6208,4908,2019-04-10 04:00:00
150,28.07,27.11,683754,28.4225,26.815,27.2065,4663,2019-04-11 04:00:00
151,27.185,26.545,697124,27.5025,26.285,26.6544,4665,2019-04-12 04:00:00
152,26.66,26.655,862840,26.895,26.075,26.4924,4938,2019-04-15 04:00:00
153,26.635,26.685,789422,27.13,26.56,26.767,4534,2019-04-16 04:00:00
154,26.85,26.895,544264,27.0475,26.655,26.9208,3421,2019-04-17 04:00:00
155,26.855,27.185,457946,27.2975,26.855,27.1318,3036,2019-04-18 04:00:00
156,27.175,27.055,645192,27.5825,26.7375,27.2101,4586,2019-04-22 04:00:00
157,27.275,27.75,550316,28.035,27.2575,27.6944,4019,2019-04-23 04:00:00
158,27.835,28.37,611994,28.6125,27.835,28.4223,4078,2019-04-24 04:00:00
159,28.24,27.985,401672,28.34,27.63,28.005,2537,2019-04-25 04:00:00
160,28.135,28.75,458970,29,28.135,28.6951,2654,2019-04-26 04:00:00
161,28.755,28.175,596618,28.77,27.895,28.1827,5140,2019-04-29 04:00:00
162,28.17,28,483458,28.37,27.835,28.0014,3220,2019-04-30 04:00:00
163,27.925,27.56,1168918,28.2,27.535,27.7856,6163,2019-05-01 04:00:00
164,27.565,28.375,547668,28.66,27.54,28.245,3671,2019-05-02 04:00:00
165,28.555,28.63,834782,29.015,28.4575,28.7263,5499,2019-05-03 04:00:00
166,28.445,28.88,542072,29.0863,28.4,28.8665,4607,2019-05-06 04:00:00
167,28.855,29.06,411594,29.14,28.4706,28.9506,2832,2019-05-07 04:00:00
168,28.955,28.255,429922,29.1375,28.175,28.4691,3368,2019-05-08 04:00:00
169,28.04,27.555,476720,28.2,27.045,27.5733,3155,2019-05-09 04:00:00
170,27.505,27.945,352824,28.21,27.2,27.8162,2845,2019-05-10 04:00:00
171,27.58,27.275,376058,27.635,27.06,27.3139,2852,2019-05-13 04:00:00
172,26.75,25.985,1515726,26.845,25.055,25.7918,7891,2019-05-14 04:00:00
173,25.82,26.205,785318,26.3175,25.405,26.0789,4525,2019-05-15 04:00:00
174,26.2,26.415,699976,26.935,26.095,26.5836,4725,2019-05-16 04:00:00
175,26.37,26.265,754636,26.85,26.235,26.5561,3850,2019-05-17 04:00:00
176,26.125,26.325,457404,26.595,25.69,26.2105,3448,2019-05-20 04:00:00
177,26.385,26.255,655996,26.885,26.07,26.4128,3642,2019-05-21 04:00:00
178,26.335,26.02,488744,26.51,25.995,26.154,3004,2019-05-22 04:00:00
179,25.8,25.435,428870,26.015,25.28,25.5771,3032,2019-05-23 04:00:00
180,25.585,25.475,390410,25.72,25.025,25.4304,3142,2019-05-24 04:00:00
181,25.25,23.63,1599308,25.66,23.355,24.0876,8665,2019-05-28 04:00:00
182,23.46,23.705,776118,23.99,23.095,23.5136,5574,2019-05-29 04:00:00
183,23.605,22.88,825448,24.8025,22.6,22.977,5093,2019-05-30 04:00:00
184,22.535,22.575,673314,23.12,22.3,22.7032,3976,2019-05-31 04:00:00
185,22.67,23.47,983010,23.495,22.525,23.12,6604,2019-06-03 04:00:00
186,23.97,24.785,1162024,24.965,23.7875,24.6379,6703,2019-06-04 04:00:00
187,24.865,24.225,799542,25.14,24.15,24.5347,5135,2019-06-05 04:00:00
188,24.13,24.42,520030,24.425,23.875,24.1581,3495,2019-06-06 04:00:00
189,24.56,24.19,659250,24.95,24.18,24.4039,3576,2019-06-07 04:00:00
190,24.22,23.72,847594,24.86,23.6,24.0537,5917,2019-06-10 04:00:00
191,23.89,22.575,4819436,23.97,21.245,22.1203,19737,2019-06-11 04:00:00
192,21.97,22.73,1442992,22.935,21.85,22.5192,8567,2019-06-12 04:00:00
193,22.815,22.655,862674,23.185,22.375,22.8492,5688,2019-06-13 04:00:00
194,22.7,22.295,660220,22.88,21.895,22.333,4393,2019-06-14 04:00:00
195,22.305,22.505,648940,22.83,22.15,22.5807,4602,2019-06-17 04:00:00
196,22.54,22.075,652682,22.805,21.985,22.2321,4089,2019-06-18 04:00:00
197,22.08,22.01,1285758,22.15,20.925,21.6375,7677,2019-06-19 04:00:00
198,22.11,21.62,1142794,22.515,21.425,21.7535,5057,2019-06-20 04:00:00
199,21.49,21.955,1018734,22.16,21.27,21.7604,5733,2019-06-21 04:00:00
200,21.95,22.08,1515628,22.78,21.88,22.4757,7312,2019-06-24 04:00:00
201,22.165,21.58,1220456,22.17,21.43,21.6536,5939,2019-06-25 04:00:00
202,21.405,21.11,1169986,21.71,20.785,21.0667,7220,2019-06-26 04:00:00
203,20.895,22.03,2528084,22.385,20.025,21.7747,13571,2019-06-27 04:00:00
204,22.21,22.315,1781742,23.155,21.925,22.4272,10541,2019-06-28 04:00:00
205,22.41,22.595,979326,23.1,22.17,22.5735,6354,2019-07-01 04:00:00
206,22.59,22.25,1038764,22.815,22.015,22.2727,7023,2019-07-02 04:00:00
207,22.335,22.78,369888,22.975,22.21,22.7558,2515,2019-07-03 04:00:00
208,22.675,22.735,663430,22.875,22.0303,22.5907,4641,2019-07-05 04:00:00
209,22.755,22.41,1870050,22.935,21.78,22.2457,5230,2019-07-08 04:00:00
210,22.445,21.34,1021642,22.45,21.315,21.5892,6289,2019-07-09 04:00:00
211,21.305,21.175,761416,21.6067,21.04,21.3153,5102,2019-07-10 04:00:00
212,21.21,20.9,675876,21.39,20.765,20.9117,4732,2019-07-11 04:00:00
213,20.95,21.08,665130,21.28,20.67,21.0336,4557,2019-07-12 04:00:00
214,21.08,20.93,857512,21.46,20.5756,20.8955,5815,2019-07-15 04:00:00
215,20.95,21.36,1005940,21.575,20.8,21.2058,5577,2019-07-16 04:00:00
216,21.465,21.2,486224,21.465,21.06,21.2161,3581,2019-07-17 04:00:00
217,21.2,21.185,1894532,21.33,20.83,21.1592,4419,2019-07-18 04:00:00
218,21.15,21.03,867164,21.6025,20.85,21.1845,6133,2019-07-19 04:00:00
219,21.015,20.625,697412,21.0328,20.31,20.6226,4549,2019-07-22 04:00:00
220,20.805,20.81,579282,21.165,20.57,20.8329,4263,2019-07-23 04:00:00
221,20.805,20.86,612364,20.99,20.5,20.7473,4294,2019-07-24 04:00:00
222,20.905,20.415,566440,20.985,20.38,20.6028,3778,2019-07-25 04:00:00
223,20.505,21.305,536876,21.4,20.445,21.1308,3424,2019-07-26 04:00:00
224,21.37,21.15,358630,21.375,20.76,21.0614,3180,2019-07-29 04:00:00
225,21.115,21.61,632596,21.7825,20.85,21.5116,4017,2019-07-30 04:00:00
226,21.635,21.765,576740,22.0825,21.41,21.7758,4143,2019-07-31 04:00:00
227,21.855,21.52,586228,21.9775,21.25,21.6074,4559,2019-08-01 04:00:00
228,23.45,23.14,2761704,23.49,22.645,22.9826,16069,2019-08-02 04:00:00
229,22.825,22.16,1633624,23,21.88,22.3106,10915,2019-08-05 04:00:00
230,22.355,21.91,6049156,22.58,21.69,21.9611,14335,2019-08-06 04:00:00
231,21.825,21.45,1141062,22.1425,20.845,21.2963,8017,2019-08-07 04:00:00
232,21.57,22.265,790878,22.295,21.425,22.0629,6212,2019-08-08 04:00:00
233,22.31,21.82,628102,22.36,21.755,21.9473,5141,2019-08-09 04:00:00
234,21.74,21.865,436348,22.1,21.085,21.7525,3583,2019-08-12 04:00:00
235,21.745,21.775,362920,22.275,21.575,21.7612,3417,2019-08-13 04:00:00
236,21.58,20.49,996356,21.595,20.215,20.6797,6992,2019-08-14 04:00:00
237,20.62,20.69,950672,20.975,20.525,20.7172,5093,2019-08-15 04:00:00
238,20.765,21.345,781414,21.64,20.75,21.2955,4624,2019-08-16 04:00:00
239,21.375,21.685,542818,22.055,21.285,21.771,4063,2019-08-19 04:00:00
240,21.715,21.64,420432,21.885,21.12,21.6536,3010,2019-08-20 04:00:00
241,21.835,20.665,931530,21.835,20.495,20.844,5364,2019-08-21 04:00:00
242,20.68,20.56,659074,21.005,20.5,20.6984,3793,2019-08-22 04:00:00
243,20.56,20.055,534558,20.6775,19.995,20.1546,3592,2019-08-23 04:00:00
244,20.26,20.38,395906,20.4,19.875,20.2434,2930,2019-08-26 04:00:00
245,20.32,19.945,625938,20.4606,19.86,20.0038,4287,2019-08-27 04:00:00
246,19.985,20.075,555036,20.59,19.8945,20.2714,3600,2019-08-28 04:00:00
247,20.195,20.075,425684,20.735,19.97,20.2368,3278,2019-08-29 04:00:00
248,20.265,20.45,718180,20.785,20.265,20.5311,4356,2019-08-30 04:00:00
249,20.275,20.76,908888,20.775,19.7,20.3368,6162,2019-09-03 04:00:00
250,20.805,20.29,816954,20.84,19.78,20.3282,5455,2019-09-04 04:00:00
251,20.415,20.325,1070232,21.185,20.13,20.5967,6644,2019-09-05 04:00:00
252,20.09,20.33,1751518,20.985,19.14,20.1691,9425,2019-09-06 04:00:00
253,20.43,22.155,1111976,22.26,20.19,21.7029,8160,2019-09-09 04:00:00
254,22.135,22.775,1128096,22.855,21.355,22.3263,8753,2019-09-10 04:00:00
255,22.645,23.44,1074072,23.455,22.255,23.0105,8082,2019-09-11 04:00:00
256,23.44,23.535,1297756,24.065,23.22,23.6767,6128,2019-09-12 04:00:00
257,23.48,23.265,770360,24.165,23.1404,23.6251,4874,2019-09-13 04:00:00
258,23.325,22.755,718526,23.62,22.5,22.8963,4696,2019-09-16 04:00:00
259,22.59,23.15,602948,23.205,22.255,22.843,5614,2019-09-17 04:00:00
260,23.165,23.555,738542,23.625,22.9725,23.3317,5041,2019-09-18 04:00:00
261,23.66,23.095,1007216,24.165,23.04,23.5088,4985,2019-09-19 04:00:00
262,23.105,22.52,912070,23.375,22.4756,22.7351,4296,2019-09-20 04:00:00
263,22.385,22.225,598104,22.935,21.615,22.1438,3987,2019-09-23 04:00:00
264,22.335,21.765,583850,22.51,21.635,21.8926,4275,2019-09-24 04:00:00
265,21.89,22.035,463042,22.25,21.755,22.0643,3405,2019-09-25 04:00:00
266,22.135,21.8,377280,22.22,21.725,21.9024,3662,2019-09-26 04:00:00
267,21.955,21.78,399394,22.075,21.4703,21.728,3601,2019-09-27 04:00:00
268,21.825,22.18,520326,22.3245,21.7525,22.1523,3481,2019-09-30 04:00:00
269,22.28,23.03,675730,23.065,22.125,22.6735,5662,2019-10-01 04:00:00
270,22.855,23.08,978234,23.24,22.5247,23.0112,7556,2019-10-02 04:00:00
271,23.205,23.425,1241190,24.26,23.1025,23.7013,7532,2019-10-03 04:00:00
272,23.325,24.405,1326012,24.5,23.1865,24.159,7681,2019-10-04 04:00:00
273,24.375,23.575,1123450,24.65,23.16,23.5999,8197,2019-10-07 04:00:00
274,23.515,22.92,624686,23.515,22.855,23.0212,4871,2019-10-08 04:00:00
275,23.17,23.325,712986,23.465,22.53,23.0955,4558,2019-10-09 04:00:00
276,23.21,24.02,654492,24.075,23.21,23.7213,4496,2019-10-10 04:00:00
277,24.205,24.545,1240694,25,24.0625,24.7074,8320,2019-10-11 04:00:00
278,24.55,24.07,1324050,24.7525,23.6825,24.016,6581,2019-10-14 04:00:00
279,24.115,24.49,986516,24.805,23.7,24.4618,7247,2019-10-15 04:00:00
280,24.575,24.18,740594,24.975,24.165,24.4098,5593,2019-10-16 04:00:00
281,24.47,24.59,661744,24.71,24.255,24.5277,5061,2019-10-17 04:00:00
282,24.605,24.11,1110434,24.6525,23.88,24.2228,5815,2019-10-18 04:00:00
283,24.29,23.93,568252,24.425,23.39,23.8432,4635,2019-10-21 04:00:00
284,23.855,24.645,733186,24.77,23.485,24.465,5786,2019-10-22 04:00:00
285,24.685,24.9375,734482,25.31,24.59,24.873,5666,2019-10-23 04:00:00
286,24.9,24.87,612604,25.095,24.29,24.6861,5158,2019-10-24 04:00:00
287,24.725,24.945,553692,25.205,24.53,24.9632,3850,2019-10-25 04:00:00
288,25.1,25.35,759208,25.555,25.04,25.298,5299,2019-10-28 04:00:00
289,25.32,21.605,2525438,25.32,21.47,22.6014,14944,2019-10-29 04:00:00
290,21.63,21.995,1474384,22.175,21.2575,21.8276,9957,2019-10-30 04:00:00
291,22.11,21.98,673754,22.16,21.575,21.8618,5587,2019-10-31 04:00:00
292,21.975,22.445,575942,22.485,21.7663,22.3547,4916,2019-11-01 04:00:00
293,22.44,22.835,490718,23.06,22.3125,22.7363,4189,2019-11-04 05:00:00
294,22.83,22.815,654102,23.075,22.55,22.8258,3990,2019-11-05 05:00:00
295,22.875,22.465,605272,23.01,22.43,22.6685,4728,2019-11-06 05:00:00
296,22.29,20.045,2504670,22.29,19.66,20.4987,14387,2019-11-07 05:00:00
297,20.055,20.515,1138384,20.775,19.665,20.4005,8055,2019-11-08 05:00:00
298,20.385,20.055,1554856,20.425,19.6925,20.0297,11122,2019-11-11 05:00:00
299,20.1,20.945,4289248,20.95,19.9925,20.4901,7671,2019-11-12 05:00:00
300,20.67,21.65,1559834,21.655,20.6115,21.2939,6103,2019-11-13 05:00:00
301,21.55,21.455,1187504,22.17,21.4,21.6308,8281,2019-11-14 05:00:00
302,21.59,21.7,580852,21.73,21.1225,21.4636,4388,2019-11-15 05:00:00
303,21.475,21.64,795720,22.02,21.33,21.7146,5288,2019-11-18 05:00:00
304,21.695,22.25,1019888,22.25,21.52,21.9308,6302,2019-11-19 05:00:00
305,22,22.335,819600,22.48,21.985,22.2911,5407,2019-11-20 05:00:00
306,22.33,22.355,869368,22.425,21.745,22.1903,4402,2019-11-21 05:00:00
307,22.5,22.745,710142,22.82,22.0355,22.6197,4900,2019-11-22 05:00:00
308,22.89,23.045,640176,23.155,22.78,23.005,5300,2019-11-25 05:00:00
309,23.18,24.385,1281834,24.545,22.945,24.1891,8743,2019-11-26 05:00:00
310,24.51,24.7,1043176,25.1,24.2075,24.7587,7142,2019-11-27 05:00:00
311,24.655,24.82,238270,24.8925,24.28,24.7274,1699,2019-11-29 05:00:00
312,24.775,24.595,575904,24.85,24.385,24.5755,5515,2019-12-02 05:00:00
313,24.345,24.435,736544,24.46,23.825,24.2362,6310,2019-12-03 05:00:00
314,24.485,24.765,630034,24.915,24.4,24.7347,5932,2019-12-04 05:00:00
315,24.8,24.12,947458,24.895,23.5501,23.9817,7362,2019-12-05 05:00:00
316,27.495,27.03,4567152,28.995,25.505,26.7551,26423,2019-12-06 05:00:00
317,27.115,27.565,2054872,27.975,26.715,27.4239,12832,2019-12-09 05:00:00
318,27.75,27.8975,1596482,29.05,27.565,28.1828,10205,2019-12-10 05:00:00
319,28.015,27.15,1067048,28.17,27.025,27.3106,6954,2019-12-11 05:00:00
320,27.15,27.245,701432,27.555,27.05,27.2816,5509,2019-12-12 05:00:00
321,27.17,26,1113142,27.38,25.87,26.4289,7925,2019-12-13 05:00:00
322,26.115,25.9,1359400,26.39,25.845,25.9869,10037,2019-12-16 05:00:00
323,25.855,25.65,1172956,25.925,25.51,25.6906,9054,2019-12-17 05:00:00
324,25.78,25.52,644826,25.91,25.405,25.5359,5383,2019-12-18 05:00:00
325,25.485,25.21,805616,25.74,25.125,25.3544,7083,2019-12-19 05:00:00
326,25.29,26.22,1551180,26.32,25.105,25.9483,9112,2019-12-20 05:00:00
327,26.225,26.545,677754,26.6,25.9423,26.3744,5565,2019-12-23 05:00:00
328,26.53,26.16,356114,26.545,26.04,26.2657,2495,2019-12-24 05:00:00
329,26.37,25.75,678634,26.445,25.68,25.8964,4858,2019-12-26 05:00:00
330,25.84,25.845,611426,26.235,25.675,25.9289,4771,2019-12-27 05:00:00
331,25.87,25.385,814084,26.075,25.3,25.5352,5739,2019-12-30 05:00:00
332,25.365,25.51,775350,25.8175,25.33,25.5684,5783,2019-12-31 05:00:00
333,25.675,24.3,994220,25.73,24.145,24.568,8147,2020-01-02 05:00:00
334,24.04,24.085,1032544,24.335,23.815,23.9951,7242,2020-01-03 05:00:00
335,23.855,24.16,839230,24.495,23.515,24.1518,6917,2020-01-06 05:00:00
336,24.125,23.21,1236250,24.16,23.01,23.3256,6615,2020-01-07 05:00:00
337,23.25,23.44,770010,23.78,23.065,23.44,5152,2020-01-08 05:00:00
338,23.495,23.205,598958,23.565,23.045,23.1782,3835,2020-01-09 05:00:00
339,23.265,23.16,411586,23.63,23.12,23.2524,3294,2020-01-10 05:00:00
340,23.19,23.135,397446,23.4625,22.875,23.1453,3560,2020-01-13 05:00:00
341,23.035,23.545,331640,23.605,23.0316,23.4395,3198,2020-01-14 05:00:00
342,23.51,23.545,346170,23.825,23.3,23.5344,3170,2020-01-15 05:00:00
343,23.665,23.06,502974,24.0957,22.955,23.3604,4005,2020-01-16 05:00:00
344,23.185,22.93,373054,23.27,22.88,23.0403,3803,2020-01-17 05:00:00
345,22.875,22.455,825528,23.265,22.425,22.7057,6537,2020-01-21 05:00:00
346,22.465,22.81,525976,23.0025,22.3875,22.7533,3704,2020-01-22 05:00:00
347,22.76,22.905,421392,22.92,22.38,22.7361,3460,2020-01-23 05:00:00
348,22.91,22.9,296308,22.91,22.4625,22.6929,2707,2020-01-24 05:00:00
349,22.445,22.805,442390,22.91,22.3375,22.7413,3636,2020-01-27 05:00:00
350,22.9,23.015,374712,23.185,22.8,23.0786,4058,2020-01-28 05:00:00
351,23.085,22.4,370550,23.16,22.26,22.6563,3250,2020-01-29 05:00:00
352,22.315,22.005,354122,22.585,21.73,22.0525,3266,2020-01-30 05:00:00
353,21.88,21.455,414422,22.05,21.34,21.5929,3191,2020-01-31 05:00:00
354,21.555,21.275,427510,21.79,21.065,21.2899,3624,2020-02-03 05:00:00
355,21.515,21.735,509034,22.02,21.355,21.7993,4536,2020-02-04 05:00:00
356,21.895,21.72,421904,22.21,21.26,21.6406,3793,2020-02-05 05:00:00
357,21.75,21.765,296800,22.0675,21.555,21.7173,2139,2020-02-06 05:00:00
358,21.655,21.425,246352,21.735,21.365,21.518,2163,2020-02-07 05:00:00
359,21.415,21.345,297382,21.615,21.18,21.3532,2696,2020-02-10 05:00:00
360,21.43,21.71,347816,21.815,21.18,21.607,3197,2020-02-11 05:00:00
361,21.85,21.63,606378,22.425,21.32,21.6728,4479,2020-02-12 05:00:00
362,21.545,21.685,285998,21.9489,21.395,21.6548,2573,2020-02-13 05:00:00
363,21.75,22.295,460568,22.58,21.5,22.3013,3344,2020-02-14 05:00:00
364,22.255,21.84,405834,22.4132,21.51,21.9174,3556,2020-02-18 05:00:00
365,21.815,22.52,647600,22.68,21.15,22.2453,4717,2020-02-19 05:00:00
366,22.535,22.735,427890,23.075,22.365,22.6982,3451,2020-02-20 05:00:00
367,22.75,23.035,525522,23.315,22.635,23.079,4062,2020-02-21 05:00:00
368,22.505,22.045,373830,22.515,22.04,22.2812,3418,2020-02-24 05:00:00
369,22.12,21.34,485382,22.375,21.01,21.4386,3622,2020-02-25 05:00:00
370,21.54,22.0025,1025652,22.015,21.375,22.0156,4478,2020-02-26 05:00:00
371,21.515,22.04,705044,22.4,21.3485,21.8713,5219,2020-02-27 05:00:00
372,21.325,21.145,1255686,23.425,20.625,21.1733,8141,2020-02-28 05:00:00
373,21.14,22.08,537560,22.11,20.73,21.6763,4087,2020-03-02 05:00:00
374,21.875,21.175,572396,22.2325,21.065,21.6582,3677,2020-03-03 05:00:00
375,21.485,21.6,900810,21.8,21.02,21.4422,3366,2020-03-04 05:00:00
376,21.18,21.125,699670,21.485,20.7821,21.1567,4456,2020-03-05 05:00:00
377,22.42,22.575,2808816,23.51,21.1775,22.627,16260,2020-03-06 05:00:00
378,21.235,21.915,1704612,21.98,17.855,19.9664,10378,2020-03-09 04:00:00
379,22,23.115,1155542,23.19,20.345,21.9557,7763,2020-03-10 04:00:00
380,22.62,20.765,914368,22.83,20.73,21.3471,6977,2020-03-11 04:00:00
381,19.6,19.44,1009318,22.16,19.055,20.1975,6954,2020-03-12 04:00:00
382,20.19,20.09,650018,20.9325,19.255,20.0145,4348,2020-03-13 04:00:00
383,18.47,19.845,1066222,22.365,18.1,20.3115,7675,2020-03-16 04:00:00
384,20.04,19.905,928350,21.02,19.25,20.0585,6806,2020-03-17 04:00:00
385,19.045,20.625,859844,21.09,18.905,20.0654,6907,2020-03-18 04:00:00
386,20.555,20.9,1065136,22.375,19.8025,21.1962,6988,2020-03-19 04:00:00
387,20.985,20.4,1029930,22.22,20.135,20.8325,7170,2020-03-20 04:00:00
388,20.615,18.605,704610,20.865,18.385,19.1226,5216,2020-03-23 04:00:00
389,19.175,20.295,568348,20.58,19.085,20.1022,3891,2020-03-24 04:00:00
390,20.42,19.09,904262,20.65,18.98,19.8355,6884,2020-03-25 04:00:00
391,19.205,19.235,661978,19.94,19.125,19.403,5365,2020-03-26 04:00:00
392,18.82,20.095,506238,20.285,18.77,19.7716,4468,2020-03-27 04:00:00
393,21.54,21.355,1035186,21.9632,20.575,21.1283,7965,2020-03-30 04:00:00
394,21.565,21.325,1259126,23.0492,20.675,21.5034,8091,2020-03-31 04:00:00
395,21.045,20.625,662390,21.315,20.315,20.7894,6356,2020-04-01 04:00:00
396,20.5,20.44,681582,21.155,19.825,20.3239,5657,2020-04-02 04:00:00
397,20.305,21.14,704566,21.27,20.065,20.6202,4428,2020-04-03 04:00:00
398,21.605,21.83,504122,21.99,20.9475,21.5196,4862,2020-04-06 04:00:00
399,22,23.165,940442,23.245,22,22.8219,7130,2020-04-07 04:00:00
400,23.225,24.32,810216,24.71,22.6882,24.1783,6933,2020-04-08 04:00:00
401,24.685,25.675,696768,25.895,24.55,25.3706,6603,2020-04-09 04:00:00
402,25.725,24.875,715854,26.085,24.315,24.8903,6583,2020-04-13 04:00:00
403,25.5,26.13,439758,26.27,24.89,25.8117,4087,2020-04-14 04:00:00
404,26,25.93,448842,26.345,25.08,25.8511,4110,2020-04-15 04:00:00
405,25.975,25.99,478514,26.43,25.245,25.8005,4795,2020-04-16 04:00:00
406,26.41,25.3,288032,26.55,25.185,25.5581,3111,2020-04-17 04:00:00
407,25.19,24.785,337080,25.8,24.755,25.1428,3227,2020-04-20 04:00:00
408,24.59,24.365,327692,24.875,24.105,24.478,3042,2020-04-21 04:00:00
409,24.695,24.11,247566,24.995,23.9825,24.2474,2707,2020-04-22 04:00:00
410,24.18,24.585,586522,24.9761,23.99,24.5342,5284,2020-04-23 04:00:00
411,24.78,25.69,613378,25.805,24.54,25.2895,4169,2020-04-24 04:00:00
412,25.93,26.265,887380,26.53,25.26,26.0648,7941,2020-04-27 04:00:00
413,26.75,26.005,545834,27.2432,25.965,26.3708,5373,2020-04-28 04:00:00
414,26.305,25.765,637638,26.49,25.63,25.9907,5923,2020-04-29 04:00:00
415,25.275,25.115,521804,25.725,24.609,25.1444,5402,2020-04-30 04:00:00
416,24.92,25.035,398576,25.445,24.6,25.0555,4168,2020-05-01 04:00:00
417,25.06,25.025,268540,25.255,24.57,24.8649,3027,2020-05-04 04:00:00
418,25.065,25.145,230106,25.66,25.065,25.3314,2941,2020-05-05 04:00:00
419,25.385,25.835,344394,26.0499,24.99,25.6759,2916,2020-05-06 04:00:00
420,26.125,25.045,329138,26.32,24.94,25.3528,3590,2020-05-07 04:00:00
421,25.4,25.99,467886,26.195,25.4,25.8391,3957,2020-05-08 04:00:00
422,25.89,26.245,468456,26.775,25.575,26.3438,5325,2020-05-11 04:00:00
423,26.39,25.365,411914,26.5,25.305,25.7958,3710,2020-05-12 04:00:00
424,25.365,25.295,343468,25.97,25.135,25.3763,3353,2020-05-13 04:00:00
425,24.945,24.86,416220,25.18,24.42,24.806,3885,2020-05-14 04:00:00
426,25.245,26.29,1257050,27.08,25.01,26.408,7294,2020-05-15 04:00:00
427,26.645,26.315,469028,27.26,26.11,26.5044,4820,2020-05-18 04:00:00
428,26.41,26.355,317520,27.08,26.115,26.6902,3768,2020-05-19 04:00:00
429,26.605,27.51,363374,27.585,26.605,27.2461,3933,2020-05-20 04:00:00
430,27.81,27.47,356766,27.965,27.16,27.6066,4429,2020-05-21 04:00:00
431,27.5,27.685,221366,27.9955,27.33,27.6351,3157,2020-05-22 04:00:00
432,28.29,28.43,553116,28.75,28.14,28.5065,6519,2020-05-26 04:00:00
433,28.805,29.38,366920,29.4,28.295,28.9685,4623,2020-05-27 04:00:00
434,29.56,28.325,489690,29.72,28.2,28.7363,5865,2020-05-28 04:00:00
435,28.13,28.49,611284,28.695,27.3722,28.021,5290,2020-05-29 04:00:00
436,28.58,29.075,625814,29.36,28.31,29.0119,5014,2020-06-01 04:00:00
437,29.06,28.255,409366,29.115,28.1975,28.5684,4493,2020-06-02 04:00:00
438,28.425,28.655,670976,28.9,28.305,28.6436,6016,2020-06-03 04:00:00
439,28.34,28.32,311910,28.73,28.165,28.46,3503,2020-06-04 04:00:00
440,28.64,29.135,362096,29.23,28.325,28.9354,3840,2020-06-05 04:00:00
441,29.475,29.575,401158,29.815,28.97,29.4901,4612,2020-06-08 04:00:00
442,29.355,29.215,386744,29.61,28.8825,29.273,3749,2020-06-09 04:00:00
443,29.165,29,310018,29.475,28.74,29.0665,3083,2020-06-10 04:00:00
444,28.495,27.74,562796,28.495,27.71,28.0701,5707,2020-06-11 04:00:00
445,28.28,28.515,377662,28.565,27.575,28.1827,4474,2020-06-12 04:00:00
446,27.95,29.275,628692,29.995,27.785,29.3213,5627,2020-06-15 04:00:00
447,29.5,29.305,338140,29.86,28.855,29.3389,3721,2020-06-16 04:00:00
448,29.47,31.67,920480,31.905,29.455,31.3622,6404,2020-06-17 04:00:00
449,31.705,31.32,407776,31.97,30.98,31.3027,4806,2020-06-18 04:00:00
450,31.55,32.05,582918,32.749,31.52,31.9927,3906,2020-06-19 04:00:00
451,31.99,31.625,300400,32.045,31.31,31.5722,3385,2020-06-22 04:00:00
452,31.905,32.13,458944,32.6,31.82,32.1882,4444,2020-06-23 04:00:00
453,32.115,30.335,469892,32.115,30.0325,30.6844,5454,2020-06-24 04:00:00
454,30.33,30.79,474252,30.88,29.79,30.5032,4006,2020-06-25 04:00:00
455,30.81,30.89,464590,31.28,30.34,30.9237,3841,2020-06-26 04:00:00
456,30.995,30.54,346424,31.3957,30.215,30.6448,3193,2020-06-29 04:00:00
457,30.585,30.51,482772,30.9525,30.2,30.4962,4294,2020-06-30 04:00:00
458,30.675,31.69,754044,32.03,30.35,31.5337,6623,2020-07-01 04:00:00
459,34.34,31.965,1841638,34.4325,30.775,32.2697,12433,2020-07-02 04:00:00
460,32.285,32.38,736226,33.3258,32.0451,32.646,6339,2020-07-06 04:00:00
461,32.1,33.015,667500,33.42,31.685,32.8976,5106,2020-07-07 04:00:00
462,32.98,34.055,462226,34.09,32.805,33.7017,4492,2020-07-08 04:00:00
463,33.96,32.79,690348,34.28,32.4625,32.9932,6347,2020-07-09 04:00:00
464,32.985,33.685,299416,33.72,32.76,33.4639,3014,2020-07-10 04:00:00
465,33.97,33.08,284068,34.14,33.055,33.5126,3415,2020-07-13 04:00:00
466,32.955,33.8,310576,33.815,32.735,33.5182,3127,2020-07-14 04:00:00
467,34,33.505,334058,34.26,33.451,33.7355,3240,2020-07-15 04:00:00
468,33.38,33.505,287870,33.79,33.075,33.4929,2758,2020-07-16 04:00:00
469,33.685,33.685,357654,34.41,33.59,33.8418,3418,2020-07-17 04:00:00
470,33.69,33.18,283160,33.775,33.135,33.3076,3206,2020-07-20 04:00:00
471,33.345,32.975,402508,33.51,32.905,33.1578,4084,2020-07-21 04:00:00
472,33.1,33.37,375580,33.395,32.79,33.1304,3369,2020-07-22 04:00:00
473,33.345,33.6,244594,34.375,33.345,33.8442,2593,2020-07-23 04:00:00
474,33.5,33.575,249066,33.6,32.93,33.4052,2972,2020-07-24 04:00:00
475,33.76,34.375,446912,34.785,33.67,34.3988,4511,2020-07-27 04:00:00
476,33.895,34.24,316232,34.8984,33.6615,34.3375,2795,2020-07-28 04:00:00
477,34.445,35.07,358738,35.3,34.375,34.9912,3501,2020-07-29 04:00:00
478,34.36,34.81,1286550,35.32,34.28,34.6965,4802,2020-07-30 04:00:00
479,34.865,32.075,1181158,35.18,31.37,32.5551,9554,2020-07-31 04:00:00
480,32.615,30.31,1026892,32.615,30.055,30.6484,8648,2020-08-03 04:00:00
481,30.465,30.295,629220,30.8775,29.7,30.3119,5558,2020-08-04 04:00:00
482,30.39,31.4,713558,31.615,30.26,31.0998,5687,2020-08-05 04:00:00
483,31.325,31.565,491626,31.905,30.955,31.516,4081,2020-08-06 04:00:00
484,31.525,31.585,619250,32.425,31.36,31.8612,4531,2020-08-07 04:00:00
485,31.605,30.645,412884,31.94,30.4275,30.8092,3756,2020-08-10 04:00:00
486,30.8,30.965,514092,31.5,30.425,31.0477,5138,2020-08-11 04:00:00
487,31.23,31.47,318610,31.885,31.225,31.565,3554,2020-08-12 04:00:00
488,31.465,32.165,299406,32.34,31.385,32.1209,2875,2020-08-13 04:00:00
489,32.12,32.32,329922,32.73,32.0525,32.3135,3727,2020-08-14 04:00:00
490,32.33,32.67,360666,33.2275,32.315,32.7345,3589,2020-08-17 04:00:00
491,32.695,33.005,365460,33.045,32.26,32.7334,3018,2020-08-18 04:00:00
492,33.09,33.665,564320,34.495,33.035,33.7848,4493,2020-08-19 04:00:00
493,33.5,34.19,288156,34.215,33.5,33.9766,3666,2020-08-20 04:00:00
494,34.02,34.475,317742,34.605,33.8954,34.2584,3138,2020-08-21 04:00:00
495,34.785,36.85,1215234,37.495,34.745,36.6795,7992,2020-08-24 04:00:00
496,36.91,37.435,453502,37.5,36.32,37.2104,5228,2020-08-25 04:00:00
497,37.505,39.135,753400,39.1625,37.34,38.6233,7902,2020-08-26 04:00:00
498,39.165,40.265,983538,40.64,38.585,40.0684,9649,2020-08-27 04:00:00
499,40.53,41.09,564124,41.26,40.0866,40.7688,6016,2020-08-28 04:00:00
500,41.09,40.66,998870,42.425,40.555,41.0936,8093,2020-08-31 04:00:00
501,40.395,41.635,1215876,43.1325,39.71,42.0111,8308,2020-09-01 04:00:00
502,41.775,42.145,539248,42.365,41.29,41.8987,5597,2020-09-02 04:00:00
503,41.515,41.1,972372,42.6825,40.005,41.3513,8536,2020-09-03 04:00:00
504,41.275,40.52,629616,41.4,39.335,40.3762,6528,2020-09-04 04:00:00
505,40.16,37.955,770166,40.16,37.61,38.4844,6903,2020-09-08 04:00:00
506,38.595,40.75,641444,41.16,38.595,40.5211,5311,2020-09-09 04:00:00
507,38.49,38.95,1242124,40.02,37.5055,38.8668,9226,2020-09-10 04:00:00
508,39.695,38.79,660142,39.8,38.77,39.2552,6409,2020-09-11 04:00:00
509,39.22,40.58,912892,40.7425,39.0375,40.0215,9175,2020-09-14 04:00:00
510,40.94,37.335,1405674,41.143,36.94,38.3862,10705,2020-09-15 04:00:00
511,37.78,36.83,609430,37.92,36.695,37.1608,5752,2020-09-16 04:00:00
512,36.4,35.97,474952,36.745,35.75,36.0409,5061,2020-09-17 04:00:00
513,36.195,36.155,663176,36.6515,35.335,36.0243,5369,2020-09-18 04:00:00
514,35.455,35.825,414830,36.465,35.435,35.7551,4443,2020-09-21 04:00:00
515,35.88,36.305,376016,36.3323,35.495,36.0213,4700,2020-09-22 04:00:00
516,36.615,35.67,491602,37.3329,35.615,36.0212,3855,2020-09-23 04:00:00
517,35.67,34.89,1200710,36.01,34.105,34.9993,9318,2020-09-24 04:00:00
518,34.665,35.03,581046,35.39,34.55,35.0113,5479,2020-09-25 04:00:00
519,35.445,34.69,526732,35.62,34.6175,34.8111,6221,2020-09-28 04:00:00
520,34.785,34.265,477714,34.8247,34.16,34.4224,5645,2020-09-29 04:00:00
521,34.355,34.005,634668,35.29,33.9725,34.3474,4565,2020-09-30 04:00:00
522,34.385,35.64,588938,35.675,34.01,35.0964,7406,2020-10-01 04:00:00
523,34.93,34.98,395538,35.67,34.835,35.1624,4354,2020-10-02 04:00:00
524,35.12,35.48,354204,35.6705,35.112,35.4204,4315,2020-10-05 04:00:00
525,35.345,37.11,686592,37.32,35.345,36.7925,7432,2020-10-06 04:00:00
526,37.79,38.25,1698110,39.11,37.36,38.2907,13575,2020-10-07 04:00:00
527,38.4,38.525,435874,38.65,37.685,38.2266,4389,2020-10-08 04:00:00
528,38.935,39.655,517158,39.78,38.6698,39.4522,4563,2020-10-09 04:00:00
529,39.995,40.195,547434,40.4,39.31,40.0152,5162,2020-10-12 04:00:00
530,39.94,41.395,599502,41.715,39.365,40.8665,5948,2020-10-13 04:00:00
531,41.33,42.025,338898,42.23,41,41.853,4361,2020-10-14 04:00:00
532,41.56,41.26,466748,42.695,40.615,41.5038,5069,2020-10-15 04:00:00
533,41.175,41.43,643818,42.475,41.175,41.847,5063,2020-10-16 04:00:00
534,41.725,42.24,472012,42.475,41.6279,42.1523,5479,2020-10-19 04:00:00
535,42.905,43.695,1597254,44.885,42.89,43.8605,11732,2020-10-20 04:00:00
536,43.805,43.985,647126,44.43,42.995,43.7871,6852,2020-10-21 04:00:00
537,44.21,44.545,874662,46.705,43.77,45.1695,8394,2020-10-22 04:00:00
538,44.595,43.535,518604,45.4716,42.84,43.6765,5231,2020-10-23 04:00:00
539,43.445,41.525,843630,43.535,41.0725,41.9419,7931,2020-10-26 04:00:00
540,41.665,42.335,388248,42.79,41.5375,42.2815,5305,2020-10-27 04:00:00
541,41.505,40.245,472846,41.725,40.19,40.8854,5839,2020-10-28 04:00:00
542,40.395,40.44,403376,40.845,39.0623,40.2475,5631,2020-10-29 04:00:00
543,40.135,39.145,621880,40.135,38.2954,39.0272,6718,2020-10-30 04:00:00
544,39.67,39.88,449164,40.925,39.28,40.0647,4541,2020-11-02 05:00:00
545,40.445,40.57,343152,41.18,40.135,40.5568,4069,2020-11-03 05:00:00
546,41.435,40.48,387172,42.125,40.15,40.9569,4629,2020-11-04 05:00:00
547,40.975,41.455,338984,41.865,40.825,41.2924,4559,2020-11-05 05:00:00
548,41.675,40.795,307370,41.935,40.435,40.9997,3190,2020-11-06 05:00:00
549,41.6,40.49,669532,42.215,39.688,40.9841,6716,2020-11-09 05:00:00
550,39.89,40.15,586870,40.64,38.8865,39.9492,6328,2020-11-10 05:00:00
551,40.155,42.695,750410,42.915,40.05,42.1152,7340,2020-11-11 05:00:00
552,42.7,43.46,494932,43.605,41.525,42.7998,5511,2020-11-12 05:00:00
553,43.8,45.56,824270,45.5925,43.585,44.8561,8343,2020-11-13 05:00:00
554,46.135,47.605,1078792,47.675,45.21,46.7696,10838,2020-11-16 05:00:00
555,47.14,48.46,1038350,49.375,46.7456,48.4646,9006,2020-11-17 05:00:00
556,48.545,46.825,1281692,49.63,46.66,47.9354,9645,2020-11-18 05:00:00
557,46.56,47.81,423788,48.11,45.77,47.4814,5446,2020-11-19 05:00:00
558,47.765,46.795,653558,48.2175,46.42,46.9162,7126,2020-11-20 05:00:00
559,47.555,47.97,456428,48.23,46.525,47.6463,5143,2020-11-23 05:00:00
560,48.625,47.495,640378,48.625,45.51,47.1764,5762,2020-11-24 05:00:00
561,47.74,47.53,554064,48.29,46.89,47.6373,5652,2020-11-25 05:00:00
562,48.31,47.45,235422,49.25,47.415,47.9428,2662,2020-11-27 05:00:00
563,47.61,49.015,747914,49.4335,47.575,48.5785,6900,2020-11-30 05:00:00
564,48.995,49.465,697592,50.11,48.0833,49.2916,6824,2020-12-01 05:00:00
565,49.25,49.505,555830,50.0075,48.67,49.4399,4689,2020-12-02 05:00:00
566,48.8,47.01,981698,48.85,45.575,46.7612,8199,2020-12-03 05:00:00
567,46.63,48.195,559234,48.36,46.31,47.6718,5585,2020-12-04 05:00:00
568,48.02,47.25,429056,48.82,47.095,47.4508,4699,2020-12-07 05:00:00
569,46.975,46.59,633638,47.865,46.45,47.0013,5678,2020-12-08 05:00:00
570,46.62,43.985,932014,47.1046,43.48,44.59,7423,2020-12-09 05:00:00
571,44.005,44,694614,44.4767,42.65,43.7373,6934,2020-12-10 05:00:00
572,43.12,42.2,1617524,44,40.7051,41.703,14134,2020-12-11 05:00:00
573,42.73,40.595,710868,43.335,40.515,41.1572,7450,2020-12-14 05:00:00
574,40.69,41.205,769858,41.88,40.3429,41.0645,8083,2020-12-15 05:00:00
575,41.22,42.195,1334316,43.18,41.22,42.3385,10617,2020-12-16 05:00:00
576,42.77,42.575,623510,43.115,41.88,42.4423,6922,2020-12-17 05:00:00
577,42.82,42.28,1339548,43.03,41.77,42.3244,6807,2020-12-18 05:00:00
578,42.015,42.87,583454,42.975,41.035,42.3391,7124,2020-12-21 05:00:00
579,43.005,43.06,384870,43.18,41.9475,42.71,4427,2020-12-22 05:00:00
580,43.19,43.24,319652,44.015,42.965,43.3535,4061,2020-12-23 05:00:00
581,43.02,43.935,200158,44.175,42.95,43.6492,2553,2020-12-24 05:00:00
582,44.45,43.475,451574,44.75,42.985,43.5755,3910,2020-12-28 05:00:00
583,43.705,43.095,283630,43.8887,42.775,43.2841,3250,2020-12-29 05:00:00
584,43.405,42.89,377042,43.495,42.825,43.0748,3784,2020-12-30 05:00:00
585,42.935,42.45,632102,42.935,40.8577,42.1899,5424,2020-12-31 05:00:00
586,43.0644,42.37,535750,43.215,41.69,42.289,7556,2021-01-04 05:00:00
587,42.285,42.02,546492,43.085,42,42.4375,5725,2021-01-05 05:00:00
588,42.025,41.54,555116,42.35,41.1775,41.5555,6759,2021-01-06 05:00:00
589,41.565,40.54,795060,41.7575,40.065,40.6806,7961,2021-01-07 05:00:00
590,40.74,41.29,459336,41.435,40.175,40.8221,5850,2021-01-08 05:00:00
591,41.135,39.7,674372,41.72,39.41,40.0943,7075,2021-01-11 05:00:00
592,39.91,39.43,614180,40.3999,39.165,39.5146,8394,2021-01-12 05:00:00
593,39.455,41.45,740250,41.605,38.73,40.8317,7234,2021-01-13 05:00:00
594,41.54,43.87,1202782,44.03,41.05,43.068,11374,2021-01-14 05:00:00
595,43.515,44.335,952434,44.4475,42.36,43.8486,7791,2021-01-15 05:00:00
596,44.99,46.34,1403682,47.775,44.5501,46.1796,9954,2021-01-19 05:00:00
597,46.85,47.3,829400,47.785,46.56,47.2427,6590,2021-01-20 05:00:00
598,47.495,47.375,746930,48.1875,47.105,47.7756,8160,2021-01-21 05:00:00
599,47.175,49.22,752708,49.51,46.915,48.7328,7541,2021-01-22 05:00:00
600,50,55.705,4379224,70,49.975,58.4329,31694,2021-01-25 05:00:00
601,56.075,64.745,2682930,65.615,55.72,61.3244,19722,2021-01-26 05:00:00
602,68.6,90.755,9471920,98.215,67.855,82.8121,66263,2021-01-27 05:00:00
603,75,78.585,6659214,78.7,69.467,74.1319,40993,2021-01-28 05:00:00
604,81.2382,75.77,3422004,97.65,73.5301,85.0342,33045,2021-01-29 05:00:00
605,75.7239,65.79,2214158,76.06,59.63,64.4911,24798,2021-02-01 05:00:00
606,60.19,60.805,2225214,63.2793,59.165,60.8851,18323,2021-02-02 05:00:00
607,58.425,61.005,2430054,64.945,55.615,60.3915,19939,2021-02-03 05:00:00
608,61.72,55.26,1601830,61.875,54.65,56.1152,14856,2021-02-04 05:00:00
609,56.1,54.675,861476,57.45,54.13,55.7968,8793,2021-02-05 05:00:00
610,54.98,57.235,914954,58.19,52.795,56.4423,9285,2021-02-08 05:00:00
611,57.35,58.12,824600,58.875,56.535,57.9162,8403,2021-02-09 05:00:00
612,58.705,58.52,1288262,61.45,56.8313,59.3097,11116,2021-02-10 05:00:00
613,59.245,56.915,1052690,59.525,55.55,57.3763,8509,2021-02-11 05:00:00
614,58.3653,54.755,769426,58.3653,54.0599,55.3869,7411,2021-02-12 05:00:00
615,55.04,53.025,1332168,55.04,51.38,53.4112,10910,2021-02-16 05:00:00
616,52.63,50.78,1014104,53.0675,50.53,51.4347,10240,2021-02-17 05:00:00
617,50.105,50.605,701376,52.32,49.5,51.1233,7643,2021-02-18 05:00:00
618,50.515,50.4,917986,51.91,49.8688,50.5911,8525,2021-02-19 05:00:00
619,52.8,49.15,917506,52.84,48.25,49.5791,13143,2021-02-22 05:00:00
620,47.5,48.39,935659,49.72,46.0038,48.2694,11585,2021-02-23 05:00:00
621,48.67,51.21,1013860,51.29,47.28,50.0557,13649,2021-02-24 05:00:00
622,53.9763,48.56,991888,54.78,48.36,50.6649,13827,2021-02-25 05:00:00
623,49.3034,47.66,1576242,50.8299,47.06,48.1146,11572,2021-02-26 05:00:00
624,48.33,48.99,727491,50.8999,48.33,49.5447,10827,2021-03-01 05:00:00
625,48.77,48.38,542783,49.66,47.75,48.5799,7839,2021-03-02 05:00:00
626,48.65,48.39,570081,49.89,47.81,48.5343,8530,2021-03-03 05:00:00
627,48.45,48.88,2622022,52.9745,47.38,49.4455,20316,2021-03-04 05:00:00
628,49.75,54.71,1827429,55.52,48.25,52.8892,24164,2021-03-05 05:00:00
629,54.5,52.9,1115157,55.41,51.07,52.9878,15857,2021-03-08 05:00:00
630,53.79,55.81,954213,57.33,53.71,56.1157,12962,2021-03-09 05:00:00
631,56.64,55.56,707192,58.13,55.055,56.3555,9891,2021-03-10 05:00:00
632,56.04,55.11,657099,56.76,53.18,54.9487,10304,2021-03-11 05:00:00
633,53.39,50.71,1404221,54.08,49.5,50.9064,18726,2021-03-12 05:00:00
634,51.02,52.49,645018,53.46,50.39,52.4335,10368,2021-03-15 04:00:00
635,52.7,52.45,803254,54.47,51.49,52.7947,11301,2021-03-16 04:00:00
636,52.1,52,670035,53,50.84,52.1245,9822,2021-03-17 04:00:00
637,51.13,50.05,1034736,51.9,49.27,50.01,14161,2021-03-18 04:00:00
638,50.05,50.79,817531,51.945,49.64,50.7629,10657,2021-03-19 04:00:00
639,51.07,49.99,619369,51.71,49.88,50.4885,9314,2021-03-22 04:00:00
640,49.88,49.36,841218,50.37,48.26,49.4789,11701,2021-03-23 04:00:00
641,49.4,46.85,914477,49.665,46.64,47.7024,12538,2021-03-24 04:00:00
642,46.6,48.11,719793,49.39,46.25,48.0854,10681,2021-03-25 04:00:00
643,48.2,49.19,1050614,49.35,45.925,47.916,14488,2021-03-26 04:00:00
644,49.5926,48.37,611933,50.58,47.68,48.6344,10256,2021-03-29 04:00:00
645,48.48,48.25,501298,49.15,47.46,48.4401,9277,2021-03-30 04:00:00
646,48.14,48.91,810954,49.63,47.18,48.4931,11206,2021-03-31 04:00:00
647,49.5,48.04,598127,49.68,47.55,48.4275,9914,2021-04-01 04:00:00
648,48.38,48.63,593254,49.905,48,49.6412,9567,2021-04-05 04:00:00
649,48.41,48.63,439253,49.855,48.25,49.0327,7415,2021-04-06 04:00:00
650,48.3,49.67,713109,50.02,47.9,49.3078,7734,2021-04-07 04:00:00
651,49.68,49.6,553783,50.245,49.24,49.8318,7600,2021-04-08 04:00:00
652,49.5,47.91,490997,49.75,47.61,48.1842,7921,2021-04-09 04:00:00
653,47.9,49.93,764317,50.57,47.42,49.2304,9674,2021-04-12 04:00:00
654,49.88,49.37,1181599,52.03,49.18,50.5639,12821,2021-04-13 04:00:00
655,49.41,50.19,529082,50.86,49.33,50.2797,8145,2021-04-14 04:00:00
656,50.47,50.86,444343,51.315,49.81,50.7273,7835,2021-04-15 04:00:00
657,51.04,51.88,1034915,53.92,50.4144,52.4166,15758,2021-04-16 04:00:00
658,51.89,53.13,649924,53.5,51.29,52.6486,9721,2021-04-19 04:00:00
659,53.63,53.82,555385,54.585,52.4836,53.7636,10013,2021-04-20 04:00:00
660,53.8,54.7,402363,55.23,53.61,54.4858,6483,2021-04-21 04:00:00
661,54.9,53.29,365890,55.33,52.66,53.4715,7371,2021-04-22 04:00:00
662,53.22,52.39,236217,53.56,52.27,52.6787,5425,2021-04-23 04:00:00
663,52.73,52.43,218568,52.75,51.55,52.1996,4186,2021-04-26 04:00:00
664,52.32,50.42,383200,52.43,50.18,50.8504,6760,2021-04-27 04:00:00
665,50.32,48.89,570958,50.47,48.5,49.238,8407,2021-04-28 04:00:00
666,48.95,48.66,419344,49.35,48.26,48.6703,7603,2021-04-29 04:00:00
667,48.56,48.59,543413,48.8,47.45,48.2756,7583,2021-04-30 04:00:00
668,48.68,48.6,340433,49.385,48.1434,48.7803,6100,2021-05-03 04:00:00
669,48.24,46.01,640590,48.57,45.6,46.4035,10674,2021-05-04 04:00:00
670,46.53,46.93,366572,47.01,45.27,46.4851,6531,2021-05-05 04:00:00
671,47.27,47.33,228834,47.55,46.315,47.0058,4898,2021-05-06 04:00:00
672,47.22,47.69,205066,47.83,46.86,47.4547,5063,2021-05-07 04:00:00
673,47.34,46.14,442211,47.53,45.83,46.4372,8075,2021-05-10 04:00:00
674,45.2,46.44,312242,46.555,44.64,46.086,6362,2021-05-11 04:00:00
675,46.35,45.12,542309,46.89,44.77,45.5772,9254,2021-05-12 04:00:00
676,45.19,45.08,398830,46.39,44.35,45.221,8093,2021-05-13 04:00:00
677,45.46,45.97,325351,46.8309,45.44,46.0974,7195,2021-05-14 04:00:00
678,45.76,45.51,185410,46.37,45.05,45.4983,4350,2021-05-17 04:00:00
679,45.55,45.18,187083,46.14,45.15,45.5953,4976,2021-05-18 04:00:00
680,44.06,44.73,319532,45.02,43.71,44.2901,5734,2021-05-19 04:00:00
681,44.92,45.77,196617,46.11,44.85,45.7475,3839,2021-05-20 04:00:00
682,46.05,46.01,279596,46.31,45.3,46.0386,5172,2021-05-21 04:00:00
683,46.27,46.12,310024,47.55,46.08,46.8157,6217,2021-05-24 04:00:00
684,46.04,46.95,226542,47.2,45.87,46.6393,5632,2021-05-25 04:00:00
685,47,48.15,403213,48.35,47,47.8629,7219,2021-05-26 04:00:00
686,48.1,48.7,425048,49.44,47.78,48.5668,9793,2021-05-27 04:00:00
687,48.77,49.93,663540,51.34,48.77,50.4361,8885,2021-05-28 04:00:00
688,49.75,47.31,484413,50.275,47.09,47.5734,11313,2021-06-01 04:00:00
689,47.33,52.8,1305165,53.22,46.6,50.8789,19632,2021-06-02 04:00:00
690,52.01,50.42,760896,54.02,49.7323,51.0016,13007,2021-06-03 04:00:00
691,50.99,49.77,350919,50.99,49.4,50.0325,6406,2021-06-04 04:00:00
692,50.02,50.51,498152,50.63,48.84,49.7409,7404,2021-06-07 04:00:00
693,51.36,50.51,341087,51.87,49.83,50.5963,7098,2021-06-08 04:00:00
694,50.99,49.94,294032,51.38,49.71,50.3587,5772,2021-06-09 04:00:00
695,49.73,48.78,383543,50.39,48.73,49.3886,5552,2021-06-10 04:00:00
696,48.71,49.35,367719,49.74,48.4,49.4148,5370,2021-06-11 04:00:00
697,49.44,48.94,273927,49.86,48.16,48.9804,4507,2021-06-14 04:00:00
698,49.25,47.66,225836,49.91,47.265,47.815,4944,2021-06-15 04:00:00
699,47.65,47.11,300460,47.96,46.6,47.2147,5943,2021-06-16 04:00:00
700,47.08,47.52,234645,47.92,46.75,47.5107,4887,2021-06-17 04:00:00
701,47.23,45.76,370020,47.48,45.75,46.0948,6134,2021-06-18 04:00:00
702,46.14,46.49,395423,47.18,45.95,46.6268,7268,2021-06-21 04:00:00
703,46.3,46.36,436307,46.82,45.06,46.0066,8315,2021-06-22 04:00:00
704,46.12,46.53,278792,46.85,45.75,46.3423,4810,2021-06-23 04:00:00
705,46.84,47.15,316392,48.28,46.27,47.3845,6311,2021-06-24 04:00:00
706,47.01,47.38,379385,47.73,46.53,47.3317,4720,2021-06-25 04:00:00
707,47.5,47.37,331402,47.64,46.04,46.9341,6824,2021-06-28 04:00:00
708,47.44,47.83,307008,48.05,46.9035,47.6946,5391,2021-06-29 04:00:00
709,47.58,47.23,346963,47.58,45.91,46.881,6373,2021-06-30 04:00:00
710,47.17,45.86,437945,47.515,45.86,46.4556,7344,2021-07-01 04:00:00
711,46.15,45.45,418787,46.99,45.38,46.054,8520,2021-07-02 04:00:00
712,45.81,45.95,425126,46.27,44.865,45.7371,7037,2021-07-06 04:00:00
713,45.69,44.87,384402,45.863,44.09,45.0974,7466,2021-07-07 04:00:00
714,44.37,45.4,309338,45.6,44.125,45.2136,6016,2021-07-08 04:00:00
715,45.74,45.1,276754,45.74,44.74,45.1518,5356,2021-07-09 04:00:00
716,45.12,44.53,256583,45.38,44.28,44.5985,5544,2021-07-12 04:00:00
717,44.62,44.38,214852,44.96,43.98,44.3947,4678,2021-07-13 04:00:00
718,44.65,43.7,235010,44.76,43.65,44.14,4571,2021-07-14 04:00:00
719,43.73,44.19,295943,44.68,43.4,44.2119,6344,2021-07-15 04:00:00
720,44.24,43.72,304727,44.79,43.59,44.0373,5846,2021-07-16 04:00:00
721,43.31,44.45,543949,45.4122,42.92,44.3914,7949,2021-07-19 04:00:00
722,44.45,46.1,413196,46.7877,44.45,46.0489,8936,2021-07-20 04:00:00
723,46.19,43.96,428502,46.54,43.72,44.5067,8780,2021-07-21 04:00:00
724,44.23,43.58,205831,44.23,43.17,43.5657,5680,2021-07-22 04:00:00
725,43.58,43.27,259261,43.96,43.01,43.3608,5193,2021-07-23 04:00:00
726,43.23,44.7,204109,44.91,43.23,44.5006,4261,2021-07-26 04:00:00
727,44.58,45.46,212908,45.58,44.2792,45.2062,5142,2021-07-27 04:00:00
728,45.39,45.33,258593,45.8,44.7,45.2719,5466,2021-07-28 04:00:00
729,45.5,46.96,391705,47.01,44.85,46.4944,7655,2021-07-29 04:00:00
730,46.61,45.38,253744,46.95,45.23,45.6086,4653,2021-07-30 04:00:00
731,45.35,45.47,281036,46,44.71,45.4163,5772,2021-08-02 04:00:00
732,45.56,45.51,169224,46.05,45.1,45.4547,3124,2021-08-03 04:00:00
733,45.47,43.48,275610,46.08,43.15,43.9092,5143,2021-08-04 04:00:00
734,43.76,44.03,165592,44.37,43.725,44.0756,2738,2021-08-05 04:00:00
735,44.16,44.21,144497,45.07,44.105,44.4476,2344,2021-08-06 04:00:00
736,44.18,44.47,124946,44.54,43.845,44.2777,3071,2021-08-09 04:00:00
737,44.45,45.06,150361,45.175,44.21,44.9009,2994,2021-08-10 04:00:00
738,45.01,44.27,158544,45.17,44.13,44.5029,2645,2021-08-11 04:00:00
739,44.09,44.25,200496,44.41,43.85,44.2243,3023,2021-08-12 04:00:00
740,44.32,44.1,183575,44.58,43.97,44.2683,2749,2021-08-13 04:00:00
741,43.98,43.46,207720,44.15,43.34,43.6376,4166,2021-08-16 04:00:00
742,43.725,42.31,270737,43.725,42.09,42.5344,4704,2021-08-17 04:00:00
743,42.46,42.84,304974,43.42,41.73,42.9417,6340,2021-08-18 04:00:00
744,42.48,42.83,200536,43.22,42.48,42.868,3488,2021-08-19 04:00:00
745,42.75,42.48,187436,43.15,42.105,42.5669,4723,2021-08-20 04:00:00
746,42.53,43.01,243944,43.53,42.14,42.9978,5412,2021-08-23 04:00:00
747,43.27,44.8,416345,44.91,42.62,44.2837,6389,2021-08-24 04:00:00
748,44.61,44.4,327514,44.99,43.63,44.4409,6469,2021-08-25 04:00:00
749,44.59,44.36,204402,45.3686,44.04,44.579,4436,2021-08-26 04:00:00
750,44.33,45.13,291640,45.57,43.655,44.9769,4799,2021-08-27 04:00:00
751,45.14,45.07,192855,45.3708,43.795,44.779,4402,2021-08-30 04:00:00
752,45.33,46.55,280655,46.66,44.85,46.113,6038,2021-08-31 04:00:00
753,46.77,47.17,326965,47.63,45.31,47.0569,8173,2021-09-01 04:00:00
754,47.25,46.99,246078,47.87,45.955,46.7681,5010,2021-09-02 04:00:00
755,46.93,46.43,269832,47.56,46.31,46.7328,5024,2021-09-03 04:00:00
756,46.45,47.14,327385,47.72,46.45,47.1984,6405,2021-09-07 04:00:00
757,47.42,46.15,549947,47.65,45.66,46.7652,7834,2021-09-08 04:00:00
758,45.72,46.79,424179,47.14,45.53,46.4636,6996,2021-09-09 04:00:00
759,47.67,52.55,1377438,52.8,47.56,50.8497,16305,2021-09-10 04:00:00
760,53.26,52.29,708134,55.44,51.75,53.2101,12426,2021-09-13 04:00:00
761,52.13,50.95,450679,52.14,50.45,50.9032,8724,2021-09-14 04:00:00
762,50.81,51.53,715247,52.26,50,51.5477,8342,2021-09-15 04:00:00
763,51.37,51.82,285792,51.93,49.94,51.2322,5594,2021-09-16 04:00:00
764,52.24,52.22,639804,52.86,51.33,52.2646,7328,2021-09-17 04:00:00
765,51.87,51.97,422954,52.75,49.09,52.1345,6878,2021-09-20 04:00:00
766,52.05,53.78,316041,54.205,52.05,53.5281,6497,2021-09-21 04:00:00
767,53.71,53.05,349363,54.47,52.46,52.9845,5410,2021-09-22 04:00:00
768,53.44,51.77,274092,53.95,51.67,52.3537,6269,2021-09-23 04:00:00
769,51.82,51.96,218960,52.86,51.81,52.1125,3973,2021-09-24 04:00:00
770,52.1,52.1,270290,52.96,51.5075,52.0073,5238,2021-09-27 04:00:00
771,51.68,52.17,277705,52.72,51.16,52.0358,6515,2021-09-28 04:00:00
772,52.41,52.53,147344,53.31,52.32,52.6941,4342,2021-09-29 04:00:00
773,52.48,52.49,376281,54.12,51.81,52.9348,6291,2021-09-30 04:00:00
774,52.61,52.98,271938,53.76,52.36,53.1467,5762,2021-10-01 04:00:00
775,53.09,52.81,184899,53.23,52.4902,52.862,5439,2021-10-04 04:00:00
776,52.88,54.31,278542,54.38,52.88,53.9297,5468,2021-10-05 04:00:00
777,54.07,54.85,296629,55.08,53.7,54.4347,5198,2021-10-06 04:00:00
778,55.04,55.52,301256,55.8,54.4504,55.2981,5982,2021-10-07 04:00:00
779,55.62,54.9,278876,55.76,54.2,55.0008,4854,2021-10-08 04:00:00
780,55.35,54.93,138943,55.6,54.42,54.993,2462,2021-10-11 04:00:00
781,54.97,54.9,227583,55.75,54.59,55.0325,3293,2021-10-12 04:00:00
782,55.12,55.89,198393,56.13,54.52,55.6674,3995,2021-10-13 04:00:00
783,56.65,56.87,204735,56.99,56.14,56.6363,4156,2021-10-14 04:00:00
784,57.19,55.18,260211,57.19,55.17,55.8191,5028,2021-10-15 04:00:00
785,55,56.72,222204,56.805,54.37,56.2856,4594,2021-10-18 04:00:00
786,56.89,56.85,128870,56.95,55.85,56.5937,4411,2021-10-19 04:00:00
787,57.06,56.53,142706,57.81,56.0214,56.9372,3228,2021-10-20 04:00:00
788,56.4,56.27,110242,56.63,56.02,56.301,2240,2021-10-21 04:00:00
789,56.55,56.92,129636,57.02,56.16,56.6319,2715,2021-10-22 04:00:00
790,57.17,57.87,177243,57.89,56.96,57.4819,4317,2021-10-25 04:00:00
791,57.84,56.93,162748,57.94,56.92,57.2017,4195,2021-10-26 04:00:00
792,56.76,56.17,131445,57.11,55.55,56.0823,3540,2021-10-27 04:00:00
793,56.72,56.05,157592,57.24,55.66,56.0835,3536,2021-10-28 04:00:00
794,55.89,56.4,164936,57.02,55.89,56.4207,3544,2021-10-29 04:00:00
795,55.83,56.99,173864,57.37,55.39,56.9218,3730,2021-11-01 04:00:00
796,57.33,59.38,256675,59.55,56.8874,58.7816,5214,2021-11-02 04:00:00
797,59.67,61.62,580734,64.67,59.5,62.2658,10663,2021-11-03 04:00:00
798,61.9,60.56,236791,62.18,60.18,60.8534,5331,2021-11-04 04:00:00
799,60.97,62.28,218397,62.54,60.97,61.9641,5605,2021-11-05 04:00:00
800,62.33,61.15,155756,62.99,61.03,61.5859,4579,2021-11-08 05:00:00
801,61.1,61.92,150788,62.3,60.7788,61.7975,4157,2021-11-09 05:00:00
802,61.54,60.55,237423,63.03,60.52,61.2898,4519,2021-11-10 05:00:00
803,60.55,62.83,192884,62.94,60.47,62.0774,4684,2021-11-11 05:00:00
804,63.13,62.75,152523,63.79,62.625,63.0344,3095,2021-11-12 05:00:00
805,62.35,63.25,141956,63.33,62.08,63.0488,3752,2021-11-15 05:00:00
806,63.3,62.43,203583,64.34,62.21,62.9505,6214,2021-11-16 05:00:00
807,62.21,61.87,176921,63.09,61.54,62.0331,4852,2021-11-17 05:00:00
808,62.13,60.01,221983,62.13,59.92,60.5116,6115,2021-11-18 05:00:00
809,60.22,60.09,183794,60.88,59.62,60.2204,4800,2021-11-19 05:00:00
810,60.16,59.98,188005,61.13,59.51,60.2245,4555,2021-11-22 05:00:00
811,59.91,57.77,261730,60.295,56.95,57.9784,5104,2021-11-23 05:00:00
812,57.68,56.85,177484,57.68,56.29,56.8644,4193,2021-11-24 05:00:00
813,56.1,56.05,171256,56.62,55.52,56.0571,3787,2021-11-26 05:00:00
814,56.69,54.34,199690,56.69,54.15,54.8435,5009,2021-11-29 05:00:00
815,54.24,51.94,400351,54.24,51.73,52.5443,7874,2021-11-30 05:00:00
816,53.19,51.31,314549,53.19,50.85,51.8363,7017,2021-12-01 05:00:00
817,51.24,51.12,234576,51.795,50.46,51.2938,5447,2021-12-02 05:00:00
818,53.05,51.78,265751,53.77,51.45,51.9653,7389,2021-12-03 05:00:00
819,51.81,51.54,294528,52.4761,51.3,51.7509,7677,2021-12-06 05:00:00
820,52.08,53.16,328793,54.13,51.65,53.0633,6283,2021-12-07 05:00:00
821,53.2,52.54,340866,53.429,51.66,52.4761,5539,2021-12-08 05:00:00
822,52.23,51.52,381144,53.24,50.93,51.8302,7715,2021-12-09 05:00:00
823,47.22,48.26,1367608,48.4,41.6206,45.7137,19249,2021-12-10 05:00:00
824,48.25,46.73,767644,48.52,45.92,46.8787,11414,2021-12-13 05:00:00
825,46.53,45.52,456240,46.725,45.3135,45.7347,8227,2021-12-14 05:00:00
826,45.67,46.03,270188,46.365,45.13,45.8182,5610,2021-12-15 05:00:00
827,46.27,46.04,259940,47.09,45.69,46.1795,5616,2021-12-16 05:00:00
828,46.25,46.85,876764,47.7,45.73,46.7658,7609,2021-12-17 05:00:00
829,47.09,46.89,267192,47.71,46.4,46.8761,6048,2021-12-20 05:00:00
830,47.02,46.45,225015,47.31,46.33,46.677,5491,2021-12-21 05:00:00
831,46.28,46.5,275432,47.18,45.53,46.4659,3940,2021-12-22 05:00:00
832,46.39,46.64,166342,46.77,45.88,46.4054,3336,2021-12-23 05:00:00
833,46.63,46.61,163978,47.14,46.29,46.5509,3530,2021-12-27 05:00:00
834,46.38,45.51,163165,46.5109,45.33,45.7041,3493,2021-12-28 05:00:00
835,45.63,45.7,121145,45.99,45.28,45.6859,2995,2021-12-29 05:00:00
836,45.94,45.93,267117,46.15,44.95,45.6921,5211,2021-12-30 05:00:00
837,45.93,45.33,178735,46.02,44.97,45.3936,4392,2021-12-31 05:00:00
838,45.42,46.62,143782,46.66,44.821,46.0746,3591,2022-01-03 05:00:00
839,46.45,47.11,165941,47.39,45.8001,46.7625,4328,2022-01-04 05:00:00
840,46.99,45.38,175541,47.035,45.24,45.7974,4158,2022-01-05 05:00:00
841,45.16,45.08,189551,45.97,44.53,45.2401,3867,2022-01-06 05:00:00
842,45.12,44.8,272264,45.53,44.545,44.8422,3462,2022-01-07 05:00:00
843,44.81,46.01,265936,46.88,44.48,45.888,6177,2022-01-10 05:00:00
844,45.91,45.67,163666,46.06,44.85,45.3399,3980,2022-01-11 05:00:00
845,45.85,44.99,187771,46.09,44.9101,45.1557,4668,2022-01-12 05:00:00
846,45.39,44.79,130136,45.58,44.66,45.006,3005,2022-01-13 05:00:00
847,44.63,45.07,210052,45.2,44.29,44.8953,4016,2022-01-14 05:00:00
848,44.6,43.21,276052,44.78,42.59,43.189,5435,2022-01-18 05:00:00
849,43.91,43.37,194295,43.91,42.72,43.3108,4200,2022-01-19 05:00:00
850,43.62,42.87,178519,44.12,42.75,43.2875,3909,2022-01-20 05:00:00
851,42.67,42.96,177905,43.86,42.51,43.2222,3639,2022-01-21 05:00:00
852,42.91,43.7,223120,43.85,41.94,43.0272,5110,2022-01-24 05:00:00
853,43.33,43.29,185512,44.35,42.92,43.5978,3471,2022-01-25 05:00:00
854,43.42,42.2,161601,43.56,41.745,42.4918,3871,2022-01-26 05:00:00
855,42.37,41.9,232379,43.34,41.3731,42.0307,4616,2022-01-27 05:00:00
856,41.93,43.25,214991,43.42,41.36,42.7972,4162,2022-01-28 05:00:00
857,43.16,44.67,300459,45.1,43.1,44.4518,4868,2022-01-31 05:00:00
858,44.9,44.59,211629,44.9,43.57,44.4309,4565,2022-02-01 05:00:00
859,44.75,44.3,170037,45.52,43.96,44.3128,3834,2022-02-02 05:00:00
860,44.12,43.62,134308,44.56,43.57,43.8287,2683,2022-02-03 05:00:00
861,43.62,42.58,188384,43.875,41.92,42.6224,3421,2022-02-04 05:00:00
862,42.75,42.95,150201,43.24,42.25,42.86,2974,2022-02-07 05:00:00
863,42.85,44.78,138314,44.99,42.85,44.3576,3618,2022-02-08 05:00:00
864,44.84,45.33,168713,45.5,44.71,45.1296,4321,2022-02-09 05:00:00
865,44.76,44.33,226774,45.425,44.06,44.5714,4719,2022-02-10 05:00:00
866,44.62,45.33,163190,45.4,44.62,45.1759,3680,2022-02-11 05:00:00
867,45.38,45.45,173328,45.65,44.7,45.3568,3786,2022-02-14 05:00:00
868,45.64,44.73,121968,46.33,44.645,44.9824,3033,2022-02-15 05:00:00
869,44.77,43.36,190813,44.77,42.95,43.46,4747,2022-02-16 05:00:00
870,43.2,43.22,109781,43.66,42.8,43.2639,2980,2022-02-17 05:00:00
871,43.1,42.43,143030,43.35,41.85,42.4129,3030,2022-02-18 05:00:00
872,42.18,42.33,154671,42.781,41.7023,42.2235,3843,2022-02-22 05:00:00
873,42.58,40.51,129459,42.65,40.48,40.9352,3335,2022-02-23 05:00:00
874,40.1,42.22,185961,42.26,39.63,41.158,4020,2022-02-24 05:00:00
875,42.4,43.35,132203,43.38,42,43.0066,3461,2022-02-25 05:00:00
876,42.9,44.01,178105,44.15,42.89,43.6498,3228,2022-02-28 05:00:00
877,43.91,43.33,154778,44.28,42.57,43.1819,3695,2022-03-01 05:00:00
878,42.97,43.93,104919,44.16,42.01,43.8488,2870,2022-03-02 05:00:00
879,44.19,43.06,125882,44.28,42.8,43.1875,2856,2022-03-03 05:00:00
880,42.72,42.69,110551,42.96,42.34,42.6307,2652,2022-03-04 05:00:00
881,43.64,43.04,207449,43.64,42.55,43.1101,4450,2022-03-07 05:00:00
882,43.05,42.18,159536,43.05,41.31,42.2964,3720,2022-03-08 05:00:00
883,42.83,43.57,186360,44.218,42.83,43.7226,4655,2022-03-09 05:00:00
884,42.98,40.63,221609,43.46,40.29,40.816,4956,2022-03-10 05:00:00
885,40.5,39.54,327099,42.41,38.38,39.7386,5970,2022-03-11 05:00:00
886,39.6,39,386717,39.6,38.1001,38.8539,5704,2022-03-14 04:00:00
887,39.35,40.51,207759,40.6,39.13,40.1685,3697,2022-03-15 04:00:00
888,40.76,42.07,262803,42.4,40.76,41.9305,6210,2022-03-16 04:00:00
889,42.08,41.54,223086,42.49,41.39,41.7628,5302,2022-03-17 04:00:00
890,42.62,43.87,752435,43.97,41.75,43.034,6018,2022-03-18 04:00:00
891,43.59,43.19,188601,44.66,42.8,43.5341,4612,2022-03-21 04:00:00
892,43.04,43.48,134923,43.895,42.86,43.435,3076,2022-03-22 04:00:00
893,43.22,42.5,126142,43.275,41.73,42.3646,3645,2022-03-23 04:00:00
894,42.74,42.59,103779,43.09,42.02,42.4039,2597,2022-03-24 04:00:00
895,42.52,42.61,109929,43.09,42.24,42.6105,2313,2022-03-25 04:00:00
896,42.53,43.46,93742,43.56,42.53,43.2156,2315,2022-03-28 04:00:00
897,43.49,44.74,147032,44.82,43.49,44.4989,3290,2022-03-29 04:00:00
898,44.53,44.17,104135,44.65,43.945,44.2126,2974,2022-03-30 04:00:00
899,43.96,43.5,131625,44.445,43.335,43.6899,2674,2022-03-31 04:00:00
900,43.52,44.68,180829,44.75,43.38,44.3745,3749,2022-04-01 04:00:00
901,44.97,45.43,131817,45.55,44.16,45.2531,3315,2022-04-04 04:00:00
902,45.39,45.55,133223,45.76,45.106,45.5438,3561,2022-04-05 04:00:00
903,45.23,45.47,193223,45.845,45.09,45.4371,3594,2022-04-06 04:00:00
904,45.5,46.71,227930,47.02,45.37,46.5899,5125,2022-04-07 04:00:00
905,46.83,45.93,242298,47.34,45.835,46.5157,4568,2022-04-08 04:00:00
906,45.54,46.6,147892,46.7,45.48,46.3634,3861,2022-04-11 04:00:00
907,46.96,47.85,218646,48.09,46.78,47.7498,4369,2022-04-12 04:00:00
908,47.86,46.22,223841,47.94,45.49,46.3131,4208,2022-04-13 04:00:00
909,46.48,47.34,186929,47.73,46.31,47.1674,4033,2022-04-14 04:00:00
910,47.64,45.37,140858,47.64,45.28,45.7534,3667,2022-04-18 04:00:00
911,45.16,45.99,99688,46.375,45.15,45.9633,2803,2022-04-19 04:00:00
912,46.38,46.61,91211,46.975,46.24,46.6222,2834,2022-04-20 04:00:00
913,46.47,45.92,126101,47.05,45.83,46.1596,3660,2022-04-21 04:00:00
914,45.92,45.22,96030,46.3616,45.02,45.3042,2649,2022-04-22 04:00:00
915,45.09,46.1,113274,46.1899,44.65,45.6855,3572,2022-04-25 04:00:00
916,45.86,44.49,123576,45.86,44.46,44.8585,3598,2022-04-26 04:00:00
917,44.47,44.33,139132,45.9,44.22,44.8114,4330,2022-04-27 04:00:00
918,44.78,45.45,133343,45.68,44.21,45.1225,2990,2022-04-28 04:00:00
919,45.09,44.08,131330,45.28,43.79,44.2871,3032,2022-04-29 04:00:00
920,44.23,43.84,121546,44.66,42.97,43.7493,3564,2022-05-02 04:00:00
921,43.83,43.51,110714,44.16,42.58,43.3341,3033,2022-05-03 04:00:00
922,43.7,45.11,113543,45.18,43.22,44.5443,2930,2022-05-04 04:00:00
923,44.76,45.59,261551,45.69,44.46,45.196,4810,2022-05-05 04:00:00
924,45.5,45.67,179921,46.34,44.49,45.6467,3592,2022-05-06 04:00:00
925,45.21,45.88,122807,46.29,44.84,45.7535,3345,2022-05-09 04:00:00
926,46.52,46.37,427766,46.9,44.52,46.2028,7325,2022-05-10 04:00:00
927,46.4,46.34,432398,48.71,45.41,47.2025,7882,2022-05-11 04:00:00
928,46,46.64,185002,46.65,44.47,45.8553,4744,2022-05-12 04:00:00
929,46.98,49.63,318969,49.8,46.98,49.2231,5478,2022-05-13 04:00:00
930,49.63,48.28,264494,50.72,47.91,49.259,5322,2022-05-16 04:00:00
931,48.68,49.45,288508,49.72,48,48.9359,4944,2022-05-17 04:00:00
932,48.69,48.48,797069,49.04,47.69,48.4476,9451,2022-05-18 04:00:00
933,47.93,45.12,694912,48.09,45.035,46.204,9173,2022-05-19 04:00:00
934,45.28,45.52,335322,45.86,44.59,45.2496,5835,2022-05-20 04:00:00
935,45.76,46.36,504427,46.4475,44.85,46.1128,7840,2022-05-23 04:00:00
936,45.96,47.37,304338,47.72,45.49,46.8815,6217,2022-05-24 04:00:00
937,47.16,47.57,165129,48.23,46.57,47.4597,5781,2022-05-25 04:00:00
938,48.06,48.96,134470,49.81,46.22,49.0936,4095,2022-05-26 04:00:00
939,49.18,50.94,137675,51.2,49.18,50.6906,3584,2022-05-27 04:00:00
940,50.89,49.63,169175,50.935,49.28,49.8883,4354,2022-05-31 04:00:00
941,49.82,48.6,182923,50.375,48.115,48.5204,4833,2022-06-01 04:00:00
942,48.52,49.29,130185,49.46,48.27,49.1478,3514,2022-06-02 04:00:00
943,48.88,48.94,121101,49.89,48.795,49.1356,3740,2022-06-03 04:00:00
944,49.3,48.83,104944,49.72,48.48,48.9042,3868,2022-06-06 04:00:00
945,48.29,49.24,131148,49.99,48.29,49.3408,3529,2022-06-07 04:00:00
946,48.89,48.74,118864,49.225,47.99,48.6645,3911,2022-06-08 04:00:00
947,48.72,47.64,74494,49.1,47.6,48.053,2946,2022-06-09 04:00:00
948,46.74,46.82,124718,47.43,46.42,46.8742,3536,2022-06-10 04:00:00
949,46.25,44.4,227286,46.99,44.1,44.8467,5008,2022-06-13 04:00:00
950,44.69,44.08,159156,45.29,43.75,44.1134,4572,2022-06-14 04:00:00
951,44.73,45.19,178373,45.81,44.33,45.3127,4835,2022-06-15 04:00:00
952,44.59,43.99,125016,44.59,43.68,44.1069,4041,2022-06-16 04:00:00
953,44.24,44.46,208044,45.02,44.24,44.5148,4676,2022-06-17 04:00:00
954,45.59,45.44,202892,46.23,43.88,45.5006,4595,2022-06-21 04:00:00
955,45.18,45.28,134521,46.56,44.255,45.2554,3399,2022-06-22 04:00:00
956,45.45,46.62,124345,46.65,45.45,46.2821,4099,2022-06-23 04:00:00
957,47.27,48.64,300970,48.86,46.8552,48.4647,5039,2022-06-24 04:00:00
958,48.92,48.9,223128,49.23,47.74,48.7508,4374,2022-06-27 04:00:00
959,49.11,48.14,177400,49.61,47.39,48.3965,4647,2022-06-28 04:00:00
960,47.87,47.98,111222,48.89,47.38,48.0798,3332,2022-06-29 04:00:00
961,47.23,48.94,405444,49.02,46.31,48.4199,7049,2022-06-30 04:00:00
962,49.13,49.48,170445,49.96,48.7585,49.3989,4759,2022-07-01 04:00:00
963,48.95,50.97,267327,50.98,48.54,50.4753,6024,2022-07-05 04:00:00
964,51.04,50.86,171443,51.67,50.06,50.8179,4290,2022-07-06 04:00:00
965,50.85,50.75,150065,50.965,50.2,50.5939,3886,2022-07-07 04:00:00
966,50.32,50.32,122698,50.86,49.505,50.2017,3023,2022-07-08 04:00:00
967,49.89,49.28,120058,50.22,49.14,49.4997,3906,2022-07-11 04:00:00
968,49.43,48.6,119269,49.52,48.13,48.7135,3111,2022-07-12 04:00:00
969,48.21,48.12,117415,48.99,47.73,48.1789,3016,2022-07-13 04:00:00
970,47.47,48.28,89008,49.14,47.22,47.9333,2620,2022-07-14 04:00:00
971,48.8,48.62,115964,48.8,48.01,48.4793,3234,2022-07-15 04:00:00
972,49.13,47.59,150670,49.185,47.42,48.031,3298,2022-07-18 04:00:00
973,48,48.14,171194,48.745,47.27,48.1803,3797,2022-07-19 04:00:00
974,48.37,49.18,161873,49.55,47.6,48.8907,4289,2022-07-20 04:00:00
975,49.26,49.35,101835,49.64,48.67,49.2764,2595,2022-07-21 04:00:00
976,49.66,48.59,113689,49.66,48.165,48.6061,3511,2022-07-22 04:00:00
977,48.59,49.26,80207,49.58,48.4833,49.2415,2807,2022-07-25 04:00:00
978,49.36,51.31,146171,51.37,48.8801,50.6292,3740,2022-07-26 04:00:00
979,51.27,51.45,174061,51.81,50.03,51.0042,4814,2022-07-27 04:00:00
980,51.69,52.68,98658,52.775,51.23,52.4161,2713,2022-07-28 04:00:00
981,52.65,54.18,194046,54.39,51.92,53.8298,4325,2022-07-29 04:00:00
982,53.98,54.51,114278,54.925,53.69,54.5279,3669,2022-08-01 04:00:00
983,54.18,54.03,108604,54.725,53.649,54.1411,3477,2022-08-02 04:00:00
984,54.35,54.55,89770,54.9,53.57,54.4567,3050,2022-08-03 04:00:00
985,54.47,54.5,84794,54.75,53.99,54.424,2756,2022-08-04 04:00:00
986,54.44,53.92,131692,54.48,53.27,53.8779,3056,2022-08-05 04:00:00
987,53.92,54.44,111129,55.32,53.73,54.4234,3077,2022-08-08 04:00:00
988,54.41,53.92,136362,54.85,53.7,53.9989,2869,2022-08-09 04:00:00
989,54.62,54.65,95799,54.91,53.9,54.6305,2797,2022-08-10 04:00:00
990,54.86,54.8,75097,55.31,54.5143,54.8757,3197,2022-08-11 04:00:00
991,55.07,55.74,68275,55.79,54.67,55.4306,2654,2022-08-12 04:00:00
992,55.72,55.91,200059,57.12,55.5,56.1075,5844,2022-08-15 04:00:00
993,55.91,56.88,93644,57,55.4,56.7115,2908,2022-08-16 04:00:00
994,56.85,56.97,80059,57.1392,56.26,56.8286,3272,2022-08-17 04:00:00
995,57,57.6,128028,57.65,56.2695,57.3045,4028,2022-08-18 04:00:00
996,57.44,55.66,164122,57.52,55.33,56.1227,4182,2022-08-19 04:00:00
997,55.18,55.68,140301,55.995,54.8368,55.5461,3249,2022-08-22 04:00:00
998,55.44,55.65,87295,55.955,55.0187,55.5299,3126,2022-08-23 04:00:00
999,55.64,56.32,65514,56.39,55.495,56.2096,2369,2022-08-24 04:00:00
1000,56.42,57.25,99699,57.3,55.6927,56.9881,3164,2022-08-25 04:00:00
1001,57.01,56.48,81579,57.55,56.25,56.6188,2962,2022-08-26 04:00:00
1002,56.09,55.78,79441,56.71,55.5805,56.1157,2658,2022-08-29 04:00:00
1003,56.22,55.48,107991,56.44,55.15,55.6881,3322,2022-08-30 04:00:00
1004,55.71,55.46,101371,56.03,55.16,55.4334,2933,2022-08-31 04:00:00
1005,55.21,55.13,113593,55.22,54.15,54.8071,3876,2022-09-01 04:00:00
1006,55.6,53.29,111039,55.6,52.82,53.6995,3390,2022-09-02 04:00:00
1007,53.2,51.01,243860,53.2,50.87,51.5118,5901,2022-09-06 04:00:00
1008,51.18,50.71,205062,51.18,49.4,50.2928,5885,2022-09-07 04:00:00
1009,50.22,50.66,207900,51.42,49.11,50.5699,5458,2022-09-08 04:00:00
1010,48.16,46.93,543318,49.015,45.2112,46.8163,10832,2022-09-09 04:00:00
1011,46.57,45.87,350130,46.57,44.47,45.5582,10237,2022-09-12 04:00:00
1012,45.08,42.91,284219,45.1274,42.675,43.3731,7840,2022-09-13 04:00:00
1013,42.93,42.08,284008,42.93,41.07,41.8068,6296,2022-09-14 04:00:00
1014,41.92,41.89,208700,42.285,41.41,41.8011,5569,2022-09-15 04:00:00
1015,41.74,42.21,393415,42.29,41.235,41.926,6352,2022-09-16 04:00:00
1016,41.81,42.28,175243,42.48,41.4,42.0336,4864,2022-09-19 04:00:00
1017,41.79,41.32,238031,41.79,40.89,41.3106,5353,2022-09-20 04:00:00
1018,41.66,40.62,158339,41.84,40.62,41.0139,3800,2022-09-21 04:00:00
1019,40.44,40.33,190923,40.62,40.12,40.3203,4455,2022-09-22 04:00:00
1020,40.14,40.56,207310,40.83,39.78,40.4755,5453,2022-09-23 04:00:00
1021,40.5,40.39,206597,41.15,40.13,40.4814,4704,2022-09-26 04:00:00
1022,40.65,40.29,268822,41.11,39.98,40.376,5492,2022-09-27 04:00:00
1023,40.32,40.21,181572,40.61,39.78,40.2709,5974,2022-09-28 04:00:00
1024,39.93,39.08,245648,40.1,38.4,39.002,7474,2022-09-29 04:00:00
1025,39.26,38.54,323386,39.7499,38.47,38.838,6708,2022-09-30 04:00:00
1026,38.71,39.11,141367,39.4,38.57,39.078,4859,2022-10-03 04:00:00
1027,39.65,40.58,190754,40.635,39.65,40.4184,5656,2022-10-04 04:00:00
1028,40.4,40.45,153072,40.7,39.67,40.3552,4247,2022-10-05 04:00:00
1029,40.3,39.78,150605,40.58,39.68,40.0747,4466,2022-10-06 04:00:00
1030,39.5,39,177778,39.5,38.78,39.0134,4685,2022-10-07 04:00:00
1031,39.15,40.34,155130,40.48,38.94,40.0543,5211,2022-10-10 04:00:00
1032,40.01,40.6,191481,40.675,39.93,40.4807,5013,2022-10-11 04:00:00
1033,40.87,41.69,215604,41.805,40.46,41.4916,5829,2022-10-12 04:00:00
1034,41.2,42.78,160409,43.1399,41.065,42.5259,4856,2022-10-13 04:00:00
1035,43.22,41.82,194328,43.22,41.519,41.9523,4206,2022-10-14 04:00:00
1036,42.41,42.45,131546,42.99,42.275,42.5599,3793,2022-10-17 04:00:00
1037,42.71,43.11,118826,43.87,42.54,43.0492,3083,2022-10-18 04:00:00
1038,42.77,42.37,123319,42.96,41.66,42.2157,3629,2022-10-19 04:00:00
1039,42.28,40.57,129971,42.28,40.57,40.9934,4052,2022-10-20 04:00:00
1040,40.6,41.62,121823,41.84,40.11,41.3917,4003,2022-10-21 04:00:00
1041,41.87,43.01,135815,43.14,41.65,42.6354,3897,2022-10-24 04:00:00
1042,43.11,43.91,95967,44,43.04,43.8123,2784,2022-10-25 04:00:00
1043,43.93,44.46,75212,44.59,43.61,44.3838,2802,2022-10-26 04:00:00
1044,44.84,44.95,87941,45.67,44.69,45.1357,3030,2022-10-27 04:00:00
1045,45.18,46.78,107880,46.81,45.02,46.3887,4110,2022-10-28 04:00:00
1046,46.47,47.42,155298,48.44,46.47,47.6343,4844,2022-10-31 04:00:00
1047,47.6,47.16,100449,47.68,46.76,47.1369,3207,2022-11-01 04:00:00
1048,47.15,46.93,118938,48.39,46.78,47.3158,4276,2022-11-02 04:00:00
1049,47.05,46.34,213464,47.05,45.36,46.0875,6260,2022-11-03 04:00:00
1050,46.87,46.59,113351,47.33,46.07,46.5781,3366,2022-11-04 04:00:00
1051,47.07,47.37,230699,47.42,46.39,47.1135,4547,2022-11-07 05:00:00
1052,47.58,46.52,111059,47.58,45.74,46.5239,4019,2022-11-08 05:00:00
1053,46.51,46.09,82010,46.99,45.92,46.2505,3251,2022-11-09 05:00:00
1054,47.47,48.53,134539,48.705,46.54,48.1376,4180,2022-11-10 05:00:00
1055,48.48,48.78,98263,48.91,47.495,48.4252,3510,2022-11-11 05:00:00
1056,48.78,48.73,126674,49.6,48.17,49.0127,3768,2022-11-14 05:00:00
1057,49.24,51.72,198966,51.98,48.67,51.2912,7707,2022-11-15 05:00:00
1058,51.38,53.74,214345,54.05,51.35,53.1657,5402,2022-11-16 05:00:00
1059,53.22,51.83,140103,53.255,51.25,52.0125,4383,2022-11-17 05:00:00
1060,52.68,51.94,146228,52.98,51.55,51.9793,4077,2022-11-18 05:00:00
1061,52.19,52.56,112306,53.14,51.73,52.5027,4752,2022-11-21 05:00:00
1062,52.66,50.7,158361,52.66,50.53,50.9356,5390,2022-11-22 05:00:00
1063,50.65,51.48,75195,51.86,50.65,51.4817,2947,2022-11-23 05:00:00
1064,51.46,51.17,49663,51.73,51.09,51.327,1472,2022-11-25 05:00:00
1065,51.17,51.03,130084,51.78,50.56,51.0272,4106,2022-11-28 05:00:00
1066,51.03,50.36,78393,51.14,49.91,50.3855,3657,2022-11-29 05:00:00
1067,50.16,51.53,161494,51.94,49.76,51.2973,3731,2022-11-30 05:00:00
1068,51.82,51.27,122523,52.47,50.61,51.2133,4774,2022-12-01 05:00:00
1069,50.69,50.67,101625,51.71,50.54,50.8932,3675,2022-12-02 05:00:00
1070,50.07,49.22,106945,50.07,48.72,49.2912,4928,2022-12-05 05:00:00
1071,49.22,49.77,123301,50.01,48.96,49.5441,5195,2022-12-06 05:00:00
1072,49.73,49.24,81933,50.38,49.23,49.5369,3183,2022-12-07 05:00:00
1073,49.24,48.86,115803,49.6658,48.4,48.8596,4683,2022-12-08 05:00:00
1074,50.44,50.085,309409,53.98,50.04,51.2376,9508,2022-12-09 05:00:00
1075,50.36,52.82,239235,54.14,50.1,52.9097,6915,2022-12-12 05:00:00
1076,53.56,51.68,201239,54.115,51.63,52.3181,5164,2022-12-13 05:00:00
1077,51.74,48.67,237422,51.74,48.03,49.141,6896,2022-12-14 05:00:00
1078,48.37,47.8,168093,48.88,47.6201,47.94,5829,2022-12-15 05:00:00
1079,47.48,47.13,343214,47.63,46.53,47.1114,5205,2022-12-16 05:00:00
1080,46.96,47.37,118159,48.13,46.64,47.239,3688,2022-12-19 05:00:00
1081,47.36,47.79,85523,48.16,47.14,47.7738,3318,2022-12-20 05:00:00
1082,48.13,49.15,198086,49.41,47.85,49.1235,5530,2022-12-21 05:00:00
1083,48.85,48.09,113336,48.85,47.35,48.0404,3609,2022-12-22 05:00:00
1084,48.12,48.81,110343,49.13,48,48.7844,3486,2022-12-23 05:00:00
1085,48.97,48.46,80107,49.24,48.1265,48.4851,2953,2022-12-27 05:00:00
1086,48.22,47.46,95161,48.9,47.43,47.8492,3220,2022-12-28 05:00:00
1087,47.58,47.85,111806,48.47,47.58,48.0141,3278,2022-12-29 05:00:00
1088,47.54,46.53,138865,47.75,46.46,46.8013,3874,2022-12-30 05:00:00
1089,46.98,46.55,127512,47.55,46.05,46.5613,4097,2023-01-03 05:00:00
1090,44.62,45.3,277759,45.52,42.94,44.908,6932,2023-01-04 05:00:00
1091,44.81,43.56,124030,45.08,43.42,43.8959,4044,2023-01-05 05:00:00
1092,43.81,45.12,88786,45.59,43.705,44.977,2742,2023-01-06 05:00:00
1093,45.52,44.45,157539,45.739,44.02,44.5873,4330,2023-01-09 05:00:00
1094,44.58,44.68,104056,45.2,44.09,44.5398,3095,2023-01-10 05:00:00
1095,44.68,44.75,104185,44.93,44.135,44.5805,3143,2023-01-11 05:00:00
1096,44.76,44.4,141232,44.89,44.2,44.4805,3724,2023-01-12 05:00:00
1097,44.12,44.91,106942,45.31,44.0001,44.9158,2550,2023-01-13 05:00:00
1098,44.76,45.23,109798,45.76,44.76,45.3413,2637,2023-01-17 05:00:00
1099,45.29,42.81,254964,45.68,42.53,43.3666,6508,2023-01-18 05:00:00
1100,42.71,42.26,135179,43.1,42.22,42.542,3841,2023-01-19 05:00:00
1101,42.71,42.83,131442,42.88,42.09,42.5556,3338,2023-01-20 05:00:00
1102,42.75,43.26,113195,43.36,42.4694,43.0958,3477,2023-01-23 05:00:00
1103,43.28,44.1,80996,44.3,42.92,43.9296,1957,2023-01-24 05:00:00
1104,43.75,44.01,58229,44.09,43.27,43.7636,1700,2023-01-25 05:00:00
1105,44.08,44.11,66684,44.175,43.51,43.9286,1930,2023-01-26 05:00:00
1106,43.85,43.03,94475,43.9613,42.79,43.16,3182,2023-01-27 05:00:00
1107,42.89,43.61,139545,44.07,42.89,43.7245,4015,2023-01-30 05:00:00
1108,44,44.2,228460,44.53,43.51,44.0525,4363,2023-01-31 05:00:00
1109,44.2,45.18,127769,45.68,44.2,45.0682,3803,2023-02-01 05:00:00
1110,45.1,44.88,133980,45.48,44.66,44.9578,3650,2023-02-02 05:00:00
1111,44.66,45.08,128113,45.26,44.14,44.9937,3185,2023-02-03 05:00:00
1112,44.97,45.06,105215,45.185,44.435,44.9356,3609,2023-02-06 05:00:00
1113,44.71,44.37,132455,45.25,43.67,44.2762,2867,2023-02-07 05:00:00
1114,44.07,44.15,95187,44.72,43.78,44.2536,2742,2023-02-08 05:00:00
1115,44.39,44,91821,44.795,43.91,44.1346,2711,2023-02-09 05:00:00
1116,44,44.76,86522,45.07,43.54,44.7406,2659,2023-02-10 05:00:00
1117,44.83,45.74,115467,45.78,44.49,45.2469,3439,2023-02-13 05:00:00
1118,45.65,44.91,85006,45.65,44.7019,45.0324,2851,2023-02-14 05:00:00
1119,44.67,46.08,78717,46.12,44.28,45.6684,2780,2023-02-15 05:00:00
1120,45.54,45.68,113437,46.3,44.945,45.8743,2727,2023-02-16 05:00:00
1121,45.84,46.17,121820,46.43,45.6,46.0723,3162,2023-02-17 05:00:00
1122,46.12,46.02,132141,46.43,45.598,45.9845,3359,2023-02-21 05:00:00
1123,46.26,46.74,122981,47.18,46.18,46.7449,3598,2023-02-22 05:00:00
1124,46.81,46.63,106195,47.21,46.04,46.6051,3645,2023-02-23 05:00:00
1125,46.29,46.32,83264,46.44,45.675,46.153,2642,2023-02-24 05:00:00
1126,46.38,46.92,68251,47.089,46.38,46.8553,2291,2023-02-27 05:00:00
1127,46.68,46.65,133310,47.5,46.25,46.9619,3579,2023-02-28 05:00:00
1128,46.64,45.79,112355,46.64,45.21,45.7879,3503,2023-03-01 05:00:00
1129,45.71,46.59,67501,46.66,45.58,46.4198,2332,2023-03-02 05:00:00
1130,46.62,46.47,122346,46.73,46.145,46.4708,4005,2023-03-03 05:00:00
1131,46.31,45.57,146964,46.365,45.18,45.6267,4720,2023-03-06 05:00:00
1132,45.42,46.27,129396,46.49,45.42,46.0277,3863,2023-03-07 05:00:00
1133,46.26,47.55,156967,47.63,45.745,47.2568,5194,2023-03-08 05:00:00
1134,47.68,46.33,168559,47.71,46.32,46.8899,4978,2023-03-09 05:00:00
1135,48.63,47.38,312074,50.74,46.94,48.237,7484,2023-03-10 05:00:00
1136,47.47,48.62,453881,49.41,47.22,48.7356,9218,2023-03-13 04:00:00
1137,49.765,50.66,174886,50.7,49.38,50.2465,6090,2023-03-14 04:00:00
1138,49.9,51.2,175496,51.29,49.6708,50.7777,6327,2023-03-15 04:00:00
1139,51,52.02,195259,52.27,51,51.9019,5581,2023-03-16 04:00:00
1140,51.84,50.24,535844,51.9,50.11,50.4424,7144,2023-03-17 04:00:00
1141,50.48,50.5,265642,50.93,50.12,50.4511,5060,2023-03-20 04:00:00
1142,51.01,50.61,219546,51.54,50.31,50.7841,5794,2023-03-21 04:00:00
1143,50.7,49.5,197374,50.955,49.47,50.057,5312,2023-03-22 04:00:00
1144,49.61,50.41,230096,50.6,49.61,50.2686,4659,2023-03-23 04:00:00
1145,50.41,51.96,202624,52.15,50.21,51.5282,4877,2023-03-24 04:00:00
1146,52.37,52.49,138156,52.8,52.16,52.4758,4375,2023-03-27 04:00:00
1147,52.48,52.51,119058,53.34,52.33,52.7072,4205,2023-03-28 04:00:00
1148,52.78,52.91,87748,53.17,52.39,52.9169,2437,2023-03-29 04:00:00
1149,52.98,51.95,146217,53.47,51.91,52.3073,3688,2023-03-30 04:00:00
1150,52.46,52.72,192127,52.97,52.175,52.7185,4074,2023-03-31 04:00:00
1151,52.74,52.78,189193,53.06,52.1,52.6947,3888,2023-04-03 04:00:00
1152,52.78,51.32,173540,52.97,51,51.5685,4499,2023-04-04 04:00:00
1153,51.19,50.87,117125,51.55,50.795,51.0092,2959,2023-04-05 04:00:00
1154,50.89,51.58,119066,51.77,50.84,51.3514,3639,2023-04-06 04:00:00
1155,51.15,51.92,138490,52.065,51.15,51.8641,3065,2023-04-10 04:00:00
1156,51.85,51.15,90903,52.24,51.095,51.3726,2869,2023-04-11 04:00:00
1157,51.2,50.3,89741,51.25,50.29,50.6349,2939,2023-04-12 04:00:00
1158,50.54,50.32,102114,50.67,50.13,50.3579,3197,2023-04-13 04:00:00
1159,50.01,49.13,154948,50.34,49.03,49.3928,3911,2023-04-14 04:00:00
1160,49.25,48.9,154809,49.69,48.7,48.9962,3988,2023-04-17 04:00:00
1161,48.93,49.41,153147,49.54,48.72,49.2832,4616,2023-04-18 04:00:00
1162,49.47,50.49,245712,50.71,49.08,50.2772,5076,2023-04-19 04:00:00
1163,50.1,51.5,144389,51.68,50.1,51.3158,4298,2023-04-20 04:00:00
1164,51.71,51.54,167929,52,51.27,51.5696,3681,2023-04-21 04:00:00
1165,51.74,51.39,106510,51.99,50.85,51.4234,3362,2023-04-24 04:00:00
1166,51.07,49.9,205668,51.39,49.88,50.4976,4599,2023-04-25 04:00:00
1167,49.45,49.2,147637,49.84,49.17,49.2896,4143,2023-04-26 04:00:00
1168,49.2,49.82,104690,50.01,49.03,49.7518,3002,2023-04-27 04:00:00
1169,49.81,49.7,215398,50.465,49.14,49.7196,4945,2023-04-28 04:00:00
1170,49.85,51.19,134244,51.65,49.65,51.1859,4090,2023-05-01 04:00:00
1171,50.95,51.95,164734,52.12,50.53,51.7906,4788,2023-05-02 04:00:00
1172,52.14,53.12,175131,53.75,52.14,53.3029,5333,2023-05-03 04:00:00
1173,52.98,53.52,141134,53.82,52.56,53.4643,4372,2023-05-04 04:00:00
1174,53.81,52.19,157144,54.03,51.68,52.4565,4711,2023-05-05 04:00:00
1175,51.9,51.72,216266,51.955,51.38,51.7491,3776,2023-05-08 04:00:00
1176,51.7,51.46,247792,51.73,50.8,51.4662,4412,2023-05-09 04:00:00
1177,51.78,51.47,144826,52.13,50.55,51.4613,3780,2023-05-10 04:00:00
1178,51.26,51.78,103669,51.81,51.05,51.5495,2431,2023-05-11 04:00:00
1179,51.81,52.01,102739,52.425,51.32,51.8166,3378,2023-05-12 04:00:00
1180,52.02,51.72,63046,52.1967,51.6,51.8368,2238,2023-05-15 04:00:00
1181,51.55,50.81,132828,51.55,50.56,50.8647,3425,2023-05-16 04:00:00
1182,50.96,51.59,126029,51.72,50.54,51.2728,3370,2023-05-17 04:00:00
1183,51.19,52.23,122798,52.28,51.05,51.972,3880,2023-05-18 04:00:00
1184,52.53,52.11,117930,52.84,51.78,52.1705,3781,2023-05-19 04:00:00
1185,52.03,50.93,88956,52.41,50.66,51.198,3114,2023-05-22 04:00:00
1186,50.84,51.41,106426,51.97,50.565,51.4227,3320,2023-05-23 04:00:00
1187,51.44,50.23,117853,51.44,50.21,50.5768,3332,2023-05-24 04:00:00
1188,50.05,49.87,68762,50.085,49.46,49.8144,3453,2023-05-25 04:00:00
1189,49.71,49.99,70328,50.42,49.62,50.0643,2568,2023-05-26 04:00:00
1190,49.72,49.17,101009,49.84,49.05,49.329,3743,2023-05-30 04:00:00
1191,49.2,49.42,230039,49.88,48.92,49.4086,4699,2023-05-31 04:00:00
1192,49.35,48.69,134554,49.98,48.61,49.0012,4640,2023-06-01 04:00:00
1193,49.04,49.4,329232,49.53,48.9,49.2887,9337,2023-06-02 04:00:00
1194,49.04,48.41,224507,49.41,47.995,48.416,6798,2023-06-05 04:00:00
1195,48.22,48,243069,48.49,47.5,48.0098,6779,2023-06-06 04:00:00
1196,48,48.26,185713,48.73,47.885,48.3985,5042,2023-06-07 04:00:00
1197,48,47.5,140498,48.2,47.33,47.5985,4000,2023-06-08 04:00:00
1198,47.45,47.84,240376,48,47.1625,47.7129,4995,2023-06-09 04:00:00
1199,47.84,47.39,134168,47.95,47.19,47.4216,4538,2023-06-12 04:00:00
1200,47.49,47.48,167793,48.27,47.33,47.6642,4442,2023-06-13 04:00:00
1201,47.61,47.64,171578,48.155,47.52,47.7587,4248,2023-06-14 04:00:00
1202,47.82,47.77,198161,48.075,47.25,47.6635,4513,2023-06-15 04:00:00
1203,48.28,49.61,456903,49.67,48.035,49.272,6868,2023-06-16 04:00:00
1204,49.8,50.25,229075,50.36,49.27,50.0857,6059,2023-06-20 04:00:00
1205,50.45,49.72,157206,50.7,49.66,50.0327,5019,2023-06-21 04:00:00
1206,49.74,50.54,116377,50.54,49.51,50.2651,3372,2023-06-22 04:00:00
1207,50.18,49.17,178289,50.72,49.115,49.4954,5038,2023-06-23 04:00:00
1208,49,49.1,142299,49.4,48.34,49.0048,4229,2023-06-26 04:00:00
1209,49.38,49.26,118783,49.57,48.98,49.2404,4125,2023-06-27 04:00:00
1210,49.21,48.19,159284,49.21,48.1,48.5026,5455,2023-06-28 04:00:00
1211,48.02,48.66,317549,51.13,48.02,49.1939,8024,2023-06-29 04:00:00
1212,48.72,48.35,373464,50.78,48.015,48.5972,8166,2023-06-30 04:00:00
1213,48.44,49.36,147130,49.525,48.44,49.2686,4039,2023-07-03 04:00:00
1214,49.13,50.16,312720,50.34,48.7,49.8582,7657,2023-07-05 04:00:00
1215,49.79,50.48,238444,50.53,49.0969,50.0737,9372,2023-07-06 04:00:00
1216,50.48,49.96,153464,50.93,49.92,50.232,5744,2023-07-07 04:00:00
1217,49.96,48.23,279243,49.99,48.04,48.6098,6249,2023-07-10 04:00:00
1218,48.5,48.97,162003,49.19,48.23,48.9226,5635,2023-07-11 04:00:00
1219,49.33,49.04,114766,49.7,48.93,49.2496,3838,2023-07-12 04:00:00
1220,48.98,48.82,120431,49.19,48.28,48.7617,4116,2023-07-13 04:00:00
1221,48.56,49.77,102597,49.865,48.31,49.5343,4709,2023-07-14 04:00:00
1222,49.44,49.81,120381,50.34,49.25,49.905,4336,2023-07-17 04:00:00
1223,49.96,49.56,83141,50.055,49.2,49.6131,3300,2023-07-18 04:00:00
1224,49.65,50.17,84712,50.24,49.61,50.0451,2914,2023-07-19 04:00:00
1225,50.18,51.47,94819,51.505,49.96,51.0774,3312,2023-07-20 04:00:00
1226,51.72,51.42,120429,51.994,51.3,51.5389,4703,2023-07-21 04:00:00
1227,51.47,52.04,157336,52.2925,51.055,51.9365,4767,2023-07-24 04:00:00
1228,51.74,51.9,138619,52.3599,51.55,51.8696,4722,2023-07-25 04:00:00
1229,51.71,52.96,101039,52.99,51.2983,52.7554,3413,2023-07-26 04:00:00
1230,53.06,53,135932,53.44,52.8,53.0613,4746,2023-07-27 04:00:00
1231,53.22,52.9,151223,54.1799,52.87,53.3676,5257,2023-07-28 04:00:00
1232,52.85,52.85,147267,53.33,52.44,52.9245,4894,2023-07-31 04:00:00
1233,52.93,52.27,131878,53.125,52.07,52.3514,5352,2023-08-01 04:00:00
1234,52.24,53.15,119788,53.6,52.19,53.1345,4751,2023-08-02 04:00:00
1235,53.17,53.88,136020,54.02,52.995,53.7306,5030,2023-08-03 04:00:00
1236,53.86,53.17,110916,54.31,52.94,53.3242,4029,2023-08-04 04:00:00
1237,53.06,53.85,109274,53.92,52.58,53.534,4524,2023-08-07 04:00:00
1238,53.65,53.93,112588,54,52.6797,53.6424,4342,2023-08-08 04:00:00
1239,53.78,53.69,114256,54.1,53.25,53.7165,4277,2023-08-09 04:00:00
1240,53.72,54.22,131087,54.94,53.72,54.2743,3819,2023-08-10 04:00:00
1241,54.22,54.56,121365,55.12,54.205,54.6381,5370,2023-08-11 04:00:00
1242,54.52,54.49,106666,55.03,53.94,54.5364,3785,2023-08-14 04:00:00
1243,54.45,53.97,84795,54.515,53.76,53.9816,4056,2023-08-15 04:00:00
1244,53.85,53.87,65258,54.58,53.81,54.032,3369,2023-08-16 04:00:00
1245,53.89,54.13,103809,54.54,53.825,54.2279,4726,2023-08-17 04:00:00
1246,54.11,54.18,241823,54.67,53.21,54.1245,5871,2023-08-18 04:00:00
1247,53.89,52.91,173674,54.02,52.58,52.9751,4809,2023-08-21 04:00:00
1248,52.64,52.35,128222,52.99,52.14,52.4223,4980,2023-08-22 04:00:00
1249,52.44,52.7,71382,53,52.375,52.7379,3307,2023-08-23 04:00:00
1250,52.46,51.38,131725,52.91,51.33,51.6332,3913,2023-08-24 04:00:00
1251,51.55,51.56,118423,51.84,51.03,51.4114,4258,2023-08-25 04:00:00
1252,51.49,51.56,71212,52.21,51.4,51.7005,3582,2023-08-28 04:00:00
1253,51.42,51.68,106043,51.95,51.2425,51.6706,3462,2023-08-29 04:00:00
1254,51.55,52.21,114354,52.31,51.3,52.0733,3520,2023-08-30 04:00:00
1255,52.21,51.31,95977,52.21,51.31,51.5564,2852,2023-08-31 04:00:00
