GOOG,open_price,close_price,trading_volume,highest_price,lowest_price,volume_weighted_avg_price,transaction_amt,date_time
0,59.69,59.324,41226180,59.9505,58.1,59.0484,57523,2018-09-05 04:00:00
1,59.315,58.572,37769340,59.315,57.6,58.2742,55181,2018-09-06 04:00:00
2,57.9335,58.2415,28028080,58.763,57.8608,58.3286,39540,2018-09-07 04:00:00
3,58.6095,58.232,22315920,58.727,58.0055,58.3037,29181,2018-09-10 04:00:00
4,58.0815,58.868,24191300,58.934,57.812,58.6889,30897,2018-09-11 04:00:00
5,58.636,58.141,25909440,58.9305,57.918,58.2098,39849,2018-09-12 04:00:00
6,58.537,58.7665,28624280,58.9305,58.1425,58.597,38405,2018-09-13 04:00:00
7,58.955,58.6265,18879560,59.0213,58.4165,58.6771,25903,2018-09-14 04:00:00
8,58.507,57.8025,26130440,58.862,57.7015,58.0304,33448,2018-09-17 04:00:00
9,57.8545,58.061,24073720,58.804,57.8545,58.2779,32847,2018-09-18 04:00:00
10,58.249,58.5545,23827720,58.6605,57.729,58.217,34240,2018-09-19 04:00:00
11,58.9995,59.3435,24507740,59.4945,58.668,59.2333,35760,2018-09-20 04:00:00
12,59.6,58.3045,88111680,59.6105,58.302,58.6261,49019,2018-09-21 04:00:00
13,57.8585,58.6685,25420340,58.9,57.3455,58.3544,38818,2018-09-24 04:00:00
14,58.8075,59.2325,19554620,59.344,58.4,59.0499,31327,2018-09-25 04:00:00
15,59.2575,59.0245,29245060,59.7115,58.7383,59.1749,38263,2018-09-26 04:00:00
16,59.3365,59.732,25215080,60.105,59.1815,59.817,33572,2018-09-27 04:00:00
17,59.5935,59.6735,27612580,59.7705,59.225,59.5758,33384,2018-09-28 04:00:00
18,59.9945,59.7655,27152080,60.495,59.515,59.9341,36985,2018-10-01 04:00:00
19,59.548,60.0055,33758280,60.498,59.3315,60.0467,46439,2018-10-02 04:00:00
20,60.25,60.1475,25124280,60.3205,59.6915,60.0358,31565,2018-10-03 04:00:00
21,59.7665,58.4095,44189800,59.8755,57.7788,58.545,52425,2018-10-04 04:00:00
22,58.375,57.8675,23689040,58.675,57.256,57.851,34833,2018-10-05 04:00:00
23,57.5055,57.4485,38647100,58.4,56.3682,57.2973,51883,2018-10-08 04:00:00
24,57.3075,56.941,26175280,57.7175,56.8786,57.2214,39409,2018-10-09 04:00:00
25,56.554,54.061,53514840,56.6085,54.0565,55.1588,76587,2018-10-10 04:00:00
26,53.647,53.966,59002400,55.32,53.4135,54.3089,90857,2018-10-11 04:00:00
27,55.4,55.504,42026060,55.75,54.3201,55.2428,63873,2018-10-12 04:00:00
28,55.4455,54.6125,27447860,55.6723,54.45,54.9442,37840,2018-10-15 04:00:00
29,55.2295,56.064,38570800,56.211,55.125,55.8494,59909,2018-10-16 04:00:00
30,56.323,55.7845,29344520,56.4495,55.1095,55.6571,44777,2018-10-17 04:00:00
31,56.092,54.3985,41890480,56.092,53.8545,54.5934,55386,2018-10-18 04:00:00
32,54.6685,54.823,25352980,55.518,54.3875,54.8834,34232,2018-10-19 04:00:00
33,55.153,55.058,30284400,55.6115,54.55,55.1521,37177,2018-10-22 04:00:00
34,54.0445,55.1845,36973080,55.3945,53.5,54.5353,60342,2018-10-23 04:00:00
35,55.2125,52.5355,39648600,55.306,52.437,53.5362,58004,2018-10-24 04:00:00
36,53.5895,54.7785,50916780,55.549,53.4775,54.4865,69645,2018-10-25 04:00:00
37,51.8515,53.5735,83751720,55.3265,51.7045,53.1948,101945,2018-10-26 04:00:00
38,54.1235,51.004,77614460,54.852,49.7915,52.0547,88692,2018-10-29 04:00:00
39,50.423,51.8105,64253140,51.8745,50.0375,51.2195,72594,2018-10-30 04:00:00
40,52.9905,53.8385,50595360,54.597,52.85,53.8239,62992,2018-10-31 04:00:00
41,53.79,53.5,29639580,54.1988,53.123,53.6202,38199,2018-11-01 04:00:00
42,53.6865,52.8895,36380860,54.1488,52.7305,53.1418,42871,2018-11-02 04:00:00
43,52.75,52.0045,48828600,52.9235,51.062,51.7432,51029,2018-11-05 05:00:00
44,51.974,52.7905,24666120,53.2173,51.9035,52.6404,30177,2018-11-06 05:00:00
45,53.45,54.6695,41167120,54.773,53.295,54.2338,45312,2018-11-07 05:00:00
46,54.569,54.12,29763640,54.6635,53.6102,54.0086,36720,2018-11-08 05:00:00
47,53.6995,53.3075,26866260,53.778,52.6555,53.1987,34974,2018-11-09 05:00:00
48,53.0695,51.9315,29435160,53.106,51.55,52.2103,34632,2018-11-12 05:00:00
49,52.1645,51.8025,30274040,52.8303,51.5575,52.0664,34709,2018-11-13 05:00:00
50,52.5,52.183,31318900,52.7282,51.55,52.1315,37627,2018-11-14 05:00:00
51,52.2355,53.2355,36721680,53.5925,51.589,52.6622,45272,2018-11-15 05:00:00
52,52.9705,53.0745,33162320,53.35,52.449,52.9502,38392,2018-11-16 05:00:00
53,52.86,51,37172280,53.0395,50.813,51.6181,42190,2018-11-19 05:00:00
54,50,51.288,48982600,51.587,49.801,50.8327,59615,2018-11-20 05:00:00
55,51.838,51.8805,30685480,52.428,51.6735,52.0721,35367,2018-11-21 05:00:00
56,51.5,51.194,13829240,51.8795,51.12,51.4449,15859,2018-11-23 05:00:00
57,51.9175,52.431,38856440,52.4655,51.6955,52.2104,35443,2018-11-26 05:00:00
58,52.05,52.2205,36063280,52.879,51.9245,52.3245,33329,2018-11-27 05:00:00
59,52.438,54.3115,49508380,54.342,51.788,53.4174,54375,2018-11-28 05:00:00
60,53.804,54.415,29377180,54.7123,53.8,54.3067,31862,2018-11-29 05:00:00
61,54.4535,54.7215,51612240,54.7785,53.894,54.4854,40995,2018-11-30 05:00:00
62,56.157,55.3215,39815160,56.2325,55.1832,55.6227,43446,2018-12-03 05:00:00
63,55.156,52.541,46903320,55.221,52.499,53.4709,42996,2018-12-04 05:00:00
64,51.713,53.4365,55384500,53.56,51.5385,52.6654,46476,2018-12-06 05:00:00
65,53.0005,51.829,42024120,53.763,51.425,52.2611,41316,2018-12-07 05:00:00
66,51.7525,51.9775,36154500,52.4225,51.1645,51.9198,33220,2018-12-10 05:00:00
67,52.8245,52.5875,27894620,53.03,51.992,52.5402,30723,2018-12-11 05:00:00
68,53.4,53.184,30476080,54.0825,53.1395,53.5544,27807,2018-12-12 05:00:00
69,53.4035,53.095,26595360,53.988,52.6965,53.2145,23858,2018-12-13 05:00:00
70,52.499,52.105,33732380,53.13,52.0395,52.3439,28065,2018-12-14 05:00:00
71,51.8755,50.8265,47707280,52.6575,50.395,51.2572,42752,2018-12-17 05:00:00
72,51.3045,51.4355,43850660,52.474,51.072,51.7166,40256,2018-12-18 05:00:00
73,51.6995,51.1505,49586760,53.1,50.4025,51.8811,48811,2018-12-19 05:00:00
74,50.9065,50.4705,53469280,51.711,49.818,50.5831,57683,2018-12-20 05:00:00
75,50.765,48.977,91917820,51.201,48.6845,49.5058,75818,2018-12-21 05:00:00
76,48.695,48.811,31806560,50.177,48.5055,49.1729,32987,2018-12-24 05:00:00
77,49.4505,51.973,47465400,52,49.15,50.6859,41787,2018-12-26 05:00:00
78,50.8575,52.194,42195540,52.1945,49.85,51.1539,41241,2018-12-27 05:00:00
79,52.481,51.854,28275440,52.778,51.655,52.1045,28763,2018-12-28 05:00:00
80,52.548,51.7805,29874440,52.635,51.1795,51.7143,28884,2018-12-31 05:00:00
81,50.8285,52.2925,30652160,52.616,50.7855,51.91,29321,2019-01-02 05:00:00
82,52.05,50.803,36821320,52.849,50.7035,51.2029,36228,2019-01-03 05:00:00
83,51.6295,53.5355,41877880,53.542,51.3709,52.993,38227,2019-01-04 05:00:00
84,53.575,53.4195,39637480,53.7,52.738,53.2965,37359,2019-01-07 05:00:00
85,53.8055,53.814,35305340,54.228,53.0265,53.6644,28158,2019-01-08 05:00:00
86,54.0825,53.733,23985440,54.1315,53.32,53.7786,24890,2019-01-09 05:00:00
87,53.383,53.5165,29128420,53.5575,52.8855,53.3394,26397,2019-01-10 05:00:00
88,53.159,52.8595,30415120,53.1888,52.424,52.7682,29315,2019-01-11 05:00:00
89,52.346,52.2345,22684260,52.5765,52.0628,52.312,21556,2019-01-14 05:00:00
90,52.5085,53.8575,29271400,54.0025,52.367,53.5629,27639,2019-01-15 05:00:00
91,54,54.0485,26636380,54.6188,53.967,54.1911,27490,2019-01-16 05:00:00
92,53.9735,54.495,24853280,54.59,53.675,54.2544,21710,2019-01-17 05:00:00
93,55,54.913,39111180,55.4176,54.545,55.0014,30987,2019-01-18 05:00:00
94,54.4,53.526,32269400,54.5755,53.1735,53.7401,27161,2019-01-22 05:00:00
95,53.8675,53.7785,19339120,54.2465,52.9875,53.6132,22446,2019-01-23 05:00:00
96,53.824,53.695,27233460,53.9738,53.035,53.5448,22668,2019-01-24 05:00:00
97,54.25,54.5495,22384320,54.7,54.091,54.4577,22451,2019-01-25 05:00:00
98,54.0055,53.504,25685620,54.15,53.19,53.524,24230,2019-01-28 05:00:00
99,53.634,53.031,20436380,53.7575,52.7932,53.1384,17630,2019-01-29 05:00:00
100,53.4215,54.453,25596440,54.55,53.3425,54.022,27722,2019-01-30 05:00:00
101,55.15,55.8185,30766480,55.8665,54.7705,55.5935,33269,2019-01-31 05:00:00
102,55.62,55.5375,29244160,56.25,55.2445,55.6985,29114,2019-02-01 05:00:00
103,55.633,56.64,50589400,56.64,55.451,56.0891,60482,2019-02-04 05:00:00
104,56.242,57.2995,71043880,57.3425,55.8624,56.5701,65686,2019-02-05 05:00:00
105,56.9785,55.7615,42111840,57.35,55.6385,56.1744,46861,2019-02-06 05:00:00
106,55.208,54.9355,40896540,55.242,54.3,54.7598,39620,2019-02-07 05:00:00
107,54.35,54.753,21515380,54.9455,54.3275,54.672,20329,2019-02-08 05:00:00
108,54.8475,54.7505,21303880,55.2973,54.643,54.8423,19465,2019-02-11 05:00:00
109,55.34,56.0685,32190260,56.2648,55.2925,55.9532,33615,2019-02-12 05:00:00
110,56.2495,56.008,20995620,56.7365,55.925,56.3377,23264,2019-02-13 05:00:00
111,55.9025,56.0835,18952640,56.4115,55.5223,55.6364,19824,2019-02-14 05:00:00
112,56.504,55.6825,28996600,56.5835,55.5325,55.8423,25633,2019-02-15 05:00:00
113,55.5,55.928,20932560,56.0945,55.5,55.9095,21361,2019-02-19 05:00:00
114,55.9995,55.69,21756340,56.1705,55.264,55.8148,22884,2019-02-20 05:00:00
115,55.542,54.8485,28309460,55.597,54.626,54.92,30517,2019-02-21 05:00:00
116,55.045,55.5185,20990900,55.562,54.78,55.3081,24481,2019-02-22 05:00:00
117,55.8,55.47,28261220,55.927,55.3635,55.6216,28101,2019-02-25 05:00:00
118,55.2875,55.7565,29434860,55.9755,54.996,55.5864,27407,2019-02-26 05:00:00
119,55.3475,55.8025,19375200,55.899,55.05,55.5942,21377,2019-02-27 05:00:00
120,55.565,55.996,30852180,56.3825,55.5505,56.0406,26240,2019-02-28 05:00:00
121,56.245,57.0495,29006320,57.1485,56.2375,56.8015,34804,2019-03-01 05:00:00
122,57.3495,57.39,28920940,57.914,56.5345,57.2098,32987,2019-03-04 05:00:00
123,57.503,58.1015,28863480,58.4805,57.3098,57.9548,37814,2019-03-05 05:00:00
124,58.1245,57.893,21985780,58.3783,57.7745,57.9993,23457,2019-03-06 05:00:00
125,57.786,57.165,23331180,57.8378,56.7455,57.2106,27442,2019-03-07 05:00:00
126,56.3365,57.116,24249780,57.354,56.165,56.9165,28311,2019-03-08 05:00:00
127,57.2225,58.788,34383840,58.8095,57.2225,58.345,35532,2019-03-11 04:00:00
128,58.913,59.66,40262300,60,58.913,59.6921,44320,2019-03-12 04:00:00
129,60.0323,59.666,28718720,60.0465,59.597,59.8733,31319,2019-03-13 04:00:00
130,59.7255,59.2775,23456300,59.894,59.224,59.4772,27753,2019-03-14 04:00:00
131,59.669,59.223,49199140,59.8285,59.1305,59.3969,36313,2019-03-15 04:00:00
132,59.165,59.213,25852660,59.5,58.8711,59.185,24701,2019-03-18 04:00:00
133,59.4405,59.9425,30413760,60,59.2935,59.7328,25149,2019-03-19 04:00:00
134,59.8675,61.1985,44555720,61.357,59.8085,60.7903,40260,2019-03-20 04:00:00
135,60.8,61.577,24080900,61.5895,60.6575,61.3331,25835,2019-03-21 04:00:00
136,61.316,60.275,34284940,61.5,60.1413,60.5673,36696,2019-03-22 04:00:00
137,59.8465,59.65,29936860,60.3199,59.352,59.7731,29497,2019-03-25 04:00:00
138,59.9265,59.231,38023120,60.1415,58.836,59.3903,40318,2019-03-26 04:00:00
139,59.275,58.651,28004800,59.378,57.9685,58.5631,33257,2019-03-27 04:00:00
140,58.577,58.4245,20248600,58.5783,57.9716,58.344,21331,2019-03-28 04:00:00
141,58.745,58.6655,25399580,58.9495,58.144,58.5754,25516,2019-03-29 04:00:00
142,59.205,59.7215,25055140,59.833,59.1,59.5852,29862,2019-04-01 04:00:00
143,59.766,60.0245,16559460,60.0675,59.2855,59.8109,18381,2019-04-02 04:00:00
144,60.374,60.296,20356760,60.815,60.025,60.3856,23752,2019-04-03 04:00:00
145,60.297,60.75,19014940,60.7835,60.2065,60.6156,21708,2019-04-04 04:00:00
146,60.7495,60.3575,18143040,60.811,60.2515,60.4793,21169,2019-04-05 04:00:00
147,60.3945,60.192,17207260,60.4345,59.993,60.1977,21169,2019-04-08 04:00:00
148,59.8,59.8625,17527620,60.1145,59.654,59.8472,20793,2019-04-09 04:00:00
149,60.034,60.108,14492860,60.1893,59.8218,60.0473,17721,2019-04-10 04:00:00
150,60.198,60.231,14204620,60.398,60.0065,60.218,16811,2019-04-11 04:00:00
151,60.5,60.8935,18675880,60.9175,60.4055,60.6978,21147,2019-04-12 04:00:00
152,60.9,61.055,23750380,61.21,60.4555,60.8955,23933,2019-04-15 04:00:00
153,61.25,61.3565,17126080,61.541,61.006,61.3088,21509,2019-04-16 04:00:00
154,61.65,61.817,24438600,62.028,61.391,61.78,29898,2019-04-17 04:00:00
155,61.959,61.8185,26636460,62.1,61.7305,61.894,22985,2019-04-18 04:00:00
156,61.7995,62.442,16146680,62.4545,61.4155,62.1166,17712,2019-04-22 04:00:00
157,62.5345,63.2275,26398200,63.45,62.319,63.0859,30040,2019-04-23 04:00:00
158,63.206,62.8,20375060,63.4005,62.75,62.9988,21553,2019-04-24 04:00:00
159,63.2385,63.1725,22145900,63.3704,62.6015,63.0701,30179,2019-04-25 04:00:00
160,63.45,63.609,24828560,63.6535,63.016,63.3921,29736,2019-04-26 04:00:00
161,63.7,64.379,49854640,64.4635,63.3147,63.0903,75196,2019-04-29 04:00:00
162,59.25,59.424,124113040,59.6405,58.75,59.1927,145152,2019-04-30 04:00:00
163,59.4025,58.404,52859660,59.4025,58.359,58.7444,68788,2019-05-01 04:00:00
164,58.388,58.1305,38896340,58.7095,57.7501,58.1242,45885,2019-05-02 04:00:00
165,58.6825,59.27,39613060,59.34,58.45,59.0233,45643,2019-05-03 04:00:00
166,58.313,59.4695,31278860,59.5425,58.313,59.127,44624,2019-05-06 04:00:00
167,59.0235,58.705,31027360,59.522,58.052,58.6283,41532,2019-05-07 04:00:00
168,58.6005,58.3135,26190280,59.0212,58.287,58.6375,31300,2019-05-08 04:00:00
169,57.9515,58.119,23719460,58.483,57.5425,57.9528,34120,2019-05-09 04:00:00
170,58.1795,58.2135,26290920,58.63,57.125,57.8357,36732,2019-05-10 04:00:00
171,57.098,56.6015,37212960,57.397,56.1055,56.5915,45761,2019-05-13 04:00:00
172,56.8605,56.022,36732080,57.021,55.9775,56.4469,58936,2019-05-14 04:00:00
173,55.8935,58.2105,45786040,58.5665,55.8333,57.6223,52820,2019-05-15 04:00:00
174,58.2255,58.949,30628080,59.408,58.142,59.0009,36840,2019-05-16 04:00:00
175,58.4235,58.115,24172460,59.0075,58.0005,58.4211,29329,2019-05-17 04:00:00
176,57.225,56.9425,27065840,57.3398,56.5721,56.9991,30145,2019-05-20 04:00:00
177,57.4245,57.4815,23203160,57.6354,56.897,57.3905,25031,2019-05-21 04:00:00
178,57.3375,57.571,18296780,57.926,57.2945,57.6511,22310,2019-05-22 04:00:00
179,57.025,57.0385,23986000,57.2986,56.4612,56.895,29105,2019-05-23 04:00:00
180,57.368,56.6735,22246820,57.4883,56.583,56.9874,28162,2019-05-24 04:00:00
181,56.7,56.7075,27303320,57.5794,56.656,56.9992,26935,2019-05-28 04:00:00
182,56.376,55.823,30764240,56.455,55.411,55.8305,38371,2019-05-29 04:00:00
183,55.777,55.8975,19037460,56.1565,55.606,55.8674,24521,2019-05-30 04:00:00
184,55.0645,55.1815,30164060,55.48,55.009,55.2526,35513,2019-05-31 04:00:00
185,53.275,51.8115,102611520,53.275,51.25,51.8269,117252,2019-06-03 04:00:00
186,52.145,52.6525,56669660,52.8025,51.6845,52.3243,56323,2019-06-04 04:00:00
187,52.577,52.111,43368780,52.6775,51.5245,52.0275,52047,2019-06-05 04:00:00
188,52.2495,52.217,34064880,52.3745,51.685,52.0205,34842,2019-06-06 04:00:00
189,52.5315,53.302,36047400,53.546,52.42,53.1326,42029,2019-06-07 04:00:00
190,53.649,54.019,29284960,54.633,53.6161,54.1654,31902,2019-06-10 04:00:00
191,54.699,53.936,28741260,55.0995,53.8801,54.469,35847,2019-06-11 04:00:00
192,53.9,53.8515,21225100,54.0465,53.377,53.7268,28093,2019-06-12 04:00:00
193,54.182,54.4385,21160000,54.7085,54.0075,54.4299,23338,2019-06-13 04:00:00
194,54.321,54.2675,22232860,54.6345,54.0086,54.2796,26824,2019-06-14 04:00:00
195,54.314,54.625,18832040,54.959,54.314,54.7072,23351,2019-06-17 04:00:00
196,55.4845,55.18,27733680,55.8195,54.9495,55.4173,34903,2019-06-18 04:00:00
197,55.28,55.1165,26784360,55.35,54.674,54.9712,32820,2019-06-19 04:00:00
198,55.9995,55.571,25240220,56.006,55.237,55.55,29096,2019-06-20 04:00:00
199,55.462,56.094,38951820,56.2055,55.404,55.897,34049,2019-06-21 04:00:00
200,55.9805,55.776,27913920,56.1,55.5505,55.814,31203,2019-06-24 04:00:00
201,55.633,54.3175,30938260,55.7175,54.19,54.6095,37303,2019-06-25 04:00:00
202,54.325,53.99,36217380,54.6485,53.612,54.0362,40683,2019-06-26 04:00:00
203,54.2,53.8005,20089540,54.355,53.7645,54.0042,24986,2019-06-27 04:00:00
204,53.8195,54.0455,33869000,54.05,53.6685,53.886,34725,2019-06-28 04:00:00
205,54.9,54.8975,28770080,55.379,54.6852,54.9415,33487,2019-07-01 04:00:00
206,55.112,55.5625,19835100,55.5885,54.9085,55.2992,25396,2019-07-02 04:00:00
207,55.8705,56.079,15340220,56.338,55.693,56.0765,20735,2019-07-03 04:00:00
208,55.89,56.5795,25290800,56.644,55.807,56.3413,25034,2019-07-05 04:00:00
209,56.2585,55.8175,24728380,56.299,55.5605,55.8085,26390,2019-07-08 04:00:00
210,55.59,56.2415,26607400,56.4013,55.3585,56.0785,29587,2019-07-09 04:00:00
211,56.561,57.024,24189320,57.1025,56.5485,56.8685,31561,2019-07-10 04:00:00
212,57.1625,57.2105,23911380,57.6535,56.979,57.3148,27467,2019-07-11 04:00:00
213,57.1995,57.245,17279460,57.367,56.939,57.2015,21423,2019-07-12 04:00:00
214,57.343,57.517,18075600,57.541,56.97,57.34,21259,2019-07-15 04:00:00
215,57.3,57.679,24776140,57.929,57.25,57.6681,28560,2019-07-16 04:00:00
216,57.5485,57.3175,23400940,57.918,57.2885,57.4709,25298,2019-07-17 04:00:00
217,57.087,57.3165,25825620,57.3803,56.6365,57.108,24709,2019-07-18 04:00:00
218,57.4095,56.505,32944900,57.557,56.481,56.8833,27064,2019-07-19 04:00:00
219,56.6725,56.9035,26036920,56.9625,56.212,56.6764,28877,2019-07-22 04:00:00
220,57.2,57.3105,21873760,57.345,56.59,57.0298,26867,2019-07-23 04:00:00
221,56.595,56.8905,31802020,57.2,56.3495,56.8043,33436,2019-07-24 04:00:00
222,56.891,56.606,44196460,57.085,56.046,57.4851,62618,2019-07-25 04:00:00
223,61.202,62.5205,96115040,63.2775,61.2,62.4539,123879,2019-07-26 04:00:00
224,62.0525,61.9705,44474620,62.3685,61.4115,61.864,50476,2019-07-29 04:00:00
225,61.2705,61.257,28987260,61.7435,61.165,61.3763,30601,2019-07-30 04:00:00
226,61.15,60.834,34491080,61.7,60.3882,61.1739,42512,2019-07-31 04:00:00
227,60.7015,60.4505,33970200,61.7055,60.286,60.9121,41680,2019-08-01 04:00:00
228,60.037,59.6995,32901300,60.345,59.447,59.7748,41043,2019-08-02 04:00:00
229,58.502,57.616,51857100,58.762,57.007,57.7961,59096,2019-08-05 04:00:00
230,58.1655,58.4975,34187480,58.998,58,58.4935,38589,2019-08-06 04:00:00
231,57.8,58.6995,28886480,58.9223,57.4812,58.4233,36656,2019-08-07 04:00:00
232,59.1415,60.24,29359940,60.2505,58.651,59.7747,34166,2019-08-08 04:00:00
233,59.8995,59.4005,21313160,60.194,59.1802,59.5721,27696,2019-08-09 04:00:00
234,58.9605,58.7355,20063740,59.248,58.3836,58.8065,23170,2019-08-12 04:00:00
235,58.573,59.8635,26360180,60.239,58.573,59.7857,33446,2019-08-13 04:00:00
236,58.8155,58.2145,31573360,59.115,58.027,58.4194,38239,2019-08-14 04:00:00
237,58.175,58.363,24494780,58.792,58.1055,58.4427,32351,2019-08-15 04:00:00
238,58.9775,58.88,26988720,59.136,58.5905,58.8869,32453,2019-08-16 04:00:00
239,59.5045,59.9225,24650340,60.3495,59.5045,59.967,30178,2019-08-19 04:00:00
240,59.7625,59.1345,18312100,59.803,59.1055,59.3518,20182,2019-08-20 04:00:00
241,59.6575,59.5625,14821060,59.95,59.3715,59.6756,18372,2019-08-21 04:00:00
242,59.7035,59.4765,18958120,59.9006,58.929,59.4246,22769,2019-08-22 04:00:00
243,59.0995,57.5645,33765420,59.704,57.3875,58.0395,42602,2019-08-23 04:00:00
244,57.863,58.4445,24528820,58.4735,57.648,58.0823,30689,2019-08-26 04:00:00
245,59.0265,58.392,21549040,59.12,58.0725,58.452,27373,2019-08-27 04:00:00
246,58.0855,58.551,16044860,58.821,57.865,58.4932,21939,2019-08-28 04:00:00
247,59.056,59.6425,21777160,59.803,59.056,59.6095,30950,2019-08-29 04:00:00
248,59.925,59.405,22599180,59.925,59.1901,59.4504,25778,2019-08-30 04:00:00
249,58.8515,58.4195,29608400,59.3445,58.16,58.6793,34057,2019-09-03 04:00:00
250,58.8355,59.0705,21379360,59.174,58.55,58.8936,25897,2019-09-04 04:00:00
251,59.5765,60.569,28172020,60.652,59.5765,60.352,38544,2019-09-05 04:00:00
252,60.4065,60.2465,21442860,60.6008,60.1261,60.3485,26517,2019-09-06 04:00:00
253,60.2,60.2205,29437600,61,59.631,60.3235,37758,2019-09-09 04:00:00
254,59.7575,60.3,25202300,60.5,59.729,60.1145,33277,2019-09-10 04:00:00
255,60.1705,61.0085,26140660,61.13,60.11,60.8582,33633,2019-09-11 04:00:00
256,61.215,61.7125,34518160,62.093,61.151,61.7837,44917,2019-09-12 04:00:00
257,61.5675,61.978,26027000,62.044,61.3505,61.7621,31277,2019-09-13 04:00:00
258,61.476,61.565,21065980,61.978,61.2805,61.5959,26385,2019-09-16 04:00:00
259,61.52,61.4575,19162240,61.75,61.1845,61.3819,22549,2019-09-17 04:00:00
260,61.3755,61.6205,22886660,61.7805,60.8265,61.3926,26415,2019-09-18 04:00:00
261,61.603,61.9355,20003100,62.222,61.601,61.9699,27397,2019-09-19 04:00:00
262,61.656,61.4965,46717980,62.166,61.154,61.6395,30609,2019-09-20 04:00:00
263,61.3,61.7015,21505060,61.9545,61.2085,61.6917,23984,2019-09-23 04:00:00
264,62,60.938,31835720,62.337,60.534,61.3521,37150,2019-09-24 04:00:00
265,60.791,62.326,31877500,62.415,60.5045,61.7214,32941,2019-09-25 04:00:00
266,62.098,62.0695,31237640,62.25,61.6134,61.9534,39374,2019-09-26 04:00:00
267,62.1505,61.2545,27088640,62.201,60.7225,61.3284,49171,2019-09-27 04:00:00
268,61.0485,60.95,28393520,61.3,60.615,60.9488,44852,2019-09-30 04:00:00
269,60.95,60.255,27165580,61.5615,60.179,60.6054,36506,2019-10-01 04:00:00
270,59.849,58.8315,32784740,59.8495,58.5645,58.9523,51999,2019-10-02 04:00:00
271,59,59.3915,33273120,59.453,58.1215,59.0132,47296,2019-10-03 04:00:00
272,59.5945,60.45,23665280,60.572,59.4585,60.1881,34915,2019-10-04 04:00:00
273,60.22,60.384,17342980,60.9102,60.1875,60.5513,27144,2019-10-07 04:00:00
274,59.8795,59.4565,22835680,60.304,59.4505,59.7131,32405,2019-10-08 04:00:00
275,59.9675,60.1155,17532640,60.4175,59.8815,60.1262,29165,2019-10-09 04:00:00
276,59.929,60.4335,18650620,60.75,59.867,60.3999,26414,2019-10-10 04:00:00
277,61.1105,60.7725,25542880,61.4195,60.687,61.1321,36792,2019-10-11 04:00:00
278,60.617,60.857,17640780,61.3165,60.588,60.9996,24895,2019-10-14 04:00:00
279,61.02,62.1505,27905180,62.3665,61.02,61.796,143567,2019-10-15 04:00:00
280,62.0585,62.182,23363480,62.737,61.9225,62.31,29324,2019-10-16 04:00:00
281,62.5465,62.6535,19610200,63.1663,62.497,62.7198,26214,2019-10-17 04:00:00
282,62.673,62.2745,27056780,62.9445,62.054,62.4598,30646,2019-10-18 04:00:00
283,62.613,62.3075,20760840,62.7314,62.03,62.3499,23129,2019-10-21 04:00:00
284,62.3925,62.14,20957020,62.53,62.069,62.2676,26940,2019-10-22 04:00:00
285,62.118,62.9565,18571900,62.9945,62.118,62.7525,25049,2019-10-23 04:00:00
286,63.045,63.0495,20797360,63.2,62.6858,62.9773,26138,2019-10-24 04:00:00
287,62.5515,63.2565,24261020,63.48,62.5005,63.1685,29643,2019-10-25 04:00:00
288,63.7725,64.5,52264740,64.9655,63.627,64.361,70392,2019-10-28 04:00:00
289,63.8115,63.131,37727600,64.0795,62.8606,63.1924,51418,2019-10-29 04:00:00
290,62.6485,63.0645,28177020,63.468,62.6,63.047,38715,2019-10-30 04:00:00
291,63.064,63.0055,29113020,63.3835,62.5421,62.8838,34559,2019-10-31 04:00:00
292,63.25,63.687,33401440,63.731,63.025,63.3979,41149,2019-11-01 04:00:00
293,63.8225,64.5685,30019280,64.7065,63.8178,64.4293,38873,2019-11-04 05:00:00
294,64.6445,64.6015,25654220,64.9465,64.5614,64.725,35116,2019-11-05 05:00:00
295,64.473,64.59,23059540,64.6865,64.125,64.5021,27729,2019-11-06 05:00:00
296,64.714,65.443,40599400,66.187,64.7123,65.7293,55602,2019-11-07 05:00:00
297,65.264,65.5685,25038320,65.9,65.2183,65.5402,34617,2019-11-08 05:00:00
298,65.159,64.9595,20248580,65.3213,64.8705,64.9808,28051,2019-11-11 05:00:00
299,65,64.94,21717180,65.5,64.7885,65.1015,29836,2019-11-12 05:00:00
300,64.7035,64.9,17077220,65.215,64.6755,64.9541,24594,2019-11-13 05:00:00
301,64.875,65.573,23886100,65.85,64.7825,65.4597,34294,2019-11-14 05:00:00
302,65.947,66.7435,35659100,66.744,65.714,66.4832,42809,2019-11-15 05:00:00
303,66.611,66.035,29761660,66.7764,65.875,66.1404,40282,2019-11-18 05:00:00
304,66.385,65.773,25387440,66.385,65.64,65.84,33860,2019-11-19 05:00:00
305,65.587,65.1525,26196700,65.75,64.5575,65.148,35665,2019-11-20 05:00:00
306,65.074,65.0675,19909980,65.6295,64.65,65.0305,30321,2019-11-21 05:00:00
307,65.281,64.767,27730120,65.4365,64.5705,64.8696,35484,2019-11-22 05:00:00
308,64.959,65.3345,20729740,65.5655,64.9065,65.2914,28308,2019-11-25 05:00:00
309,65.493,65.6775,21395900,65.74,65.2545,65.5567,27278,2019-11-26 05:00:00
310,65.75,65.6495,19926580,65.918,65.4815,65.651,26272,2019-11-27 05:00:00
311,65.356,65.248,11739620,65.5103,65.1985,65.3259,17585,2019-11-29 05:00:00
312,65.05,64.496,30237020,65.2915,64.05,64.5202,41364,2019-12-02 05:00:00
313,63.9785,64.764,25372940,64.9231,63.95,64.4944,37245,2019-12-03 05:00:00
314,65.3505,66.027,30762200,66.29,65.2435,65.9976,47153,2019-12-04 05:00:00
315,66.4,66.4065,24256360,66.4679,65.822,66.1977,32202,2019-12-05 05:00:00
316,66.672,67.031,26310200,67.2,66.672,67.0355,36374,2019-12-06 05:00:00
317,66.902,67.178,27115900,67.9725,66.892,67.4604,36782,2019-12-09 05:00:00
318,67.075,67.233,21893060,67.4988,66.802,67.2033,27768,2019-12-10 05:00:00
319,67.542,67.251,17015920,67.56,67.1335,67.2615,23300,2019-12-11 05:00:00
320,67.297,67.5135,25634440,67.7888,67.025,67.4272,37729,2019-12-12 05:00:00
321,67.3975,67.3915,31000560,67.6547,67.1935,67.416,38234,2019-12-13 05:00:00
322,67.825,68.0585,27949020,68.234,67.6335,68.0139,36523,2019-12-16 05:00:00
323,68.1445,67.756,36635180,68.25,67.5662,67.8099,38571,2019-12-17 05:00:00
324,67.83,67.631,33141380,68.0235,67.55,67.6978,29795,2019-12-18 05:00:00
325,67.591,67.802,29402040,67.905,67.4492,67.7214,31380,2019-12-19 05:00:00
326,68.1675,67.4795,66338100,68.182,67.45,67.6333,34203,2019-12-20 05:00:00
327,67.7935,67.442,17664000,67.99,67.3255,67.5536,24975,2019-12-23 05:00:00
328,67.425,67.178,6950360,67.513,67.139,67.2488,10086,2019-12-24 05:00:00
329,67.3085,68.02,13355080,68.0663,67.2235,67.7452,20376,2019-12-26 05:00:00
330,68.1495,67.5945,20774360,68.2265,67.4655,67.76,25821,2019-12-27 05:00:00
331,67.5,66.807,21026460,67.65,66.701,66.8856,32081,2019-12-30 05:00:00
332,66.5055,66.851,19249360,66.9,66.4543,66.7144,24506,2019-12-31 05:00:00
333,67.0775,68.3685,28134620,68.407,67.0775,67.9143,41393,2020-01-02 05:00:00
334,67.393,68.033,23740120,68.625,67.2772,68.1808,28661,2020-01-03 05:00:00
335,67.5,69.7105,34662980,69.825,67.5,69.3705,43016,2020-01-06 05:00:00
336,69.897,69.667,30233860,70.1495,69.519,69.8211,37866,2020-01-07 05:00:00
337,69.604,70.216,30583540,70.579,69.542,70.1822,38567,2020-01-08 05:00:00
338,71.0285,70.9915,30053280,71.3665,70.5135,71.001,39067,2020-01-09 05:00:00
339,71.378,71.4865,36431320,71.7465,70.9175,71.4732,40834,2020-01-10 05:00:00
340,71.8065,71.9615,33069640,72.026,71.301,71.7999,34474,2020-01-13 05:00:00
341,71.9505,71.544,31209060,72.09,71.4185,71.7481,41870,2020-01-14 05:00:00
342,71.5105,71.96,25653700,72.0698,71.5105,71.8684,32323,2020-01-15 05:00:00
343,72.372,72.585,23473760,72.5995,72.046,72.3612,32085,2020-01-16 05:00:00
344,73.1455,74.0195,47924300,74.0648,72.911,73.5589,48284,2020-01-17 05:00:00
345,73.956,74.22,40735600,74.5925,73.56,74.1302,41472,2020-01-21 05:00:00
346,74.55,74.2975,32216920,75.1607,74.2465,74.5699,35249,2020-01-22 05:00:00
347,74.382,74.3325,27027080,74.776,74.105,74.3867,27661,2020-01-23 05:00:00
348,74.6795,73.3355,35692880,74.7748,73.2625,73.7593,41318,2020-01-24 05:00:00
349,71.55,71.695,35104020,71.9035,71.06,71.6075,42834,2020-01-27 05:00:00
350,72.15,72.628,31548440,72.8,71.6235,72.4684,34530,2020-01-28 05:00:00
351,72.94,72.9315,21573340,73.2715,72.337,72.878,34262,2020-01-29 05:00:00
352,71.998,72.792,26788420,72.864,71.82,72.38,36481,2020-01-30 05:00:00
353,73.445,71.7115,48344280,73.5065,71.4265,71.9965,63906,2020-01-31 05:00:00
354,73.1,74.297,61104320,74.5,72.9495,73.5227,104280,2020-02-03 05:00:00
355,72.8535,72.3535,78659080,73.475,71.315,71.9512,120728,2020-02-04 05:00:00
356,73.121,72.4115,39723140,73.192,71.528,72.1669,55971,2020-02-05 05:00:00
357,72.5165,73.8115,33587680,74.1,72.4785,73.5194,50450,2020-02-06 05:00:00
358,73.365,73.9615,23445400,74.292,73.3175,73.8132,33824,2020-02-07 05:00:00
359,73.716,75.434,28397520,75.475,73.716,74.9723,37441,2020-02-10 05:00:00
360,75.5905,75.4395,26892660,76.4815,75.2819,75.8083,41802,2020-02-11 05:00:00
361,75.724,75.9135,23351300,76.0348,75.4055,75.7853,34981,2020-02-12 05:00:00
362,75.6345,75.733,18594600,76.359,75.23,75.7887,31896,2020-02-13 05:00:00
363,75.78,76.037,23956720,76.037,75.367,75.8768,25109,2020-02-14 05:00:00
364,75.75,75.9835,22422800,76.5815,75.6295,76.0363,31143,2020-02-18 05:00:00
365,76.2535,76.3345,18985360,76.6053,76.07,76.4094,31792,2020-02-19 05:00:00
366,76.1,75.9075,21931040,76.482,75.341,75.8673,32783,2020-02-20 05:00:00
367,75.4015,74.2555,34645460,75.6108,74.022,74.6735,48790,2020-02-21 05:00:00
368,71.3055,71.0795,57341060,71.8485,70.5695,71.2599,79082,2020-02-24 05:00:00
369,71.65,69.4225,49565560,71.907,69.12,70.3305,69641,2020-02-25 05:00:00
370,69.807,69.659,44080740,70.785,68.95,69.9192,62459,2020-02-26 05:00:00
371,68.103,65.9045,59566000,68.5852,65.8585,67.2792,89203,2020-02-27 05:00:00
372,63.875,66.9665,75812360,67.057,63.55,65.2276,119096,2020-02-28 05:00:00
373,67.5805,69.4555,48629360,69.5435,66.3408,68.0069,84405,2020-03-02 05:00:00
374,69.971,67.0695,48046520,70.5075,66.6,68.3985,76344,2020-03-03 05:00:00
375,67.9615,69.326,38266300,69.4045,67.1555,68.3905,57124,2020-03-04 05:00:00
376,67.51,65.952,51225760,67.9455,65.255,66.5529,86034,2020-03-05 05:00:00
377,63.853,64.9205,53212560,65.311,63.0525,64.0607,85472,2020-03-06 05:00:00
378,60.265,60.778,67307300,62.738,60,61.5098,112119,2020-03-09 04:00:00
379,63,64.0195,52227460,64.0575,60.9385,62.7261,68048,2020-03-10 04:00:00
380,62.485,60.7705,52224580,63.048,59.8035,61.083,78221,2020-03-11 04:00:00
381,56.3,55.7455,84534960,59.6935,55.665,56.8192,133400,2020-03-12 04:00:00
382,58.95,60.9865,74002500,60.988,55.8572,58.2601,108758,2020-03-13 04:00:00
383,54.8,54.2165,85047300,57.6133,53.722,55.3314,120232,2020-03-16 04:00:00
384,54.6555,55.99,77229780,56.543,52.8005,54.9151,112900,2020-03-17 04:00:00
385,52.8255,54.84,84668700,55.325,51.864,53.8466,106721,2020-03-18 04:00:00
386,54.6525,55.7645,73022120,57.8985,53.0054,55.9403,86581,2020-03-19 04:00:00
387,56.786,53.616,72035000,57.1995,53.2745,54.9787,91131,2020-03-20 04:00:00
388,53.066,52.831,80882740,53.566,50.6768,52.0459,117013,2020-03-23 04:00:00
389,55.1885,56.723,66889000,56.75,54.531,55.8549,90974,2020-03-24 04:00:00
390,56.3235,55.1245,81630560,57.445,54.3005,55.5543,107456,2020-03-25 04:00:00
391,55.59,58.0875,71475100,58.4985,54.6765,56.8875,89911,2020-03-26 04:00:00
392,56.2835,55.5355,64169900,57.5335,55.2955,55.9313,85375,2020-03-27 04:00:00
393,56.252,57.341,51481220,57.5815,54.824,56.4594,73133,2020-03-30 04:00:00
394,57.365,58.1405,49759660,58.7655,56.907,58.0551,63677,2020-03-31 04:00:00
395,56.1,55.281,46883460,56.4845,54.8725,55.6376,71423,2020-04-01 04:00:00
396,54.913,56.042,39297620,56.343,54.82,55.6041,56662,2020-04-02 04:00:00
397,55.9508,54.894,46268000,56.177,53.9905,54.8763,62147,2020-04-03 04:00:00
398,56.9,59.346,53294460,59.733,56.547,58.3073,72720,2020-04-06 04:00:00
399,61.05,59.3255,47746580,61.25,59.1115,59.9702,70485,2020-04-07 04:00:00
400,60.325,60.514,39502700,60.9535,59.408,60.3455,51692,2020-04-08 04:00:00
401,61.204,60.5725,43508420,61.2785,59.8368,60.5269,64151,2020-04-09 04:00:00
402,60.459,60.878,34796560,61.0255,59.3799,60.1607,52951,2020-04-13 04:00:00
403,62.2545,63.4615,49407060,64.1035,61.8465,63.0972,70966,2020-04-14 04:00:00
404,62.2805,63.1235,33434060,64.023,62.02,62.9241,52270,2020-04-15 04:00:00
405,63.705,63.1735,50361980,63.95,62.131,62.9729,75882,2020-04-16 04:00:00
406,64.2425,64.1625,38980840,64.7215,63.5615,64.0916,61683,2020-04-17 04:00:00
407,63.55,63.3305,33909760,64.08,63.0685,63.5076,54010,2020-04-20 04:00:00
408,62.35,60.817,43060060,62.7135,60.4855,61.2529,81297,2020-04-21 04:00:00
409,62.277,63.1605,41861900,64.2807,62.1,63.2891,55496,2020-04-22 04:00:00
410,63.5775,63.8155,31318160,64.6655,63.2835,63.9078,43438,2020-04-23 04:00:00
411,63.0585,63.9655,32807620,64.02,62.4725,63.2856,51709,2020-04-24 04:00:00
412,64.8,63.794,32011260,64.8075,63.45,63.9876,53827,2020-04-27 04:00:00
413,64.3965,61.6835,59026180,64.4025,61.61,62.9046,113448,2020-04-28 04:00:00
414,67.073,67.074,75872600,67.9995,66.267,67.0864,108070,2020-04-29 04:00:00
415,66.244,67.433,53377120,67.641,66.1245,66.855,73104,2020-04-30 04:00:00
416,66.425,66.0305,41452780,67.6035,65.55,66.3037,58744,2020-05-01 04:00:00
417,65.4115,66.34,30080340,66.383,64.95,65.7772,47357,2020-05-04 04:00:00
418,66.896,67.5555,33030660,68.697,66.873,67.9774,55616,2020-05-05 04:00:00
419,68.0845,67.365,24308440,68.556,67.3645,67.9714,41697,2020-05-06 04:00:00
420,68.297,68.628,27995140,68.88,67.7635,68.4474,41221,2020-05-07 04:00:00
421,69.1565,69.4185,27761360,69.938,68.774,69.4473,45174,2020-05-08 04:00:00
422,68.914,70.163,28242260,70.8265,68.8576,69.9828,49770,2020-05-11 04:00:00
423,70.356,68.787,27812000,70.75,68.7385,69.7629,46620,2020-05-12 04:00:00
424,68.8525,67.4665,36251700,69.2741,66.42,67.6682,65238,2020-05-13 04:00:00
425,66.751,67.8065,32061540,67.871,66.1955,67.1057,49705,2020-05-14 04:00:00
426,67.5,68.6595,34154940,68.724,66.95,67.9993,59537,2020-05-15 04:00:00
427,68.0875,69.197,36479240,69.6163,67.7125,68.9221,53466,2020-05-18 04:00:00
428,69.3498,68.6743,25612880,69.6,68.6743,69.2279,41820,2020-05-19 04:00:00
429,69.479,70.336,33107500,70.521,69.3625,70.1793,49097,2020-05-20 04:00:00
430,70.4,70.14,27703880,70.7745,69.6725,70.2149,42658,2020-05-21 04:00:00
431,69.8355,70.521,26188160,70.638,69.5915,70.1746,41294,2020-05-22 04:00:00
432,71.8635,70.851,41212440,72.05,70.6065,71.3769,56455,2020-05-26 04:00:00
433,70.8625,70.892,33722680,71.087,69.5645,70.4899,53894,2020-05-27 04:00:00
434,69.843,70.8365,33871520,72.042,69.8375,71.1822,52244,2020-05-28 04:00:00
435,70.847,71.446,36761180,71.6285,70.6675,71.2601,45300,2020-05-29 04:00:00
436,70.9195,71.591,24342800,71.898,70.9,71.5085,33484,2020-06-01 04:00:00
437,71.5275,71.961,25562560,71.9805,70.9415,71.5269,39725,2020-06-02 04:00:00
438,71.915,71.819,25097480,72.3276,71.4889,71.8205,41338,2020-06-03 04:00:00
439,71.52,70.609,29685440,71.948,70.2365,70.9575,50921,2020-06-04 04:00:00
440,70.6585,71.9195,34704800,72.2525,70.3,71.6826,60144,2020-06-05 04:00:00
441,71.117,72.3305,28083400,72.3995,71.117,71.8797,43054,2020-06-08 04:00:00
442,72.268,72.808,28184980,73.4,72.1605,72.8654,46790,2020-06-09 04:00:00
443,72.977,73.2925,30503060,73.713,72.8135,73.2672,54560,2020-06-10 04:00:00
444,72.124,70.192,39826400,72.7238,70.1,71.2216,68818,2020-06-11 04:00:00
445,71.4245,70.659,38927340,71.85,69.301,70.5814,60762,2020-06-12 04:00:00
446,69.54,70.9925,30121560,71.24,69.396,70.4075,55207,2020-06-15 04:00:00
447,72.261,72.136,34232280,72.751,71.295,72.1317,58622,2020-06-16 04:00:00
448,72.358,72.556,30992300,73,71.569,72.4192,48798,2020-06-17 04:00:00
449,72.458,71.798,31638320,72.5705,71.3505,71.8247,55105,2020-06-18 04:00:00
450,72.2,71.586,63157500,72.39,71.0675,71.6935,65237,2020-06-19 04:00:00
451,71.45,72.593,30848800,72.6375,71.1605,72.1782,44842,2020-06-22 04:00:00
452,72.782,73.2205,28595280,73.7971,72.262,73.1872,43781,2020-06-23 04:00:00
453,73.0755,71.5985,35120440,73.771,71.4875,72.1647,54443,2020-06-24 04:00:00
454,71.495,72.0665,24609480,72.145,71,71.6651,37387,2020-06-25 04:00:00
455,71.5695,67.995,85353960,71.6725,67.5995,69.0623,119926,2020-06-26 04:00:00
456,67.909,69.7485,36203600,69.78,67.3505,68.9499,62601,2020-06-29 04:00:00
457,69.522,70.6805,40847620,70.9325,69.198,70.0653,62234,2020-06-30 04:00:00
458,70.555,71.902,35503340,72.15,70.491,71.5808,63632,2020-07-01 04:00:00
459,72.347,73.235,37189600,74.1475,72.321,73.2372,66404,2020-07-02 04:00:00
460,74.003,74.785,31273940,75.3295,73.643,74.6189,56187,2020-07-06 04:00:00
461,74.5,74.259,29163440,75.84,74.1775,75.0194,49009,2020-07-07 04:00:00
462,74.716,74.8,24993160,75.294,74.2815,74.8011,41005,2020-07-08 04:00:00
463,75.3225,75.5495,28466440,76.136,74.4043,75.394,51057,2020-07-09 04:00:00
464,75.3075,77.087,37134080,77.1915,74.827,76.1863,72815,2020-07-10 04:00:00
465,77.5,75.567,36928480,78.8566,75.2621,77.2939,63133,2020-07-13 04:00:00
466,74.5155,76.029,31700320,76.1475,74.175,75.2278,59690,2020-07-14 04:00:00
467,76.1565,75.682,32213680,76.7665,74.9,75.7488,51888,2020-07-15 04:00:00
468,75,75.9,30386900,75.9345,74.3155,75.3139,49494,2020-07-16 04:00:00
469,76.081,75.7775,29140200,76.172,74.921,75.5857,48750,2020-07-17 04:00:00
470,75.763,78.286,31145040,78.5145,75.18,77.4835,50096,2020-07-20 04:00:00
471,79.3495,77.921,24372900,79.3495,77.714,78.4116,42143,2020-07-21 04:00:00
472,78.025,78.4245,18639700,78.5,77.305,78.0138,29634,2020-07-22 04:00:00
473,78.3485,75.784,32552680,78.5935,75.3696,76.5577,56430,2020-07-23 04:00:00
474,74.9465,75.5935,30888080,75.8818,74.42,75.2127,55829,2020-07-24 04:00:00
475,75.78,76.51,24919600,77.0485,75.7605,76.4683,50315,2020-07-27 04:00:00
476,76.259,75.017,34043480,76.324,74.883,75.657,52525,2020-07-28 04:00:00
477,75.316,76.101,22130680,76.5626,75.0665,75.8863,38861,2020-07-29 04:00:00
478,74.85,76.5725,33427920,76.8935,74.611,76.1413,71809,2020-07-30 04:00:00
479,75.2505,74.148,68580720,75.4475,72.7015,73.6288,141980,2020-07-31 04:00:00
480,74.332,73.7225,46630200,74.5235,73.282,73.697,79470,2020-08-03 04:00:00
481,73.8285,73.2485,38069780,74.278,72.9325,73.4029,67652,2020-08-04 04:00:00
482,73.465,73.6805,39599140,74.1205,73.173,73.6926,46215,2020-08-05 04:00:00
483,73.5875,75.005,39907360,75.1195,73.3,74.5212,66380,2020-08-06 04:00:00
484,75,74.7245,31556520,75.8423,74.082,74.7722,45809,2020-08-07 04:00:00
485,74.359,74.805,25186800,75.2038,73.654,74.5223,40059,2020-08-10 04:00:00
486,74.622,74.016,29087300,75.5,73.9,74.5498,47913,2020-08-11 04:00:00
487,74.279,75.331,28753100,75.6193,74.2625,75.2775,44671,2020-08-12 04:00:00
488,75.517,75.9225,29104160,76.8625,75.4003,76.1795,47707,2020-08-13 04:00:00
489,75.783,75.3865,27104000,76.095,75.144,75.5606,37912,2020-08-14 04:00:00
490,75.7335,75.899,27572000,76.2805,75.3985,75.9624,37593,2020-08-17 04:00:00
491,76.309,77.93,40541720,78.1235,76.1855,77.2817,58344,2020-08-18 04:00:00
492,77.6655,77.3765,33212220,78.684,77.1975,77.9034,52580,2020-08-19 04:00:00
493,77.1725,79.0875,34093540,79.2935,76.91,78.6028,48871,2020-08-20 04:00:00
494,78.8515,79.021,28929060,79.886,78.4003,79.1638,48485,2020-08-21 04:00:00
495,79.699,79.41,28204580,80.7085,79.0285,79.55,50609,2020-08-24 04:00:00
496,79.1035,80.411,42641680,80.581,79.1035,80.2053,45681,2020-08-25 04:00:00
497,80.4,82.619,71621440,82.961,80.18,81.8154,88489,2020-08-26 04:00:00
498,82.684,81.7165,37232040,82.75,81.2875,81.9334,57982,2020-08-27 04:00:00
499,81.6745,82.2205,29995640,82.3585,81.5375,81.9907,41740,2020-08-28 04:00:00
500,82.3945,81.709,35468120,82.3983,81.5155,81.8369,49068,2020-08-31 04:00:00
501,81.8315,83.0355,36237100,83.2865,81.611,82.6047,46235,2020-09-01 04:00:00
502,83.6888,86.414,50223600,86.659,83.3165,85.1412,86509,2020-09-02 04:00:00
503,85.4857,82.092,62155260,85.4857,80.753,82.4508,119410,2020-09-03 04:00:00
504,81.213,79.552,52171360,82.2555,77.3806,79.3426,113649,2020-09-04 04:00:00
505,76.6755,76.6195,52216280,78.1933,76.4005,77.1339,96451,2020-09-08 04:00:00
506,77.8765,77.848,35494080,78.45,76.8026,77.8175,66134,2020-09-09 04:00:00
507,78.032,76.601,32371140,79.2041,76.2903,77.5324,58778,2020-09-10 04:00:00
508,76.8,76.036,31941740,78.76,74.868,76.0934,57795,2020-09-11 04:00:00
509,76.9503,75.964,33931780,78.2,75.787,76.7522,57058,2020-09-14 04:00:00
510,76.8,77.072,26621640,77.9785,76.5918,77.2468,40411,2020-09-15 04:00:00
511,77.777,76.045,26245980,78.1,75.991,76.8298,45043,2020-09-16 04:00:00
512,74.8,74.7765,37595020,75.4149,73.5,74.5431,69904,2020-09-17 04:00:00
513,74.9005,72.9995,61875640,75.1502,71.8565,73.392,80443,2020-09-18 04:00:00
514,72.003,71.558,57776540,72.418,70.3275,71.2242,103648,2020-09-21 04:00:00
515,72.5045,73.273,31664020,73.476,71.7265,72.6542,60292,2020-09-22 04:00:00
516,72.939,70.7605,33147000,73.048,70.385,71.605,61426,2020-09-23 04:00:00
517,70.5515,71.4145,29004320,72.1854,70.4925,71.4635,57240,2020-09-24 04:00:00
518,71.6315,72.248,26467500,72.5,70.667,71.7569,46814,2020-09-25 04:00:00
519,73.7105,73.226,40158820,73.84,72.4651,73.184,58018,2020-09-28 04:00:00
520,73.5195,73.4665,19582040,73.8332,72.9403,73.4033,38922,2020-09-29 04:00:00
521,73.34,73.48,34032160,74.4875,72.994,73.7715,52374,2020-09-30 04:00:00
522,74.2135,74.5045,35589940,74.952,73.9605,74.4648,50317,2020-10-01 04:00:00
523,73.1015,72.921,25681420,74.16,72.546,73.2721,51996,2020-10-02 04:00:00
524,73.3105,74.301,22265140,74.4105,73.2135,73.9316,40677,2020-10-05 04:00:00
525,73.779,72.672,24908460,74.338,72.4295,73.3282,51449,2020-10-06 04:00:00
526,73.2145,73.0145,34923120,73.448,71.8,72.7354,64119,2020-10-07 04:00:00
527,73.2545,74.2965,23756620,74.5,73.2545,74.117,43202,2020-10-08 04:00:00
528,74.735,75.761,28510840,75.826,74.4725,75.3466,48579,2020-10-09 04:00:00
529,77.15,78.4575,49651200,79.693,76.6285,78.3109,80125,2020-10-12 04:00:00
530,79.1865,78.584,32020860,79.5,78.16,78.8024,55794,2020-10-13 04:00:00
531,78.9295,78.404,38619800,79.3842,77.5265,78.4856,51479,2020-10-14 04:00:00
532,77.3575,77.9565,30816340,78.7553,77.2515,78.0074,43490,2020-10-15 04:00:00
533,78.2925,78.6505,28702740,79.0565,78.15,78.7216,45312,2020-10-16 04:00:00
534,79.023,76.7305,32141500,79.4075,76.4,77.3634,48649,2020-10-19 04:00:00
535,76.3525,77.7965,44851440,78.875,76.2835,77.5985,58137,2020-10-20 04:00:00
536,78.6665,79.6655,51366900,80.9365,78.5815,79.9562,81309,2020-10-21 04:00:00
537,79.6525,80.7665,28680840,81.0995,79.25,80.3814,46698,2020-10-22 04:00:00
538,81.3035,82.05,27516880,82.118,81.0255,81.6834,46485,2020-10-23 04:00:00
539,81.2505,79.5225,37065080,81.912,78.825,79.9574,56471,2020-10-26 04:00:00
540,79.7835,80.213,24580040,80.3423,79.139,79.7918,40752,2020-10-27 04:00:00
541,77.987,75.831,36676680,78.0675,75.731,76.5131,70461,2020-10-28 04:00:00
542,76.118,78.362,40061280,79.6855,76.112,79.31,89200,2020-10-29 04:00:00
543,83.6055,81.0505,86617240,84.35,80.223,81.8291,144354,2020-10-30 04:00:00
544,81.408,81.3015,50708920,83.0385,80.8015,81.8494,81304,2020-11-02 05:00:00
545,81.589,82.5105,32932760,83.085,80.831,82.4851,54600,2020-11-03 05:00:00
546,85.514,87.4565,71418540,88.5683,85.3015,87.2251,127143,2020-11-04 05:00:00
547,89.05,88.1685,41316240,89.682,87.5255,88.5335,66355,2020-11-05 05:00:00
548,87.6975,88.0875,33224500,88.6215,87.0175,87.9229,48815,2020-11-06 05:00:00
549,89.545,88.15,45365400,90.903,88.001,89.2674,77205,2020-11-09 05:00:00
550,86.5545,87.0195,52722840,88.15,85.865,87.0379,69566,2020-11-10 05:00:00
551,87.5,87.6355,25279320,88.211,87.3683,87.7202,45513,2020-11-11 05:00:00
552,87.3815,87.492,24975080,88.4135,87.28,87.6778,41557,2020-11-12 05:00:00
553,87.8815,88.851,30011480,89.052,87.2275,88.3709,51261,2020-11-13 05:00:00
554,88.585,89.069,24935700,89.9535,88.3845,89.1269,41162,2020-11-16 05:00:00
555,88.847,88.5075,22942280,89.25,88.35,88.6845,34268,2020-11-17 05:00:00
556,88.2615,87.339,23469320,88.6735,87.307,87.8493,44530,2020-11-18 05:00:00
557,86.919,88.196,24998200,88.4795,86.8503,87.7761,35879,2020-11-19 05:00:00
558,88.2605,87.1095,46273100,88.7,87.093,87.5793,51015,2020-11-20 05:00:00
559,87.48,86.743,43239500,87.695,85.886,86.5425,49547,2020-11-23 05:00:00
560,86.525,88.444,31594060,88.58,86.3845,87.8199,50286,2020-11-24 05:00:00
561,88.6445,88.5715,20922440,88.927,87.827,88.5278,42152,2020-11-25 05:00:00
562,88.6545,89.6595,17698320,90.2,88.622,89.5439,32911,2020-11-27 05:00:00
563,89.0592,88.037,36476720,89.4033,87.75,88.1419,65330,2020-11-30 05:00:00
564,88.7185,89.905,34780900,91.2415,88.4685,89.9139,69363,2020-12-01 05:00:00
565,89.905,91.3975,24440640,91.7825,89.4736,91.0035,47106,2020-12-02 05:00:00
566,91.2005,91.3385,24545960,92.36,91.1325,91.575,44173,2020-12-03 05:00:00
567,91.226,91.3995,27373320,91.658,90.8495,91.3558,37656,2020-12-04 05:00:00
568,90.95,90.974,26418920,91.6185,90.289,90.8969,40868,2020-12-07 05:00:00
569,90.505,90.9275,21926380,91.095,89.8102,90.6799,37437,2020-12-08 05:00:00
570,90.6005,89.2065,30151160,91.7135,88.3905,89.7179,54526,2020-12-09 05:00:00
571,88.49,88.7665,27256960,89.0655,87.016,88.5375,47213,2020-12-10 05:00:00
572,88.153,89.0885,24413020,89.2225,88,88.713,41218,2020-12-11 05:00:00
573,88.75,88.003,32003460,89.8695,87.8608,88.5259,49461,2020-12-14 05:00:00
574,88.221,88.3885,29645220,88.571,87.4975,88.1546,39155,2020-12-15 05:00:00
575,88.644,88.15,30270860,88.65,87.804,88.1292,46072,2020-12-16 05:00:00
576,88.4255,87.395,32494880,88.5892,86.933,87.6132,51263,2020-12-17 05:00:00
577,87.709,86.5505,80327060,87.7555,86.011,86.5936,63667,2020-12-18 05:00:00
578,85.6755,86.9685,36567100,87.0425,84.95,86.4623,52990,2020-12-21 05:00:00
579,86.7215,86.175,18766920,86.8703,85.6288,86.2335,39778,2020-12-22 05:00:00
580,86.4055,86.619,20678340,87.3995,86.252,86.6991,31939,2020-12-23 05:00:00
581,86.75,86.9425,6935060,87.3,86.4555,86.8037,15390,2020-12-24 05:00:00
582,87.5818,88.8045,27860660,89.5364,87.3168,88.7897,49624,2020-12-28 05:00:00
583,89.3895,87.936,25987900,89.622,87.8045,88.2527,47639,2020-12-29 05:00:00
584,88.1005,86.976,26122600,88.2548,86.28,87.0264,56803,2020-12-30 05:00:00
585,86.771,87.594,20244800,87.9465,86.771,87.45,37323,2020-12-31 05:00:00
586,87.877,86.412,38037100,88.0325,85.3925,86.4595,61759,2021-01-04 05:00:00
587,86.25,87.046,22906940,87.3835,85.9008,86.8901,37186,2021-01-05 05:00:00
588,85.1315,86.7645,52042280,87.4,84.95,86.4521,96058,2021-01-06 05:00:00
589,87.003,89.3625,45300440,89.42,86.8525,88.7558,73555,2021-01-07 05:00:00
590,89.399,90.3605,41020040,90.492,88.6768,89.6458,67588,2021-01-08 05:00:00
591,89.3035,88.336,24194700,89.7158,88.026,88.7349,52944,2021-01-11 05:00:00
592,87.696,87.3275,27153820,88.902,86.2655,87.3719,50032,2021-01-12 05:00:00
593,86.929,87.72,21882620,88.2518,86.9005,87.7124,45720,2021-01-13 05:00:00
594,87.681,87.009,23589540,88.7505,86.67,87.4276,41610,2021-01-14 05:00:00
595,86.9095,86.8095,26843400,87.8,86.0775,87.0239,40904,2021-01-15 05:00:00
596,87.6125,89.543,34692280,90.4638,87.073,88.9784,63279,2021-01-19 05:00:00
597,91.573,94.345,49805160,95.1855,91.2765,93.7594,89388,2021-01-20 05:00:00
598,94.9,94.5625,41278640,96.743,94.3555,95.3632,81476,2021-01-21 05:00:00
599,94.784,95.0525,25444640,95.5475,94.088,95.1828,44826,2021-01-22 05:00:00
600,96.0335,94.97,38546400,96.479,93.3765,94.7467,72673,2021-01-25 05:00:00
601,94.442,95.862,26262780,96.25,94.2123,95.6356,49227,2021-01-26 05:00:00
602,94.1265,91.5395,54965840,94.5,90.45,92.1156,123349,2021-01-27 05:00:00
603,92.197,93.1555,35462760,94.9415,92.132,93.5053,65635,2021-01-28 05:00:00
604,92.3085,91.787,32251040,92.864,90.51,91.8693,64401,2021-01-29 05:00:00
605,92.6785,95.0675,32043640,96.1196,92.576,94.5974,67480,2021-02-01 05:00:00
606,96.128,96.3755,45474460,97.788,95.7245,97.5966,99542,2021-02-02 05:00:00
607,103.65,103.5035,82363400,105.825,100.919,103.8043,138553,2021-02-03 05:00:00
608,103.4445,103.1185,37046580,103.9275,102.1295,102.8662,86551,2021-02-04 05:00:00
609,103.5,104.9,30702700,105.1255,102.9665,104.3466,56196,2021-02-05 05:00:00
610,105.2955,104.6455,24848220,106.1773,103.6,104.5633,60925,2021-02-08 05:00:00
611,103.927,104.1755,17797000,105.2565,103.927,104.5758,42551,2021-02-09 05:00:00
612,104.7105,104.769,22709280,105.4185,103.1545,104.4983,49919,2021-02-10 05:00:00
613,104.9755,104.7945,18913000,105.1015,103.866,104.4811,42398,2021-02-11 05:00:00
614,104.5125,105.2055,17117300,105.441,104.1565,104.9303,34441,2021-02-12 05:00:00
615,105.218,106.095,22676760,107.634,105.218,106.5303,53892,2021-02-16 05:00:00
616,105,106.4155,21418820,106.683,104.946,106.1073,45490,2021-02-17 05:00:00
617,105.5195,105.86,22437100,106.6368,105.1855,105.789,46097,2021-02-18 05:00:00
618,105.9635,105.057,29152240,106.5265,104.8705,105.6206,55508,2021-02-19 05:00:00
619,103.35,103.244,27350660,104.571,103.107,103.7096,64219,2021-02-22 05:00:00
620,101.2505,103.543,33347540,104.1005,100.101,102.1679,81967,2021-02-23 05:00:00
621,102.0915,104.7585,24966980,105.039,101.9065,103.9268,60355,2021-02-24 05:00:00
622,103.3725,101.568,36568640,104.744,101.0645,102.3341,88864,2021-02-25 05:00:00
623,102.526,101.843,41676020,103.5505,100.803,102.1885,66220,2021-02-26 05:00:00
624,102.826,104.0755,28102300,104.326,102.305,103.436,53865,2021-03-01 05:00:00
625,103.8095,103.792,22691900,105.2185,103.563,104.145,41420,2021-03-02 05:00:00
626,103.3605,101.3355,29683620,104.4259,100.5,102.0986,57576,2021-03-03 05:00:00
627,101.1685,102.4545,42360120,104.462,101.0135,102.5656,83311,2021-03-04 05:00:00
628,103.656,105.427,43904360,105.9055,102.3208,104.3282,88332,2021-03-05 05:00:00
629,105.0565,101.2085,32948580,106.4405,101.0805,103.5453,71244,2021-03-08 05:00:00
630,103.5,102.635,33946120,103.902,102.3915,103.1687,60788,2021-03-09 05:00:00
631,103.588,102.7515,25371840,103.75,101.6685,102.7697,50631,2021-03-10 05:00:00
632,103.703,105.7385,24781600,106.285,103.619,105.3491,53959,2021-03-11 05:00:00
633,104.25,103.096,34515880,104.513,102.3775,103.1418,65618,2021-03-12 05:00:00
634,103.115,103.3245,25966500,103.353,102.1755,102.8112,46161,2021-03-15 04:00:00
635,103.9495,104.626,29791280,106.178,103.5,104.9719,51730,2021-03-16 04:00:00
636,103.8015,104.554,25980320,105.489,102.7,104.0334,48467,2021-03-17 04:00:00
637,103.05,101.811,27248600,103.775,101.6775,102.6796,59265,2021-03-18 04:00:00
638,102.1025,102.16,46297860,102.655,100.884,102.1343,54913,2021-03-19 04:00:00
639,102.092,101.9295,39096320,102.8995,101.3035,102.1168,69224,2021-03-22 04:00:00
640,102.585,102.648,27339940,103.6151,101.961,102.8542,50655,2021-03-23 04:00:00
641,103.2685,102.253,23080580,103.9105,102.0778,102.9371,48082,2021-03-24 04:00:00
642,102.2405,102.218,28378140,102.9435,100.5365,101.955,59497,2021-03-25 04:00:00
643,101.943,101.7775,29876000,102.5495,100.701,101.5675,60313,2021-03-26 04:00:00
644,101.394,102.7975,24595540,102.9215,100.781,102.1463,52187,2021-03-29 04:00:00
645,102.8815,102.777,20735480,103.539,102.2015,102.8185,44609,2021-03-30 04:00:00
646,102.956,103.4315,29198600,104.6664,102.8373,103.7687,58733,2021-03-31 04:00:00
647,104.8975,106.8875,33979560,107.147,104.8445,106.1366,72869,2021-04-01 04:00:00
648,107.647,111.2775,43297500,111.8655,107.581,110.5785,83380,2021-04-05 04:00:00
649,111.125,111.2375,27060720,111.883,110.74,111.237,61264,2021-04-06 04:00:00
650,111.3065,112.484,25797220,112.75,111.2665,112.2185,49109,2021-04-07 04:00:00
651,113.898,113.272,27165180,114.2003,112.884,113.2901,55649,2021-04-08 04:00:00
652,112.835,114.294,20887300,114.452,112.6857,113.6937,45765,2021-04-09 04:00:00
653,113.3125,112.7395,31317020,113.766,111.9233,112.7576,67678,2021-04-12 04:00:00
654,113.0735,113.3635,23316080,113.8605,112.8045,113.3314,48789,2021-04-13 04:00:00
655,113.758,112.742,20219340,113.8995,112.4595,113.1304,41529,2021-04-14 04:00:00
656,113.849,114.833,27472240,115.3298,113.3,114.6075,50440,2021-04-15 04:00:00
657,115.15,114.888,22601800,115.322,114.2225,114.8133,43070,2021-04-16 04:00:00
658,114.599,115.12,24688900,115.9225,114.3923,115.0509,50862,2021-04-19 04:00:00
659,115.3945,114.6815,21774980,115.48,113.5855,114.6322,48560,2021-04-20 04:00:00
660,114.2625,114.6645,23934620,114.766,112.9285,114.1065,44353,2021-04-21 04:00:00
661,114.6615,113.396,21096160,115.1881,112.8225,113.9401,47492,2021-04-22 04:00:00
662,114.1735,115.765,28703240,116.291,113.9105,115.4047,59718,2021-04-23 04:00:00
663,115.9965,116.337,20833000,117.063,115.692,116.4039,50909,2021-04-26 04:00:00
664,116.8,115.356,31971660,116.8725,115.2135,116.3619,90513,2021-04-27 04:00:00
665,120.3573,118.9955,59728780,122.6189,118.7425,120.5064,153095,2021-04-28 04:00:00
666,120.5165,121.4945,39553540,121.826,120.114,121.0659,94211,2021-04-29 04:00:00
667,120.2245,120.506,38975080,121.357,120.108,120.577,92298,2021-04-30 04:00:00
668,120.136,119.7585,33787780,120.985,119.225,119.9477,72288,2021-05-03 04:00:00
669,118.487,117.7125,35120300,118.963,115.585,117.0529,86187,2021-05-04 04:00:00
670,118.421,117.837,21805500,119.11,117.5705,118.2237,53791,2021-05-05 04:00:00
671,117.532,119.0675,20617180,119.1355,117.1169,118.3358,54433,2021-05-06 04:00:00
672,120,119.9345,23277840,120.8205,119.5,120.1562,56297,2021-05-07 04:00:00
673,118.7445,117.083,26005420,118.9,116.7365,117.4591,71980,2021-05-10 04:00:00
674,114.593,115.438,32110960,116.1,114.15,115.2651,82654,2021-05-11 04:00:00
675,113.0855,111.954,34933280,114.2685,111.5025,112.4832,90888,2021-05-12 04:00:00
676,113.0545,113.0985,26670160,113.8301,112.136,113.0184,64151,2021-05-13 04:00:00
677,114.5915,115.808,26624960,116.057,114.166,115.407,64452,2021-05-14 04:00:00
678,115.466,116.0705,19848320,116.167,114.75,115.6369,44581,2021-05-17 04:00:00
679,116.8453,115.1715,17302380,117.1575,115.158,116.2425,48136,2021-05-18 04:00:00
680,113.22,115.4355,19350880,115.838,113.176,114.7464,50807,2021-05-19 04:00:00
681,116.402,117.8045,23831860,118.017,116.0545,117.1977,52778,2021-05-20 04:00:00
682,118.2995,117.255,22832640,118.45,117.1185,117.6238,50509,2021-05-21 04:00:00
683,118.35,120.3335,21243780,120.924,118.0055,120.0466,54694,2021-05-24 04:00:00
684,121,120.4535,18438560,121.6445,120.1495,120.6457,44943,2021-05-25 04:00:00
685,120.6418,121.6765,21556380,122.1472,120.6258,121.6006,55338,2021-05-26 04:00:00
686,121.847,120.1255,38962260,122,120.1,120.781,62163,2021-05-27 04:00:00
687,121.098,120.578,24107640,121.407,120.3845,120.8799,53369,2021-05-28 04:00:00
688,121.1,121.4905,19165780,121.8985,120.244,121.215,46422,2021-06-01 04:00:00
689,121.7655,121.064,17162100,122.1,120.21,121.118,46270,2021-06-02 04:00:00
690,119.751,120.2305,18345820,120.4873,119.1415,119.8867,47221,2021-06-03 04:00:00
691,121.126,122.588,25948680,122.693,120.8885,122.2332,55286,2021-06-04 04:00:00
692,122.566,123.3045,23849060,123.4,122.0536,122.8192,51724,2021-06-07 04:00:00
693,123.995,124.1425,24965000,124.7248,123.412,124.086,54283,2021-06-08 04:00:00
694,124.975,124.57,20126740,125.25,124.3665,124.7338,48205,2021-06-09 04:00:00
695,124.7005,126.08,31234660,126.163,124.7,125.686,56934,2021-06-10 04:00:00
696,126.246,125.6965,25246180,126.3495,124.9145,125.5044,54463,2021-06-11 04:00:00
697,125.6695,126.352,22550440,126.4115,125.047,125.7462,49331,2021-06-14 04:00:00
698,126.522,126.033,22182600,126.862,125.6485,126.0393,45657,2021-06-15 04:00:00
699,126.2475,125.6965,26316760,126.5235,124.15,125.6974,56686,2021-06-16 04:00:00
700,125.523,126.371,25755820,127.1965,125.515,126.4662,59304,2021-06-17 04:00:00
701,125.7055,125.5675,53186200,126.389,124.603,125.5246,63663,2021-06-18 04:00:00
702,125.74,126.455,26256520,127.0367,125.1343,126.3444,50886,2021-06-21 04:00:00
703,126.45,126.9995,20986200,127.27,126.0265,126.7535,44069,2021-06-22 04:00:00
704,126.55,126.4615,19693160,127.796,126.252,126.88,45926,2021-06-23 04:00:00
705,127.0535,127.282,18933240,127.5355,126.96,127.2425,43291,2021-06-24 04:00:00
706,126.957,126.995,33485940,127.505,126.444,127.0569,48503,2021-06-25 04:00:00
707,127,126.8195,28110860,127.337,125.9738,126.6017,59618,2021-06-28 04:00:00
708,126.7725,126.0185,20949560,127,125.437,125.9925,51537,2021-06-29 04:00:00
709,125.6536,125.316,24009560,125.8,124.7575,125.3335,54352,2021-06-30 04:00:00
710,124.8498,126.3685,17124600,126.4625,124.8498,125.8862,44518,2021-07-01 04:00:00
711,126.8395,128.719,21165120,128.848,126.769,128.2879,48741,2021-07-02 04:00:00
712,129.4495,129.771,21350340,129.8845,128.409,129.3455,53019,2021-07-06 04:00:00
713,130.341,130.0775,16683720,130.6399,129.76,130.117,42878,2021-07-07 04:00:00
714,128.25,129.177,19779500,130.0325,128.04,128.9856,53467,2021-07-08 04:00:00
715,128.9445,129.5745,15109320,129.8495,128.9435,129.5074,38833,2021-07-09 04:00:00
716,129.8335,130.564,16950920,130.77,129.6,130.3042,39790,2021-07-12 04:00:00
717,130.8815,130.9945,16617960,132.042,130.637,131.2332,45092,2021-07-13 04:00:00
718,131.9015,132.0825,17918540,132.996,131.898,132.3087,46977,2021-07-14 04:00:00
719,132.5,131.2665,16586320,132.595,130.598,131.2892,43751,2021-07-15 04:00:00
720,131.641,131.8455,14861180,132.183,130.8215,131.6885,36886,2021-07-16 04:00:00
721,131.1555,129.254,25709320,131.247,128.537,129.3017,65098,2021-07-19 04:00:00
722,130.004,131.1015,19083120,132.0014,129.1884,130.932,47251,2021-07-20 04:00:00
723,130.787,132.6005,14741640,132.6172,130.6015,131.8206,40754,2021-07-21 04:00:00
724,132.65,133.3285,13608140,133.5045,132.4,133.1895,33565,2021-07-22 04:00:00
725,135.26,137.816,26377740,138.8085,134.7005,137.1639,65484,2021-07-23 04:00:00
726,138.25,139.6445,23052460,139.713,137.651,138.7745,55767,2021-07-26 04:00:00
727,140.011,136.7965,42163060,140.011,135.1,137.3276,109232,2021-07-27 04:00:00
728,138.562,136.3815,54688340,139.676,136.35,137.6504,108424,2021-07-28 04:00:00
729,136.3806,136.5405,19283340,137.1515,136.138,136.6472,56815,2021-07-29 04:00:00
730,135.511,135.221,23954500,135.7714,134.8142,135.2341,55988,2021-07-30 04:00:00
731,135.4845,135.9895,20140040,136.0205,134.6695,135.5931,45445,2021-08-02 04:00:00
732,136,136.28,19064000,136.3355,134.1835,135.5466,56382,2021-08-03 04:00:00
733,136.2495,136.0285,16527140,136.538,135.415,136.0063,39905,2021-08-04 04:00:00
734,136.0285,136.94,11871780,136.95,135.6,136.5778,34161,2021-08-05 04:00:00
735,136.295,137.036,13565020,137.08,136.0465,136.7343,38016,2021-08-06 04:00:00
736,136.949,138.002,12379560,138.3215,136.4288,137.5282,39441,2021-08-09 04:00:00
737,138.0795,138.0965,16039080,138.5515,137.2265,138.0538,41478,2021-08-10 04:00:00
738,138.283,137.6895,15044660,138.8478,137.35,137.8326,39170,2021-08-11 04:00:00
739,137.713,138.3895,14649400,138.418,136.779,138.0151,33296,2021-08-12 04:00:00
740,138.3575,138.406,12580580,138.674,138.005,138.319,35742,2021-08-13 04:00:00
741,138,138.916,18050840,138.9905,136.1658,137.9205,48824,2021-08-16 04:00:00
742,138.191,137.3005,21274020,138.7185,136.7875,137.6772,49005,2021-08-17 04:00:00
743,137.1155,136.57,14934460,138.294,136.421,137.393,40779,2021-08-18 04:00:00
744,135.4675,136.9135,18295920,137.452,135.356,136.6538,47158,2021-08-19 04:00:00
745,137.083,138.437,15566740,138.6145,136.467,138.0594,41618,2021-08-20 04:00:00
746,138.9985,141.0995,21089680,142.177,138.7479,141.0588,59308,2021-08-23 04:00:00
747,141.5435,142.3985,15126260,143.0075,141.3535,142.383,47338,2021-08-24 04:00:00
748,142.883,142.95,12843060,143.313,142.4395,142.8429,37483,2021-08-25 04:00:00
749,142.6185,142.123,14922000,143.1348,142.0915,142.5739,46821,2021-08-26 04:00:00
750,142.1125,144.5505,24568240,145.011,142.02,144.1249,63778,2021-08-27 04:00:00
751,144.7045,145.4695,16915900,146.4895,144.6,145.604,54185,2021-08-30 04:00:00
752,145.8845,145.462,26756420,146.112,145,145.6061,55140,2021-08-31 04:00:00
753,145.65,145.842,15824680,146.8205,145.6145,146.1631,50922,2021-09-01 04:00:00
754,145.9495,144.219,21855800,146.325,144.1065,144.9478,64199,2021-09-02 04:00:00
755,144.146,144.775,19110480,145.377,143.505,144.7677,51104,2021-09-03 04:00:00
756,144.7495,145.519,15331740,145.824,144.541,145.3797,51278,2021-09-07 04:00:00
757,145.3935,144.8835,14871660,145.551,144.2,144.8741,49817,2021-09-08 04:00:00
758,144.8835,144.9135,14798560,145.6695,144.434,145.0457,43761,2021-09-09 04:00:00
759,145.4435,141.921,32896620,146.019,141.7415,143.1426,83184,2021-09-10 04:00:00
760,143.201,143.465,20535080,144.191,142.2825,143.2694,55327,2021-09-13 04:00:00
761,144.161,143.406,19472740,144.7275,142.9055,143.5251,52806,2021-09-14 04:00:00
762,143.759,145.206,20988780,145.5815,142.256,144.3118,54497,2021-09-15 04:00:00
763,145.121,144.3735,20298840,145.2,143.4164,144.3605,50033,2021-09-16 04:00:00
764,143.7985,141.4635,60039820,144.2495,141.0615,141.9714,76753,2021-09-17 04:00:00
765,139.0002,139.017,34417720,139.3625,137.053,138.4371,94538,2021-09-20 04:00:00
766,140.117,139.6465,18129380,140.8116,138.9055,139.8901,49899,2021-09-21 04:00:00
767,140.0505,140.9385,22067800,141.5835,139.4718,140.7678,54930,2021-09-22 04:00:00
768,141.6095,141.8265,17276100,142.2525,141.0965,141.918,44421,2021-09-23 04:00:00
769,140.946,142.633,14949340,142.9035,140.8505,142.2617,40506,2021-09-24 04:00:00
770,141.5855,141.501,18844080,142.5,140.5,141.5661,49088,2021-09-27 04:00:00
771,139.0885,136.184,42168060,139.6065,135.7,136.6697,109125,2021-09-28 04:00:00
772,137.1097,134.521,26337220,137.3985,134.25,135.4191,73295,2021-09-29 04:00:00
773,134.325,133.2655,35914720,135.59,133,134.2493,83463,2021-09-30 04:00:00
774,133.5545,136.4625,28387300,137.071,133.3775,135.5741,65498,2021-10-01 04:00:00
775,135.6995,133.765,31529900,135.7,131.1665,132.9813,91903,2021-10-04 04:00:00
776,134,136.177,24126740,137.362,134,136.1384,57444,2021-10-05 04:00:00
777,134.6255,137.354,19764320,137.852,134.4865,136.6576,52678,2021-10-06 04:00:00
778,138.863,139.1855,18250460,140.1545,138.563,139.55,46143,2021-10-07 04:00:00
779,139.906,140.056,19202000,140.317,139.4293,139.935,41856,2021-10-08 04:00:00
780,139.8,138.8475,16584760,140.7636,138.8065,139.806,42677,2021-10-11 04:00:00
781,139.6375,136.713,22535020,139.695,136.25,137.0654,62138,2021-10-12 04:00:00
782,137.75,137.9,16393280,138.55,136.9765,137.8118,37731,2021-10-13 04:00:00
783,139.952,141.412,21437560,141.6515,139.339,141.0445,50328,2021-10-14 04:00:00
784,142.2,141.675,21253360,142.2,141.0645,141.5652,46603,2021-10-15 04:00:00
785,141.2135,142.9605,15567200,142.9988,141.2135,142.4027,47660,2021-10-18 04:00:00
786,143.2915,143.822,15315840,144.107,143.096,143.6651,42889,2021-10-19 04:00:00
787,144.2225,142.415,17939500,144.2478,141.912,142.74,49198,2021-10-20 04:00:00
788,142.192,142.7805,14849920,142.8495,141.637,142.095,45001,2021-10-21 04:00:00
789,140.351,138.625,30182640,141.5585,137.1705,138.718,92307,2021-10-22 04:00:00
790,138.8105,138.773,21081700,139.2058,136.7485,138.4974,57364,2021-10-25 04:00:00
791,140.606,139.672,28258740,140.8395,139.0055,139.808,90749,2021-10-26 04:00:00
792,139.9025,146.4275,51850920,149.118,139.9025,145.9333,154594,2021-10-27 04:00:00
793,147.299,146.129,32418060,147.4245,144.7635,146.1402,95646,2021-10-28 04:00:00
794,145.52,148.2705,28954500,148.613,145.1665,147.4677,92958,2021-10-29 04:00:00
795,148.165,143.774,32122100,148.3995,143.5795,145.0938,99310,2021-11-01 04:00:00
796,144.8094,145.863,21150580,146.9205,144.641,145.8427,64914,2021-11-02 04:00:00
797,146.275,146.79,17886600,146.9105,145.0535,145.9937,56702,2021-11-03 04:00:00
798,147.2,148.683,24700800,149.95,146.635,148.6808,78120,2021-11-04 04:00:00
799,149.3535,149.241,20408140,150.5707,148.652,149.6474,68286,2021-11-05 04:00:00
800,150,149.3515,18388140,151.0345,149.12,149.6969,56580,2021-11-08 05:00:00
801,149.746,149.2485,16875560,150.3785,147.507,148.9404,65225,2021-11-09 05:00:00
802,148.0098,146.626,22702520,148.7,145.325,146.9917,80320,2021-11-10 05:00:00
803,147.107,146.748,12463100,148.5023,146.6945,147.3896,43226,2021-11-11 05:00:00
804,147.8315,149.6455,17047660,149.8595,146.454,148.8077,56348,2021-11-12 05:00:00
805,150,149.388,16247340,150.477,148.6525,149.5049,50689,2021-11-15 05:00:00
806,149.1705,149.076,17254860,149.8325,148.35,149.1478,53574,2021-11-16 05:00:00
807,149.229,149.062,15290820,149.626,148.563,149.0874,60858,2021-11-17 05:00:00
808,149.146,150.709,26682400,151.61,148.9985,150.5849,73404,2021-11-18 05:00:00
809,151,149.9525,19782960,151.85,149.8875,150.6199,79013,2021-11-19 05:00:00
810,150.1418,147.0785,24627700,150.7445,147.0055,148.1462,97488,2021-11-22 05:00:00
811,147.113,146.757,18133140,147.694,144.8895,146.2102,70743,2021-11-23 05:00:00
812,146.35,146.7175,16464060,147,145.199,146.3534,56428,2021-11-24 05:00:00
813,145.0155,142.806,16992120,145.297,142.4855,143.5358,79962,2021-11-26 05:00:00
814,144.2985,146.114,26276120,146.862,144.2985,145.8588,84669,2021-11-29 05:00:00
815,145.4503,142.452,41590520,146.6285,142.066,143.2258,107293,2021-11-30 05:00:00
816,144.2125,141.618,28545780,146.4991,141.5,144.0235,102251,2021-12-01 05:00:00
817,141.824,143.7765,21250700,144.675,140.982,143.3872,77891,2021-12-02 05:00:00
818,144.4955,142.5205,26687480,145.213,141.15,142.361,96536,2021-12-03 05:00:00
819,143.574,143.7965,22197700,144.3515,140.647,142.9736,76731,2021-12-06 05:00:00
820,145.95,148.0365,23258280,148.3,145.7025,147.5087,76779,2021-12-07 05:00:00
821,148.3315,148.7205,18963940,149.1565,147.2,148.2192,58366,2021-12-08 05:00:00
822,148.176,148.106,18580600,149.605,147.529,148.4981,63289,2021-12-09 05:00:00
823,149.1,148.675,21638460,149.4,147.3575,148.4848,63722,2021-12-10 05:00:00
824,148.444,146.7045,24103920,148.5625,146.36,147.0173,70238,2021-12-13 05:00:00
825,144.77,144.9705,24778800,145.442,142.2425,143.9567,93436,2021-12-14 05:00:00
826,144.366,147.3685,27280960,147.5173,142.7055,145.2471,93078,2021-12-15 05:00:00
827,148.077,144.8385,27399740,148.5515,144.0925,145.7507,91308,2021-12-16 05:00:00
828,142.7145,142.803,43404700,144.4601,141.788,142.9707,95002,2021-12-17 05:00:00
829,140.6796,142.4015,20263520,142.6105,140.25,141.4885,73635,2021-12-20 05:00:00
830,143.15,144.2205,19551940,144.6921,141.735,143.638,68763,2021-12-21 05:00:00
831,144.1,146.949,18346480,147.303,143.963,146.3527,63074,2021-12-22 05:00:00
832,147.0895,147.1425,13818680,148.5726,146.9508,147.6166,53770,2021-12-23 05:00:00
833,147.4635,148.064,13159320,148.4265,147.25,147.936,51144,2021-12-27 05:00:00
834,148.3745,146.448,18635840,148.3745,145.9355,146.7994,63841,2021-12-28 05:00:00
835,146.4295,146.5045,17024720,147.1838,145.5045,146.2897,58058,2021-12-29 05:00:00
836,146.45,146.0025,12977020,147.0625,145.7585,146.3289,47550,2021-12-30 05:00:00
837,145.544,144.6795,17297700,146.365,144.6775,145.1914,54970,2021-12-31 05:00:00
838,144.4755,145.0745,25224500,145.55,143.5025,144.8282,78529,2022-01-03 05:00:00
839,145.5505,144.4165,22927780,146.61,143.8161,144.816,78069,2022-01-04 05:00:00
840,144.181,137.6535,49641520,144.298,137.5235,139.9301,155209,2022-01-05 05:00:00
841,137.4975,137.551,29049040,139.686,136.7635,138.1496,94828,2022-01-06 05:00:00
842,137.905,137.0045,19408240,138.2547,135.789,137.0251,73858,2022-01-07 05:00:00
843,135.099,138.574,34095680,138.64,133.1405,136.1074,126152,2022-01-10 05:00:00
844,138.1805,140.0175,23501240,140.3295,136.8135,139.2004,73933,2022-01-11 05:00:00
845,141.5545,141.648,23641580,142.8142,141.112,141.8812,67031,2022-01-12 05:00:00
846,141.8405,139.131,26565080,143.1855,138.914,140.6774,76782,2022-01-13 05:00:00
847,137.5,139.7865,22625920,141.2005,137.5,139.6313,72551,2022-01-14 05:00:00
848,136.6,136.2905,27401960,137.3915,135.617,136.4222,89808,2022-01-18 05:00:00
849,136.9385,135.652,20773680,138.3995,135.5,136.8717,64539,2022-01-19 05:00:00
850,136.514,133.5065,21930560,137.912,133.1445,135.7306,78949,2022-01-20 05:00:00
851,133.012,130.092,41919220,134.7605,130.001,132.3076,125987,2022-01-21 05:00:00
852,126.0275,130.372,55292040,130.7785,124.642,127.5529,185541,2022-01-24 05:00:00
853,128.4355,126.7355,36008600,129.3385,126.378,127.481,108198,2022-01-25 05:00:00
854,130.5925,129.24,39630880,132.8075,127.1535,130.0164,125625,2022-01-26 05:00:00
855,131.361,129.121,30285020,132.6099,128.945,130.4413,105035,2022-01-27 05:00:00
856,130,133.2895,30517560,133.3705,128.6945,131.4571,98579,2022-01-28 05:00:00
857,134.198,135.6985,34031480,135.8435,132.274,134.4169,118025,2022-01-31 05:00:00
858,137.835,137.8785,51203200,138.2,134.5682,139.0882,198040,2022-02-01 05:00:00
859,151.8635,148.0365,89750760,152.1,145.5575,148.658,326717,2022-02-02 05:00:00
860,145.295,142.6505,56930140,149.1177,142.205,145.43,210751,2022-02-03 05:00:00
861,143.017,143.016,49216400,144.5353,139.8175,142.444,161002,2022-02-04 05:00:00
862,143.709,138.938,44610740,143.8465,138.699,140.4565,157704,2022-02-07 05:00:00
863,138.9913,139.213,34255040,139.8371,136.873,138.5096,127429,2022-02-08 05:00:00
864,140.8498,141.453,28627160,142.1755,140.377,141.1189,107382,2022-02-09 05:00:00
865,139.5,138.6025,33017700,141.431,138.05,139.3849,128711,2022-02-10 05:00:00
866,138.75,134.13,38788800,139.2833,133.2885,135.8439,148195,2022-02-11 05:00:00
867,133.3655,135.3,26792800,136.1665,133.302,135.0334,94419,2022-02-14 05:00:00
868,137.4715,136.4255,26577560,137.9,135.5395,136.45,75503,2022-02-15 05:00:00
869,136.4305,137.4875,25609660,137.946,134.8236,136.4599,80674,2022-02-16 05:00:00
870,136.15,132.3085,30968120,136.8395,132.202,133.8268,111911,2022-02-17 05:00:00
871,133.0375,130.4675,31858600,133.824,130.307,131.4748,111713,2022-02-18 05:00:00
872,129.985,129.4025,38906580,131.9007,127.741,129.7043,129198,2022-02-22 05:00:00
873,131.0785,127.585,26431280,131.749,127.5035,128.9202,99898,2022-02-23 05:00:00
874,125,132.6735,43165080,133.037,124.7645,129.1188,156764,2022-02-24 05:00:00
875,133.5255,134.5195,26235860,135.389,131.765,133.9443,94923,2022-02-25 05:00:00
876,133.2845,134.891,29665600,135.6405,132.8253,134.2415,93343,2022-02-28 05:00:00
877,134.48,134.168,24639920,136.111,133.3785,134.5272,79896,2022-03-01 05:00:00
878,134.6083,134.7515,23966740,135.6155,133.4325,134.7739,82389,2022-03-02 05:00:00
879,135.9785,134.308,19779300,136.7138,133.431,134.7946,73736,2022-03-03 05:00:00
880,133.3825,132.122,24472240,134.199,130.4085,131.7707,83531,2022-03-04 05:00:00
881,131.904,126.4645,39177900,131.904,126.41,128.0828,144677,2022-03-07 05:00:00
882,126.2505,127.2785,35233560,131.2465,125.8608,128.0285,102122,2022-03-08 05:00:00
883,131.4,133.866,32257440,134.1985,130.088,132.5154,95374,2022-03-09 05:00:00
884,131.4625,132.682,24265200,133.5385,131.401,132.4544,74325,2022-03-10 05:00:00
885,133.9995,130.4755,26599800,134.2,130.2965,131.8673,78316,2022-03-11 05:00:00
886,130.573,126.741,30253860,131.026,126.413,127.8632,101106,2022-03-14 04:00:00
887,127.7415,129.6605,30292600,130.5173,126.568,128.9242,84914,2022-03-15 04:00:00
888,131,133.6905,32058200,133.771,129.201,132.4067,95839,2022-03-16 04:00:00
889,133.321,134.6005,23994380,134.7395,132.719,133.9459,67425,2022-03-17 04:00:00
890,133.884,136.8015,45887900,136.9135,132.932,135.6549,91859,2022-03-18 04:00:00
891,136.8475,136.4785,26632460,137.5825,134.6115,136.1753,75704,2022-03-21 04:00:00
892,136.5,140.2775,29776860,141.5,136.5,139.9769,88912,2022-03-22 04:00:00
893,139.1385,138.5035,25302320,140.025,138.1665,138.9942,70156,2022-03-23 04:00:00
894,139.2725,141.312,20544720,141.3965,138.0394,140.2233,63493,2022-03-24 04:00:00
895,141.754,141.5215,19289080,141.9595,139.6995,141.1405,63454,2022-03-25 04:00:00
896,140.6845,141.95,23773080,141.9765,139.8281,141.2539,74059,2022-03-28 04:00:00
897,143.1605,143.25,28678420,144.1625,142.484,143.3703,90305,2022-03-29 04:00:00
898,142.87,142.6445,21046380,143.4805,142.168,142.7402,63872,2022-03-30 04:00:00
899,142.4485,139.6495,29516320,142.6445,139.619,140.6501,77930,2022-03-31 04:00:00
900,140.01,140.7,23480020,140.95,138.797,140.219,67258,2022-04-01 04:00:00
901,140.8245,143.6425,19084900,144.0438,140.8245,143.3238,63916,2022-04-04 04:00:00
902,143.3995,141.063,19255560,143.59,140.9435,141.7243,64394,2022-04-05 04:00:00
903,139.1615,137.176,23574600,139.8485,136.4181,137.6628,95563,2022-04-06 04:00:00
904,136.618,136.465,19448540,137.7015,134.8573,136.4278,69795,2022-04-07 04:00:00
905,136.25,134.0105,16434480,136.25,133.7525,134.6913,63592,2022-04-08 04:00:00
906,132.9,129.7965,23887340,132.9392,129.6175,130.6921,106246,2022-04-11 04:00:00
907,132.4235,128.3745,23003220,132.4235,127.576,129.5384,91648,2022-04-12 04:00:00
908,128.6265,130.286,19542960,130.6557,128.4386,129.7583,68620,2022-04-13 04:00:00
909,130.6495,127.253,22783360,130.7103,127.1115,128.1045,88308,2022-04-14 04:00:00
910,127.41,127.961,14917200,128.712,126.5785,127.6945,65767,2022-04-18 04:00:00
911,128.077,130.531,22319300,130.9038,127.4515,129.8571,70201,2022-04-19 04:00:00
912,131.284,128.2455,22609380,131.9235,127.8941,129.1548,85861,2022-04-20 04:00:00
913,129.35,124.9375,30157540,130.3075,124.65,126.4703,122549,2022-04-21 04:00:00
914,125,119.614,46358300,125.452,119.1405,121.219,178402,2022-04-22 04:00:00
915,119.4295,123.25,34521800,123.278,118.7693,121.7167,125846,2022-04-25 04:00:00
916,122.75,119.506,49379360,122.75,119.1619,119.2091,192545,2022-04-26 04:00:00
917,114.373,115.0205,62238120,117.5,113.1243,115.3725,201491,2022-04-27 04:00:00
918,117.115,119.4115,36790940,120.4385,115.1439,117.9925,116055,2022-04-28 04:00:00
919,117.578,114.9665,33693100,118.96,114.694,116.4461,102218,2022-04-29 04:00:00
920,113.9065,117.157,30279640,117.3395,113.3995,115.6873,97508,2022-05-02 04:00:00
921,116.765,118.1295,21215740,119.3,116.627,118.0684,63376,2022-05-03 04:00:00
922,118.0035,122.575,33231460,123.143,115.7385,119.5489,95821,2022-05-04 04:00:00
923,120.2205,116.7465,43089040,121.2333,115.1825,117.0535,127399,2022-05-05 04:00:00
924,115.519,115.66,35301280,117.4985,114.143,115.7495,110078,2022-05-06 04:00:00
925,113.3035,113.084,34520960,115.5629,112.5515,113.6889,124797,2022-05-09 04:00:00
926,116.0405,114.5845,31157780,116.691,113.3833,115.1134,96723,2022-05-10 04:00:00
927,113.7105,113.961,36501640,116.671,113.65,114.7885,96134,2022-05-11 04:00:00
928,111.938,113.161,41418880,114.8565,110.1135,112.5002,121839,2022-05-12 04:00:00
929,114.8455,116.5155,29737560,118.085,114,116.3057,86703,2022-05-13 04:00:00
930,115.384,114.7925,23282380,116.6075,114.335,115.0985,67767,2022-05-16 04:00:00
931,117.2275,116.7015,21576080,117.2275,115.3375,116.4129,62052,2022-05-17 04:00:00
932,115.2375,112.401,27982760,115.6957,112.142,113.4119,85044,2022-05-18 04:00:00
933,111.841,110.7455,29191740,113.5875,110.468,111.704,83306,2022-05-19 04:00:00
934,112.0855,109.313,37586020,112.55,106.373,108.8029,110254,2022-05-20 04:00:00
935,110.104,111.6665,31558220,112.0055,109.1543,110.9537,90099,2022-05-23 04:00:00
936,106.3775,105.926,60386380,106.395,102.208,104.6539,169017,2022-05-24 04:00:00
937,105.142,105.8395,37899340,106.5447,104.2113,105.4138,98156,2022-05-25 04:00:00
938,106.0505,108.296,30287480,108.9553,105.488,107.9324,79998,2022-05-26 04:00:00
939,109.7885,112.799,29924420,112.868,109.55,111.9305,82824,2022-05-27 04:00:00
940,113.079,114.039,51301920,116.4335,112.5725,114.3287,104988,2022-05-31 04:00:00
941,114.9315,114.137,28429280,117.399,113.5505,114.9202,82989,2022-06-01 04:00:00
942,114.188,117.746,27495400,117.898,113.308,116.4381,82590,2022-06-02 04:00:00
943,115.9925,114.564,24552080,116.3645,113.668,114.715,77191,2022-06-03 04:00:00
944,116.7425,117.0105,23786720,119.3985,116.5283,117.6161,76610,2022-06-06 04:00:00
945,115.648,117.2295,26413540,117.7486,115.1255,116.7759,60695,2022-06-07 04:00:00
946,116.8765,117.238,22458260,118.646,116.6968,117.5281,60201,2022-06-08 04:00:00
947,116.3415,114.918,23141600,118.35,114.867,116.6693,62531,2022-06-09 04:00:00
948,112.7813,111.4275,31349740,113.497,110.861,111.8105,97490,2022-06-10 04:00:00
949,107.446,106.8765,36756200,109.2185,106.5881,107.6029,105542,2022-06-13 04:00:00
950,106.89,107.194,25480940,108.4575,106.352,107.2789,71163,2022-06-14 04:00:00
951,108.8995,110.3905,33192020,112.063,108.1188,109.8085,81266,2022-06-15 04:00:00
952,108.1495,106.636,35313240,109.2905,105.7925,107.136,93355,2022-06-16 04:00:00
953,106.535,107.8655,43516660,109.2495,105.6285,107.601,81083,2022-06-17 04:00:00
954,109.702,112.015,39010280,112.673,109.2935,111.7264,85795,2022-06-21 04:00:00
955,111.163,112.034,23921720,113.7695,110.7243,112.5524,62955,2022-06-22 04:00:00
956,112.95,112.6845,24709720,113.1965,111.029,112.2753,64571,2022-06-23 04:00:00
957,113.603,118.538,39122760,118.6375,113.603,117.3444,92845,2022-06-24 04:00:00
958,118.935,116.6225,32839300,119.25,116.0008,117.3941,77595,2022-06-27 04:00:00
959,116.351,112.5715,28316220,117.8565,112.444,114.1244,79077,2022-06-28 04:00:00
960,112.1485,112.2565,18627860,113.6645,111.554,112.3099,58418,2022-06-29 04:00:00
961,110.4995,109.3725,38046040,111.3298,107.31,109.3917,95873,2022-06-30 04:00:00
962,108.337,109.081,31027880,109.8064,107.105,108.3319,85955,2022-07-01 04:00:00
963,107.5145,113.887,36429380,114.0526,106.2495,111.3351,90922,2022-07-05 04:00:00
964,114.092,115.2135,28852680,116.352,112.2505,114.6281,70643,2022-07-06 04:00:00
965,116.008,119.306,32163940,119.862,115.534,118.3626,81920,2022-07-07 04:00:00
966,117.55,120.1685,29082200,120.435,117.514,119.5004,73399,2022-07-08 04:00:00
967,118.65,116.5225,26830460,118.7945,116.2345,117.164,67631,2022-07-11 04:00:00
968,116.8385,114.8495,24970160,117.8495,114.615,115.8386,58807,2022-07-12 04:00:00
969,112.639,112.187,38758860,115.157,111.823,112.8874,97692,2022-07-13 04:00:00
970,110.826,111.44,32365540,111.9875,109.3255,111.0178,78620,2022-07-14 04:00:00
971,112.963,112.767,33840760,114.0005,111.8225,112.7338,76331,2022-07-15 04:00:00
972,113.44,109.91,33353985,114.8,109.3,111.8256,478638,2022-07-18 04:00:00
973,111.73,114.62,30992331,114.81,110.5,113.3012,398487,2022-07-19 04:00:00
974,114.06,114.7,26780088,116.33,113.26,114.8041,326793,2022-07-20 04:00:00
975,115.09,115.04,27267848,115.21,111.91,114.0603,289601,2022-07-21 04:00:00
976,111.81,108.36,44455279,113.18,107.6,109.4594,441009,2022-07-22 04:00:00
977,108.88,108.21,28279942,110.58,107.01,108.4696,337591,2022-07-25 04:00:00
978,107.43,105.44,36614580,107.74,104.76,106.3192,390951,2022-07-26 04:00:00
979,109.6,113.6,41474618,114.4,108.42,112.3765,388731,2022-07-27 04:00:00
980,112.8,114.59,23303844,114.7,111.851,113.6466,242734,2022-07-28 04:00:00
981,113.4,116.64,31336183,116.9,113.23,115.6223,253752,2022-07-29 04:00:00
982,115.53,115.48,22856202,117.12,114.69,115.8184,250736,2022-08-01 04:00:00
983,114.43,115.9,17911039,117.08,114.26,115.709,202014,2022-08-02 04:00:00
984,116.34,118.78,25302816,119.42,116.15,118.6642,285669,2022-08-03 04:00:00
985,118.3,118.87,15757698,119.5,117.71,118.6541,224502,2022-08-04 04:00:00
986,116.93,118.22,15607663,118.86,116.71,117.9346,197819,2022-08-05 04:00:00
987,119.12,118.14,17061112,120.86,117.83,119.0511,197051,2022-08-08 04:00:00
988,117.99,117.5,15424257,118.2,116.56,117.4652,176341,2022-08-09 04:00:00
989,119.59,120.65,20497021,121.78,119.36,120.6521,211089,2022-08-10 04:00:00
990,122.08,119.82,16671627,122.3402,119.55,120.7027,170590,2022-08-11 04:00:00
991,121.16,122.65,16121087,122.65,120.4001,121.7777,151889,2022-08-12 04:00:00
992,122.21,122.88,15524951,123.26,121.57,122.671,170095,2022-08-15 04:00:00
993,122.32,122.51,15626171,123.2276,121.535,122.4551,168530,2022-08-16 04:00:00
994,120.93,120.32,17589157,122.15,120.2,120.7922,186264,2022-08-17 04:00:00
995,120.23,120.86,15652029,121.69,119.5502,120.9027,170229,2022-08-18 04:00:00
996,119.87,118.12,20186983,120,117.67,118.5976,186000,2022-08-19 04:00:00
997,116.1,115.07,19316024,116.5,114.67,115.3099,209771,2022-08-22 04:00:00
998,114.32,114.77,14390691,115.93,114.3,115.0299,176663,2022-08-23 04:00:00
999,114.45,114.7,16051174,115.7171,113.78,114.8635,175571,2022-08-24 04:00:00
1000,115.15,117.7,14874666,117.78,115.05,116.7266,183730,2022-08-25 04:00:00
1001,115.81,111.3,31698668,116.6,111.22,112.7411,338795,2022-08-26 04:00:00
1002,110.78,110.34,20386142,111.96,109.81,110.779,274852,2022-08-29 04:00:00
1003,111.03,109.91,20548202,111.37,108.8,109.8323,280083,2022-08-30 04:00:00
1004,111.63,109.15,25897978,111.77,109.05,110.0033,225970,2022-08-31 04:00:00
1005,109.2,110.55,22784385,111.22,108.19,109.5773,278582,2022-09-01 04:00:00
1006,111.34,108.68,20548080,111.675,108.13,109.7567,229877,2022-09-02 04:00:00
1007,108.135,107.48,20565050,108.88,106.51,107.5645,246916,2022-09-06 04:00:00
1008,107.76,110.48,22987178,110.99,107.615,109.5904,248758,2022-09-07 04:00:00
1009,109.18,109.42,21660654,110.58,108.06,109.2992,210327,2022-09-08 04:00:00
1010,110.05,111.78,21745034,112,110,111.4266,233063,2022-09-09 04:00:00
1011,111.99,111.87,19732905,112.64,110.93,111.7621,211434,2022-09-12 04:00:00
1012,108.89,105.31,33014991,109.37,105,106.4268,359959,2022-09-13 04:00:00
1013,105.44,105.87,22115805,106.1,104.5,105.4361,273628,2022-09-14 04:00:00
1014,105.01,103.9,26494933,106.21,103.31,104.3597,293207,2022-09-15 04:00:00
1015,102.97,103.63,64540115,104.03,101.855,103.361,339945,2022-09-16 04:00:00
1016,102.54,103.85,19738603,104.02,102.37,103.1918,187371,2022-09-19 04:00:00
1017,102.88,101.83,24001668,103.17,101.12,102.1089,239257,2022-09-20 04:00:00
1018,102.24,100.01,26596757,103.49,99.99,101.453,293204,2022-09-21 04:00:00
1019,99.45,100.57,21272675,101.68,99.41,100.6479,248751,2022-09-22 04:00:00
1020,100.06,99.17,25656959,100.11,98.01,99.0387,310384,2022-09-23 04:00:00
1021,98.61,98.81,22437938,100.44,98.38,99.183,267317,2022-09-26 04:00:00
1022,99.91,98.09,24224988,100.46,97.34,98.4784,277678,2022-09-27 04:00:00
1023,98.02,100.74,24616999,101.4,97.8,99.9058,271224,2022-09-28 04:00:00
1024,99.3,98.09,21921520,99.3,96.52,97.6273,242161,2022-09-29 04:00:00
1025,97.73,96.15,26277832,99.494,96.03,97.1941,233598,2022-09-30 04:00:00
1026,97.22,99.3,24150028,99.97,97.02,98.8716,218982,2022-10-03 04:00:00
1027,101.04,102.41,22580931,102.72,101.04,102.1585,208083,2022-10-04 04:00:00
1028,100.69,102.22,18475515,102.74,99.74,101.2591,187053,2022-10-05 04:00:00
1029,101.5,102.24,17156240,103.73,101.5,102.5763,179039,2022-10-06 04:00:00
1030,100.65,99.57,24249910,101.42,99.21,99.9701,223159,2022-10-07 04:00:00
1031,99.85,98.71,16529897,99.99,97.87,98.8267,169496,2022-10-10 04:00:00
1032,98.25,98.05,21617727,100.12,97.25,98.5129,208262,2022-10-11 04:00:00
1033,98.27,98.3,17343431,99.6476,97.67,98.5998,166476,2022-10-12 04:00:00
1034,95.93,99.71,32812220,100.53,95.27,98.6531,320915,2022-10-13 04:00:00
1035,100.625,97.18,22624832,101.29,97.03,98.095,231781,2022-10-14 04:00:00
1036,99.52,100.78,23311604,101.77,99.51,100.9317,212207,2022-10-17 04:00:00
1037,103.94,101.39,21610541,104.22,100.65,101.7697,216130,2022-10-18 04:00:00
1038,100.7,100.29,21573686,101.6592,99.635,100.5161,208543,2022-10-19 04:00:00
1039,100.82,100.53,25125082,103,99.97,101.1792,251526,2022-10-20 04:00:00
1040,98.46,101.48,28988727,101.62,98.23,100.2016,265958,2022-10-21 04:00:00
1041,102.09,102.97,24680831,103.1,100.3,102.0649,245325,2022-10-24 04:00:00
1042,103.3,104.93,29910170,105.0999,103.02,103.3692,304798,2022-10-25 04:00:00
1043,96.76,94.82,71671814,98.54,94.57,96.4557,685331,2022-10-26 04:00:00
1044,94.31,92.6,54036485,95.17,91.9,92.987,548433,2022-10-27 04:00:00
1045,92.53,96.58,35696925,96.86,92.3225,94.8757,340790,2022-10-28 04:00:00
1046,95.78,94.66,29868714,96.35,94.38,94.8995,252530,2022-10-31 04:00:00
1047,95.59,90.5,43220599,96.165,90.43,92.1152,463769,2022-11-01 04:00:00
1048,90.91,87.07,43553551,91.3,87.01,89.1943,473707,2022-11-02 04:00:00
1049,86.345,83.49,48510364,86.55,83.45,84.7924,446664,2022-11-03 04:00:00
1050,85.51,86.7,40173284,86.73,83.88,85.5544,364364,2022-11-04 04:00:00
1051,87.34,88.65,26899879,88.94,86.96,88.0119,242634,2022-11-07 05:00:00
1052,89.16,88.91,30172001,90.405,87.65,89.1435,256158,2022-11-08 05:00:00
1053,88.545,87.4,26741896,89.49,87.3599,88.1178,229269,2022-11-09 05:00:00
1054,92.34,94.17,42371216,94.55,91.65,93.5902,340200,2022-11-10 05:00:00
1055,94.71,96.73,30569112,97.36,94.16,96.3556,282678,2022-11-11 05:00:00
1056,95.5,96.03,24170076,97.18,95.1125,96.092,224549,2022-11-14 05:00:00
1057,98.67,98.72,31830969,100.42,97.02,98.7429,312510,2022-11-15 05:00:00
1058,98.02,98.99,24660195,99.85,97.9015,98.9746,207418,2022-11-16 05:00:00
1059,97.18,98.5,21818732,99.48,97.1,98.2569,202370,2022-11-17 05:00:00
1060,99.01,97.8,24969880,99.16,96.74,97.7991,190917,2022-11-18 05:00:00
1061,97.56,95.83,18696874,98.72,95.67,96.6517,186524,2022-11-21 05:00:00
1062,96.16,97.33,18868850,97.5475,94.41,96.474,167902,2022-11-22 05:00:00
1063,97.34,98.82,17568859,99.0685,97.34,98.3702,155657,2022-11-23 05:00:00
1064,98.465,97.6,8555219,98.94,97.53,97.9261,79019,2022-11-25 05:00:00
1065,97.2,96.25,19981974,97.83,95.89,96.4816,176152,2022-11-28 05:00:00
1066,96,95.44,20220007,96.3901,94.39,95.4417,188349,2022-11-29 05:00:00
1067,95.12,101.45,39886074,101.45,94.67,99.462,276754,2022-11-30 05:00:00
1068,101.4,101.28,21771536,102.59,100.67,101.4798,204665,2022-12-01 05:00:00
1069,99.37,100.83,18821527,101.15,99.17,100.2905,174401,2022-12-02 05:00:00
1070,99.815,99.87,19955546,101.7499,99.355,100.3673,176245,2022-12-05 05:00:00
1071,99.67,97.31,20865623,100.21,96.7604,97.7831,191223,2022-12-06 05:00:00
1072,96.77,95.15,26631494,97.31,95.025,95.649,236142,2022-12-07 05:00:00
1073,95.69,93.95,25593232,95.87,93.8,94.3893,230304,2022-12-08 05:00:00
1074,93.9,93.07,21885308,94.49,93.02,93.7367,199679,2022-12-09 05:00:00
1075,93.09,93.56,27380948,93.8745,91.9,92.9014,235046,2022-12-12 05:00:00
1076,98.07,95.85,34788522,99.8,95.38,96.929,325493,2022-12-13 05:00:00
1077,95.54,95.31,26452939,97.22,93.94,95.8307,251425,2022-12-14 05:00:00
1078,93.54,91.2,28298756,94.03,90.43,91.5313,261022,2022-12-15 05:00:00
1079,91.2,90.86,48485507,91.75,90.01,90.8395,229345,2022-12-16 05:00:00
1080,90.88,89.15,23020537,91.2,88.925,89.7286,203766,2022-12-19 05:00:00
1081,88.73,89.63,20976846,89.78,88.04,89.2475,186340,2022-12-20 05:00:00
1082,89.73,90.25,20336387,90.915,88.91,90.1671,170624,2022-12-21 05:00:00
1083,88.93,88.26,23656066,89.18,86.9401,87.9788,202547,2022-12-22 05:00:00
1084,87.62,89.81,17797010,90.1,87.62,89.3545,160737,2022-12-23 05:00:00
1085,89.31,87.93,15470870,89.5,87.535,88.1841,149668,2022-12-27 05:00:00
1086,87.5,86.46,17879567,88.52,86.3701,87.0144,177367,2022-12-28 05:00:00
1087,87.03,88.95,18280660,89.365,86.99,88.7039,164227,2022-12-29 05:00:00
1088,87.365,88.73,19190296,88.83,87.03,88.0028,173796,2022-12-30 05:00:00
1089,89.83,89.7,20738457,91.55,89.02,89.829,202679,2023-01-03 05:00:00
1090,91.01,88.71,27046483,91.24,87.8,88.839,264218,2023-01-04 05:00:00
1091,88.07,86.77,23136084,88.21,86.56,87.2171,219917,2023-01-05 05:00:00
1092,87.36,88.16,26612628,88.47,85.57,87.3153,278483,2023-01-06 05:00:00
1093,89.195,88.8,22996681,90.83,88.58,89.6818,209291,2023-01-09 05:00:00
1094,86.72,89.24,22855590,89.475,86.7,88.6725,196156,2023-01-10 05:00:00
1095,90.06,92.26,25998844,92.45,89.74,91.5908,192588,2023-01-11 05:00:00
1096,92.4,91.91,22754216,92.62,90.57,91.9126,220534,2023-01-12 05:00:00
1097,91.528,92.8,18630709,92.98,90.93,92.1065,163892,2023-01-13 05:00:00
1098,92.78,92.16,22935823,92.97,90.84,92.0138,191878,2023-01-17 05:00:00
1099,92.94,91.78,19641622,93.588,91.4,92.1976,169584,2023-01-18 05:00:00
1100,91.39,93.91,28707653,94.4,91.38,93.5087,215934,2023-01-19 05:00:00
1101,95.95,99.28,53704763,99.42,95.91,98.1694,434787,2023-01-20 05:00:00
1102,99.13,101.21,31791782,101.4,98.75,100.6394,302587,2023-01-23 05:00:00
1103,99.55,99.21,27391372,101.09,98.7,99.6924,232159,2023-01-24 05:00:00
1104,97.2,96.73,30982100,97.72,95.262,96.2979,263951,2023-01-25 05:00:00
1105,98.28,99.16,24542060,99.21,96.82,98.4282,211430,2023-01-26 05:00:00
1106,99.05,100.71,28920354,101.58,98.97,100.5764,227225,2023-01-27 05:00:00
1107,98.745,97.95,24365142,99.4088,97.52,98.2964,199434,2023-01-30 05:00:00
1108,97.86,99.87,22306778,99.91,97.79,99.1956,178344,2023-01-31 05:00:00
1109,99.74,101.43,26392568,102.1899,98.42,100.3484,260113,2023-02-01 05:00:00
1110,106.79,108.8,46599527,108.82,106.54,107.5359,465447,2023-02-02 05:00:00
1111,103.51,105.22,36823421,108.02,103.3,105.7063,378155,2023-02-03 05:00:00
1112,102.685,103.47,25573046,104.7,102.21,103.3784,256179,2023-02-06 05:00:00
1113,103.63,108.04,33738828,108.67,103.5475,106.0281,316849,2023-02-07 05:00:00
1114,102.69,100,73468629,103.58,98.455,100.2948,686747,2023-02-08 05:00:00
1115,100.54,95.46,97798573,100.61,93.86,95.559,869632,2023-02-09 05:00:00
1116,95.74,94.86,49325275,97.02,94.53,95.3663,418697,2023-02-10 05:00:00
1117,95.01,95,43116559,95.35,94.05,94.763,358711,2023-02-13 05:00:00
1118,94.66,94.95,42513079,95.175,92.65,94.0919,401388,2023-02-14 05:00:00
1119,94.74,97.1,37029885,97.34,94.36,96.1403,338849,2023-02-15 05:00:00
1120,95.54,95.78,35642106,97.88,94.97,96.5432,292503,2023-02-16 05:00:00
1121,95.07,94.59,31095067,95.75,93.45,94.3131,263991,2023-02-17 05:00:00
1122,93.24,92.05,28367198,93.4149,92,92.4551,252085,2023-02-21 05:00:00
1123,91.934,91.8,29748335,92.36,90.87,91.8634,234707,2023-02-22 05:00:00
1124,92.13,91.07,32423720,92.13,90.01,90.9098,281894,2023-02-23 05:00:00
1125,89.63,89.35,31295619,90.13,88.86,89.3262,273657,2023-02-24 05:00:00
1126,90.09,90.1,22724262,90.4499,89.61,90.0419,206621,2023-02-27 05:00:00
1127,89.54,90.3,30546912,91.45,89.52,90.548,225069,2023-02-28 05:00:00
1128,90.16,90.51,26323876,91.2,89.85,90.4949,214927,2023-03-01 05:00:00
1129,89.86,92.31,23344562,92.48,89.77,91.2907,204827,2023-03-02 05:00:00
1130,92.74,94.02,30242538,94.11,92.66,93.6677,235539,2023-03-03 05:00:00
1131,94.36,95.58,28288206,96.3,94.3,95.5947,246871,2023-03-06 05:00:00
1132,95.42,94.17,24101536,96.09,93.8443,94.6803,220895,2023-03-07 05:00:00
1133,94.405,94.65,25395200,96.24,94.405,95.1812,240982,2023-03-08 05:00:00
1134,94.49,92.66,24438890,95.92,92.355,94.0516,245746,2023-03-09 05:00:00
1135,92.5,91.01,32849403,93.18,90.8,91.8166,350072,2023-03-10 05:00:00
1136,90.565,91.66,31508570,93.08,89.94,92.0366,335599,2023-03-13 04:00:00
1137,93.07,94.25,32303881,94.83,92.78,93.9671,284885,2023-03-14 04:00:00
1138,93.54,96.55,38367334,97.25,93.04,95.5039,350350,2023-03-15 04:00:00
1139,96.57,101.07,54572200,101.97,95.87,100.2799,502774,2023-03-16 04:00:00
1140,100.84,102.46,76140310,103.49,100.75,102.2229,437155,2023-03-17 04:00:00
1141,101.06,101.93,25978666,102.58,100.79,101.8688,266085,2023-03-20 04:00:00
1142,101.98,105.84,33122800,105.96,101.86,104.7001,283011,2023-03-21 04:00:00
1143,105.14,104.22,32336877,107.51,104.21,105.6854,327210,2023-03-22 04:00:00
1144,105.89,106.26,31385817,107.1009,105.41,106.3835,301275,2023-03-23 04:00:00
1145,105.74,106.06,25245010,106.16,104.74,105.7146,250029,2023-03-24 04:00:00
1146,105.32,103.06,25393417,105.4,102.63,103.7219,240894,2023-03-27 04:00:00
1147,103,101.36,24913480,103,100.28,101.124,240739,2023-03-28 04:00:00
1148,102.72,101.9,26148300,102.82,101.03,101.8403,248860,2023-03-29 04:00:00
1149,101.44,101.32,25009829,101.61,100.29,101.0925,222581,2023-03-30 04:00:00
1150,101.71,104,28107953,104.19,101.44,103.2761,238679,2023-03-31 04:00:00
1151,102.67,104.91,20719861,104.95,102.38,103.9159,190012,2023-04-03 04:00:00
1152,104.84,105.12,20377231,106.1,104.6,105.2342,204866,2023-04-04 04:00:00
1153,106.12,104.95,21864200,106.54,104.1021,104.9011,213287,2023-04-05 04:00:00
1154,105.77,108.9,34684150,109.63,104.815,107.7817,294412,2023-04-06 04:00:00
1155,107.39,106.95,19741517,107.97,105.6,106.7011,197779,2023-04-10 04:00:00
1156,106.92,106.12,18721278,107.22,105.28,106.21,198353,2023-04-11 04:00:00
1157,107.39,105.22,22761569,107.5874,104.97,105.8834,219281,2023-04-12 04:00:00
1158,106.47,108.19,21650747,108.265,106.44,107.7588,194987,2023-04-13 04:00:00
1159,107.69,109.46,20758686,109.58,107.59,108.8498,196192,2023-04-14 04:00:00
1160,105.43,106.42,29043443,106.71,105.32,106.0535,302129,2023-04-17 04:00:00
1161,107,105.12,17641369,107.05,104.78,105.6674,183165,2023-04-18 04:00:00
1162,104.215,105.02,16732016,105.725,103.8,104.8937,158827,2023-04-19 04:00:00
1163,104.65,105.9,22515331,106.8875,104.64,105.812,212385,2023-04-20 04:00:00
1164,106.09,105.91,22379018,106.64,105.485,105.9505,201462,2023-04-21 04:00:00
1165,106.05,106.78,21410908,107.32,105.36,106.6004,203066,2023-04-24 04:00:00
1166,106.61,104.61,31405059,107.44,104.56,106.0205,320039,2023-04-25 04:00:00
1167,105.56,104.45,37027268,107.02,103.27,105.045,396580,2023-04-26 04:00:00
1168,105.23,108.37,38230420,109.15,104.42,107.9371,348389,2023-04-27 04:00:00
1169,107.8,108.22,23957872,108.29,106.04,107.5516,227071,2023-04-28 04:00:00
1170,107.72,107.71,20926259,108.68,107.5,107.9752,194984,2023-05-01 04:00:00
1171,107.66,105.98,20343116,107.73,104.5,106.0089,211076,2023-05-02 04:00:00
1172,106.22,106.12,17116333,108.13,105.62,106.592,198128,2023-05-03 04:00:00
1173,106.16,105.21,19780637,106.3,104.7,105.4847,246918,2023-05-04 04:00:00
1174,105.32,106.215,20710627,106.44,104.7386,105.7624,216693,2023-05-05 04:00:00
1175,105.795,108.24,17266021,108.42,105.79,107.6016,195916,2023-05-08 04:00:00
1176,108.78,107.94,24782442,110.595,107.725,108.9356,290070,2023-05-09 04:00:00
1177,108.55,112.28,47521463,113.51,108.48,111.0469,553267,2023-05-10 04:00:00
1178,115.86,116.9,57114613,118.44,114.9301,117.2496,681159,2023-05-11 04:00:00
1179,117,117.92,31293778,118.26,116.55,117.4618,349221,2023-05-12 04:00:00
1180,116.49,116.96,22107865,118.795,116.48,117.3948,299114,2023-05-15 04:00:00
1181,116.83,120.09,32370113,121.2,116.83,119.7844,370876,2023-05-16 04:00:00
1182,120.18,121.48,26659564,122.28,119.46,120.9044,288047,2023-05-17 04:00:00
1183,121.56,123.52,27014468,123.9,121.49,122.9645,322016,2023-05-18 04:00:00
1184,124.2,123.25,30268864,126.479,122.72,123.8659,364383,2023-05-19 04:00:00
1185,123.51,125.87,29760236,127.05,123.45,125.9081,330978,2023-05-22 04:00:00
1186,124.93,123.29,24477945,125.42,123.05,124.099,265238,2023-05-23 04:00:00
1187,121.88,121.64,23087925,122.7499,120.75,121.7088,263225,2023-05-24 04:00:00
1188,125.21,124.35,33812730,125.98,122.9,124.4922,357967,2023-05-25 04:00:00
1189,124.065,125.43,25169036,126,123.29,125.1676,245416,2023-05-26 04:00:00
1190,126.29,124.64,27230726,126.38,122.89,124.529,329777,2023-05-30 04:00:00
1191,123.7,123.37,41548759,124.9,123.1,123.6419,279493,2023-05-31 04:00:00
1192,123.5,124.37,25017674,125.04,123.3,124.0531,247877,2023-06-01 04:00:00
1193,124.49,125.23,19367453,126.745,124.35,125.3646,207794,2023-06-02 04:00:00
1194,124.61,126.63,22672516,127.99,124.38,126.7919,256609,2023-06-05 04:00:00
1195,126.6,127.91,19450128,128.88,125.97,127.848,220928,2023-06-06 04:00:00
1196,127.575,122.94,34179348,129.55,122.63,124.2895,298179,2023-06-07 04:00:00
1197,122.585,122.67,24814996,123.73,122.01,122.7692,255128,2023-06-08 04:00:00
1198,122.56,122.87,20313676,124.285,122.42,123.2914,209979,2023-06-09 04:00:00
1199,123.395,124.35,22289632,124.75,122.35,123.6092,208649,2023-06-12 04:00:00
1200,125.65,124.43,19287650,125.86,123.845,124.6652,207651,2023-06-13 04:00:00
1201,123.8,124.38,24659620,124.79,122.16,123.8195,256810,2023-06-14 04:00:00
1202,123.88,125.79,24517071,126.16,123.14,124.9852,224598,2023-06-15 04:00:00
1203,126.7,124.06,56599200,126.7,123.79,124.6765,236937,2023-06-16 04:00:00
1204,123.535,123.85,22695528,125.175,122.83,123.8062,208425,2023-06-20 04:00:00
1205,123.235,121.26,22612002,123.41,120.86,121.6918,212448,2023-06-21 04:00:00
1206,120.66,123.87,20781888,123.935,119.6,122.3027,218659,2023-06-22 04:00:00
1207,122.04,123.02,29573123,123.44,121.86,122.8786,214282,2023-06-23 04:00:00
1208,121.4656,119.09,22822391,122.72,118.99,120.2248,236245,2023-06-26 04:00:00
1209,117.84,119.01,27222215,119.895,116.91,118.7017,271095,2023-06-27 04:00:00
1210,117.96,121.08,19753145,121.27,117.6,120.2944,216992,2023-06-28 04:00:00
1211,120.09,120.01,18517458,120.91,119.21,119.9927,190231,2023-06-29 04:00:00
1212,121.1,120.97,23871764,122.03,120.88,121.3002,222377,2023-06-30 04:00:00
1213,120.32,120.56,13888262,121.02,119.705,120.374,150617,2023-07-03 04:00:00
1214,120.06,122.63,17830347,123.37,120.06,122.4443,205078,2023-07-05 04:00:00
1215,120.64,120.93,17750181,121.1499,119.2499,120.4417,192930,2023-07-06 04:00:00
1216,120.89,120.14,20997665,121.75,120.09,120.8863,202568,2023-07-07 04:00:00
1217,119.07,116.87,32960078,119.07,116.64,117.3323,331959,2023-07-10 04:00:00
1218,116.76,117.71,18286571,118.225,115.83,117.43,196623,2023-07-11 04:00:00
1219,119.3,119.62,22059611,120.96,119,119.8107,215311,2023-07-12 04:00:00
1220,121.54,124.83,31535853,125.335,121.06,124.3071,300457,2023-07-13 04:00:00
1221,125.13,125.7,20499780,127.09,124.9,125.7791,223959,2023-07-14 04:00:00
1222,126.06,125.06,20675297,127.28,124.5,125.3239,208573,2023-07-17 04:00:00
1223,124.905,124.08,21071248,124.99,123.3,123.9981,200319,2023-07-18 04:00:00
1224,124.79,122.78,22313803,125.47,122.47,123.5633,248385,2023-07-19 04:00:00
1225,122.12,119.53,27541711,124.7,118.685,120.8341,295346,2023-07-20 04:00:00
1226,120.87,120.31,56474645,121.3,119.07,120.2407,265113,2023-07-21 04:00:00
1227,121.926,121.88,22312092,123.35,121.38,122.1357,232765,2023-07-24 04:00:00
1228,121.88,122.79,31820846,123.69,121.53,124.0628,343143,2023-07-25 04:00:00
1229,130.36,129.66,46216895,131.37,128.71,129.9937,468415,2023-07-26 04:00:00
1230,131.8,129.87,35931612,133.6,129.18,131.5584,351280,2023-07-27 04:00:00
1231,130.97,133.01,26971011,134.07,130.92,133.014,259817,2023-07-28 04:00:00
1232,133.01,133.11,18381891,133.83,132.13,132.9153,197858,2023-07-31 04:00:00
1233,130.855,131.89,22219012,132.92,130.75,131.8788,237574,2023-08-01 04:00:00
1234,129.84,128.64,22705778,130.42,127.85,128.9444,241906,2023-08-02 04:00:00
1235,128.37,128.77,15086132,129.77,127.775,128.8553,174081,2023-08-03 04:00:00
1236,129.6,128.54,20521852,131.93,128.315,129.7949,245418,2023-08-04 04:00:00
1237,129.51,131.94,17621041,132.06,129.43,131.1171,202129,2023-08-07 04:00:00
1238,130.98,131.84,16835952,131.94,130.13,131.3725,186233,2023-08-08 04:00:00
1239,132.19,130.15,17745218,132.47,129.505,130.8519,186475,2023-08-09 04:00:00
1240,131.97,130.21,17855681,132.647,130.035,131.0634,204029,2023-08-10 04:00:00
1241,129.202,130.17,15205465,130.44,128.75,129.7561,183702,2023-08-11 04:00:00
1242,129.85,131.83,17526195,131.91,129.59,131.3438,168174,2023-08-14 04:00:00
1243,131.59,130.27,14769173,131.99,129.819,130.7511,175597,2023-08-15 04:00:00
1244,129.28,129.11,17548355,130.8975,128.46,129.404,210996,2023-08-16 04:00:00
1245,130.45,130.46,23665562,132.4913,129.85,130.9301,257932,2023-08-17 04:00:00
1246,129.06,128.11,23627196,129.83,127,128.0749,259950,2023-08-18 04:00:00
1247,127.85,128.93,21851070,129.26,127.16,128.5364,200445,2023-08-21 04:00:00
1248,129.13,129.69,15569373,130.95,128.925,129.8682,172795,2023-08-22 04:00:00
1249,130.85,133.21,26497027,134.07,130.51,133.2082,259717,2023-08-23 04:00:00
1250,134.7272,130.42,18680381,134.97,130.3,131.8825,206694,2023-08-24 04:00:00
1251,130.14,130.69,20678096,131.4,128.04,129.9131,232375,2023-08-25 04:00:00
1252,132.08,131.79,16715467,133.24,130.85,131.765,201956,2023-08-28 04:00:00
1253,132.9981,135.49,30803265,137.295,132.98,135.2967,306213,2023-08-29 04:00:00
1254,135.57,136.93,21773356,137.25,135.021,136.457,218608,2023-08-30 04:00:00
1255,137.05,137.35,28147826,138.4,136.82,137.7219,274469,2023-08-31 04:00:00
