INTC,open_price,close_price,trading_volume,highest_price,lowest_price,volume_weighted_avg_price,transaction_amt,date_time
0,47.75,47.72,20857150,48.12,47.47,47.7706,109981,2018-09-05 04:00:00
1,47.76,47.26,19318129,47.96,47.21,47.4473,107041,2018-09-06 04:00:00
2,46.91,46.45,25958345,47.48,46.36,46.7226,125105,2018-09-07 04:00:00
3,46.56,46.3,21522362,46.76,46.23,46.3524,112139,2018-09-10 04:00:00
4,46,44.93,32455320,46.03,44.89,45.3874,171109,2018-09-11 04:00:00
5,44.56,44.93,29778722,44.98,44.06,44.5858,163288,2018-09-12 04:00:00
6,45.68,45.57,18657116,45.85,45.11,45.5014,100607,2018-09-13 04:00:00
7,45.78,45.54,22998666,45.965,45.35,45.5876,99363,2018-09-14 04:00:00
8,45.29,45.42,17603171,45.9,45.19,45.5653,94953,2018-09-17 04:00:00
9,45.58,46.1,20528084,46.53,45.41,46.1506,113148,2018-09-18 04:00:00
10,46.09,46.15,15918914,46.44,45.89,46.1166,90493,2018-09-19 04:00:00
11,46.78,47.2,21999267,47.36,46.52,47.0965,116273,2018-09-20 04:00:00
12,47.12,46.66,52650601,47.419,46.37,46.7799,128448,2018-09-21 04:00:00
13,46.31,46.91,17846994,47,46.15,46.8057,85326,2018-09-24 04:00:00
14,46.22,45.91,23389874,46.39,45.8,46.0275,113462,2018-09-25 04:00:00
15,46.04,45.7,23957663,46.3,45.58,45.9037,106804,2018-09-26 04:00:00
16,45.91,45.88,15415535,46.165,45.73,45.9417,78166,2018-09-27 04:00:00
17,45.62,47.29,46223464,47.75,45.46,47.0711,235857,2018-09-28 04:00:00
18,46.79,46.45,23797630,47.22,46.2,46.6723,134396,2018-10-01 04:00:00
19,47.51,48.1,42121090,48.88,47.32,48.2463,194049,2018-10-02 04:00:00
20,48.62,48.76,39191946,49.72,48.56,48.9248,187854,2018-10-03 04:00:00
21,48.84,48.13,30108253,48.86,47.62,48.0417,140975,2018-10-04 04:00:00
22,48.23,47.03,28901448,48.34,46.66,47.1734,151963,2018-10-05 04:00:00
23,46.96,47.03,19376820,47.35,46.52,46.9641,108784,2018-10-08 04:00:00
24,47.18,46.55,23285714,47.62,46.54,46.8154,118101,2018-10-09 04:00:00
25,46.06,44.8,43109488,46.12,44.8,45.3804,219022,2018-10-10 04:00:00
26,45.15,44.23,43648820,45.61,43.73,44.6533,290331,2018-10-11 04:00:00
27,45.27,44.88,32087385,45.3429,44.23,44.7038,175467,2018-10-12 04:00:00
28,44.63,44.53,21632953,45.14,44.44,44.7295,111059,2018-10-15 04:00:00
29,44.9,45.94,21471984,46.01,44.825,45.6709,112930,2018-10-16 04:00:00
30,46,45.89,23124370,46.33,45.54,45.9123,109073,2018-10-17 04:00:00
31,45.65,44.97,26638830,45.75,44.83,45.1353,135705,2018-10-18 04:00:00
32,45.02,44,28368505,45.18,43.86,44.3582,149623,2018-10-19 04:00:00
33,44.5,45.01,34508833,45.34,44.1,44.7535,178235,2018-10-22 04:00:00
34,44.18,44.5,38590347,45.09,43.91,44.4881,219458,2018-10-23 04:00:00
35,44.16,42.42,33561303,44.36,42.36,43.2686,196806,2018-10-24 04:00:00
36,43.54,44.31,48255281,44.94,43.28,44.3976,255064,2018-10-25 04:00:00
37,45.59,45.69,67280359,46.44,44.7,45.697,362563,2018-10-26 04:00:00
38,46.5,45.4,35732223,46.75,44.44,45.6877,228209,2018-10-29 04:00:00
39,45.53,47.76,43975214,47.88,45.46,47.1753,267371,2018-10-30 04:00:00
40,48.29,46.88,33369091,48.56,46.83,47.4257,183689,2018-10-31 04:00:00
41,46.95,48.22,28335329,48.47,46.86,47.9863,155696,2018-11-01 04:00:00
42,48.13,47.11,30759786,48.25,46.75,47.3347,187609,2018-11-02 04:00:00
43,47.34,47.97,23751221,48.25,46.92,47.7132,120387,2018-11-05 05:00:00
44,47.8,47.25,23839582,47.92,47.03,47.3996,125217,2018-11-06 05:00:00
45,47.63,48.72,29913193,48.75,47.59,48.454,118703,2018-11-07 05:00:00
46,48.49,48.99,26581744,49.29,48.46,49.0124,129014,2018-11-08 05:00:00
47,48.79,48.11,21761447,49.025,47.87,48.28,128290,2018-11-09 05:00:00
48,47.71,46.65,24412843,47.8,46.6,46.9544,137837,2018-11-12 05:00:00
49,46.99,47.39,29315924,48.25,46.99,47.5368,160803,2018-11-13 05:00:00
50,47.85,47.09,25632731,47.965,46.89,47.3244,156803,2018-11-14 05:00:00
51,47.01,48.11,29580992,48.24,46.72,47.769,166820,2018-11-15 05:00:00
52,47.77,48.83,31670572,49.05,47.69,48.6495,168746,2018-11-16 05:00:00
53,48.61,48,26859030,49.15,47.78,48.2924,162074,2018-11-19 05:00:00
54,47.4,47.39,29200847,48.12,47.09,47.5287,190781,2018-11-20 05:00:00
55,47.85,47.03,19011435,47.88,47.02,47.3864,110275,2018-11-21 05:00:00
56,46.69,46.54,8906879,47.07,46.52,46.728,56754,2018-11-23 05:00:00
57,47.27,47.45,20723037,47.46,46.7,47.193,104978,2018-11-26 05:00:00
58,46.94,48.07,27387025,48.22,46.59,47.6948,148068,2018-11-27 05:00:00
59,47.935,48.86,28003222,48.88,47.65,48.4449,149029,2018-11-28 05:00:00
60,48.49,47.7,23592512,48.56,47.63,47.9507,136849,2018-11-29 05:00:00
61,47.95,49.31,43312603,49.32,47.56,48.9347,142009,2018-11-30 05:00:00
62,50,50.13,30866818,50.495,49.53,50.039,156601,2018-12-03 05:00:00
63,49.52,47.75,35397722,49.6,47.675,48.3831,185597,2018-12-04 05:00:00
64,46.8,48.37,31661749,48.39,46.52,47.7068,189969,2018-12-06 05:00:00
65,47.94,46.24,34016375,48.06,46.23,46.7968,179319,2018-12-07 05:00:00
66,46.28,47.21,23289000,47.46,46.01,46.8665,148006,2018-12-10 05:00:00
67,47.9,47.38,23850962,48.59,47.13,47.7429,135788,2018-12-11 05:00:00
68,48.58,47.83,31305045,48.64,47.41,48.0119,131934,2018-12-12 05:00:00
69,48.26,48.29,19525963,48.58,47.855,48.2453,103113,2018-12-13 05:00:00
70,47.89,47.86,26372077,48.76,47.85,48.1217,124964,2018-12-14 05:00:00
71,47.86,47.08,26598676,48.41,46.66,47.4436,143455,2018-12-17 05:00:00
72,47.47,47.74,29014290,48.45,47.36,47.8987,158192,2018-12-18 05:00:00
73,47.49,45.57,39717559,47.73,45.38,46.3826,225917,2018-12-19 05:00:00
74,45.41,45.54,37750948,46.31,45.01,45.6366,218548,2018-12-20 05:00:00
75,45.75,44.84,52767741,46.65,44.8,45.3125,193795,2018-12-21 05:00:00
76,44.63,43.59,19241563,45.17,43.54,44.2335,121433,2018-12-24 05:00:00
77,44,46.19,28677632,46.2,43.51,45.0519,163529,2018-12-26 05:00:00
78,45.62,46.36,29970725,46.38,44.67,45.6787,150931,2018-12-27 05:00:00
79,46.51,46.75,24625695,47.74,46.3,46.8862,150250,2018-12-28 05:00:00
80,47.09,46.93,20490405,47.48,46.55,46.9003,100914,2018-12-31 05:00:00
81,45.96,47.08,18774573,47.47,45.77,46.9621,107293,2019-01-02 05:00:00
82,46.15,44.49,32179297,46.28,44.39,45.0121,182632,2019-01-03 05:00:00
83,45.835,47.22,35447286,47.57,45.54,46.8547,194200,2019-01-04 05:00:00
84,47.1,47.44,22736796,47.995,46.75,47.4647,122728,2019-01-07 05:00:00
85,47.8,47.74,22749206,48.03,46.78,47.459,122112,2019-01-08 05:00:00
86,47.96,48.01,22534525,48.57,47.78,48.1529,115793,2019-01-09 05:00:00
87,47.75,48.56,27202575,48.65,47.41,48.2546,96330,2019-01-10 05:00:00
88,48.1,48.93,21751291,49.291,48.05,48.8944,105853,2019-01-11 05:00:00
89,48.46,48.35,19193910,48.83,48.3,48.4601,75750,2019-01-14 05:00:00
90,48.71,48.6,22480820,49.13,48.44,48.7323,85363,2019-01-15 05:00:00
91,48.6,48.13,19057707,48.89,48.08,48.3616,87608,2019-01-16 05:00:00
92,48,48.47,17448657,48.84,47.905,48.3939,95326,2019-01-17 05:00:00
93,49.11,49.19,29874317,49.38,48.69,49.1225,120979,2019-01-18 05:00:00
94,48.96,48.27,25940722,48.98,47.87,48.3086,117741,2019-01-22 05:00:00
95,48.41,47.94,18960709,48.8,47.52,48.0046,103380,2019-01-23 05:00:00
96,48.7,49.76,50578269,50.035,48.6,49.2306,231855,2019-01-24 05:00:00
97,46.85,47.04,86471848,47.43,45.75,46.6457,401974,2019-01-25 05:00:00
98,46.13,46.71,35928704,46.73,46.05,46.4735,160637,2019-01-28 05:00:00
99,46.78,46.54,20988342,46.97,46.33,46.5531,99068,2019-01-29 05:00:00
100,46.68,47.54,26931676,47.68,46.45,47.1132,130825,2019-01-30 05:00:00
101,46.7,47.12,43051306,47.18,46.1,46.6918,189875,2019-01-31 05:00:00
102,47.06,48.73,37442926,49.05,47.01,48.4861,165966,2019-02-01 05:00:00
103,48.62,49.22,20905010,49.24,48.24,48.9476,88725,2019-02-04 05:00:00
104,49.18,50.01,31641570,50.7159,49.18,50.1123,146361,2019-02-05 05:00:00
105,49.95,49.9,21647843,50.64,49.82,50.0917,113066,2019-02-06 05:00:00
106,49.5,49.23,27825875,49.85,48.68,49.2225,143160,2019-02-07 05:00:00
107,48.77,48.84,18851208,49.02,48.01,48.5568,99597,2019-02-08 05:00:00
108,49.02,48.77,18004088,49.32,48.58,48.8565,91399,2019-02-11 05:00:00
109,49.36,50.01,18000058,50.14,49.27,49.9112,94448,2019-02-12 05:00:00
110,50.13,50.47,17712782,50.81,50,50.4603,89975,2019-02-13 05:00:00
111,50.41,50.81,17545365,51.04,50.35,50.7758,101110,2019-02-14 05:00:00
112,51.25,51.66,22520361,51.67,51.09,51.4291,108160,2019-02-15 05:00:00
113,51.35,51.4,15611772,51.71,51.34,51.5135,82080,2019-02-19 05:00:00
114,51.63,51.39,21600226,51.73,51.06,51.3365,113908,2019-02-20 05:00:00
115,51.32,51.41,16162142,51.84,51.21,51.4388,93886,2019-02-21 05:00:00
116,52.7,52.49,31934146,52.975,52.055,52.5885,151436,2019-02-22 05:00:00
117,53.06,53.1,20711750,53.61,52.86,53.199,111207,2019-02-25 05:00:00
118,53.01,53.23,16082213,53.37,52.91,53.1895,86691,2019-02-26 05:00:00
119,52.76,53.24,17590309,53.38,52.51,53.0658,92737,2019-02-27 05:00:00
120,52.92,52.96,18388820,53.18,52.81,52.97,81029,2019-02-28 05:00:00
121,53.44,53.3,18359325,53.68,52.89,53.2553,87228,2019-03-01 05:00:00
122,53.75,53.94,21706135,54.1,53.205,53.712,117086,2019-03-04 05:00:00
123,53.85,53.68,21057745,53.99,53.11,53.6549,109009,2019-03-05 05:00:00
124,53.63,52.95,14740525,53.65,52.94,53.1121,85844,2019-03-06 05:00:00
125,52.77,52.6,17803407,52.985,52.36,52.6292,98525,2019-03-07 05:00:00
126,51.97,52.48,16793891,52.56,51.7,52.306,93404,2019-03-08 05:00:00
127,52.88,53.35,18962954,53.65,52.57,53.3759,94031,2019-03-11 04:00:00
128,53.34,53.57,20782077,53.96,53.175,53.6135,98122,2019-03-12 04:00:00
129,54,54.37,25522312,54.57,53.65,54.2215,112460,2019-03-13 04:00:00
130,54.3,53.44,26647060,54.45,53.33,53.7027,106097,2019-03-14 04:00:00
131,53.68,54.33,46485239,54.69,53.68,54.3081,110468,2019-03-15 04:00:00
132,54.42,54.1,16273986,54.505,53.87,54.1416,80026,2019-03-18 04:00:00
133,54.47,54.17,18274766,54.645,54,54.2409,89332,2019-03-19 04:00:00
134,54.06,53.82,24325283,54.4,53.61,53.9677,113821,2019-03-20 04:00:00
135,53.92,54.64,19127216,54.99,53.84,54.5966,90333,2019-03-21 04:00:00
136,54.4,53.26,21438435,54.615,53.21,53.5788,111030,2019-03-22 04:00:00
137,52.97,52.78,16971406,53.545,52.375,52.7125,98903,2019-03-25 04:00:00
138,53.32,53.44,17724346,53.77,53.04,53.3597,103872,2019-03-26 04:00:00
139,53.59,53.16,19655973,53.86,52.94,53.2696,114891,2019-03-27 04:00:00
140,53.25,53.11,13607888,53.44,52.77,53.1021,78164,2019-03-28 04:00:00
141,53.8,53.7,18736074,54.04,53.48,53.695,89406,2019-03-29 04:00:00
142,54.34,54.51,17778437,54.57,54.1,54.3818,93436,2019-04-01 04:00:00
143,54.53,54.36,13704511,54.8,54.225,54.4171,75672,2019-04-02 04:00:00
144,55.03,55.48,24552838,55.99,54.89,55.5099,126915,2019-04-03 04:00:00
145,55.27,55.92,16520453,56.14,55.27,55.8151,92046,2019-04-04 04:00:00
146,55.75,55.6,19268396,55.95,54.87,55.3362,95222,2019-04-05 04:00:00
147,55.28,55.68,11758823,55.74,55.2,55.5029,69271,2019-04-08 04:00:00
148,55.35,55.32,13339677,55.43,54.9,55.199,70152,2019-04-09 04:00:00
149,55.32,55.75,13084042,55.86,55.32,55.6826,64915,2019-04-10 04:00:00
150,55.76,55.8,10845819,56.07,55.63,55.8212,62071,2019-04-11 04:00:00
151,56.21,56.42,12910185,56.49,55.84,56.2275,68802,2019-04-12 04:00:00
152,56.46,56.28,11676910,56.555,55.92,56.2219,67320,2019-04-15 04:00:00
153,56.66,56.71,30301933,57.47,56.07,56.7984,152177,2019-04-16 04:00:00
154,58.44,58.56,38788448,59.59,58.12,58.7387,201082,2019-04-17 04:00:00
155,58.71,58.49,20464197,58.88,58.1238,58.5276,105349,2019-04-18 04:00:00
156,58.15,58.82,12327484,58.83,57.88,58.5568,63909,2019-04-22 04:00:00
157,58.89,58.78,17739929,58.98,58.5,58.7841,89528,2019-04-23 04:00:00
158,58.52,58.72,17723745,59.2899,58.14,58.8525,85365,2019-04-24 04:00:00
159,58.3,57.61,27949926,58.38,57.23,57.1065,156835,2019-04-25 04:00:00
160,52.74,52.43,72364512,53.09,51.52,52.1058,360421,2019-04-26 04:00:00
161,52.17,51.11,42142301,52.43,51,51.3503,181595,2019-04-29 04:00:00
162,51,51.04,27129374,51.43,50.87,51.1115,122952,2019-04-30 04:00:00
163,51.1,50.76,20467582,51.6,50.74,51.1374,104870,2019-05-01 04:00:00
164,50.8,50.55,22655397,51.325,50.12,50.6482,126728,2019-05-02 04:00:00
165,51.08,51.75,25656641,51.82,50.73,51.345,128810,2019-05-03 04:00:00
166,50.25,51.22,26245240,51.28,50.19,50.9452,115523,2019-05-06 04:00:00
167,50.6,50.48,29713382,50.88,49.93,50.3326,158017,2019-05-07 04:00:00
168,50.2,49.24,36812429,50.79,49.07,49.8938,192391,2019-05-08 04:00:00
169,47.9,46.62,59642160,48.29,46.05,46.7745,308335,2019-05-09 04:00:00
170,46.44,46.2,42522778,46.8,45.1,45.927,220126,2019-05-10 04:00:00
171,45.33,44.76,39091928,45.64,44.7,44.9948,202839,2019-05-13 04:00:00
172,45.18,45.17,24706458,45.485,44.87,45.2439,139472,2019-05-14 04:00:00
173,44.92,45.62,23407893,45.75,44.76,45.3465,127077,2019-05-15 04:00:00
174,45.47,45.53,19954653,45.95,45.42,45.6341,111117,2019-05-16 04:00:00
175,45.18,44.89,22500360,45.73,44.7637,45.0814,109329,2019-05-17 04:00:00
176,44,43.56,28674965,44.52,43.4538,43.851,168832,2019-05-20 04:00:00
177,44.34,44.46,25543371,44.78,44.175,44.4684,127400,2019-05-21 04:00:00
178,44.15,44,16932520,44.46,43.845,44.0422,101055,2019-05-22 04:00:00
179,43.37,44.53,35783928,44.74,42.86,43.863,184263,2019-05-23 04:00:00
180,44.59,44.57,27168066,45.05,44.49,44.627,135790,2019-05-24 04:00:00
181,44.66,43.57,34779863,44.69,43.3,43.6334,143646,2019-05-28 04:00:00
182,43.35,44.23,28450341,44.53,43.3333,44.0625,159950,2019-05-29 04:00:00
183,44.3,44.73,21618859,45.03,44.23,44.6617,118919,2019-05-30 04:00:00
184,44.18,44.04,25532529,44.79,43.93,44.2565,139527,2019-05-31 04:00:00
185,44.25,43.46,31155678,44.585,43.2,43.7037,176554,2019-06-03 04:00:00
186,44.16,44.79,28094917,44.855,43.77,44.5311,161035,2019-06-04 04:00:00
187,45.11,44.55,20802012,45.18,44.19,44.5049,118549,2019-06-05 04:00:00
188,44.75,45.1,19076170,45.17,44.505,44.8724,93887,2019-06-06 04:00:00
189,45.25,46.03,24370253,46.12,45.1,45.8487,124173,2019-06-07 04:00:00
190,46.23,46.8,20806083,47.19,46.2,46.8477,122931,2019-06-10 04:00:00
191,47.26,46.85,18415495,47.32,46.52,46.8237,107299,2019-06-11 04:00:00
192,46.67,46.32,15900569,46.67,46.25,46.3983,76933,2019-06-12 04:00:00
193,46.6,46.7,12267633,46.955,46.53,46.729,72285,2019-06-13 04:00:00
194,45.83,46.19,15381077,46.42,45.5459,46.0992,84805,2019-06-14 04:00:00
195,46.14,46.13,12643343,46.53,45.8,46.2272,66766,2019-06-17 04:00:00
196,46.75,47.37,25732293,48,46.6,47.4832,143281,2019-06-18 04:00:00
197,47.48,47.07,17436381,47.58,47,47.2134,98586,2019-06-19 04:00:00
198,47.87,47.19,20126780,48.05,46.87,47.2409,116234,2019-06-20 04:00:00
199,46.95,47.46,31096251,47.73,46.8,47.3545,104936,2019-06-21 04:00:00
200,47.4,47.63,14479942,47.8455,47.17,47.6227,89072,2019-06-24 04:00:00
201,47.56,46.85,16665577,47.68,46.8,47.1274,93658,2019-06-25 04:00:00
202,47.65,48.19,21886309,48.48,47.56,48.216,113309,2019-06-26 04:00:00
203,48.15,47.46,23062947,48.42,47.24,47.5689,123061,2019-06-27 04:00:00
204,47.77,47.87,26646183,48.2,47.68,47.923,109633,2019-06-28 04:00:00
205,49.29,48.05,27505447,49.45,47.745,48.2373,143398,2019-07-01 04:00:00
206,47.91,48.12,15384686,48.22,47.69,47.9923,97442,2019-07-02 04:00:00
207,48.18,48.52,10739100,48.56,47.995,48.3511,52870,2019-07-03 04:00:00
208,48.03,48.08,14339228,48.175,47.44,47.9072,73640,2019-07-05 04:00:00
209,47.62,47.82,16564291,47.95,47.07,47.6445,90442,2019-07-08 04:00:00
210,47.36,47.75,17853185,47.8,47.13,47.5528,84490,2019-07-09 04:00:00
211,47.92,48.21,16032269,48.61,47.9,48.2432,96139,2019-07-10 04:00:00
212,48.56,48.6,16615082,48.78,48.31,48.5435,96758,2019-07-11 04:00:00
213,49,49.92,20148730,49.93,48.81,49.6072,110331,2019-07-12 04:00:00
214,50,50.12,14345082,50.25,49.7693,50.0171,78812,2019-07-15 04:00:00
215,49.91,49.17,17131368,50,48.96,49.269,95670,2019-07-16 04:00:00
216,49.5,49.39,11927105,49.7,49.24,49.4652,66232,2019-07-17 04:00:00
217,49.28,49.94,15679636,49.99,48.89,49.5504,84528,2019-07-18 04:00:00
218,49.96,50.27,29141087,50.66,49.91,50.3801,113456,2019-07-19 04:00:00
219,50.005,51.35,21686529,51.515,49.89,51.11,114590,2019-07-22 04:00:00
220,52,51.75,18413520,52,51.3,51.6001,101785,2019-07-23 04:00:00
221,51.98,52.92,20896369,52.97,51.8,52.5771,108285,2019-07-24 04:00:00
222,52.51,52.16,27765432,52.6,51.88,52.5651,150227,2019-07-25 04:00:00
223,52.69,51.59,36401545,53.5,51.53,52.2352,211161,2019-07-26 04:00:00
224,51.53,52.51,21897455,52.5599,50.78,52.0305,115979,2019-07-29 04:00:00
225,51.71,51.7,16487692,52.31,51.56,51.9237,96885,2019-07-30 04:00:00
226,51.51,50.55,24169751,51.72,50.05,51.0418,144259,2019-07-31 04:00:00
227,50.52,49.5,34020779,51.89,49.47,50.4697,211225,2019-08-01 04:00:00
228,49.09,48.68,27881620,49.36,48.5,48.7566,160884,2019-08-02 04:00:00
229,47.76,46.97,38936649,47.9599,46.57,46.9988,201133,2019-08-05 04:00:00
230,47.15,46.96,26119563,47.56,46.765,47.0568,134172,2019-08-06 04:00:00
231,46.3,46.73,29440393,46.88,45.97,46.5413,171470,2019-08-07 04:00:00
232,46.16,47.17,30643740,47.365,45.91,46.7774,151114,2019-08-08 04:00:00
233,46.94,45.98,24975455,47,45.78,46.111,137189,2019-08-09 04:00:00
234,45.76,45.6,18494298,46.07,45.44,45.7652,101176,2019-08-12 04:00:00
235,45.49,46.84,29374656,47.045,45.36,46.7759,169592,2019-08-13 04:00:00
236,46.06,45.87,25650218,46.625,45.65,45.9524,146886,2019-08-14 04:00:00
237,46.1,45.7,21992683,46.18,45.435,45.8088,132899,2019-08-15 04:00:00
238,46.34,46.5,23335693,46.68,46.06,46.4747,106913,2019-08-16 04:00:00
239,47.46,47.23,21404916,47.6,47.04,47.2594,110737,2019-08-19 04:00:00
240,47.03,46.6,23115324,47.12,46.46,46.644,141439,2019-08-20 04:00:00
241,47.11,47.15,15915801,47.29,46.8901,47.1733,83072,2019-08-21 04:00:00
242,47.28,46.78,19785890,47.43,46.69,46.9654,91958,2019-08-22 04:00:00
243,46.35,44.96,32817083,46.63,44.8,45.3835,192534,2019-08-23 04:00:00
244,45.82,45.56,22086633,45.82,45.25,45.498,123861,2019-08-26 04:00:00
245,45.87,45.79,16927568,46.12,45.5,45.7959,96655,2019-08-27 04:00:00
246,45.7,45.79,14895346,45.91,45.37,45.7088,90678,2019-08-28 04:00:00
247,46.46,46.87,17806113,47.22,46.4,46.9031,99285,2019-08-29 04:00:00
248,47.24,47.41,16923146,47.79,47.16,47.4309,87260,2019-08-30 04:00:00
249,47.12,46.98,15010268,47.22,46.495,46.8983,97888,2019-09-03 04:00:00
250,47.56,48.92,23472112,48.95,47.54,48.6135,119465,2019-09-04 04:00:00
251,49.925,50.1,30023117,51.17,49.87,50.5079,178423,2019-09-05 04:00:00
252,50.25,50.92,17067940,50.99,50.07,50.6865,99057,2019-09-06 04:00:00
253,51.06,51.59,20749659,52.03,51.02,51.5983,115979,2019-09-09 04:00:00
254,51.33,51.82,18532029,51.84,50.825,51.4187,124383,2019-09-10 04:00:00
255,51.6,52.79,18968942,52.79,51.38,52.4285,109835,2019-09-11 04:00:00
256,53,53.01,23308710,53.33,52.065,52.945,131517,2019-09-12 04:00:00
257,52.76,52.54,18010814,53,52.2349,52.5587,115484,2019-09-13 04:00:00
258,51.9,52.2,13354588,52.285,51.7011,52.0988,88899,2019-09-16 04:00:00
259,52.05,51.95,19888219,52.144,51.35,51.8054,98013,2019-09-17 04:00:00
260,52.13,51.74,15029864,52.13,51.16,51.6629,94403,2019-09-18 04:00:00
261,51.7,51.57,11849919,51.99,51.5,51.6655,72295,2019-09-19 04:00:00
262,51.6,50.72,38632498,51.88,50.56,51.0675,113111,2019-09-20 04:00:00
263,50.83,50.9,21574149,51.225,50.39,50.8619,100357,2019-09-23 04:00:00
264,51.1,49.82,28472934,51.18,49.64,50.0732,150147,2019-09-24 04:00:00
265,49.75,51.02,20120838,51.21,49.42,50.5462,119939,2019-09-25 04:00:00
266,50.98,50.92,11482105,51.145,50.34,50.7633,82352,2019-09-26 04:00:00
267,50.63,50.78,14846405,51.22,50.34,50.779,94017,2019-09-27 04:00:00
268,51.19,51.53,14059201,51.595,50.9384,51.3983,75890,2019-09-30 04:00:00
269,51.97,50.76,18487336,52.24,50.43,51.0986,113099,2019-10-01 04:00:00
270,50.31,49.39,21436998,50.37,48.98,49.5036,117793,2019-10-02 04:00:00
271,49.5,50.03,17235566,50.07,48.532,49.611,105510,2019-10-03 04:00:00
272,50.35,50.92,12748071,50.97,50.03,50.6608,82474,2019-10-04 04:00:00
273,50.7,50.62,12722054,51.23,50.56,50.7896,69592,2019-10-07 04:00:00
274,50.16,49.725,17884433,50.48,49.61,49.938,118609,2019-10-08 04:00:00
275,50.47,50.48,12189955,50.79,50.15,50.4956,72866,2019-10-09 04:00:00
276,50.41,51.11,14611658,51.775,50.4,51.1789,86983,2019-10-10 04:00:00
277,52,52.09,24167112,52.79,51.82,52.2913,135548,2019-10-11 04:00:00
278,51.9,51.64,16425533,51.95,51.44,51.6481,77293,2019-10-14 04:00:00
279,51.93,52.65,18970764,53.07,51.83,52.6598,108112,2019-10-15 04:00:00
280,52.35,52.445,15173069,52.56,52.12,52.3718,81450,2019-10-16 04:00:00
281,52.635,51.86,16912757,52.84,51.38,51.8444,104483,2019-10-17 04:00:00
282,51.75,51.36,16975159,51.82,51.0291,51.4821,85376,2019-10-18 04:00:00
283,51.52,52.13,13120652,52.17,51.34,51.9295,70071,2019-10-21 04:00:00
284,51.9,52.01,13347316,52.32,51.8903,52.1219,79288,2019-10-22 04:00:00
285,51.37,51.72,15961603,51.96,51.2,51.5898,90893,2019-10-23 04:00:00
286,52.09,52.23,25654058,52.43,51.43,52.7161,144182,2019-10-24 04:00:00
287,54.19,56.46,59767680,56.61,53.92,55.8938,315855,2019-10-25 04:00:00
288,56.38,56.76,32307512,56.81,56.06,56.5635,142777,2019-10-28 04:00:00
289,56.37,56.34,18155771,57.24,56.24,56.5476,106906,2019-10-29 04:00:00
290,56.32,56.6,15247999,56.63,55.615,56.3258,101440,2019-10-30 04:00:00
291,56.33,56.53,19249679,56.6,55.62,56.133,94541,2019-10-31 04:00:00
292,55.94,56.51,17953467,56.6465,55.62,56.3532,92814,2019-11-01 04:00:00
293,56.9303,57.61,19067981,57.8,56.85,57.511,100827,2019-11-04 05:00:00
294,57.47,57.55,20865354,58.35,57.21,57.7979,108308,2019-11-05 05:00:00
295,57.49,57.6,17720996,57.71,56.98,57.4531,101161,2019-11-06 05:00:00
296,58,58.05,16962846,58.55,57.855,58.2078,103401,2019-11-07 05:00:00
297,57.85,58.27,11890273,58.3,57.31,57.9809,75447,2019-11-08 05:00:00
298,57.97,58.35,11236365,58.5,57.9,58.3182,72556,2019-11-11 05:00:00
299,58.4,58.2,11954038,58.8,58.03,58.3923,80921,2019-11-12 05:00:00
300,57.87,57.89,15409832,57.97,57.35,57.7635,87325,2019-11-13 05:00:00
301,57.61,57.81,12141218,58.04,57.57,57.7876,71105,2019-11-14 05:00:00
302,58.17,57.96,16112991,58.7,57.62,58.0463,87602,2019-11-15 05:00:00
303,57.7,58.25,16101282,58.48,57.57,58.2007,89476,2019-11-18 05:00:00
304,58.48,58.35,17062825,58.65,57.75,58.2234,79025,2019-11-19 05:00:00
305,58.26,57.9,18524091,58.36,57.3664,57.9093,102986,2019-11-20 05:00:00
306,57.49,58.22,16139031,58.3,57.41,58.0877,94166,2019-11-21 05:00:00
307,58.34,57.61,15690160,58.65,57.49,57.801,98306,2019-11-22 05:00:00
308,58,58.81,15012416,58.84,58,58.6344,84740,2019-11-25 05:00:00
309,58.95,58.9,22381498,59.13,58.45,58.7905,92637,2019-11-26 05:00:00
310,58.53,58.51,18172311,58.59,57.905,58.4215,85715,2019-11-27 05:00:00
311,58.15,58.05,9481129,58.295,57.79,58.0956,45624,2019-11-29 05:00:00
312,58.55,57.66,19166768,58.69,57.47,57.8243,106062,2019-12-02 05:00:00
313,56.86,56.07,26613647,56.86,55.75,56.1886,153150,2019-12-03 05:00:00
314,56.66,56.02,18882730,56.66,55.86,56.126,111262,2019-12-04 05:00:00
315,56.41,56.08,17675582,56.41,55.76,56.0331,100434,2019-12-05 05:00:00
316,56.66,56.81,16477405,56.99,56.42,56.8055,93808,2019-12-06 05:00:00
317,56.54,56.53,14467822,56.96,56.5,56.6893,83551,2019-12-09 05:00:00
318,56.71,56.59,16157977,56.83,56.44,56.6473,106189,2019-12-10 05:00:00
319,56.91,57.07,20051865,57.17,56.58,56.9198,118354,2019-12-11 05:00:00
320,56.75,57.55,27896156,58.05,56.61,57.5222,175886,2019-12-12 05:00:00
321,57.55,57.79,22545852,58.34,57.38,57.882,131499,2019-12-13 05:00:00
322,58.21,57.7,19135285,58.57,57.65,58.0138,102176,2019-12-16 05:00:00
323,58,57.3,21656376,58.1,57.13,57.4339,125189,2019-12-17 05:00:00
324,57.39,57.17,28023062,57.455,56.94,57.1648,119868,2019-12-18 05:00:00
325,57.17,57.96,18869002,57.99,56.965,57.7448,103447,2019-12-19 05:00:00
326,58.32,58.95,49970823,59.05,57.89,58.7741,125470,2019-12-20 05:00:00
327,59.06,59.23,23593186,59.78,59.04,59.3613,106718,2019-12-23 05:00:00
328,59.25,59.41,6313179,59.48,59.16,59.3377,41363,2019-12-24 05:00:00
329,59.41,59.82,11486640,59.85,59.35,59.7363,62804,2019-12-26 05:00:00
330,59.91,60.08,14086147,60.48,59.9,60.1386,87823,2019-12-27 05:00:00
331,59.99,59.62,12751111,60.05,59.38,59.6632,88827,2019-12-30 05:00:00
332,59.62,59.85,14435832,59.93,59.36,59.7527,84357,2019-12-31 05:00:00
333,60.24,60.84,17713404,60.97,60.22,60.7488,117781,2020-01-02 05:00:00
334,59.81,60.1,15298577,60.7,59.81,60.2146,102254,2020-01-03 05:00:00
335,59.59,59.93,17759137,60.195,59.33,59.9148,112920,2020-01-06 05:00:00
336,59.78,58.93,21875524,59.8,58.89,59.1203,143637,2020-01-07 05:00:00
337,58.89,58.97,23138184,59.32,58.52,58.9301,142785,2020-01-08 05:00:00
338,59.05,59.3,18818492,59.51,58.83,59.1946,114779,2020-01-09 05:00:00
339,59.57,58.94,15201929,60.075,58.87,59.3413,111750,2020-01-10 05:00:00
340,59.17,59.59,16455825,59.775,59.08,59.5249,102410,2020-01-13 05:00:00
341,59.49,59.43,17092446,59.74,59.185,59.4251,110646,2020-01-14 05:00:00
342,59.3,58.94,18459803,59.65,58.75,59.0934,114956,2020-01-15 05:00:00
343,59.26,59.66,21365530,59.84,59.07,59.4792,110681,2020-01-16 05:00:00
344,59.98,59.6,21803446,60,59.2403,59.5892,107752,2020-01-17 05:00:00
345,59.81,60.55,28358468,61.25,59.79,60.7076,164797,2020-01-21 05:00:00
346,61.04,62.73,29475122,62.85,60.97,62.2058,182033,2020-01-22 05:00:00
347,62.86,63.32,42778737,63.705,62.81,64.0169,238879,2020-01-23 05:00:00
348,66.57,68.47,84711037,69.29,66.46,68.2479,473035,2020-01-24 05:00:00
349,66.72,65.69,30764002,67.42,65.6,66.2546,207188,2020-01-27 05:00:00
350,66.5,67.31,30755394,67.58,65.94,67.1688,165633,2020-01-28 05:00:00
351,67.63,66.33,18076688,68.06,66.17,66.7176,125651,2020-01-29 05:00:00
352,65.64,66.47,18522360,66.5,64.93,65.879,129315,2020-01-30 05:00:00
353,65.8,63.93,25268428,65.98,63.67,64.3642,168424,2020-01-31 05:00:00
354,64.455,64.42,16654563,65.04,64.3,64.5927,110801,2020-02-03 05:00:00
355,65.77,65.46,20970754,66.06,64.92,65.4051,135667,2020-02-04 05:00:00
356,66.69,67.34,23401417,67.6,66.13,66.8695,154035,2020-02-05 05:00:00
357,67.3,67.09,17408038,67.4,66.77,67.0187,101372,2020-02-06 05:00:00
358,66.86,66.02,18134646,67.3,66.01,66.3874,106310,2020-02-07 05:00:00
359,65.56,66.39,22299288,66.4,65.44,66.0541,94939,2020-02-10 05:00:00
360,66.83,67.41,17975623,67.71,66.57,67.2527,102986,2020-02-11 05:00:00
361,67.6,67.46,15586600,68.09,67.31,67.5655,89385,2020-02-12 05:00:00
362,66.99,67.44,11602733,67.65,66.739,67.3691,81006,2020-02-13 05:00:00
363,67.52,67.27,13379451,67.865,66.82,67.393,91075,2020-02-14 05:00:00
364,66.66,66.14,12766566,66.69,65.88,66.2168,90200,2020-02-18 05:00:00
365,66.39,67.11,13551202,67.2,66.18,66.7846,81447,2020-02-19 05:00:00
366,67.04,65.45,26452594,67.29,64.56,65.5265,193001,2020-02-20 05:00:00
367,65.18,64.34,20780465,65.25,64.04,64.5023,108930,2020-02-21 05:00:00
368,61.6135,61.76,26903117,62.77,61.32,62.1182,182763,2020-02-24 05:00:00
369,61.99,59.73,34488028,62.28,59.46,60.398,263470,2020-02-25 05:00:00
370,60.11,59.65,26217740,60.82,59.27,59.9596,200144,2020-02-26 05:00:00
371,57.93,55.83,42226859,58.51,55.8,57.1752,296095,2020-02-27 05:00:00
372,54.3,55.52,60727999,56.38,53.6,54.8521,454830,2020-02-28 05:00:00
373,55.79,58.18,43140304,58.22,54.52,56.663,306095,2020-03-02 05:00:00
374,58.03,55.97,49740276,59.02,55.4,56.9075,433974,2020-03-03 05:00:00
375,57.01,58.68,29223071,58.71,56.16,57.8381,204628,2020-03-04 05:00:00
376,57.06,56.96,29099163,58.66,56.61,57.3725,224124,2020-03-05 05:00:00
377,55.18,55.77,36259158,56.01,54.54,55.3829,302065,2020-03-06 05:00:00
378,51.92,50.85,56196983,52.71,50,51.5244,352290,2020-03-09 04:00:00
379,52.76,53.98,36568951,54,50.43,52.4348,220192,2020-03-10 04:00:00
380,52.39,51.66,38573961,53.54,51.01,52.1458,277822,2020-03-11 04:00:00
381,47.99,45.54,50661745,50.091,45.37,47.3752,400958,2020-03-12 04:00:00
382,48.26,54.43,48805059,55,47.74,50.2897,340275,2020-03-13 04:00:00
383,47.51,44.61,53878939,52.25,43.63,47.9729,377932,2020-03-16 04:00:00
384,45.755,50.08,52085162,51.63,45.2,48.9945,329860,2020-03-17 04:00:00
385,46.71,47.61,49309879,50.05,45.2,47.4809,324357,2020-03-18 04:00:00
386,47.84,45.94,44538030,49.23,45.16,47.1603,294808,2020-03-19 04:00:00
387,46.51,45.83,52344045,49.42,45.47,46.9172,312571,2020-03-20 04:00:00
388,46.02,49.58,46698478,50.49,45.9132,48.703,336207,2020-03-23 04:00:00
389,53.14,52.4,50019753,54.64,51.35,52.6864,340458,2020-03-24 04:00:00
390,52.48,51.26,41106063,53.785,49.91,51.858,313683,2020-03-25 04:00:00
391,51.74,55.54,41475406,55.95,51.66,54.7013,261548,2020-03-26 04:00:00
392,53.42,52.37,31633487,54.64,52.065,53.2229,203021,2020-03-27 04:00:00
393,52.99,55.49,31628610,56.1,52.83,55.1665,230810,2020-03-30 04:00:00
394,55.06,54.12,48081861,55.795,53.22,54.3126,265677,2020-03-31 04:00:00
395,52.5,51.88,29586562,54.69,51.43,52.6889,200153,2020-04-01 04:00:00
396,51.29,54.35,27809987,54.56,51.22,53.5939,194638,2020-04-02 04:00:00
397,53.85,54.13,23906062,55.13,52.73,53.9237,161803,2020-04-03 04:00:00
398,56.63,58.43,32323387,58.77,56.12,57.6589,220017,2020-04-06 04:00:00
399,59.94,58.4,41410012,61.49,58.21,59.5448,242048,2020-04-07 04:00:00
400,58.99,58.98,26719500,59.51,57.91,58.7508,183719,2020-04-08 04:00:00
401,59.36,57.14,40515419,59.72,56.06,57.3865,264478,2020-04-09 04:00:00
402,56.57,58.7,23251938,58.77,56.57,58.1339,155356,2020-04-13 04:00:00
403,60.0378,60.66,25673992,60.9,59.51,60.2938,155118,2020-04-14 04:00:00
404,59.74,58.87,22841552,59.83,58.385,58.939,142948,2020-04-15 04:00:00
405,59.61,60.79,24433516,60.96,58.81,60.1967,157153,2020-04-16 04:00:00
406,62.02,60.36,27385636,62.13,59.825,60.6289,153500,2020-04-17 04:00:00
407,59.279,59.18,26378309,60.04,58.89,59.3697,130644,2020-04-20 04:00:00
408,58.11,56.36,25248033,58.6,55.93,56.7921,178507,2020-04-21 04:00:00
409,58.27,60.1,23443474,60.5,57.81,59.6368,143111,2020-04-22 04:00:00
410,59.6735,59.04,35089874,60.1,58.81,58.6111,219139,2020-04-23 04:00:00
411,56.2,59.26,50210641,59.4,56.1,58.0049,257440,2020-04-24 04:00:00
412,59.72,59.47,25902236,59.83,58.385,59.1525,146722,2020-04-27 04:00:00
413,59.99,58.75,28784707,60.22,58.26,58.9766,157266,2020-04-28 04:00:00
414,59.44,61.8,30451541,62.03,59.32,61.2874,181290,2020-04-29 04:00:00
415,61.3666,59.98,26279877,61.54,59.75,60.1868,142084,2020-04-30 04:00:00
416,58.83,57.47,21194125,59.32,57.31,57.9262,144591,2020-05-01 04:00:00
417,57.12,57.99,18957227,58.07,56.31,57.3238,127768,2020-05-04 04:00:00
418,58.79,58.75,17252063,59.3,58.35,58.8652,120893,2020-05-05 04:00:00
419,59.04,59.18,17848655,59.95,58.94,59.4298,108557,2020-05-06 04:00:00
420,59.93,59.17,14733519,60.0969,58.92,59.3574,101986,2020-05-07 04:00:00
421,59.6694,59.67,20391091,59.78,59.05,59.5225,95042,2020-05-08 04:00:00
422,59.74,60.13,18684439,60.84,59.71,60.2915,114919,2020-05-11 04:00:00
423,60.22,58.39,16754898,60.64,58.26,59.296,112128,2020-05-12 04:00:00
424,58.45,57.74,21064971,59.23,56.9,57.8125,142834,2020-05-13 04:00:00
425,57.32,59.08,21569352,59.15,56.1,57.759,144738,2020-05-14 04:00:00
426,57.4,58.28,21373268,58.37,56.96,57.816,131496,2020-05-15 04:00:00
427,59.7406,59.92,20443708,60.28,59.36,59.9321,128369,2020-05-18 04:00:00
428,60.13,60.29,21865009,61.77,59.85,60.9205,148889,2020-05-19 04:00:00
429,61.16,63.1,30583988,63.489,61.02,62.7066,197056,2020-05-20 04:00:00
430,63.095,61.98,20987740,63.8,61.82,62.4886,141523,2020-05-21 04:00:00
431,61.98,62.255,14103013,62.32,61.42,61.9506,103336,2020-05-22 04:00:00
432,63.68,62.34,20933556,64.14,62.12,63.1597,135462,2020-05-26 04:00:00
433,62.32,63.56,19886271,63.59,61.07,62.5502,146457,2020-05-27 04:00:00
434,63,61.7,17264131,63.45,61.49,62.4784,119141,2020-05-28 04:00:00
435,61.9,62.93,33395738,63.66,61.62,62.7801,146750,2020-05-29 04:00:00
436,62.4851,61.86,14329044,62.66,61.66,62.0671,109817,2020-06-01 04:00:00
437,61.7,62.12,20702353,62.17,60.825,61.6451,125820,2020-06-02 04:00:00
438,62.45,61.93,16737271,62.54,61.53,61.9103,113773,2020-06-03 04:00:00
439,61.74,62.97,22010142,63.47,61.3438,62.7885,152787,2020-06-04 04:00:00
440,63.36,64.34,26666848,65.11,63.16,64.4063,182276,2020-06-05 04:00:00
441,63.97,63.67,21546008,64.15,62.94,63.4366,137142,2020-06-08 04:00:00
442,62.9935,63.04,23594133,63.71,62.9,63.1352,123353,2020-06-09 04:00:00
443,62.79,63.87,21367845,64.289,62.75,63.753,136884,2020-06-10 04:00:00
444,63.07,59.7,26998192,63.3,59.52,60.8189,200680,2020-06-11 04:00:00
445,60.11,59.33,30419768,60.96,58.121,59.2261,227591,2020-06-12 04:00:00
446,59.33,60.1,29650719,60.36,58.58,59.5915,206910,2020-06-15 04:00:00
447,61.49,60.4,23221634,61.65,59.49,60.5101,180185,2020-06-16 04:00:00
448,60.74,60.49,20454771,61.28,60.06,60.6652,116446,2020-06-17 04:00:00
449,60.35,60.08,24899699,60.51,59.32,59.9631,133662,2020-06-18 04:00:00
450,60.65,59.62,60324579,60.89,59.1,59.8019,192050,2020-06-19 04:00:00
451,59.73,60.09,22846013,60.545,58.83,59.8476,152782,2020-06-22 04:00:00
452,60.19,59.92,22809579,60.47,59.8612,60.0854,132448,2020-06-23 04:00:00
453,59.64,59.09,27764482,59.805,58.67,59.1507,163489,2020-06-24 04:00:00
454,58.98,58.51,21906941,59.09,57.48,58.0495,156343,2020-06-25 04:00:00
455,58.49,57.5,38477509,58.73,57.07,57.6415,173823,2020-06-26 04:00:00
456,57.47,58.27,22150266,58.35,56.76,57.8139,124897,2020-06-29 04:00:00
457,58.71,59.83,31495556,59.98,58.54,59.6448,142116,2020-06-30 04:00:00
458,59.91,58.81,14748072,60.03,58.76,59.1469,107351,2020-07-01 04:00:00
459,59.19,59.13,15578580,59.81,58.97,59.2928,98664,2020-07-02 04:00:00
460,58.72,59.54,20536717,59.62,58.6,59.2788,121596,2020-07-06 04:00:00
461,59.07,58.31,15996487,59.57,58.14,58.7181,104060,2020-07-07 04:00:00
462,58.45,58.61,13277868,58.695,57.93,58.3719,95076,2020-07-08 04:00:00
463,58.2,58.42,20683689,58.745,57.7,58.336,143853,2020-07-09 04:00:00
464,57.95,59.53,17742324,59.69,57.83,59.0646,128400,2020-07-10 04:00:00
465,59.84,58.58,19082943,60.62,58.39,59.4711,138689,2020-07-13 04:00:00
466,57.8735,58.98,24190866,59.25,57.345,58.5527,151261,2020-07-14 04:00:00
467,59.03,59.03,19986312,59.34,58.42,58.9371,128384,2020-07-15 04:00:00
468,58.54,59.14,12425873,59.36,58.4,58.9487,94564,2020-07-16 04:00:00
469,59.42,60,16322814,60.46,59.28,59.9558,115750,2020-07-17 04:00:00
470,60.08,61.15,16868660,61.38,59.34,60.6119,118675,2020-07-20 04:00:00
471,61.515,60.7,19830305,61.9275,60.44,61.0018,127904,2020-07-21 04:00:00
472,61.31,61.05,18959921,61.765,60.62,61.0627,124544,2020-07-22 04:00:00
473,61.255,60.4,43518551,61.74,59.98,58.7916,282468,2020-07-23 04:00:00
474,52.15,50.59,182269902,52.18,49.5,50.7904,1016148,2020-07-24 04:00:00
475,51.03,49.57,107526547,51.14,49.465,49.9855,432020,2020-07-27 04:00:00
476,49.48,49.24,62362411,50.23,49.14,49.557,330381,2020-07-28 04:00:00
477,49.49,48.07,60500806,49.5,47.9,48.2548,357594,2020-07-29 04:00:00
478,47.83,47.99,39735185,48.5,47.59,47.8961,254651,2020-07-30 04:00:00
479,48.13,47.73,46569883,48.3216,46.97,47.5573,258064,2020-07-31 04:00:00
480,48.27,48.3,31767139,48.6267,47.74,48.2429,196408,2020-08-03 04:00:00
481,48.6,49.13,29045836,49.14,48.5,48.7988,189640,2020-08-04 04:00:00
482,49.72,48.92,29471066,49.72,48.66,48.9932,183532,2020-08-05 04:00:00
483,48.79,48.57,23795529,48.82,48.1,48.4093,161559,2020-08-06 04:00:00
484,48.53,48.03,36765228,48.65,47.7,47.9979,193419,2020-08-07 04:00:00
485,48.2,49.22,37442609,49.39,48.06,49.008,176188,2020-08-10 04:00:00
486,49.63,48.19,35348092,49.73,48.06,48.8752,237718,2020-08-11 04:00:00
487,48.67,49.19,30687169,49.26,48.24,48.8513,171790,2020-08-12 04:00:00
488,49.26,48.56,24774512,49.33,48.385,48.7494,165148,2020-08-13 04:00:00
489,48.73,48.89,22321168,49.21,48.65,48.9589,141688,2020-08-14 04:00:00
490,49.11,48.93,20018273,49.305,48.73,49.0737,124370,2020-08-17 04:00:00
491,49.26,48.65,19251395,49.57,48.62,48.934,114716,2020-08-18 04:00:00
492,48.785,48.33,27774975,48.98,48.25,48.6103,164134,2020-08-19 04:00:00
493,49.81,49.17,55081342,50.2,49,49.3838,285740,2020-08-20 04:00:00
494,49.02,49.28,33316470,49.31,48.65,49.0521,159343,2020-08-21 04:00:00
495,49.26,49.14,36295307,49.4,48.82,49.0811,154355,2020-08-24 04:00:00
496,49.35,49.43,38384329,49.88,49.21,49.4396,146358,2020-08-25 04:00:00
497,49.39,49.55,28616620,49.67,49.23,49.4941,137632,2020-08-26 04:00:00
498,49.79,49.4,24420613,49.93,49.17,49.4852,142741,2020-08-27 04:00:00
499,49.57,50.43,35384684,50.8,49.46,50.3167,187395,2020-08-28 04:00:00
500,51,50.95,46096133,51.5,50.32,50.9753,239834,2020-08-31 04:00:00
501,50.91,50.79,30387707,51,50.22,50.6404,169609,2020-09-01 04:00:00
502,51.21,52.25,53000730,52.68,51.09,52.1182,320416,2020-09-02 04:00:00
503,52.5,50.39,47374840,52.62,50.135,51.0199,317286,2020-09-03 04:00:00
504,50.53,50.08,43318369,51.23,49.49,50.1925,302807,2020-09-04 04:00:00
505,49.26,48.91,39700694,49.9,48.85,49.3045,252188,2020-09-08 04:00:00
506,49.53,49.62,33437273,49.9684,49.04,49.5804,182116,2020-09-09 04:00:00
507,50,48.96,32649149,50.09,48.71,49.3567,190699,2020-09-10 04:00:00
508,49.2635,49.28,29333570,50.05,48.95,49.447,183230,2020-09-11 04:00:00
509,48.85,49.41,27200491,49.72,48.85,49.3835,162858,2020-09-14 04:00:00
510,49.79,50,27598263,50.6,49.73,50.2439,163383,2020-09-15 04:00:00
511,50.51,50.37,26555283,51.03,50.165,50.5273,157214,2020-09-16 04:00:00
512,49.37,50.32,26959934,50.485,49.3,50.093,171206,2020-09-17 04:00:00
513,50.33,49.89,50084095,50.5,49.04,49.8777,186197,2020-09-18 04:00:00
514,49.39,49.72,27377117,49.745,48.83,49.3768,153013,2020-09-21 04:00:00
515,49.89,49.95,22290855,50.21,49.47,49.8214,126984,2020-09-22 04:00:00
516,49.83,48.82,30078801,50.145,48.66,49.2358,159823,2020-09-23 04:00:00
517,48.53,49.16,29328397,49.64,48.42,49.0844,152809,2020-09-24 04:00:00
518,48.96,49.94,26633411,50.28,48.75,49.7158,138886,2020-09-25 04:00:00
519,50.51,51.43,29652247,51.46,50.16,50.9961,157767,2020-09-28 04:00:00
520,51.305,51.19,19687447,51.735,50.95,51.2928,125166,2020-09-29 04:00:00
521,51.24,51.78,27711346,52.38,51.15,51.882,151050,2020-09-30 04:00:00
522,52.4,52.24,22127580,52.72,51.99,52.2633,127338,2020-10-01 04:00:00
523,51.5,51.01,25811766,51.9789,50.99,51.3904,145956,2020-10-02 04:00:00
524,51.3,51.69,20883245,51.81,51.27,51.5702,117523,2020-10-05 04:00:00
525,51.71,51.37,25642790,52.7,51.23,51.9436,149661,2020-10-06 04:00:00
526,51.85,52.67,21978673,52.9,51.79,52.6469,123379,2020-10-07 04:00:00
527,52.91,53.37,22369537,53.58,52.67,53.2945,131046,2020-10-08 04:00:00
528,53.55,52.82,24343898,53.85,52.67,53.0634,141610,2020-10-09 04:00:00
529,53.55,53.88,27303474,54.2,53.21,53.7897,149670,2020-10-12 04:00:00
530,54.27,53.83,20005769,54.29,53.62,53.9583,126125,2020-10-13 04:00:00
531,54.01,53.55,21885105,54.4,53.51,53.7662,114819,2020-10-14 04:00:00
532,52.75,53.85,18272865,53.98,52.62,53.459,112848,2020-10-15 04:00:00
533,53.9,54.16,23421388,54.7,53.9,54.3534,126231,2020-10-16 04:00:00
534,54.47,54.58,43537219,56.23,53.84,54.6259,242411,2020-10-19 04:00:00
535,54.6,53.43,27124899,54.7,53.27,53.7819,169575,2020-10-20 04:00:00
536,53.14,53.5,21325025,54.07,52.82,53.5508,137524,2020-10-21 04:00:00
537,53.12,53.9,41522739,54.22,53.07,52.3641,260249,2020-10-22 04:00:00
538,48.35,48.2,96941490,48.665,47.66,48.0741,500770,2020-10-23 04:00:00
539,47.85,46.72,54161291,47.86,46.25,46.8309,320603,2020-10-26 04:00:00
540,45.98,45.64,50130518,46.41,45.36,45.6752,294715,2020-10-27 04:00:00
541,44.89,44.25,44866011,45.285,44.2,44.5886,244222,2020-10-28 04:00:00
542,44.24,44.11,36796801,44.47,43.9201,44.1834,232205,2020-10-29 04:00:00
543,44.1,44.28,46794171,44.795,43.61,44.1269,260197,2020-10-30 04:00:00
544,44.96,44.46,32856742,45.055,44.24,44.6047,194842,2020-11-02 05:00:00
545,44.73,44.85,33587541,45.46,44.7,45.0801,186157,2020-11-03 05:00:00
546,45.11,45.7,34630153,46.15,44.78,45.7204,212017,2020-11-04 05:00:00
547,46.15,45.68,31103209,46.38,45.525,45.7819,172448,2020-11-05 05:00:00
548,45.54,45.39,36179425,45.795,44.9,45.297,209397,2020-11-06 05:00:00
549,46.64,45.6,48481729,47.35,45.54,46.4938,298379,2020-11-09 05:00:00
550,45.4,45.44,39224462,46.48,45.25,45.6813,208737,2020-11-10 05:00:00
551,45.9,46.35,31496938,46.455,45.86,46.2182,169013,2020-11-11 05:00:00
552,46.13,44.95,42909915,46.19,44.55,45.1056,248109,2020-11-12 05:00:00
553,44.99,45.46,30898107,45.58,44.97,45.3082,156049,2020-11-13 05:00:00
554,46.04,46.19,36306293,46.75,45.79,46.2179,196832,2020-11-16 05:00:00
555,45.75,45.53,30902061,46.12,45.405,45.7176,161398,2020-11-17 05:00:00
556,45.55,45.06,32817918,45.685,45.04,45.3289,173312,2020-11-18 05:00:00
557,44.92,45.62,29469084,45.67,44.7,45.2724,150449,2020-11-19 05:00:00
558,45.66,45.39,24199278,45.88,45.33,45.5475,119188,2020-11-20 05:00:00
559,45.48,46.06,35489638,46.21,45.45,45.9288,151768,2020-11-23 05:00:00
560,46.29,47.01,33901172,47.3,46.01,46.8145,177284,2020-11-24 05:00:00
561,47.03,47.05,28126887,47.18,46.57,46.9553,128262,2020-11-25 05:00:00
562,47.36,47.45,15921420,48.1,47.36,47.6974,97666,2020-11-27 05:00:00
563,47.42,48.35,46331671,48.5,47.265,48.0911,165263,2020-11-30 05:00:00
564,48.75,49.56,57778192,50.225,48.71,49.5616,269496,2020-12-01 05:00:00
565,49.22,49.9,33753518,50.06,49.18,49.795,169539,2020-12-02 05:00:00
566,49.92,50.99,50261151,51.11,49.78,50.7904,197016,2020-12-03 05:00:00
567,51.06,51.985,38767719,52.65,51,52.0347,233587,2020-12-04 05:00:00
568,51,50.2,51040300,51.29,49.56,50.0934,253483,2020-12-07 05:00:00
569,49.83,50.69,28929057,50.72,49.81,50.4041,153182,2020-12-08 05:00:00
570,50.28,50.07,34068390,50.8383,49.73,50.2904,183181,2020-12-09 05:00:00
571,49.66,50.26,33692006,50.72,49.59,50.3093,146695,2020-12-10 05:00:00
572,50.14,49.73,29398840,50.14,49.115,49.5771,140807,2020-12-11 05:00:00
573,49.82,50.47,33436404,51.34,49.74,50.6439,158609,2020-12-14 05:00:00
574,50.98,50.665,25472993,51.01,50.21,50.546,136267,2020-12-15 05:00:00
575,50.71,51.12,28350677,51.46,50.68,51.0774,139823,2020-12-16 05:00:00
576,51.15,50.65,26399017,51.32,50.22,50.558,121862,2020-12-17 05:00:00
577,50.57,47.46,118575110,50.68,47.11,48.036,351084,2020-12-18 05:00:00
578,46.32,46.36,53775701,46.45,45.24,45.889,316660,2020-12-21 05:00:00
579,46.25,46.17,32188769,46.34,45.765,46.0852,171884,2020-12-22 05:00:00
580,46.165,46.57,22564228,47.03,46.07,46.6188,132208,2020-12-23 05:00:00
581,46.6,47.07,11865642,47.09,46.34,46.7619,71572,2020-12-24 05:00:00
582,47.19,47.07,21269166,47.635,46.86,47.1314,123773,2020-12-28 05:00:00
583,47.22,49.39,84531388,50.6667,46.49,49.075,414317,2020-12-29 05:00:00
584,49.11,48.75,37361409,49.19,48.56,48.79,175339,2020-12-30 05:00:00
585,48.75,49.82,28576790,50.19,48.72,49.6381,158900,2020-12-31 05:00:00
586,49.89,49.67,46102459,51.39,49.4016,50.121,238764,2021-01-04 05:00:00
587,49.445,50.61,24866563,50.83,49.33,50.2779,154680,2021-01-05 05:00:00
588,50.435,51.1,36809644,52.15,50.2,51.2388,220634,2021-01-06 05:00:00
589,51.49,52.19,32092336,52.69,51.3,52.147,192372,2021-01-07 05:00:00
590,52.45,51.65,33625379,52.53,51.27,51.7859,206149,2021-01-08 05:00:00
591,51.29,51.54,32933279,52.24,51.25,51.6564,157235,2021-01-11 05:00:00
592,51.9,53.24,39883888,53.85,51.56,53.1534,247694,2021-01-12 05:00:00
593,59.5,56.95,124008471,60.25,56.9,57.9491,655849,2021-01-13 05:00:00
594,58.45,59.25,74680892,60.14,57.84,59.1745,426627,2021-01-14 05:00:00
595,58.85,57.58,50265363,59.65,57.5,58.3958,292194,2021-01-15 05:00:00
596,57.94,57.99,35608569,58.34,57.1,57.9264,193766,2021-01-19 05:00:00
597,58.24,58.67,28701263,59.22,58.09,58.5685,178117,2021-01-20 05:00:00
598,59.038,62.46,87045714,63.95,58.2233,61.0699,474522,2021-01-21 05:00:00
599,58.85,56.66,85729115,59.62,56.65,57.4936,504502,2021-01-22 05:00:00
600,56.38,55.44,61968347,56.5,54.06,55.1722,391761,2021-01-25 05:00:00
601,55.275,55.21,31485880,56.2,54.85,55.4529,204151,2021-01-26 05:00:00
602,54.61,53.59,49722945,54.8481,53.3,53.9227,296851,2021-01-27 05:00:00
603,54.79,56.065,49202558,57.4,54.7,56.3371,320240,2021-01-28 05:00:00
604,55.98,55.51,37256225,57.16,55.355,56.0482,252022,2021-01-29 05:00:00
605,55.95,56.69,26926638,57.39,55.71,56.6413,187606,2021-02-01 05:00:00
606,57.19,58,23580890,58.28,56.88,57.7208,166425,2021-02-02 05:00:00
607,57.8943,57.68,21893188,58.33,57.38,57.7662,136121,2021-02-03 05:00:00
608,57.61,58.79,29853778,58.88,57.19,58.3499,155930,2021-02-04 05:00:00
609,59,58.18,23432611,59.08,58.12,58.3484,131099,2021-02-05 05:00:00
610,58.375,59.16,34333695,59.22,57.95,58.873,147398,2021-02-08 05:00:00
611,58.77,58.78,28754075,59.31,57.935,58.8186,167210,2021-02-09 05:00:00
612,59.3,58.86,16325147,59.42,58.12,58.7489,127169,2021-02-10 05:00:00
613,59.095,60.66,27533721,60.99,58.86,60.1838,181240,2021-02-11 05:00:00
614,60.6,61.81,26214175,62.51,60.43,61.646,179481,2021-02-12 05:00:00
615,62,62.47,26326297,62.87,61.7,62.4406,169640,2021-02-16 05:00:00
616,61.49,61.85,21065334,62.185,61.21,61.7873,140475,2021-02-17 05:00:00
617,60.645,61.61,17846142,61.98,60.64,61.4978,140833,2021-02-18 05:00:00
618,61.91,63.01,28290116,63.26,61.85,62.7631,164444,2021-02-19 05:00:00
619,61.88,60.71,32288182,62.7,60.66,61.3886,207054,2021-02-22 05:00:00
620,60.48,61.12,27374594,61.495,59.17,60.3522,214928,2021-02-23 05:00:00
621,60.53,63.19,24669870,63.28,60.38,62.2004,186849,2021-02-24 05:00:00
622,62.405,60.4,36393952,63.54,60.13,61.2441,272743,2021-02-25 05:00:00
623,60.89,60.78,38216774,61.69,59.68,60.8404,236563,2021-02-26 05:00:00
624,61.72,62.88,28503500,63.08,61.65,62.6927,197746,2021-03-01 05:00:00
625,62.8,61.24,23320016,63.14,61.11,61.9258,174849,2021-03-02 05:00:00
626,60.64,59.9,28740357,61.52,59.7,60.4237,225951,2021-03-03 05:00:00
627,59.83,58.33,40201802,60.235,57.905,58.951,333250,2021-03-04 05:00:00
628,59.26,60.74,39511670,61.175,58.51,59.8907,328826,2021-03-05 05:00:00
629,60.4677,59.85,33112387,61.695,59.72,60.5277,237734,2021-03-08 05:00:00
630,61.18,62.67,36361879,63.165,60.84,62.4328,245616,2021-03-09 05:00:00
631,63.22,62.25,27160323,64.12,62.13,62.831,220536,2021-03-10 05:00:00
632,62.94,63.31,30701765,64.09,62.39,63.2934,216567,2021-03-11 05:00:00
633,62.65,62.9,20172961,63.3,62.24,62.7393,162731,2021-03-12 05:00:00
634,63.61,63.79,21251484,63.875,62.48,63.2525,145048,2021-03-15 04:00:00
635,64.15,64.78,30186635,65.7302,64.08,65.0492,205104,2021-03-16 04:00:00
636,64.2235,65.78,32394652,66.29,63.71,65.2663,223532,2021-03-17 04:00:00
637,65.63,63.725,30041865,65.7,63.65,64.4871,219350,2021-03-18 04:00:00
638,63.18,63.76,54951650,64.99,62.92,63.9917,226334,2021-03-19 04:00:00
639,64.82,65.63,34376628,66.38,64.56,65.4565,228134,2021-03-22 04:00:00
640,66,63.48,35159952,66.05,63.17,64.5331,270784,2021-03-23 04:00:00
641,66.58,62.04,74551070,67.44,61.99,63.9664,536341,2021-03-24 04:00:00
642,61.655,62.02,35401428,62.44,60.975,61.8283,285003,2021-03-25 04:00:00
643,61.8,64.87,34705755,64.97,61.77,63.7635,267055,2021-03-26 04:00:00
644,64.0113,64.5,26161610,65.125,63.61,64.375,194049,2021-03-29 04:00:00
645,63.77,63.77,20689487,64,63.15,63.6222,154162,2021-03-30 04:00:00
646,64.01,64,33013231,64.4899,63.58,64.0577,195175,2021-03-31 04:00:00
647,64.725,64.55,31416250,64.89,63.575,64.2518,196054,2021-04-01 04:00:00
648,64.95,66.54,27947521,66.74,64.7,66.1985,178021,2021-04-05 04:00:00
649,66.0616,65.56,28771404,66.575,65.29,65.7221,150105,2021-04-06 04:00:00
650,65.67,66.25,17793257,66.57,65.36,66.068,132556,2021-04-07 04:00:00
651,66.97,67.05,22224223,67.29,66.36,66.8349,130123,2021-04-08 04:00:00
652,66.7976,68.26,27115996,68.4,66.63,67.8919,163829,2021-04-09 04:00:00
653,68.2,65.405,51266884,68.49,64.71,66.0336,324347,2021-04-12 04:00:00
654,65.61,65.22,26821990,65.6346,64.21,64.8817,187131,2021-04-13 04:00:00
655,65.31,64.19,25768415,65.38,63.84,64.3352,170575,2021-04-14 04:00:00
656,63.97,65.02,24927676,65.215,63.6799,64.7646,169875,2021-04-15 04:00:00
657,65.33,64.75,24445458,65.52,64.57,64.9507,132460,2021-04-16 04:00:00
658,64.7,63.63,23997675,64.74,63.07,63.6088,160600,2021-04-19 04:00:00
659,63.64,62.7,19872123,63.76,62.41,62.8611,138921,2021-04-20 04:00:00
660,62.79,63.7,24360209,63.775,62.3,63.3564,131710,2021-04-21 04:00:00
661,63.35,62.57,38257616,63.91,62.28,62.7003,264636,2021-04-22 04:00:00
662,59.16,59.24,77423232,60,57.9,58.8895,516651,2021-04-23 04:00:00
663,59.1,58.76,39645910,59.52,58.46,58.916,246448,2021-04-26 04:00:00
664,58.555,57.97,38094950,58.63,57.77,58.0056,228267,2021-04-27 04:00:00
665,57.52,57.62,30387352,58.16,57.15,57.5872,204786,2021-04-28 04:00:00
666,57.88,58.28,23290618,58.3,57.47,58.0235,161599,2021-04-29 04:00:00
667,57.61,57.53,30731840,58.43,57.07,57.593,182348,2021-04-30 04:00:00
668,57.855,57.26,22281701,57.8768,56.84,57.2366,163734,2021-05-03 04:00:00
669,56.88,56.9,35323622,56.98,55.81,56.4662,238741,2021-05-04 04:00:00
670,56.96,56.85,20980151,57.3,56.46,56.9245,143049,2021-05-05 04:00:00
671,56.615,57.19,25029252,57.25,56.245,56.9107,150891,2021-05-06 04:00:00
672,57.7,57.67,19959041,58.01,57.24,57.6406,148111,2021-05-07 04:00:00
673,57.1465,55.97,35046472,57.23,55.88,56.1945,189565,2021-05-10 04:00:00
674,55.05,55.04,35968053,55.63,54.3,54.9741,244317,2021-05-11 04:00:00
675,54.39,53.62,30232253,54.65,53.42,53.8674,214663,2021-05-12 04:00:00
676,54.04,54.01,29073600,54.39,53.46,53.9699,200031,2021-05-13 04:00:00
677,54.6046,55.35,28140012,55.8467,54.255,55.2707,153952,2021-05-14 04:00:00
678,55.29,55.33,20010191,55.89,54.76,55.2128,123979,2021-05-17 04:00:00
679,55.95,54.84,18703385,56.14,54.8,55.3282,122535,2021-05-18 04:00:00
680,54.07,55.36,23769652,55.43,53.8418,54.9167,152204,2021-05-19 04:00:00
681,55.57,55.95,23145167,56.24,55.36,55.9076,133518,2021-05-20 04:00:00
682,56.42,56.08,17723087,56.71,55.9801,56.2362,119719,2021-05-21 04:00:00
683,56.648,56.96,19164350,57.39,56.4,56.9964,115736,2021-05-24 04:00:00
684,57.56,56.87,22237372,57.56,56.42,56.9051,116019,2021-05-25 04:00:00
685,57.05,56.92,15173599,57.23,56.585,56.8727,102663,2021-05-26 04:00:00
686,57.11,57.73,32387637,57.88,57,57.6441,133027,2021-05-27 04:00:00
687,57.55,57.12,20309599,57.65,56.94,57.1876,123057,2021-05-28 04:00:00
688,57.61,56.89,20307166,57.82,56.59,57.0626,141664,2021-06-01 04:00:00
689,56.91,57.48,18483588,57.69,56.755,57.3901,111270,2021-06-02 04:00:00
690,56.98,56.24,21831303,57.1,56.085,56.4156,137615,2021-06-03 04:00:00
691,56.55,57.37,21493760,57.75,56.54,57.3915,128311,2021-06-04 04:00:00
692,57.41,57.09,17269399,57.44,56.775,57.0627,104835,2021-06-07 04:00:00
693,57.45,57,33254482,57.64,56.6,56.9555,142747,2021-06-08 04:00:00
694,57.36,57,13854855,57.475,56.97,57.1968,91447,2021-06-09 04:00:00
695,57.15,57.38,26738082,58.03,56.925,57.4351,122072,2021-06-10 04:00:00
696,57.47,57.85,18053736,57.94,56.95,57.5679,112762,2021-06-11 04:00:00
697,58.02,58.19,21784523,58.2,57.23,57.9104,110968,2021-06-14 04:00:00
698,58.21,57.99,20806538,58.415,57.8001,58.0135,127987,2021-06-15 04:00:00
699,58.15,57.22,21879679,58.37,56.765,57.4824,160096,2021-06-16 04:00:00
700,57.05,57.18,21498755,57.9,56.7,57.2942,151250,2021-06-17 04:00:00
701,56.68,55.67,55098505,56.75,55.1,55.6543,252480,2021-06-18 04:00:00
702,55.75,55.87,19254640,56.04,55.37,55.822,138003,2021-06-21 04:00:00
703,55.94,55.87,18563808,56.2799,55.5049,55.8956,114112,2021-06-22 04:00:00
704,55.87,55.26,20287879,55.974,55.23,55.4176,137599,2021-06-23 04:00:00
705,55.49,56.07,21209732,56.1,55.34,55.8006,116247,2021-06-24 04:00:00
706,56.02,55.91,21101239,56.405,55.745,56.0379,104824,2021-06-25 04:00:00
707,56.36,57.48,22480879,57.725,56.34,57.3293,141544,2021-06-28 04:00:00
708,57.55,56.75,26359992,57.83,55.88,56.5248,177018,2021-06-29 04:00:00
709,56.34,56.14,29862584,56.375,55.39,55.8613,175352,2021-06-30 04:00:00
710,56.13,56.01,24871589,56.64,55.87,56.1676,148404,2021-07-01 04:00:00
711,56.55,56.76,17223577,56.99,56.32,56.6861,107999,2021-07-02 04:00:00
712,56.92,56.09,26186595,57.01,55.7,56.1509,131634,2021-07-06 04:00:00
713,56.37,55.96,14857387,56.45,55.705,56.016,108387,2021-07-07 04:00:00
714,55.31,55.39,19161963,55.72,54.7901,55.3001,134737,2021-07-08 04:00:00
715,55.51,55.99,18708003,56.105,55.31,55.874,113356,2021-07-09 04:00:00
716,56.26,56.73,15392759,56.755,56.11,56.5208,98040,2021-07-12 04:00:00
717,56.62,56.87,15699983,57.3,56.34,56.8957,107105,2021-07-13 04:00:00
718,57.17,56.52,16263611,57.455,56.3339,56.662,109885,2021-07-14 04:00:00
719,56.4,55.81,18917047,56.4,55.57,55.8115,128503,2021-07-15 04:00:00
720,56.05,54.97,25164592,56.9295,54.9,55.5846,148525,2021-07-16 04:00:00
721,54.41,54.64,26964465,54.805,53.97,54.4607,185922,2021-07-19 04:00:00
722,54.915,55.24,19866965,55.56,54.2684,55.156,126454,2021-07-20 04:00:00
723,55.18,56.23,18497169,56.28,55.01,55.9171,114907,2021-07-21 04:00:00
724,56.06,55.96,36690982,56.54,55.68,55.9238,170498,2021-07-22 04:00:00
725,54.58,53,67742254,54.71,52.32,52.9103,430753,2021-07-23 04:00:00
726,52.81,54.31,32881174,54.54,52.76,54.0826,188040,2021-07-26 04:00:00
727,53.12,53.18,39878025,53.2,52.31,52.8122,232935,2021-07-27 04:00:00
728,53.03,53.07,28382845,53.92,52.94,53.2418,168415,2021-07-28 04:00:00
729,53.48,53.7,16825126,54.1,53.32,53.7126,118398,2021-07-29 04:00:00
730,53.65,53.72,16465689,53.9,53.25,53.6547,104552,2021-07-30 04:00:00
731,53.99,53.68,18095082,54.47,53.535,53.9739,118839,2021-08-02 04:00:00
732,53.89,54.06,16375928,54.16,53.26,53.8913,97439,2021-08-03 04:00:00
733,54.25,53.9,17612708,54.44,53.7,53.9214,116635,2021-08-04 04:00:00
734,53.99,53.89,14610009,54.02,53.58,53.8499,92383,2021-08-05 04:00:00
735,53.86,53.92,19247343,54.13,53.73,53.9459,97844,2021-08-06 04:00:00
736,54.08,54.05,14670135,54.41,53.83,54.0913,97005,2021-08-09 04:00:00
737,54.24,53.94,16188413,54.385,53.51,53.8867,101597,2021-08-10 04:00:00
738,54.26,54.14,18424098,54.36,53.84,54.1282,93525,2021-08-11 04:00:00
739,54.17,53.54,15073693,54.18,53.255,53.5438,104306,2021-08-12 04:00:00
740,53.5,53.49,15248066,53.555,53.055,53.3204,105912,2021-08-13 04:00:00
741,53.23,53.47,17673407,53.49,53,53.3098,95427,2021-08-16 04:00:00
742,53.17,52.69,22014903,53.1784,52.22,52.6215,141589,2021-08-17 04:00:00
743,52.6,52.19,14995036,53.03,52.11,52.5471,102013,2021-08-18 04:00:00
744,52.0544,52.44,22999394,52.67,51.58,52.2917,153149,2021-08-19 04:00:00
745,52.16,52.01,25728334,52.38,51.42,51.8915,153562,2021-08-20 04:00:00
746,52.59,53.23,23896255,53.535,52.48,53.1695,140965,2021-08-23 04:00:00
747,53.555,53.81,20348797,53.97,53.31,53.7059,119143,2021-08-24 04:00:00
748,54.08,53.81,15048388,54.23,53.731,53.9171,105615,2021-08-25 04:00:00
749,53.745,53.13,19569983,53.745,52.9729,53.2221,124271,2021-08-26 04:00:00
750,53.36,53.89,16524991,53.94,52.92,53.5943,103196,2021-08-27 04:00:00
751,54.26,53.94,14581326,54.87,53.76,54.0523,101720,2021-08-30 04:00:00
752,54.44,54.06,22350100,54.5,53.66,54.1175,106050,2021-08-31 04:00:00
753,54.11,53.67,18615029,54.155,53.53,53.8325,114841,2021-09-01 04:00:00
754,53.8,53.73,15844392,53.89,53.35,53.6164,99115,2021-09-02 04:00:00
755,53.44,53.51,13472750,54.08,53.3193,53.5765,87028,2021-09-03 04:00:00
756,53.57,53.65,14177588,53.95,53.44,53.6454,99731,2021-09-07 04:00:00
757,53.73,53.57,18235078,53.92,52.99,53.3614,123536,2021-09-08 04:00:00
758,53.66,53.4,13495797,53.89,53.34,53.56,97051,2021-09-09 04:00:00
759,53.85,53.84,20262695,54.98,53.81,54.1995,136929,2021-09-10 04:00:00
760,54.61,54.99,23217098,55.485,54.41,54.8698,157475,2021-09-13 04:00:00
761,55.37,54.52,22592440,55.44,54.27,54.6109,138940,2021-09-14 04:00:00
762,54.67,55.12,19205790,55.15,54.42,54.9837,110564,2021-09-15 04:00:00
763,54.86,54.83,19863089,54.95,54.24,54.6378,121914,2021-09-16 04:00:00
764,54.59,54.26,35359233,54.59,53.665,54.1888,138388,2021-09-17 04:00:00
765,53.2135,52.98,35051904,53.5,52.32,52.9194,194581,2021-09-20 04:00:00
766,53.2,52.87,17968925,53.45,52.83,53.0875,123692,2021-09-21 04:00:00
767,53.4,53.5,18594117,53.87,53,53.5302,117833,2021-09-22 04:00:00
768,53.75,54.03,16474334,54.3,53.6,54.0646,110896,2021-09-23 04:00:00
769,53.775,54.22,12976200,54.423,53.73,54.2054,87807,2021-09-24 04:00:00
770,53.94,54.66,13899909,54.87,53.82,54.6069,102497,2021-09-27 04:00:00
771,54.18,54,24691319,54.59,53.96,54.1563,184866,2021-09-28 04:00:00
772,54,53.49,20314307,54.05,53.18,53.5793,155587,2021-09-29 04:00:00
773,53.76,53.28,21114856,53.98,53.26,53.5319,146532,2021-09-30 04:00:00
774,53.645,53.86,19895101,54.105,53.05,53.646,133128,2021-10-01 04:00:00
775,53.93,53.47,27353323,54.33,53.08,53.651,177789,2021-10-04 04:00:00
776,53.55,53.95,18129360,54.34,53.475,53.9556,114822,2021-10-05 04:00:00
777,53.48,53.98,20059578,54.07,53.07,53.6298,133056,2021-10-06 04:00:00
778,54.319,54.18,20704443,54.985,54.12,54.424,133899,2021-10-07 04:00:00
779,54.55,53.81,16559524,54.58,53.7,53.935,107195,2021-10-08 04:00:00
780,53.81,53.44,14398757,54.41,53.42,53.8053,96114,2021-10-11 04:00:00
781,53.57,52.17,32779309,53.72,52.01,52.4743,186805,2021-10-12 04:00:00
782,52.38,52.26,18533956,52.5784,51.865,52.251,126494,2021-10-13 04:00:00
783,52.895,53.9,26581250,54,52.73,53.6527,141610,2021-10-14 04:00:00
784,54.2,54.46,25231140,54.49,53.8095,54.2204,110578,2021-10-15 04:00:00
785,54.185,54.47,22407571,54.56,53.72,54.365,111344,2021-10-18 04:00:00
786,54.6257,55.21,18392878,55.22,54.37,54.9946,123618,2021-10-19 04:00:00
787,55.25,55.37,16850266,55.485,55.08,55.2991,110768,2021-10-20 04:00:00
788,54.925,56,38379455,56.07,54.83,54.8227,204181,2021-10-21 04:00:00
789,50.39,49.46,109971884,50.55,49.14,49.737,658685,2021-10-22 04:00:00
790,49.825,49.41,43178773,50.07,49.31,49.6341,255100,2021-10-25 04:00:00
791,49.4,48.28,68386514,49.44,47.93,48.356,376986,2021-10-26 04:00:00
792,48.52,47.89,41081464,48.8155,47.87,48.1861,246879,2021-10-27 04:00:00
793,48.14,48.08,31317178,48.3599,47.88,48.0499,200898,2021-10-28 04:00:00
794,48.1,49,42300965,49.28,47.92,48.7615,228239,2021-10-29 04:00:00
795,49.4,49.55,28013741,49.6,49,49.3617,173863,2021-11-01 04:00:00
796,49.61,49.86,26685262,49.895,49.23,49.5939,160494,2021-11-02 04:00:00
797,49.9313,50.39,23962115,50.45,49.71,50.1602,143488,2021-11-03 04:00:00
798,50.24,50.31,24805961,50.35,49.73,50.09,160090,2021-11-04 04:00:00
799,50.55,50.92,36816156,51.58,50.54,51.0215,215065,2021-11-05 04:00:00
800,51.46,51.55,31647844,51.99,51.06,51.5075,181503,2021-11-08 05:00:00
801,51.54,51.2,22508422,51.77,50.765,51.1444,154439,2021-11-09 05:00:00
802,50.975,50.76,25039861,51.3873,50.71,50.961,155509,2021-11-10 05:00:00
803,51.01,50.53,25419988,51.07,50.41,50.6697,145928,2021-11-11 05:00:00
804,50.595,50.31,23759837,50.9,50.18,50.4799,125167,2021-11-12 05:00:00
805,50.41,50.32,24688780,50.63,50.12,50.3333,150011,2021-11-15 05:00:00
806,50.37,50.61,30927765,51.15,50.34,50.7394,150457,2021-11-16 05:00:00
807,50.6,50.23,23546918,50.9399,49.98,50.332,149083,2021-11-17 05:00:00
808,50.24,49.68,30667661,50.24,48.97,49.517,194495,2021-11-18 05:00:00
809,49.6,49.52,27607603,49.73,49.24,49.484,149872,2021-11-19 05:00:00
810,49.55,49.83,33375633,50.85,49.41,50.1545,195761,2021-11-22 05:00:00
811,50.16,49.1,44713339,50.45,48.64,49.2625,249974,2021-11-23 05:00:00
812,48.855,49.76,26035780,49.78,48.63,49.4377,155937,2021-11-24 05:00:00
813,48.9,48.78,25268977,49.175,48.115,48.7203,157145,2021-11-26 05:00:00
814,49.3,50,31478896,50.13,48.72,49.6111,180648,2021-11-29 05:00:00
815,49.5,49.2,49460840,50.4,48.68,49.2606,222649,2021-11-30 05:00:00
816,49.84,48.6,35133403,50.3062,48.52,49.4883,234698,2021-12-01 05:00:00
817,48.61,49.5,37240777,49.7947,48.33,49.2498,226961,2021-12-02 05:00:00
818,49.675,49.25,32224930,50.06,48.76,49.2667,211546,2021-12-03 05:00:00
819,49.48,50.99,40335981,51.21,49.18,50.854,237687,2021-12-06 05:00:00
820,54.66,52.57,91731467,55,52.21,53.3525,489871,2021-12-07 05:00:00
821,52.57,51.75,37143437,52.88,51.3838,51.8882,210498,2021-12-08 05:00:00
822,51.3,50.48,31694241,51.585,50.43,50.8314,171760,2021-12-09 05:00:00
823,50.84,50.59,23783632,51.07,50.05,50.5044,137939,2021-12-10 05:00:00
824,50.85,50,35726893,51.02,49.95,50.184,155595,2021-12-13 05:00:00
825,49.82,49.7,34120382,50.27,49.32,49.6751,187389,2021-12-14 05:00:00
826,49.87,50.67,32590322,50.78,49.325,50.0617,197080,2021-12-15 05:00:00
827,50.74,50.83,33132254,51.4,50.575,50.8965,225865,2021-12-16 05:00:00
828,50.59,50.62,49545416,51.02,50.01,50.6303,178183,2021-12-17 05:00:00
829,49.91,49.6,30140276,50.13,48.96,49.4164,195073,2021-12-20 05:00:00
830,49.94,50.77,31956292,50.84,49.94,50.5241,182224,2021-12-21 05:00:00
831,50.64,50.97,23307948,51.02,50.21,50.8045,115344,2021-12-22 05:00:00
832,51.08,51.31,25198249,51.73,51.05,51.3953,114697,2021-12-23 05:00:00
833,51.35,51.94,20990716,52.06,51.3022,51.7582,118077,2021-12-27 05:00:00
834,51.93,51.76,19290438,52.12,51.63,51.7973,113526,2021-12-28 05:00:00
835,51.81,51.83,14174781,52.14,51.66,51.8671,98025,2021-12-29 05:00:00
836,51.92,51.74,18359360,52.14,51.65,51.9059,102073,2021-12-30 05:00:00
837,51.89,51.5,16318965,52.159,51.46,51.6396,91642,2021-12-31 05:00:00
838,51.65,53.21,33892932,53.23,51.6,52.8382,183323,2022-01-03 05:00:00
839,53.57,53.14,45681384,53.935,52.65,53.3054,256414,2022-01-04 05:00:00
840,54.188,53.87,59055324,56.17,53.83,54.8516,370687,2022-01-05 05:00:00
841,54.61,54.01,35757880,54.67,53.415,53.947,219175,2022-01-06 05:00:00
842,54.19,53.44,30717218,54.39,53.15,53.6442,188302,2022-01-07 05:00:00
843,53.97,55.21,49260827,55.31,53.31,54.7155,313008,2022-01-10 05:00:00
844,55.5,55.91,39795188,56.08,54.73,55.6034,262754,2022-01-11 05:00:00
845,56.1363,55.74,29136787,56.28,54.81,55.5583,202663,2022-01-12 05:00:00
846,56,54.94,29605351,56.21,54.77,55.3184,206077,2022-01-13 05:00:00
847,54.85,55.7,30151532,55.77,54.53,55.2807,184734,2022-01-14 05:00:00
848,55.31,54.76,35332588,55.65,54.68,54.9632,209044,2022-01-18 05:00:00
849,54.63,53.62,30595113,54.85,53.56,54.0194,187518,2022-01-19 05:00:00
850,53.86,52.04,28582607,54.085,51.94,52.9246,202767,2022-01-20 05:00:00
851,52.08,52.04,46372373,53.1299,51.95,52.4126,309617,2022-01-21 05:00:00
852,51.48,51.94,64273633,52.1291,49.88,51.2562,432242,2022-01-24 05:00:00
853,51.01,51,44095360,51.62,50.25,51.0337,297932,2022-01-25 05:00:00
854,51.13,51.69,54895393,52.72,50.75,51.7419,374100,2022-01-26 05:00:00
855,49.98,48.05,89642770,50.06,47.78,48.3469,649662,2022-01-27 05:00:00
856,47.71,47.73,61834608,48.2,46.3,47.1091,434645,2022-01-28 05:00:00
857,47.68,48.82,51828446,48.87,47.305,48.2867,269399,2022-01-31 05:00:00
858,48.775,48.95,35386062,49.03,48.36,48.7447,237086,2022-02-01 05:00:00
859,48.245,49.51,34962659,49.58,48.09,49.0696,234407,2022-02-02 05:00:00
860,49.25,48.28,42145836,49.685,48.25,48.6676,243889,2022-02-03 05:00:00
861,47.86,48.01,32423034,48.2399,47.13,47.8429,208013,2022-02-04 05:00:00
862,48.13,48.18,27558469,48.66,47.96,48.2454,159211,2022-02-07 05:00:00
863,47.98,48.81,28051185,48.94,47.9,48.6016,153031,2022-02-08 05:00:00
864,49.33,49.91,35203300,49.97,48.825,49.6515,186859,2022-02-09 05:00:00
865,49.18,48.86,32736842,49.9325,48.76,49.1957,220012,2022-02-10 05:00:00
866,48.95,47.63,37158627,49.11,47.5,48.1232,239885,2022-02-11 05:00:00
867,47.92,47.58,28456926,48.1772,47.1101,47.5974,198138,2022-02-14 05:00:00
868,47.7,48.44,35707024,48.46,47.19,48.1121,199492,2022-02-15 05:00:00
869,48.06,48.23,26022941,48.49,47.6,48.1323,190886,2022-02-16 05:00:00
870,47.86,47.57,32030624,48.26,47.38,47.7048,196114,2022-02-17 05:00:00
871,46.19,45.04,76520104,46.21,44.51,45.0866,505174,2022-02-18 05:00:00
872,44.69,44.69,57059716,45.405,43.8501,44.6138,342170,2022-02-22 05:00:00
873,45.17,44.65,38176736,45.71,44.5514,45.0326,246378,2022-02-23 05:00:00
874,43.9,46.72,72740052,46.79,43.625,45.4789,445054,2022-02-24 05:00:00
875,46.93,47.71,39266331,47.79,46.25,47.2756,257043,2022-02-25 05:00:00
876,47,47.7,41946114,47.82,46.85,47.4463,243543,2022-02-28 05:00:00
877,47.54,46.82,53852979,47.9,46.22,46.7593,297641,2022-03-01 05:00:00
878,47.52,48.87,46936509,48.99,47.48,48.4563,281281,2022-03-02 05:00:00
879,48.18,47.93,36389883,48.55,47.6236,48.048,245954,2022-03-03 05:00:00
880,47.37,48.07,38324991,48.265,47.37,47.8436,253728,2022-03-04 05:00:00
881,48.005,47.68,43785754,48.54,47.6,47.9061,262557,2022-03-07 05:00:00
882,47.69,47.5,44813947,48.72,46.89,47.671,309634,2022-03-08 05:00:00
883,48.41,47.63,36076458,48.46,46.885,47.5889,228788,2022-03-09 05:00:00
884,47.29,46.66,36455953,47.31,46.155,46.5762,201585,2022-03-10 05:00:00
885,47.15,45.83,27082085,47.275,45.765,46.2802,173153,2022-03-11 05:00:00
886,45.9,44.4,35993898,45.98,44.3,44.7298,235585,2022-03-14 04:00:00
887,44.5,44.81,34448890,44.9,44.07,44.5868,218867,2022-03-15 04:00:00
888,45.3,46.63,38885498,46.63,45.27,46.1497,262979,2022-03-16 04:00:00
889,46.32,47.14,28554988,47.2873,45.73,46.789,186102,2022-03-17 04:00:00
890,46.82,47.45,46237117,47.6,46.35,47.297,180055,2022-03-18 04:00:00
891,47.46,47.39,32910943,47.89,47.065,47.3579,181285,2022-03-21 04:00:00
892,47.5,48.39,27923323,48.47,47.4,48.1263,176546,2022-03-22 04:00:00
893,48.46,48.27,37126378,49.58,48.0601,48.6505,245225,2022-03-23 04:00:00
894,48.66,51.62,51677908,51.65,48.59,50.81,306649,2022-03-24 04:00:00
895,50.69,51.83,33249492,51.9783,50.45,51.5259,223422,2022-03-25 04:00:00
896,51.36,51.51,22914366,51.57,50.56,51.1483,161989,2022-03-28 04:00:00
897,52,52.25,27303707,52.29,51.275,51.8944,186875,2022-03-29 04:00:00
898,52.25,51.43,24623262,52.51,51.22,51.7851,163193,2022-03-30 04:00:00
899,51.2,49.56,43274150,51.26,49.51,50.088,244507,2022-03-31 04:00:00
900,49.83,48.11,46598563,49.9,47.325,48.0739,304990,2022-04-01 04:00:00
901,48.17,49.2,23811324,49.23,47.915,48.9352,155457,2022-04-04 04:00:00
902,48.83,48.13,25779171,48.98,48.02,48.3634,171494,2022-04-05 04:00:00
903,47.44,47.54,31518748,48.17,47.24,47.601,213302,2022-04-06 04:00:00
904,47.425,47.56,24116972,47.91,46.77,47.3512,179128,2022-04-07 04:00:00
905,47.28,47.02,22167256,47.58,46.845,47.1594,153845,2022-04-08 04:00:00
906,46.9,46.57,30352478,47.295,46.53,46.8284,172698,2022-04-11 04:00:00
907,47.32,46.5,29861379,47.91,46.41,46.9304,183369,2022-04-12 04:00:00
908,46.75,47.01,21871270,47.2687,46.55,46.9155,138276,2022-04-13 04:00:00
909,46.745,45.67,36181843,46.75,45.62,45.951,221063,2022-04-14 04:00:00
910,45.53,46.64,25593058,46.89,45.52,46.4839,159106,2022-04-18 04:00:00
911,46.6,47.93,31483102,48,46.34,47.6197,170818,2022-04-19 04:00:00
912,48.36,48.11,22787142,48.75,47.975,48.2717,157144,2022-04-20 04:00:00
913,48.62,47.5,27316886,48.9,47.4,47.9527,169603,2022-04-21 04:00:00
914,47.45,46.54,28219860,47.65,46.5,46.9104,175312,2022-04-22 04:00:00
915,46.21,47.06,35999251,47.14,46.18,46.7115,230152,2022-04-25 04:00:00
916,46.69,45.52,35356573,46.84,45.51,45.9452,210657,2022-04-26 04:00:00
917,45.48,45.22,28320904,46.06,45.01,45.4158,211340,2022-04-27 04:00:00
918,45.785,46.84,41083184,47.27,45.5408,46.4543,277909,2022-04-28 04:00:00
919,44.99,43.59,70765887,45.36,43.5,43.9925,479322,2022-04-29 04:00:00
920,43.72,44.96,44346472,44.99,43.51,44.256,297743,2022-05-02 04:00:00
921,44.79,45.06,40158387,45.49,44.23,44.9777,250800,2022-05-03 04:00:00
922,45.06,46.54,44498115,46.64,44.41,45.6272,299078,2022-05-04 04:00:00
923,45.6,44.6,52996677,45.91,44.13,44.9387,327602,2022-05-05 04:00:00
924,44.49,44.3,38696578,45.15,43.84,44.4231,273454,2022-05-06 04:00:00
925,43.81,43.07,44867074,44.2,42.87,43.4021,292898,2022-05-09 04:00:00
926,44.35,44.01,42770024,44.735,43.5,44.0309,293049,2022-05-10 04:00:00
927,44.02,42.83,40351666,44.29,42.78,43.2546,271992,2022-05-11 04:00:00
928,42.73,42.84,42329642,42.905,42.01,42.5254,300763,2022-05-12 04:00:00
929,43.42,43.6,32034142,43.84,42.97,43.4543,179821,2022-05-13 04:00:00
930,43.42,43.08,25071905,43.6099,42.785,43.1462,175155,2022-05-16 04:00:00
931,43.82,44.4,28596629,44.42,43.65,44.1495,185734,2022-05-17 04:00:00
932,43.98,42.35,35177243,43.98,42.22,42.7453,218455,2022-05-18 04:00:00
933,42.32,42.01,29181007,42.7,41.72,42.1746,208616,2022-05-19 04:00:00
934,42.245,41.65,44802286,42.29,40.31,41.2188,279649,2022-05-20 04:00:00
935,41.69,42,27199487,42.25,41.325,41.8826,177306,2022-05-23 04:00:00
936,41.698,41.67,29837489,41.89,41.1,41.5437,183763,2022-05-24 04:00:00
937,41.44,42.2,26283081,42.515,41.39,41.9919,161433,2022-05-25 04:00:00
938,42.17,43.48,28826682,43.68,42.08,43.3276,178265,2022-05-26 04:00:00
939,43.59,44.55,30553621,44.55,43.55,44.2879,165087,2022-05-27 04:00:00
940,44.25,44.42,41111478,44.75,43.645,44.3812,186613,2022-05-31 04:00:00
941,44.77,44.11,29625543,44.93,43.525,44.1423,181573,2022-06-01 04:00:00
942,44.19,44.84,28727637,44.88,43.94,44.4912,169670,2022-06-02 04:00:00
943,44.105,43.39,33174656,44.2458,43.34,43.6863,194022,2022-06-03 04:00:00
944,43.81,43.34,25429897,44.04,43.08,43.4615,154127,2022-06-06 04:00:00
945,43.06,43.53,25168689,43.59,42.66,43.3413,162249,2022-06-07 04:00:00
946,42.25,41.23,59544874,42.26,41.03,41.4494,352602,2022-06-08 04:00:00
947,41.01,40.01,39047182,41.35,40.01,40.6604,244845,2022-06-09 04:00:00
948,39.85,39.18,43084434,40.08,39.18,39.4131,271223,2022-06-10 04:00:00
949,38.55,37.77,50335922,38.81,37.67,38.0659,293197,2022-06-13 04:00:00
950,38.01,37.93,31332219,38.2,37.54,37.8851,209917,2022-06-14 04:00:00
951,38.56,38.65,37652256,39.17,37.92,38.5892,237365,2022-06-15 04:00:00
952,37.695,37.34,45576545,37.79,36.93,37.3207,260593,2022-06-16 04:00:00
953,37.48,36.97,71393194,38.12,36.6,37.022,270119,2022-06-17 04:00:00
954,37.36,37.73,34004880,38.025,37.325,37.7554,173431,2022-06-21 04:00:00
955,37.33,37.38,32591524,37.77,37.22,37.459,185858,2022-06-22 04:00:00
956,37.61,37.41,30162971,37.62,36.91,37.2791,180577,2022-06-23 04:00:00
957,37.845,38.61,38159913,38.64,37.74,38.4545,164888,2022-06-24 04:00:00
958,38.87,38.63,29585325,39.06,38.4701,38.7202,156067,2022-06-27 04:00:00
959,38.58,37.78,37842731,39.02,37.74,38.162,200392,2022-06-28 04:00:00
960,37.54,37.29,25437197,37.595,37.02,37.2404,163739,2022-06-29 04:00:00
961,37.21,37.41,35141045,38,36.725,37.4275,204689,2022-06-30 04:00:00
962,37.09,36.34,40596289,37.2,35.88,36.3052,251678,2022-07-01 04:00:00
963,35.93,36.69,33225868,36.74,35.54,36.2073,204174,2022-07-05 04:00:00
964,36.82,36.99,26178324,37.425,36.46,36.9228,163147,2022-07-06 04:00:00
965,37.89,38.14,33165410,38.33,37.73,38.066,204070,2022-07-07 04:00:00
966,37.66,37.99,22566348,38.14,37.3901,37.8207,143319,2022-07-08 04:00:00
967,37.66,37.2,25946879,37.675,37.03,37.2884,143359,2022-07-11 04:00:00
968,37.65,37.21,30546281,37.7,36.99,37.2729,170068,2022-07-12 04:00:00
969,36.68,37.21,27030556,37.4299,36.62,37.1175,167610,2022-07-13 04:00:00
970,36.99,37.71,36690674,38.155,36.29,37.282,213885,2022-07-14 04:00:00
971,38.27,38.62,32892293,38.67,37.73,38.3605,156278,2022-07-15 04:00:00
972,39.1,38.71,30814369,39.34,38.525,38.869,179672,2022-07-18 04:00:00
973,39.32,40.22,53095319,40.73,39.24,40.0652,263153,2022-07-19 04:00:00
974,40.21,40.56,36387873,40.67,39.56,40.3749,186601,2022-07-20 04:00:00
975,40.51,40.61,29661198,40.645,39.82,40.3785,175242,2022-07-21 04:00:00
976,40.37,39.2,41349965,40.51,38.94,39.434,223720,2022-07-22 04:00:00
977,39.285,39.16,32263404,39.41,38.55,39.0577,177397,2022-07-25 04:00:00
978,39.1,38.96,35859485,39.565,38.88,39.1226,171753,2022-07-26 04:00:00
979,39.27,40.18,42571580,40.425,39.23,39.878,215100,2022-07-27 04:00:00
980,40.09,39.71,56662303,40.12,39.04,39.0418,313486,2022-07-28 04:00:00
981,35.605,36.31,125292383,36.62,35.24,35.9696,583359,2022-07-29 04:00:00
982,36.05,36.96,52513446,37.69,36.05,36.9841,289980,2022-08-01 04:00:00
983,36.59,36.01,53929371,36.66,36,36.2891,287622,2022-08-02 04:00:00
984,36.09,36.52,59513858,36.59,35.26,36.0684,298943,2022-08-03 04:00:00
985,36.012,35.66,54046258,36.1,35.36,35.6253,266416,2022-08-04 04:00:00
986,35.345,35.39,40205089,35.69,35.18,35.3798,204628,2022-08-05 04:00:00
987,35.36,35.38,41601566,35.96,35.2,35.4622,223281,2022-08-08 04:00:00
988,35.22,34.52,47802280,35.3,34.4,34.6721,269481,2022-08-09 04:00:00
989,34.99,35.37,42173304,35.4,34.59,35.1175,208628,2022-08-10 04:00:00
990,35.64,35.59,35569724,36.29,35.485,35.7969,178593,2022-08-11 04:00:00
991,35.8,36.11,37675228,36.14,35.67,35.9228,163241,2022-08-12 04:00:00
992,36.1,36.34,25400551,36.43,35.71,36.1835,139507,2022-08-15 04:00:00
993,36.16,36.19,25000240,36.575,35.7,36.1873,143331,2022-08-16 04:00:00
994,35.81,35.78,29117262,36.075,35.27,35.658,161356,2022-08-17 04:00:00
995,35.68,36.2,24498225,36.33,35.57,36.1009,132403,2022-08-18 04:00:00
996,35.8,35.38,31425530,36.025,35.19,35.4562,147744,2022-08-19 04:00:00
997,35,33.84,51006127,35.06,33.73,34.0703,245378,2022-08-22 04:00:00
998,33.98,33.95,30687098,34.39,33.91,34.0921,151069,2022-08-23 04:00:00
999,33.97,33.86,25105652,33.99,33.6,33.8064,142241,2022-08-24 04:00:00
1000,33.87,34.89,29799148,34.93,33.82,34.5534,142442,2022-08-25 04:00:00
1001,34.95,33.36,44851477,35.025,33.35,33.8047,211716,2022-08-26 04:00:00
1002,33.225,32.94,32976762,33.41,32.81,33.0498,187315,2022-08-29 04:00:00
1003,33.04,32.26,40182452,33.07,32.15,32.4267,203307,2022-08-30 04:00:00
1004,32.385,31.92,44074488,32.385,31.77,31.9783,207259,2022-08-31 04:00:00
1005,31.572,31.76,36440681,31.825,31.13,31.5023,203771,2022-09-01 04:00:00
1006,32.21,31.22,34893283,32.375,31.06,31.55,198599,2022-09-02 04:00:00
1007,31.39,30.36,46989603,31.39,30.33,30.5983,251899,2022-09-06 04:00:00
1008,30.42,30.65,37329544,30.785,30.05,30.5121,190795,2022-09-07 04:00:00
1009,30.37,30.75,37190728,30.8469,29.91,30.4727,214532,2022-09-08 04:00:00
1010,31.19,31.46,34081212,31.5,31.075,31.3745,166488,2022-09-09 04:00:00
1011,31.735,31.56,38305494,31.86,31.1,31.5606,203942,2022-09-12 04:00:00
1012,30.83,29.29,71388851,30.93,29.25,29.7464,321038,2022-09-13 04:00:00
1013,29.55,29.18,40767169,29.765,29.01,29.2697,218054,2022-09-14 04:00:00
1014,29.15,28.84,39919105,29.41,28.71,28.9566,219711,2022-09-15 04:00:00
1015,28.7,29.24,72747992,29.32,28.42,29.0561,257320,2022-09-16 04:00:00
1016,29.02,29.44,33151882,29.5,28.9,29.267,177106,2022-09-19 04:00:00
1017,29.065,28.96,31129028,29.165,28.71,28.9629,153424,2022-09-20 04:00:00
1018,29.15,28.47,39977313,29.59,28.46,28.9669,217339,2022-09-21 04:00:00
1019,28.4,28.07,36092669,28.5,28.04,28.1909,189771,2022-09-22 04:00:00
1020,27.9,27.52,43491060,27.9,27.19,27.461,232728,2022-09-23 04:00:00
1021,27.56,26.97,44786413,27.6995,26.86,27.1612,211866,2022-09-26 04:00:00
1022,27.4,26.89,44050931,27.595,26.62,26.9219,220617,2022-09-27 04:00:00
1023,26.86,27.13,40433354,27.28,26.6,27.0323,182520,2022-09-28 04:00:00
1024,26.78,26.38,41831294,26.78,26.185,26.3697,203748,2022-09-29 04:00:00
1025,26.3,25.77,43820964,26.57,25.74,26.0792,210896,2022-09-30 04:00:00
1026,26.33,26.97,44096180,27.25,26.065,26.8787,219931,2022-10-03 04:00:00
1027,27.425,27.7,42427480,27.795,27.09,27.566,199615,2022-10-04 04:00:00
1028,27.365,27.64,30119962,27.84,26.89,27.4567,144811,2022-10-05 04:00:00
1029,27.44,27.18,33985131,27.76,27,27.2351,169622,2022-10-06 04:00:00
1030,26.17,25.72,57215513,26.275,25.651,25.8936,254668,2022-10-07 04:00:00
1031,25.94,25.2,43409338,25.99,25.09,25.35,215229,2022-10-10 04:00:00
1032,25.01,25.04,48134930,25.48,24.69,25.0273,234814,2022-10-11 04:00:00
1033,25.05,25.33,39634056,25.52,24.66,25.2706,186044,2022-10-12 04:00:00
1034,24.725,26.42,62447044,26.835,24.59,26.0159,285292,2022-10-13 04:00:00
1035,26.46,25.91,48185367,26.63,25.76,26.0812,227053,2022-10-14 04:00:00
1036,26.31,26.42,39416474,26.75,26.1713,26.3999,174604,2022-10-17 04:00:00
1037,26.74,25.87,51126851,26.955,25.54,25.9664,236529,2022-10-18 04:00:00
1038,25.735,26,33882274,26.25,25.69,25.9364,154039,2022-10-19 04:00:00
1039,26.15,26.08,33247689,26.95,25.945,26.3346,162011,2022-10-20 04:00:00
1040,25.85,26.97,53058711,27.05,25.79,26.6547,204667,2022-10-21 04:00:00
1041,26.75,27.18,43831588,27.48,26.52,27.1159,218374,2022-10-24 04:00:00
1042,27.18,27.41,32205300,27.555,27,27.341,160589,2022-10-25 04:00:00
1043,27.19,27.21,37153931,27.8,26.99,27.3523,186748,2022-10-26 04:00:00
1044,27.45,26.27,56218125,27.59,26.13,26.6796,285961,2022-10-27 04:00:00
1045,28.175,29.07,91695696,29.2186,27.86,28.716,452348,2022-10-28 04:00:00
1046,29.08,28.43,59507744,29.18,28.05,28.5492,259966,2022-10-31 04:00:00
1047,28.8,28.3,44418730,28.85,27.89,28.3153,235070,2022-11-01 04:00:00
1048,28.27,27.42,51956099,28.85,27.41,28.079,252544,2022-11-02 04:00:00
1049,27.45,27.39,39678189,27.88,27.17,27.5295,201917,2022-11-03 04:00:00
1050,27.57,28.2,43051927,28.235,27.41,27.9405,210943,2022-11-04 04:00:00
1051,28.36,28.41,34389783,28.465,27.89,28.2355,162647,2022-11-07 05:00:00
1052,28.755,28.48,36257963,28.95,27.93,28.5514,176454,2022-11-08 05:00:00
1053,28.22,27.52,30543746,28.3,27.52,27.6993,145217,2022-11-09 05:00:00
1054,28.88,29.76,62943924,29.83,28.645,29.3732,252012,2022-11-10 05:00:00
1055,28.925,30.43,49826517,30.63,28.87,30.0263,247747,2022-11-11 05:00:00
1056,30.34,30.35,39372839,30.99,30.18,30.5865,182952,2022-11-14 05:00:00
1057,31.095,30.71,40933223,31.335,30.165,30.8269,211340,2022-11-15 05:00:00
1058,30.1101,29.53,35582751,30.23,29.44,29.715,162678,2022-11-16 05:00:00
1059,29.065,29.89,31983238,29.95,29,29.6786,161847,2022-11-17 05:00:00
1060,30.26,29.87,27122210,30.26,29.61,29.8704,119001,2022-11-18 05:00:00
1061,29.66,28.94,36086768,29.715,28.91,29.087,159477,2022-11-21 05:00:00
1062,29.135,29.82,25584062,29.86,29.0558,29.5463,120213,2022-11-22 05:00:00
1063,29.73,29.67,23143868,30.08,29.49,29.7423,125641,2022-11-23 05:00:00
1064,29.68,29.34,11314878,29.68,29.335,29.4704,67105,2022-11-25 05:00:00
1065,29.1,28.725,28282116,29.19,28.54,28.7942,148956,2022-11-28 05:00:00
1066,28.85,28.9,24361493,29.18,28.74,28.9157,124156,2022-11-29 05:00:00
1067,28.77,30.07,72072532,30.08,28.22,29.5212,228699,2022-11-30 05:00:00
1068,30.24,29.83,38896309,30.48,29.52,29.8726,182092,2022-12-01 05:00:00
1069,29.17,29.41,31545955,29.43,28.71,29.1252,187596,2022-12-02 05:00:00
1070,29.42,29.17,34040384,29.75,28.89,29.2703,157984,2022-12-05 05:00:00
1071,29.19,28.6,27701186,29.31,28.3436,28.6953,145722,2022-12-06 05:00:00
1072,28.28,28.33,28239933,28.55,28.15,28.3449,137380,2022-12-07 05:00:00
1073,28.32,28.44,28486091,28.6,28.065,28.4296,141059,2022-12-08 05:00:00
1074,28.39,28.24,25641349,28.78,28.19,28.4227,136482,2022-12-09 05:00:00
1075,28.13,28.69,35117866,28.71,27.8588,28.3914,142556,2022-12-12 05:00:00
1076,29.79,28.73,58546839,30.09,28.37,28.9225,241146,2022-12-13 05:00:00
1077,28.51,28.26,37141077,29.12,28.01,28.4821,191981,2022-12-14 05:00:00
1078,27.94,27.15,45682654,28,27.12,27.2944,221549,2022-12-15 05:00:00
1079,27,26.92,81104229,27.135,26.4522,26.8365,213065,2022-12-16 05:00:00
1080,26.9,26.79,37662461,26.97,26.5,26.7342,150185,2022-12-19 05:00:00
1081,26.535,26.44,31863274,26.87,26.4201,26.546,147970,2022-12-20 05:00:00
1082,26.59,26.83,28100906,26.97,26.58,26.8091,128108,2022-12-21 05:00:00
1083,26.45,25.97,47478307,26.452,25.35,25.8243,207862,2022-12-22 05:00:00
1084,25.92,26.09,23600916,26.19,25.6835,25.9776,120254,2022-12-23 05:00:00
1085,25.845,25.94,29548058,26.1,25.65,25.9438,138016,2022-12-27 05:00:00
1086,25.84,25.54,26176917,26.115,25.5,25.6716,134732,2022-12-28 05:00:00
1087,25.77,26.21,30944829,26.29,25.75,26.1329,139312,2022-12-29 05:00:00
1088,25.902,26.43,31030094,26.46,25.8,26.2045,140366,2022-12-30 05:00:00
1089,27.045,26.73,31307955,27.07,26.37,26.7105,163701,2023-01-03 05:00:00
1090,27.41,27.68,37665199,27.92,27.16,27.603,186449,2023-01-04 05:00:00
1091,27.435,27.56,33552552,27.779,27.38,27.5636,139446,2023-01-05 05:00:00
1092,27.93,28.73,31788634,28.83,27.38,28.4158,156926,2023-01-06 05:00:00
1093,28.84,29.31,37493157,29.865,28.84,29.4056,177836,2023-01-09 05:00:00
1094,29.235,29.44,23008080,29.51,28.915,29.2896,121991,2023-01-10 05:00:00
1095,29.68,29.85,30375377,29.88,29,29.5411,147732,2023-01-11 05:00:00
1096,29.98,30.29,28963879,30.38,29.47,30.0838,150577,2023-01-12 05:00:00
1097,29.97,30.11,31361937,30.17,29.81,30.0419,132775,2023-01-13 05:00:00
1098,30.18,29.6,34759080,30.2557,29.52,29.7907,163287,2023-01-17 05:00:00
1099,29.8,28.81,44199580,29.82,28.63,28.9457,209228,2023-01-18 05:00:00
1100,28.61,28.42,36886615,28.755,28.24,28.4671,150752,2023-01-19 05:00:00
1101,28.42,29.22,35158497,29.23,28.25,28.8495,141530,2023-01-20 05:00:00
1102,29.325,30.27,38795838,30.49,29.18,30.0163,184396,2023-01-23 05:00:00
1103,29.94,29.92,24759130,30.19,29.73,29.9059,139260,2023-01-24 05:00:00
1104,29.52,29.7,28268023,29.885,29.17,29.6037,144255,2023-01-25 05:00:00
1105,30.06,30.09,56088080,30.11,29.33,29.2481,282082,2023-01-26 05:00:00
1106,27.07,28.16,148548189,28.24,26.78,27.6655,636787,2023-01-27 05:00:00
1107,27.715,27.95,55145771,28.51,27.67,28.0065,240632,2023-01-30 05:00:00
1108,27.78,28.26,52621578,28.29,27.53,28.0271,197470,2023-01-31 05:00:00
1109,27.89,29.07,63330567,29.43,27.68,28.6653,294200,2023-02-01 05:00:00
1110,29.25,30.19,62230659,30.3,28.795,29.8055,300347,2023-02-02 05:00:00
1111,29.62,30.32,57483100,31.17,29.53,30.4373,282925,2023-02-03 05:00:00
1112,29.55,28.69,48726359,29.65,28.61,29.0325,233942,2023-02-06 05:00:00
1113,28.65,29.05,50780776,29.27,28.43,28.8768,230833,2023-02-07 05:00:00
1114,28.95,28.24,36383123,29.12,28.21,28.4463,171593,2023-02-08 05:00:00
1115,28.68,27.73,43906378,28.82,27.565,28.068,192602,2023-02-09 05:00:00
1116,27.63,27.8,31232544,27.99,27.335,27.7184,169453,2023-02-10 05:00:00
1117,27.87,28.55,32347470,28.55,27.715,28.3861,141627,2023-02-13 05:00:00
1118,28.38,28.64,27928929,28.72,27.99,28.4575,152542,2023-02-14 05:00:00
1119,28.36,28.85,23387676,28.88,28.16,28.5756,133650,2023-02-15 05:00:00
1120,28.5,28.2,28972476,28.825,28.13,28.4475,144381,2023-02-16 05:00:00
1121,28,27.61,32086218,28.07,27.38,27.6433,168187,2023-02-17 05:00:00
1122,27.11,26.06,63668362,27.27,26.04,26.4359,294777,2023-02-21 05:00:00
1123,25.91,25.47,89195317,26.9,25.3,25.8259,421531,2023-02-22 05:00:00
1124,25.78,25.61,56473237,26.08,25.32,25.6278,250363,2023-02-23 05:00:00
1125,25.22,25.14,44089879,25.35,24.92,25.1012,233082,2023-02-24 05:00:00
1126,25.55,24.9,37656956,25.58,24.88,25.0994,186412,2023-02-27 05:00:00
1127,24.94,24.93,50255301,25.12,24.73,24.9145,189719,2023-02-28 05:00:00
1128,25.03,25.33,47823397,25.92,24.97,25.4091,226311,2023-03-01 05:00:00
1129,25.211,26.2,48381068,26.3,25.12,25.8301,215923,2023-03-02 05:00:00
1130,26.2,26.4,36744858,26.475,26.01,26.317,178712,2023-03-03 05:00:00
1131,26.47,25.99,37879835,26.54,25.93,26.1387,175584,2023-03-06 05:00:00
1132,25.84,25.53,43164607,25.99,25.5,25.6415,179480,2023-03-07 05:00:00
1133,25.56,25.98,36071934,26.01,25.45,25.7898,151233,2023-03-08 05:00:00
1134,25.98,26.44,54886084,26.9773,25.97,26.5539,235803,2023-03-09 05:00:00
1135,26.55,27.22,65162781,27.52,26.315,27.0933,324368,2023-03-10 05:00:00
1136,26.74,26.95,50976996,27.31,26.61,26.9514,273328,2023-03-13 04:00:00
1137,27.35,28.01,47689837,28.1,27.25,27.8052,235470,2023-03-14 04:00:00
1138,27.73,28.41,49322838,28.495,27.66,28.1701,278882,2023-03-15 04:00:00
1139,28.39,30.18,75804234,30.27,28.39,29.7875,367258,2023-03-16 04:00:00
1140,29.92,29.81,80628498,31,29.44,29.821,251098,2023-03-17 04:00:00
1141,29.8,29.16,38780054,29.9,28.63,29.1076,218938,2023-03-20 04:00:00
1142,29,28.46,55650832,29.165,27.975,28.4145,273911,2023-03-21 04:00:00
1143,28.48,28.13,37415539,29.12,28.1,28.503,207003,2023-03-22 04:00:00
1144,28.38,29.03,43785479,29.16,28.22,28.7744,224358,2023-03-23 04:00:00
1145,29.04,29.36,55931606,29.81,28.925,29.3518,272684,2023-03-24 04:00:00
1146,29.37,29.18,34758156,29.73,29.08,29.3495,189210,2023-03-27 04:00:00
1147,29.075,29.29,37407874,29.33,28.63,29.0903,190588,2023-03-28 04:00:00
1148,29.77,31.52,85216189,31.89,29.755,31.0708,385689,2023-03-29 04:00:00
1149,31.85,32.09,70077598,32.58,31.81,32.1637,338986,2023-03-30 04:00:00
1150,31.8,32.67,59764921,32.9,31.73,32.5828,254662,2023-03-31 04:00:00
1151,32.94,32.89,57038344,33.56,32.54,32.9848,293484,2023-04-03 04:00:00
1152,32.85,33.1,55714058,33.84,32.84,33.2091,255763,2023-04-04 04:00:00
1153,32.795,32.83,39555735,32.99,32.335,32.72,200776,2023-04-05 04:00:00
1154,32.6,32.81,28551916,33,32.46,32.8148,150083,2023-04-06 04:00:00
1155,32.6,32.52,30534439,32.76,32.2,32.4746,151705,2023-04-10 04:00:00
1156,32.66,32.35,27059106,33.11,32.32,32.5863,152137,2023-04-11 04:00:00
1157,32.77,32.02,37070786,32.89,31.96,32.1585,178837,2023-04-12 04:00:00
1158,31.82,32.13,29722344,32.43,31.65,32.132,159824,2023-04-13 04:00:00
1159,32,31.89,24623633,32.235,31.69,31.9273,147285,2023-04-14 04:00:00
1160,31.95,32.14,29601148,32.64,31.77,32.0915,176370,2023-04-17 04:00:00
1161,32.43,31.83,26041380,32.46,31.78,31.9354,146678,2023-04-18 04:00:00
1162,31.1,31.15,25746574,31.52,31.08,31.2411,146434,2023-04-19 04:00:00
1163,30.76,30.86,30252069,31.25,30.71,30.9125,156639,2023-04-20 04:00:00
1164,30.84,30.3,28655762,30.84,30.225,30.3592,150428,2023-04-21 04:00:00
1165,30.13,29.66,38732452,30.37,29.61,29.8175,186112,2023-04-24 04:00:00
1166,29.44,28.88,38289873,29.57,28.87,29.078,172534,2023-04-25 04:00:00
1167,29.2,29.05,41218705,29.81,28.835,29.2386,196728,2023-04-26 04:00:00
1168,28.75,29.86,60186244,29.945,28.51,29.5475,294392,2023-04-27 04:00:00
1169,31.975,31.06,80252444,32.57,30.81,31.4159,410747,2023-04-28 04:00:00
1170,31.11,30.3,36918529,31.24,30.28,30.5902,212279,2023-05-01 04:00:00
1171,30.3,29.77,33463356,30.575,29.75,30.0306,179937,2023-05-02 04:00:00
1172,30.64,30.65,45554489,31.11,30.245,30.6456,245382,2023-05-03 04:00:00
1173,30.435,31.24,46104019,31.72,30.38,31.1939,248046,2023-05-04 04:00:00
1174,31.38,30.99,35024562,31.41,30.73,30.9999,179735,2023-05-05 04:00:00
1175,30.7,30.77,30482801,30.84,30.39,30.7106,146299,2023-05-08 04:00:00
1176,30.38,30.1,30706515,30.58,29.91,30.1861,160680,2023-05-09 04:00:00
1177,30.29,29.97,40526521,30.3959,29.49,29.9018,194793,2023-05-10 04:00:00
1178,29.6,28.86,47144359,29.68,28.82,29.0682,217953,2023-05-11 04:00:00
1179,29.025,28.95,24153820,29.1,28.72,28.9058,140156,2023-05-12 04:00:00
1180,28.9,29.8,28717475,29.825,28.88,29.4529,136743,2023-05-15 04:00:00
1181,29.62,29.22,22812040,29.9,29.21,29.4761,120933,2023-05-16 04:00:00
1182,29.52,28.87,41667261,29.56,28.68,28.9188,203392,2023-05-17 04:00:00
1183,29,29.68,36529193,29.76,28.87,29.5457,193572,2023-05-18 04:00:00
1184,29.6,29.93,40682998,30.24,29.5,29.9117,187205,2023-05-19 04:00:00
1185,29.85,30.28,28693438,30.45,29.815,30.1898,147813,2023-05-22 04:00:00
1186,30.05,29.51,29400851,30.195,29.49,29.748,155422,2023-05-23 04:00:00
1187,29.31,29,28045840,29.49,28.82,29.0319,159106,2023-05-24 04:00:00
1188,28.29,27.4,78009435,28.29,26.855,27.3737,424480,2023-05-25 04:00:00
1189,27.44,29,71910621,29.09,27.1,28.4451,314134,2023-05-26 04:00:00
1190,29.7,29.99,54874794,30.0399,28.995,29.7496,302151,2023-05-30 04:00:00
1191,29.7,31.44,135303756,32.29,29.67,31.4405,594018,2023-05-31 04:00:00
1192,31.8,31.13,52667268,31.94,31.02,31.3175,271640,2023-06-01 04:00:00
1193,31.398,31.31,36520757,31.5899,30.825,31.1866,209505,2023-06-02 04:00:00
1194,31.31,29.86,48244128,31.4,29.83,30.1953,263427,2023-06-05 04:00:00
1195,29.77,30.96,42295293,31.45,29.695,30.8388,243243,2023-06-06 04:00:00
1196,31.03,31.28,39097992,31.37,30.93,31.2078,181093,2023-06-07 04:00:00
1197,31.43,31.82,35198952,31.85,31.06,31.5384,188848,2023-06-08 04:00:00
1198,31.93,31.34,40227073,31.99,30.68,31.2704,233561,2023-06-09 04:00:00
1199,31.4,33.07,59926114,33.3,31.36,32.7944,297787,2023-06-12 04:00:00
1200,33.77,33.91,51990041,33.95,33.07,33.6731,312408,2023-06-13 04:00:00
1201,33.87,35.58,74404151,35.6,33.8,34.8911,407722,2023-06-14 04:00:00
1202,35.28,35.82,67676296,36.42,35.215,35.8169,367124,2023-06-15 04:00:00
1203,36.36,36.37,110240279,36.795,35.595,36.3309,378434,2023-06-16 04:00:00
1204,36.77,35,65970238,37.11,34.715,35.2803,374913,2023-06-20 04:00:00
1205,34.915,32.9,70919771,35.05,32.83,33.5669,410399,2023-06-21 04:00:00
1206,32.69,32.71,45740308,33.24,32.125,32.567,259324,2023-06-22 04:00:00
1207,32.21,33,46327140,33.45,32.03,32.916,255098,2023-06-23 04:00:00
1208,33.19,33.34,38952369,33.99,33.095,33.4156,218956,2023-06-26 04:00:00
1209,33.22,34.1,33038924,34.23,33.01,33.8636,163165,2023-06-27 04:00:00
1210,33.61,33.57,33906877,33.81,33.035,33.5243,181892,2023-06-28 04:00:00
1211,33.34,32.91,38312970,33.34,32.49,32.9483,210866,2023-06-29 04:00:00
1212,33.359,33.44,33811252,33.56,33.16,33.3826,166271,2023-06-30 04:00:00
1213,33.54,33.62,15752979,33.89,33.14,33.4477,105931,2023-07-03 04:00:00
1214,33.31,32.51,37664722,33.33,32.5,32.8051,211535,2023-07-05 04:00:00
1215,31.9,31.97,41711442,32.04,31.38,31.8056,223878,2023-07-06 04:00:00
1216,32,31.85,28356250,32.41,31.82,32.0251,136211,2023-07-07 04:00:00
1217,31.87,32.74,36305658,32.83,31.77,32.4792,204763,2023-07-10 04:00:00
1218,32.82,33.3,28148832,33.36,32.5,33.0565,158714,2023-07-11 04:00:00
1219,33.69,33.98,37762215,34.08,33.06,33.7537,201593,2023-07-12 04:00:00
1220,34.15,33.87,32745752,34.3,33.62,33.8687,160744,2023-07-13 04:00:00
1221,33.78,33.15,30438659,33.87,33,33.334,165149,2023-07-14 04:00:00
1222,33.16,34.37,34111173,34.6,33.07,34.0734,185022,2023-07-17 04:00:00
1223,34.28,34.5,29679514,34.7,33.83,34.309,172484,2023-07-18 04:00:00
1224,34.4,34.46,26486676,34.835,34.33,34.4954,145921,2023-07-19 04:00:00
1225,33.704,33.37,37877996,34.205,33.23,33.6175,197789,2023-07-20 04:00:00
1226,33.725,34.02,79736956,34.25,33.42,34.0002,200775,2023-07-21 04:00:00
1227,33.84,33.63,25286821,34.46,33.56,33.875,159939,2023-07-24 04:00:00
1228,33.7,34.1,31771091,34.34,33.4,33.9321,174289,2023-07-25 04:00:00
1229,33.72,34.36,32643239,34.525,33.7,34.2038,165343,2023-07-26 04:00:00
1230,34.82,34.55,58773821,35.03,34.11,34.986,323409,2023-07-27 04:00:00
1231,36.75,36.83,90863013,36.99,35.51,36.5532,469605,2023-07-28 04:00:00
1232,36.87,35.77,55630700,37.19,35.675,36.0908,241829,2023-07-31 04:00:00
1233,35.82,35.8,24743393,36.02,35.28,35.7147,166330,2023-08-01 04:00:00
1234,35.15,34.39,39051971,35.18,34.281,34.5695,227796,2023-08-02 04:00:00
1235,34.29,34.87,24864381,35.03,34.13,34.7296,162590,2023-08-03 04:00:00
1236,34.48,35.14,26674897,35.56,34.48,35.1118,179644,2023-08-04 04:00:00
1237,35.41,35.23,22486870,35.55,34.75,35.1592,146534,2023-08-07 04:00:00
1238,34.67,35.02,34743198,35.1,33.86,34.6463,191896,2023-08-08 04:00:00
1239,35,34.28,28720157,35.0999,34.23,34.5017,157480,2023-08-09 04:00:00
1240,34.7,34.68,30956295,35.09,34.48,34.6807,180088,2023-08-10 04:00:00
1241,34.46,34.89,28783730,34.945,34.36,34.7125,165884,2023-08-11 04:00:00
1242,34.67,35.68,36896056,35.71,34.47,35.3754,184755,2023-08-14 04:00:00
1243,35.41,34.77,27407709,35.625,34.75,35.0731,154838,2023-08-15 04:00:00
1244,34.52,33.53,35757254,34.63,33.46,33.8091,193947,2023-08-16 04:00:00
1245,33.56,32.58,39906739,33.59,32.35,32.6951,217125,2023-08-17 04:00:00
1246,32.23,32.75,23701035,32.91,32.18,32.6629,135046,2023-08-18 04:00:00
1247,32.6,33.14,43718249,33.17,32.02,32.6608,181410,2023-08-21 04:00:00
1248,33.22,32.89,23434190,33.8,32.83,33.1795,150810,2023-08-22 04:00:00
1249,32.88,33.98,32324309,34.15,32.8,33.831,165184,2023-08-23 04:00:00
1250,33.72,32.59,37930960,34.09,32.49,32.9319,195243,2023-08-24 04:00:00
1251,32.53,33.25,27324810,33.395,32.35,33.0124,158002,2023-08-25 04:00:00
1252,33.5,33.62,22341778,33.78,33.21,33.5362,125702,2023-08-28 04:00:00
1253,33.49,34.31,29943629,34.48,33.47,34.2709,174011,2023-08-29 04:00:00
1254,34.06,34.53,26279156,34.66,33.775,34.4457,140043,2023-08-30 04:00:00
1255,34.32,35.14,48157350,35.56,34.3,35.0492,234885,2023-08-31 04:00:00
