KO,open_price,close_price,trading_volume,highest_price,lowest_price,volume_weighted_avg_price,transaction_amt,date_time
0,44.66,45.38,10555138,45.42,44.66,45.2651,52337,2018-09-05 04:00:00
1,45.4,45.77,11439603,46,45.3,45.6074,52083,2018-09-06 04:00:00
2,45.6,45.72,10208308,45.82,45.28,45.6323,48511,2018-09-07 04:00:00
3,45.91,46.06,8570653,46.31,45.795,46.0932,42465,2018-09-10 04:00:00
4,46.1,46.02,9278768,46.15,45.88,46.0316,41015,2018-09-11 04:00:00
5,46.16,46.24,13216394,46.3,46.02,46.1695,54764,2018-09-12 04:00:00
6,46.01,45.83,8295013,46.12,45.71,45.8436,36992,2018-09-13 04:00:00
7,45.92,45.99,7613084,46.0264,45.61,45.901,36054,2018-09-14 04:00:00
8,46,46.32,8527443,46.33,45.91,46.16,47933,2018-09-17 04:00:00
9,46.39,45.93,9848317,46.53,45.93,46.1022,47605,2018-09-18 04:00:00
10,46,45.96,7104424,46.105,45.865,45.978,36188,2018-09-19 04:00:00
11,46.22,46.64,9736914,46.68,46.15,46.532,46608,2018-09-20 04:00:00
12,46.64,46.58,19240887,46.69,46.375,46.5782,41768,2018-09-21 04:00:00
13,46.49,46.07,10779001,46.53,45.84,46.0589,45709,2018-09-24 04:00:00
14,46.06,45.68,7919344,46.1754,45.61,45.7568,38904,2018-09-25 04:00:00
15,45.77,45.85,10162676,46.07,45.565,45.8862,41102,2018-09-26 04:00:00
16,45.73,46.01,10826988,46.18,45.68,46.0211,50190,2018-09-27 04:00:00
17,46,46.19,9072014,46.19,45.97,46.1392,38113,2018-09-28 04:00:00
18,46.17,46.23,9364995,46.35,46.05,46.2344,41357,2018-10-01 04:00:00
19,46.28,46.51,7462729,46.555,46.06,46.3996,40268,2018-10-02 04:00:00
20,46.46,45.87,10542792,46.55,45.8,46.0279,50309,2018-10-03 04:00:00
21,45.66,45.85,9583088,45.895,45.425,45.6769,56978,2018-10-04 04:00:00
22,45.94,45.88,8734102,46.16,45.69,45.889,50218,2018-10-05 04:00:00
23,45.99,46.48,9808624,46.58,45.97,46.4182,46146,2018-10-08 04:00:00
24,46.38,46.39,10824653,46.55,46.22,46.4087,57823,2018-10-09 04:00:00
25,46.3,45.68,13917218,46.7,45.67,46.1201,79472,2018-10-10 04:00:00
26,45.8,44.64,17678545,45.97,44.5,45.0516,109677,2018-10-11 04:00:00
27,44.48,44.68,12420775,44.8799,44.25,44.621,65513,2018-10-12 04:00:00
28,44.64,44.91,11608729,45.265,44.59,44.9918,58141,2018-10-15 04:00:00
29,45.02,45.49,10442689,45.595,44.8626,45.3759,57381,2018-10-16 04:00:00
30,45.41,45.86,11056040,45.99,45.36,45.7454,57615,2018-10-17 04:00:00
31,45.9,45.61,12717054,46.08,45.455,45.6943,58842,2018-10-18 04:00:00
32,45.83,46.33,13989250,46.49,45.83,46.2296,61859,2018-10-19 04:00:00
33,46.37,45.97,14283756,46.455,45.81,46.0037,59970,2018-10-22 04:00:00
34,45.62,46.36,17483869,46.455,45.45,45.9935,89630,2018-10-23 04:00:00
35,46.33,46.73,21626132,47.39,46.24,46.9452,105728,2018-10-24 04:00:00
36,46.65,46.51,14220411,46.74,46.12,46.4381,79560,2018-10-25 04:00:00
37,46.37,45.92,21458410,46.48,45.43,45.8119,114115,2018-10-26 04:00:00
38,46.15,46.46,20932219,46.555,46.05,46.3544,112911,2018-10-29 04:00:00
39,46.62,47.63,20895405,47.74,46.0384,47.288,104176,2018-10-30 04:00:00
40,47.5,47.88,25309819,48.08,47.22,47.7501,101148,2018-10-31 04:00:00
41,47.81,47.74,16494709,48.15,47.295,47.7721,70167,2018-11-01 04:00:00
42,47.82,48,17585692,48,47.435,47.7799,82317,2018-11-02 04:00:00
43,48,48.69,16543747,48.775,47.92,48.5664,69483,2018-11-05 05:00:00
44,48.65,49.11,14373626,49.13,48.6,48.9683,63068,2018-11-06 05:00:00
45,49.39,49.37,12239946,49.55,49.0301,49.3519,60791,2018-11-07 05:00:00
46,49.12,49.33,9763036,49.37,49.1,49.2531,54933,2018-11-08 05:00:00
47,49.39,49.68,12398606,49.89,49.36,49.6916,60701,2018-11-09 05:00:00
48,49.61,49.87,13918771,50.24,49.54,49.9686,67557,2018-11-12 05:00:00
49,49.81,49.86,13873327,50,49.58,49.7815,74468,2018-11-13 05:00:00
50,49.85,49.76,12107095,49.94,49.59,49.7528,68587,2018-11-14 05:00:00
51,49.66,49.74,12080196,49.75,49.27,49.5879,67607,2018-11-15 05:00:00
52,49.66,50.17,13406010,50.25,49.63,50.0297,59117,2018-11-16 05:00:00
53,50.31,50.51,13575826,50.76,50.25,50.5069,68323,2018-11-19 05:00:00
54,50.82,49.38,16256237,50.84,49.21,49.7052,91721,2018-11-20 05:00:00
55,49.23,48.73,13560146,49.44,48.59,48.8427,64030,2018-11-21 05:00:00
56,48.75,49.02,4793176,49.23,48.55,48.9951,29512,2018-11-23 05:00:00
57,49.01,48.87,9341986,49.23,48.67,48.8938,45940,2018-11-26 05:00:00
58,48.88,49.37,9181071,49.405,48.73,49.1656,52803,2018-11-27 05:00:00
59,49.21,49.71,11368891,49.72,49.21,49.5347,61328,2018-11-28 05:00:00
60,49.28,48.98,11564547,49.43,48.97,49.1542,59342,2018-11-29 05:00:00
61,49,50.4,25538201,50.485,48.99,50.0359,83344,2018-11-30 05:00:00
62,49.87,49.69,14869670,49.96,48.89,49.4382,88032,2018-12-03 05:00:00
63,49.97,49.58,19060691,50.51,49.5,49.8784,90231,2018-12-04 05:00:00
64,49.51,49.38,17675142,49.63,48.66,49.0967,96150,2018-12-06 05:00:00
65,49.57,49.09,15565913,49.68,48.88,49.1967,84018,2018-12-07 05:00:00
66,49.45,49.24,12331898,49.45,48.465,49.0628,68434,2018-12-10 05:00:00
67,49.59,49.54,18083699,50.01,49.18,49.5462,93072,2018-12-11 05:00:00
68,49.95,49.22,12317144,50.02,49.19,49.427,57478,2018-12-12 05:00:00
69,48.72,49.47,13766446,49.6099,48.57,49.3758,69940,2018-12-13 05:00:00
70,49.23,49.34,13836273,49.52,49.02,49.3171,77001,2018-12-14 05:00:00
71,49.34,48.33,18489210,49.53,48.02,48.6216,92524,2018-12-17 05:00:00
72,48.61,48.32,14765915,48.83,47.85,48.3168,82462,2018-12-18 05:00:00
73,48.24,47.9,17903918,48.76,47.62,48.0555,106454,2018-12-19 05:00:00
74,47.81,47.54,21130121,48.1331,47.1,47.6152,106175,2018-12-20 05:00:00
75,47.26,47.57,32478003,48.75,47.23,47.754,110279,2018-12-21 05:00:00
76,47.62,45.96,10734419,47.87,45.83,46.389,65121,2018-12-24 05:00:00
77,45.88,46.94,14342737,46.96,45.66,46.3858,79545,2018-12-26 05:00:00
78,46.74,47.53,16968025,47.55,46.03,46.9342,84394,2018-12-27 05:00:00
79,47.89,47.2,13218871,48.01,47.025,47.4335,74516,2018-12-28 05:00:00
80,47.49,47.35,10576575,47.54,46.96,47.2422,55575,2018-12-31 05:00:00
81,46.94,46.93,11603941,47.215,46.555,46.8423,65970,2019-01-02 05:00:00
82,46.82,46.64,14714651,47.37,46.53,46.8178,69613,2019-01-03 05:00:00
83,46.75,47.57,13014515,47.57,46.64,47.2875,64265,2019-01-04 05:00:00
84,47.57,46.95,13135499,47.75,46.895,47.0959,68940,2019-01-07 05:00:00
85,47.25,47.48,15420935,47.57,47.035,47.3575,80517,2019-01-08 05:00:00
86,47.08,46.57,18033244,47.28,46.43,46.6659,96834,2019-01-09 05:00:00
87,46.66,47.07,15976709,47.09,46.34,46.9172,64762,2019-01-10 05:00:00
88,47.29,47.34,11090079,47.355,46.97,47.2422,47938,2019-01-11 05:00:00
89,47.25,47.15,11514508,47.3966,46.99,47.1616,51728,2019-01-14 05:00:00
90,46.89,47.57,11343078,47.6,46.81,47.441,49231,2019-01-15 05:00:00
91,47.4,46.92,16907965,47.47,46.86,47.0194,63036,2019-01-16 05:00:00
92,46.92,47.06,12044812,47.1385,46.88,47.0162,59473,2019-01-17 05:00:00
93,47.25,47.61,12760926,47.69,47.12,47.4594,57446,2019-01-18 05:00:00
94,47.7,47.72,11701344,47.79,47.205,47.5307,62267,2019-01-22 05:00:00
95,47.82,48.27,12058375,48.29,47.65,48.0331,62393,2019-01-23 05:00:00
96,48.11,47.69,10272280,48.11,47.375,47.6259,58830,2019-01-24 05:00:00
97,47.88,47.37,12066878,48.025,47.24,47.4374,55770,2019-01-25 05:00:00
98,47.22,47.17,9967026,47.3,46.94,47.103,57334,2019-01-28 05:00:00
99,47.2,47.4,11998797,47.63,47.13,47.3305,56803,2019-01-29 05:00:00
100,47.25,47.86,12952527,47.89,47.19,47.6831,65317,2019-01-30 05:00:00
101,47.85,48.13,32181797,48.78,47.47,48.2909,97602,2019-01-31 05:00:00
102,48.48,48.7,19130249,48.78,48.4,48.6437,85412,2019-02-01 05:00:00
103,48.7,49.25,15105907,49.45,48.54,49.1053,70222,2019-02-04 05:00:00
104,49.33,49.26,12651952,49.465,49.1,49.2956,57862,2019-02-05 05:00:00
105,49.21,49.26,8689608,49.36,49.02,49.2285,45180,2019-02-06 05:00:00
106,49.17,49.42,10048549,49.46,49.0025,49.2788,52820,2019-02-07 05:00:00
107,49.37,49.5,9814252,49.5,49.11,49.3436,45678,2019-02-08 05:00:00
108,49.57,49.61,9369482,49.88,49.475,49.6058,46546,2019-02-11 05:00:00
109,49.69,49.66,10983617,49.8,49.46,49.665,50357,2019-02-12 05:00:00
110,49.61,49.79,12748950,49.94,49.56,49.7304,63507,2019-02-13 05:00:00
111,46.7,45.59,58906177,46.96,45.5,46.081,249523,2019-02-14 05:00:00
112,45.9,45.24,35702563,46.255,45.2,45.5786,148630,2019-02-15 05:00:00
113,45.32,44.83,25512976,45.59,44.77,45.1012,107421,2019-02-19 05:00:00
114,44.91,45.1,27462778,45.2354,44.8,45.0538,101088,2019-02-20 05:00:00
115,45,45.86,23121668,45.91,44.96,45.5822,96430,2019-02-21 05:00:00
116,45.76,45.28,24728788,45.95,45.2,45.5008,100922,2019-02-22 05:00:00
117,45.44,44.94,23765501,45.57,44.84,45.0096,87187,2019-02-25 05:00:00
118,45.1,44.69,20464168,45.14,44.66,44.8303,72963,2019-02-26 05:00:00
119,44.6,44.94,17827890,45.02,44.42,44.7887,75693,2019-02-27 05:00:00
120,45.12,45.34,22534059,45.6084,45.11,45.3824,86523,2019-02-28 05:00:00
121,45.47,45.38,16291949,45.64,45.2,45.3279,66257,2019-03-01 05:00:00
122,45.53,45.65,15974181,45.67,45.3,45.5672,64348,2019-03-04 05:00:00
123,45.65,45.6,12979186,45.7,45.4,45.5621,50921,2019-03-05 05:00:00
124,45.67,45.45,14232260,45.785,45.44,45.5352,60926,2019-03-06 05:00:00
125,45.49,45.28,12084113,45.53,45.125,45.2864,59580,2019-03-07 05:00:00
126,45.15,44.84,15579393,45.25,44.61,44.7934,68080,2019-03-08 05:00:00
127,45.14,46.18,22127802,46.235,45.1,45.9361,88928,2019-03-11 04:00:00
128,45.95,46.05,19348667,46.25,45.9,46.0404,84251,2019-03-12 04:00:00
129,46.13,46.22,16222731,46.34,45.91,46.1771,68877,2019-03-13 04:00:00
130,45.84,45.7,18504281,46.11,45.63,45.844,78317,2019-03-14 04:00:00
131,45.72,45.3,47254792,45.895,45.14,45.4646,76798,2019-03-15 04:00:00
132,45.43,45.41,24006565,45.68,45.36,45.481,69389,2019-03-18 04:00:00
133,45.55,45.56,14987550,45.69,45.34,45.5273,64109,2019-03-19 04:00:00
134,45.4,45.53,13376185,45.895,45.18,45.557,62730,2019-03-20 04:00:00
135,45.53,45.51,20043564,45.76,45.44,45.5283,63726,2019-03-21 04:00:00
136,45.46,45.93,19056141,46.105,45.46,45.9243,78163,2019-03-22 04:00:00
137,45.86,46.03,11668324,46.2,45.79,46.0483,62852,2019-03-25 04:00:00
138,46.17,46.64,11434996,46.79,46.17,46.5771,61369,2019-03-26 04:00:00
139,46.65,46.61,11543750,46.905,46.33,46.5676,52699,2019-03-27 04:00:00
140,46.68,46.58,11122067,46.92,46.48,46.6599,48553,2019-03-28 04:00:00
141,46.67,46.86,16046017,46.905,46.4801,46.7291,62428,2019-03-29 04:00:00
142,46.99,46.72,11523069,47.165,46.59,46.7899,60216,2019-04-01 04:00:00
143,46.75,46.57,8495434,46.93,46.57,46.6855,46570,2019-04-02 04:00:00
144,46.42,46.18,12854630,46.59,46.035,46.2614,60125,2019-04-03 04:00:00
145,46.34,46.48,7814976,46.54,46.11,46.3992,43917,2019-04-04 04:00:00
146,46.49,46.47,7677996,46.58,46.2,46.4119,37622,2019-04-05 04:00:00
147,46.54,46.55,9421717,46.57,46.265,46.4487,46470,2019-04-08 04:00:00
148,46.45,46.67,8642176,46.72,46.27,46.5439,47948,2019-04-09 04:00:00
149,46.84,46.64,8060499,47,46.56,46.6793,40520,2019-04-10 04:00:00
150,46.72,46.71,7352767,46.75,46.54,46.6539,39144,2019-04-11 04:00:00
151,46.67,46.74,10690240,46.9299,46.57,46.7215,46326,2019-04-12 04:00:00
152,46.88,47,10262824,47.04,46.7,46.9464,51116,2019-04-15 04:00:00
153,47.05,46.95,10804855,47.1,46.7,46.9306,53292,2019-04-16 04:00:00
154,47.2,47.28,11849364,47.545,47.15,47.3376,55933,2019-04-17 04:00:00
155,47.33,47.48,12167153,47.58,47.27,47.4602,48713,2019-04-18 04:00:00
156,47.4,47.4,9834688,47.61,47.015,47.423,53739,2019-04-22 04:00:00
157,48.09,48.21,25328111,48.72,47.55,48.2165,119852,2019-04-23 04:00:00
158,48.03,47.98,15997437,48.225,47.915,48.0103,60172,2019-04-24 04:00:00
159,47.74,47.84,11444513,47.89,47.47,47.6958,55596,2019-04-25 04:00:00
160,47.99,48.26,10154916,48.45,47.98,48.2832,50707,2019-04-26 04:00:00
161,48.17,48.42,9732529,48.45,48.11,48.3439,42514,2019-04-29 04:00:00
162,48.53,49.06,17913108,49.18,48.39,49.004,69221,2019-04-30 04:00:00
163,48.95,48.59,10551726,49.075,48.55,48.7921,55432,2019-05-01 04:00:00
164,48.53,48.39,8724936,48.7657,48.27,48.4532,49479,2019-05-02 04:00:00
165,48.6,48.72,7077149,48.96,48.52,48.7732,39005,2019-05-03 04:00:00
166,48.33,48.47,8658311,48.61,48.26,48.4659,44599,2019-05-06 04:00:00
167,48.23,48,12487683,48.29,47.77,48.0123,59830,2019-05-07 04:00:00
168,48.05,47.85,9281646,48.23,47.82,47.948,54535,2019-05-08 04:00:00
169,47.8,47.4,11450634,47.98,47.07,47.4241,67045,2019-05-09 04:00:00
170,47.41,48.19,9653913,48.295,47.4,47.8981,57159,2019-05-10 04:00:00
171,47.91,48.05,11911617,48.13,47.73,47.9628,61468,2019-05-13 04:00:00
172,48.53,48.69,16845403,49.32,48.35,48.8375,79042,2019-05-14 04:00:00
173,48.67,49.18,11422839,49.38,48.6,49.188,57456,2019-05-15 04:00:00
174,49.27,49.58,17771656,49.66,49.21,49.4675,61280,2019-05-16 04:00:00
175,49.27,49.2,11257175,49.55,49.174,49.3026,55616,2019-05-17 04:00:00
176,49.04,48.85,13850991,49.14,48.76,48.8883,59999,2019-05-20 04:00:00
177,49,48.6,10587394,49.03,48.445,48.5995,55946,2019-05-21 04:00:00
178,48.78,49.65,16050745,49.71,48.72,49.3545,80264,2019-05-22 04:00:00
179,49.5,49.85,12199713,49.9,49.4601,49.7548,70360,2019-05-23 04:00:00
180,49.82,49.61,6888221,49.89,49.53,49.687,42078,2019-05-24 04:00:00
181,49.6,49.1,18614236,49.67,49.03,49.1908,54671,2019-05-28 04:00:00
182,48.74,48.61,12534953,49.03,48.41,48.6581,65717,2019-05-29 04:00:00
183,48.72,49.25,9087633,49.31,48.67,49.0452,51028,2019-05-30 04:00:00
184,49,49.13,11369263,49.31,48.78,49.1128,57807,2019-05-31 04:00:00
185,49.16,49.98,14167544,49.98,49.02,49.6873,73222,2019-06-03 04:00:00
186,50,50,12011529,50.28,49.615,49.9315,69869,2019-06-04 04:00:00
187,50.01,50.78,15837653,51.14,49.685,50.7485,80339,2019-06-05 04:00:00
188,50.91,51.4,15190641,51.54,50.59,51.2926,69431,2019-06-06 04:00:00
189,51.47,51.49,15293663,52.185,51.45,51.7579,77805,2019-06-07 04:00:00
190,51.54,51.38,9738070,51.54,51.09,51.2891,56166,2019-06-10 04:00:00
191,51.45,51.33,9915923,51.59,51.18,51.3625,59575,2019-06-11 04:00:00
192,51.5,51.64,11088244,52.135,51.47,51.7239,58454,2019-06-12 04:00:00
193,51.46,51.13,10354404,51.7,50.775,51.0141,62826,2019-06-13 04:00:00
194,51.05,51.31,8694461,51.53,51.05,51.3338,44171,2019-06-14 04:00:00
195,51.25,50.87,12322805,51.48,50.61,50.8604,49893,2019-06-17 04:00:00
196,51.25,50.64,9222196,51.3,50.53,50.7079,50579,2019-06-18 04:00:00
197,50.54,51.12,9414285,51.24,50.47,50.9261,52403,2019-06-19 04:00:00
198,51.5,51.66,10656683,51.785,51.35,51.5752,53449,2019-06-20 04:00:00
199,51.53,51.55,21265027,51.89,51.41,51.6412,53663,2019-06-21 04:00:00
200,51.74,51.92,10780366,52.2,51.7,51.976,56848,2019-06-24 04:00:00
201,52,51.76,11520019,52.1,51.64,51.871,62290,2019-06-25 04:00:00
202,51.52,51.12,12405724,51.64,51.085,51.2161,49643,2019-06-26 04:00:00
203,51.29,51.08,12375515,51.4,50.965,51.1177,51268,2019-06-27 04:00:00
204,51.27,50.92,16339971,51.4,50.52,50.9636,56139,2019-06-28 04:00:00
205,51.07,51.6,14983248,51.63,50.78,51.4665,59641,2019-07-01 04:00:00
206,51.78,51.98,8560578,52.05,51.55,51.8559,50052,2019-07-02 04:00:00
207,52,52.1,7254002,52.329,52,52.1482,37507,2019-07-03 04:00:00
208,51.89,52.11,8916455,52.12,51.48,51.951,45189,2019-07-05 04:00:00
209,52.2,52,9495784,52.33,51.89,52.022,59002,2019-07-08 04:00:00
210,51.72,51.59,10585575,51.97,51.43,51.6328,45191,2019-07-09 04:00:00
211,51.8,51.82,7621110,51.97,51.655,51.8059,43971,2019-07-10 04:00:00
212,51.99,52.04,10376732,52.06,51.66,51.9125,42681,2019-07-11 04:00:00
213,52.25,52.12,7348275,52.29,51.91,52.1032,34784,2019-07-12 04:00:00
214,52.28,52.13,5876240,52.29,51.865,52.0916,35008,2019-07-15 04:00:00
215,51.96,52.14,7132912,52.47,51.81,52.0652,44889,2019-07-16 04:00:00
216,52.22,52.18,8264473,52.26,52.01,52.1553,42579,2019-07-17 04:00:00
217,52.04,52.03,11912404,52.1651,51.67,51.9962,57941,2019-07-18 04:00:00
218,52.14,51.39,10355899,52.15,51.37,51.6085,46894,2019-07-19 04:00:00
219,51.52,51.22,12095860,51.52,51.13,51.2511,63671,2019-07-22 04:00:00
220,53.25,54.33,33418598,54.635,52.76,53.9966,157722,2019-07-23 04:00:00
221,54.12,53.78,14933741,54.82,53.62,54.051,81222,2019-07-24 04:00:00
222,53.63,53.07,19135156,53.8,52.715,53.1125,91040,2019-07-25 04:00:00
223,53.34,54.17,11452691,54.31,53.19,54.0506,59338,2019-07-26 04:00:00
224,54.17,53.99,12284230,54.295,53.9001,54.0293,49712,2019-07-29 04:00:00
225,53.96,53.72,8127248,54.3,53.565,53.8761,50361,2019-07-30 04:00:00
226,53.51,52.63,16865725,53.51,52.04,52.79,92143,2019-07-31 04:00:00
227,52.78,52.03,19527856,53.2,52.01,52.4714,100726,2019-08-01 04:00:00
228,51.91,52.33,13102506,52.73,51.91,52.3488,78671,2019-08-02 04:00:00
229,52.39,51.65,19986560,52.66,51.4,51.8973,102039,2019-08-05 04:00:00
230,51.87,52.27,19903189,52.759,51.61,52.2186,89919,2019-08-06 04:00:00
231,52.27,53.18,17937246,53.39,51.77,52.8577,102366,2019-08-07 04:00:00
232,53.21,53.69,10799281,53.7835,52.85,53.4943,60801,2019-08-08 04:00:00
233,53.79,53.42,9261090,53.9,53.08,53.4327,51981,2019-08-09 04:00:00
234,53.28,53.14,6418870,53.435,52.99,53.1745,40046,2019-08-12 04:00:00
235,52.9,53.5,8667270,53.61,52.87,53.3054,58114,2019-08-13 04:00:00
236,53.34,52.99,17089232,53.965,52.97,53.3527,86852,2019-08-14 04:00:00
237,53.43,53.87,12393427,54,53.23,53.7777,73590,2019-08-15 04:00:00
238,53.98,54.41,14288707,54.49,53.95,54.313,60703,2019-08-16 04:00:00
239,54.44,54.69,10936740,54.78,54.31,54.6189,49691,2019-08-19 04:00:00
240,54.62,53.88,8325334,54.68,53.84,54.0747,42985,2019-08-20 04:00:00
241,54.25,54.1,11020344,54.41,53.85,54.1044,41569,2019-08-21 04:00:00
242,54.12,54.49,7612020,54.64,54.1,54.4417,44794,2019-08-22 04:00:00
243,54.42,53.74,14354470,54.71,53.39,53.9058,71557,2019-08-23 04:00:00
244,54,54.54,9379649,54.54,53.73,54.2839,51632,2019-08-26 04:00:00
245,54.7,54.72,13704298,54.945,54.41,54.6974,67894,2019-08-27 04:00:00
246,54.66,55.11,10262140,55.15,54.421,54.8495,58415,2019-08-28 04:00:00
247,55.26,55.05,9461367,55.34,54.6,55.0311,53575,2019-08-29 04:00:00
248,55.16,55.04,8929760,55.22,54.81,55.0323,46250,2019-08-30 04:00:00
249,54.98,55.3,13249297,55.33,54.87,55.2089,50716,2019-09-03 04:00:00
250,55.35,55.77,10940756,55.92,55.3,55.6936,51911,2019-09-04 04:00:00
251,55.75,55.12,13933324,55.77,55.03,55.3009,74340,2019-09-05 04:00:00
252,55.44,55.23,9289535,55.44,54.76,55.08,57805,2019-09-06 04:00:00
253,55.03,54.52,11048467,55.08,54.36,54.5942,71102,2019-09-09 04:00:00
254,54.23,54.4,12210547,54.44,53.85,54.1996,81934,2019-09-10 04:00:00
255,54.29,54.77,9866691,54.8,53.9696,54.598,62179,2019-09-11 04:00:00
256,55.1,55.11,12532548,55.31,54.98,55.1508,68135,2019-09-12 04:00:00
257,54.48,54.26,11657041,54.79,54.07,54.3476,65658,2019-09-13 04:00:00
258,54.1,53.96,11315649,54.34,53.63,53.9431,56640,2019-09-16 04:00:00
259,54.1,54.24,11544346,54.697,53.96,54.2716,59037,2019-09-17 04:00:00
260,54.2,54.23,9927407,54.285,53.82,54.1597,48465,2019-09-18 04:00:00
261,54.23,54.52,8274611,54.595,54.13,54.414,39624,2019-09-19 04:00:00
262,54.69,53.91,23753971,54.69,53.9,54.3376,58990,2019-09-20 04:00:00
263,53.91,54.14,6967642,54.36,53.88,54.1589,38281,2019-09-23 04:00:00
264,54.25,54.3,10479834,54.61,54.04,54.2893,56046,2019-09-24 04:00:00
265,54.44,54.17,10424555,54.48,54,54.2135,56191,2019-09-25 04:00:00
266,54.47,54.39,11380203,54.575,54.13,54.376,49853,2019-09-26 04:00:00
267,54.56,54.31,8084816,54.635,54,54.2479,44901,2019-09-27 04:00:00
268,54.15,54.44,9981289,54.68,54.15,54.4189,49363,2019-09-30 04:00:00
269,54.53,54.65,14884928,54.78,54.01,54.4746,77448,2019-10-01 04:00:00
270,54.21,53.08,15607202,54.435,52.9,53.347,86665,2019-10-02 04:00:00
271,53.5,53.84,14400355,53.9773,52.8236,53.6747,75805,2019-10-03 04:00:00
272,54,54.54,10098626,54.54,53.89,54.3774,45080,2019-10-04 04:00:00
273,54.33,53.87,6236030,54.36,53.77,53.9778,41305,2019-10-07 04:00:00
274,53.88,53.58,13667152,54.07,53.45,53.6747,76238,2019-10-08 04:00:00
275,54.06,53.83,7373602,54.065,53.535,53.8294,47090,2019-10-09 04:00:00
276,53.55,53.66,9250119,53.88,53.36,53.6763,48300,2019-10-10 04:00:00
277,53.65,53.3,9591367,53.7,53.195,53.4253,62585,2019-10-11 04:00:00
278,53.49,53.3,7490519,53.68,53.22,53.3751,48714,2019-10-14 04:00:00
279,53.43,53.51,9759558,53.68,53.27,53.4725,54099,2019-10-15 04:00:00
280,53.46,53.49,10845092,53.57,53.1341,53.4162,57981,2019-10-16 04:00:00
281,53.69,53.79,13456428,54.12,53.58,53.8337,72605,2019-10-17 04:00:00
282,55,54.78,19815890,55.39,54.45,54.9438,91847,2019-10-18 04:00:00
283,54.45,54.23,13102212,54.56,53.68,54.1351,75169,2019-10-21 04:00:00
284,54.23,53.85,9751139,54.42,53.74,53.9785,56346,2019-10-22 04:00:00
285,54.06,54.64,8902798,54.66,54.01,54.4512,52983,2019-10-23 04:00:00
286,54.57,54.61,11193792,54.817,54.485,54.64,41107,2019-10-24 04:00:00
287,54.55,53.75,9951702,54.56,53.67,53.8541,57442,2019-10-25 04:00:00
288,53.74,53.57,9050241,53.95,53.37,53.5606,53293,2019-10-28 04:00:00
289,53.39,53.41,8210599,53.66,53.26,53.4538,53760,2019-10-29 04:00:00
290,53.52,53.94,8724114,54.05,53.16,53.8354,56022,2019-10-30 04:00:00
291,53.96,54.43,14081250,54.47,53.85,54.266,56575,2019-10-31 04:00:00
292,54.63,53.9,10129428,54.74,53.85,54.0938,51736,2019-11-01 04:00:00
293,53.96,53.14,17653350,54,52.97,53.2426,78186,2019-11-04 05:00:00
294,52.89,52.42,19541749,52.89,52.12,52.4583,105246,2019-11-05 05:00:00
295,52.53,52.8,13482506,52.8,52.41,52.6604,72946,2019-11-06 05:00:00
296,52.88,52.29,11952700,53,51.96,52.3319,74754,2019-11-07 05:00:00
297,52.46,52.21,7295089,52.6,52.09,52.2392,49454,2019-11-08 05:00:00
298,52.33,51.84,8398351,52.37,51.775,51.9369,51481,2019-11-11 05:00:00
299,51.91,51.71,12899239,51.91,51.5831,51.7271,69018,2019-11-12 05:00:00
300,52.18,52.41,12894507,52.45,51.9612,52.3088,62060,2019-11-13 05:00:00
301,52.53,52.63,8823053,52.67,52.35,52.5562,54795,2019-11-14 05:00:00
302,52.64,52.67,9563623,52.68,52.375,52.5769,48435,2019-11-15 05:00:00
303,52.68,53.03,13956280,53.44,52.67,53.0774,57154,2019-11-18 05:00:00
304,53.15,53.08,12848092,53.31,52.87,53.0626,40746,2019-11-19 05:00:00
305,53.1,53.22,12167398,53.4,53.01,53.2082,57098,2019-11-20 05:00:00
306,53.11,52.96,7990739,53.34,52.775,52.9647,44063,2019-11-21 05:00:00
307,52.96,53.03,9330096,53.1878,52.75,52.9845,46890,2019-11-22 05:00:00
308,53.28,53.22,11087648,53.39,52.77,53.1135,49841,2019-11-25 05:00:00
309,53.31,53.9,13347639,53.94,53.22,53.7229,53550,2019-11-26 05:00:00
310,53.93,53.95,9730737,54.1,53.6,53.9212,47474,2019-11-27 05:00:00
311,53.7,53.4,7381892,53.725,53.22,53.4327,35547,2019-11-29 05:00:00
312,53.32,53.75,13359511,53.75,52.85,53.4495,62166,2019-12-02 05:00:00
313,53.71,53.8,16047279,53.84,53.4,53.6854,74913,2019-12-03 05:00:00
314,53.8,54.29,13796729,54.31,53.72,54.1096,66299,2019-12-04 05:00:00
315,54.21,54.19,14221057,54.29,53.83,54.1193,57074,2019-12-05 05:00:00
316,54.31,54.42,7983939,54.5,54.17,54.3959,44323,2019-12-06 05:00:00
317,54.3,54.07,14064905,54.51,54.02,54.1551,61197,2019-12-09 05:00:00
318,54.04,53.77,9185889,54.07,53.73,53.8625,54510,2019-12-10 05:00:00
319,53.94,53.95,9143674,54.15,53.66,53.9101,51341,2019-12-11 05:00:00
320,54.01,54.14,11407857,54.45,53.94,54.1807,66447,2019-12-12 05:00:00
321,53.94,54.42,13203257,54.55,53.84,54.3172,54180,2019-12-13 05:00:00
322,54.69,54.42,9879347,54.83,54.37,54.5102,49221,2019-12-16 05:00:00
323,54.4,54.42,9393346,54.58,54.29,54.415,45692,2019-12-17 05:00:00
324,54.53,53.91,15318391,54.75,53.885,54.0422,64907,2019-12-18 05:00:00
325,54.04,54.32,15380182,54.34,53.92,54.2409,47690,2019-12-19 05:00:00
326,54.94,54.97,27628530,55.2,54.47,54.9243,69144,2019-12-20 05:00:00
327,55,54.91,9510735,55.24,54.84,54.9508,39780,2019-12-23 05:00:00
328,54.8,54.71,3476375,55,54.64,54.7912,22489,2019-12-24 05:00:00
329,54.92,55.02,6297998,55.02,54.79,54.9669,27144,2019-12-26 05:00:00
330,55.01,55.35,7026476,55.445,55,55.2784,38011,2019-12-27 05:00:00
331,55.18,55.27,6582911,55.385,55.06,55.222,39212,2019-12-30 05:00:00
332,55.2,55.35,8058268,55.38,54.98,55.2406,40808,2019-12-31 05:00:00
333,55.32,54.99,11384635,55.43,54.76,55.0426,57649,2020-01-02 05:00:00
334,54.32,54.69,11711395,54.99,54.09,54.6918,52934,2020-01-03 05:00:00
335,54.65,54.67,14886473,54.905,54.52,54.6675,57247,2020-01-06 05:00:00
336,54.45,54.25,10415422,54.6,54.15,54.2916,53894,2020-01-07 05:00:00
337,54.27,54.35,10833440,54.64,54.15,54.3862,49535,2020-01-08 05:00:00
338,55,55.34,15815619,55.395,54.839,55.206,76798,2020-01-09 05:00:00
339,55.48,55.53,13324283,55.93,55.45,55.6383,59921,2020-01-10 05:00:00
340,55.53,56.13,14564812,56.23,55.42,56.0207,59657,2020-01-13 05:00:00
341,56.24,56,16612853,56.292,55.83,55.9891,64105,2020-01-14 05:00:00
342,56,56.7,17914341,56.98,56,56.6773,62493,2020-01-15 05:00:00
343,56.85,56.82,10409589,56.95,56.605,56.7683,45660,2020-01-16 05:00:00
344,56.87,56.94,16084285,57.15,56.8,56.932,52408,2020-01-17 05:00:00
345,56.85,57.17,12241542,57.245,56.5745,57.0363,54029,2020-01-21 05:00:00
346,57.25,57.61,13058793,57.64,57.1799,57.5088,54193,2020-01-22 05:00:00
347,57.38,57.83,13026813,57.845,57.24,57.6481,61420,2020-01-23 05:00:00
348,57.85,57.68,8810607,57.87,57.46,57.6544,53708,2020-01-24 05:00:00
349,57.21,57.48,14568283,57.85,57.13,57.5802,78040,2020-01-27 05:00:00
350,57.45,57.01,15381007,57.75,56.97,57.1817,73188,2020-01-28 05:00:00
351,57,57.01,13334752,57.2571,56.66,57.0135,69975,2020-01-29 05:00:00
352,57.93,58.86,20558803,58.98,57.76,58.5901,106616,2020-01-30 05:00:00
353,58.97,58.4,18005898,59.075,58.145,58.5426,91053,2020-01-31 05:00:00
354,58.75,58.58,12647895,58.97,58.52,58.7118,72693,2020-02-03 05:00:00
355,58.75,58.84,15704877,59.45,58.62,58.9984,80523,2020-02-04 05:00:00
356,58.9,58.85,11574263,59.08,58.535,58.833,70704,2020-02-05 05:00:00
357,58.98,58.99,9591973,59.34,58.84,59.1232,57511,2020-02-06 05:00:00
358,58.88,59.19,8972870,59.315,58.85,59.161,50623,2020-02-07 05:00:00
359,59.32,59.75,8249042,59.84,59.285,59.6732,49651,2020-02-10 05:00:00
360,59.72,59.59,7594559,59.8,59.32,59.6079,56174,2020-02-11 05:00:00
361,59.48,59.41,9444838,59.765,59.315,59.4891,54192,2020-02-12 05:00:00
362,59.38,59.61,8320895,59.84,59.21,59.6294,49654,2020-02-13 05:00:00
363,59.63,59.95,10093915,60.07,59.62,59.9019,47875,2020-02-14 05:00:00
364,59.81,59.53,10564735,59.93,59.45,59.6142,49009,2020-02-18 05:00:00
365,59.51,59.77,6425946,60,59.47,59.7912,43767,2020-02-19 05:00:00
366,59.68,59.72,7734851,59.86,59.11,59.5588,49584,2020-02-20 05:00:00
367,59.51,60.13,11606176,60.13,59.43,59.9373,55732,2020-02-21 05:00:00
368,59.11,58.65,14865812,59.8,58.57,59.1043,85374,2020-02-24 05:00:00
369,58.7,57.82,16174751,59.2,57.62,58.2769,102217,2020-02-25 05:00:00
370,57.98,57.6,16123428,58.47,57.475,57.8445,89256,2020-02-26 05:00:00
371,57.15,54.93,24071479,57.89,54.88,56.0204,145148,2020-02-27 05:00:00
372,53.83,53.49,41434526,53.89,51.58,52.93,265244,2020-02-28 05:00:00
373,53.93,55.92,26072201,55.96,53.7,54.9834,158603,2020-03-02 05:00:00
374,56.76,56.06,27524046,57.49,55.64,56.36,186896,2020-03-03 05:00:00
375,56.41,58.92,20879862,59,56.41,58.1848,111124,2020-03-04 05:00:00
376,57.8,56.74,18252769,58.17,56.19,57.0662,127410,2020-03-05 05:00:00
377,54.94,55.26,22821975,55.91,53.98,54.9972,157330,2020-03-06 05:00:00
378,52.05,51.86,28275464,53.58,51.475,52.3729,211026,2020-03-09 04:00:00
379,53.22,53.66,27849781,53.795,51.17,52.6161,214044,2020-03-10 04:00:00
380,52.35,52.21,22984855,52.65,51.14,52.0231,168334,2020-03-11 04:00:00
381,48.54,47.16,32516569,49.93,46.69,47.8433,216267,2020-03-12 04:00:00
382,49.51,48.47,34176986,49.56,46.605,48.1566,209666,2020-03-13 04:00:00
383,42.24,45.26,28682475,47.88,41.17,45.6483,204982,2020-03-16 04:00:00
384,45.88,47.18,32688064,47.5,45.37,46.5126,238200,2020-03-17 04:00:00
385,44.74,44.85,35780787,45.15,41.59,43.0917,253252,2020-03-18 04:00:00
386,44.36,41.83,42404788,44.66,41.04,42.0544,270283,2020-03-19 04:00:00
387,41.95,38.3,55118262,42.07,37.51,40.2184,368798,2020-03-20 04:00:00
388,38.755,37.56,46028880,38.8862,36.27,37.5779,299588,2020-03-23 04:00:00
389,41.22,39.45,49895995,41.4,38.83,39.9354,278668,2020-03-24 04:00:00
390,40.63,41.61,43380453,43.45,39.91,41.7008,295933,2020-03-25 04:00:00
391,42.84,44.29,38363815,45.27,42.45,44.1688,235522,2020-03-26 04:00:00
392,43.66,42.81,23752366,44.03,42.4,43.2141,161165,2020-03-27 04:00:00
393,43.04,45,23965402,45.56,43.04,44.5277,157418,2020-03-30 04:00:00
394,45.07,44.25,25763763,45.51,44.06,44.5991,150413,2020-03-31 04:00:00
395,42.48,42.12,22638858,43.65,41.8,42.515,156506,2020-04-01 04:00:00
396,42.22,43.95,17946932,44.19,41.8623,43.3102,140410,2020-04-02 04:00:00
397,43.58,43.83,14543553,44.335,43.31,43.7434,101473,2020-04-03 04:00:00
398,45.39,46.67,23371066,47.01,44.69,46.0839,153352,2020-04-06 04:00:00
399,48.5,46.51,21854950,48.6,46.48,47.4256,142843,2020-04-07 04:00:00
400,46.64,47.82,19248186,48.09,46.33,47.2733,141516,2020-04-08 04:00:00
401,48.44,49,19523621,49.73,48.35,49.1831,147095,2020-04-09 04:00:00
402,48.35,46.93,19981920,48.64,46.5,47.1147,149648,2020-04-13 04:00:00
403,47.94,48.92,22295767,49.25,46.93,48.2674,162514,2020-04-14 04:00:00
404,47.71,47.61,13346885,48.4,47.41,47.7115,103616,2020-04-15 04:00:00
405,47.4,47.1,17934423,47.85,46.76,47.1348,123364,2020-04-16 04:00:00
406,48.3,48.06,20794303,48.3,47.37,47.8965,126378,2020-04-17 04:00:00
407,47.79,46.53,19397381,48,46.31,47.2173,138019,2020-04-20 04:00:00
408,45.88,45.38,27386044,46.9014,44.26,45.5754,181802,2020-04-21 04:00:00
409,46.05,45.68,16185269,46.145,45.5,45.7531,108740,2020-04-22 04:00:00
410,45.95,45.07,18057988,46.1,44.97,45.5455,118185,2020-04-23 04:00:00
411,45.5,45.43,15487787,45.75,45.1201,45.3601,109303,2020-04-24 04:00:00
412,46,46.78,19534156,46.975,45.71,46.4927,124753,2020-04-27 04:00:00
413,47.9,46.74,17697559,48,46.57,47.1558,119240,2020-04-28 04:00:00
414,47.27,47.12,16047850,47.86,46.88,47.3785,112221,2020-04-29 04:00:00
415,47,45.89,21244861,47,45.7,46.0522,142160,2020-04-30 04:00:00
416,45.62,45.6,14507070,46.39,45.21,45.6403,104460,2020-05-01 04:00:00
417,45.32,45.14,22835556,45.48,44.6,44.9194,131293,2020-05-04 04:00:00
418,45.36,45.4,13669662,46.1,45.15,45.6464,103650,2020-05-05 04:00:00
419,45.4,44.75,12265676,45.63,44.72,45.078,98711,2020-05-06 04:00:00
420,45.15,44.6,16721688,45.24,44.5,44.8249,121703,2020-05-07 04:00:00
421,45.08,46.11,14273869,46.22,44.88,45.8728,98998,2020-05-08 04:00:00
422,45.69,45.54,11289162,46.11,45.52,45.722,87226,2020-05-11 04:00:00
423,45.6,44.82,13792891,45.85,44.8,45.1941,97860,2020-05-12 04:00:00
424,44.71,43.94,16173348,44.78,43.5217,44.0263,133288,2020-05-13 04:00:00
425,43.38,43.7,18403948,44.06,43.23,43.6474,135225,2020-05-14 04:00:00
426,43.96,43.26,32249389,44.69,43.2,43.7121,161319,2020-05-15 04:00:00
427,44.82,44.97,26813377,45.39,44.13,44.9396,148309,2020-05-18 04:00:00
428,45.01,44.54,18321608,45.33,44.25,44.8569,121295,2020-05-19 04:00:00
429,45.2,45.89,22659721,46.17,45.02,45.7878,140353,2020-05-20 04:00:00
430,46.08,45.17,13543945,46.09,45.03,45.417,106726,2020-05-21 04:00:00
431,45.22,45.03,13245942,45.305,44.65,44.9284,96373,2020-05-22 04:00:00
432,46.92,46.09,23033872,46.93,45.93,46.3541,157660,2020-05-26 04:00:00
433,47,46.73,18896426,47.09,46.165,46.6639,134654,2020-05-27 04:00:00
434,47.3,47.09,16734507,47.46,46.82,47.1832,114185,2020-05-28 04:00:00
435,46.68,46.68,51489438,47.19,46.14,46.6266,185338,2020-05-29 04:00:00
436,46.66,46.99,17298310,47.23,46.59,46.9628,105068,2020-06-01 04:00:00
437,47.16,46.9,15577394,47.28,46.56,46.8802,102594,2020-06-02 04:00:00
438,47.27,47.9,15780583,48.115,47.12,47.8161,108651,2020-06-03 04:00:00
439,47.94,47.92,14119923,48.265,47.38,47.9357,112292,2020-06-04 04:00:00
440,48.54,49.09,20945712,49.49,48.46,49.064,146535,2020-06-05 04:00:00
441,49.54,49.85,20189935,49.97,49.47,49.7317,134603,2020-06-08 04:00:00
442,49.59,49,17103564,49.59,48.68,49.0245,125518,2020-06-09 04:00:00
443,49.16,48.62,16134475,49.265,48.57,48.8343,115521,2020-06-10 04:00:00
444,47.81,45.54,26515157,47.92,45.46,46.2634,217765,2020-06-11 04:00:00
445,46.21,45.6,22393894,46.25,45.01,45.6512,162742,2020-06-12 04:00:00
446,44.57,46.3,16310855,46.45,44.47,45.6117,119804,2020-06-15 04:00:00
447,47.56,46.77,19277210,47.685,46.19,46.965,126949,2020-06-16 04:00:00
448,46.78,46.58,12997134,47.06,46.44,46.6747,86254,2020-06-17 04:00:00
449,46.3,46.99,9557195,47.04,46.07,46.6956,77979,2020-06-18 04:00:00
450,47.77,46.02,34111217,47.79,46.02,46.7083,128076,2020-06-19 04:00:00
451,46.03,45.74,21128854,46.15,45.38,45.6773,126165,2020-06-22 04:00:00
452,46,45.64,15092492,46.29,45.58,45.924,110230,2020-06-23 04:00:00
453,45.37,44.65,17920222,45.44,44.5,44.8282,153000,2020-06-24 04:00:00
454,44.47,44.93,14152449,44.98,44.03,44.5274,115328,2020-06-25 04:00:00
455,44.92,43.57,22191297,45.01,43.51,43.8999,142268,2020-06-26 04:00:00
456,44,44.36,18040081,44.57,43.55,44.2054,113904,2020-06-29 04:00:00
457,44.25,44.68,23967851,44.83,44.04,44.4689,113180,2020-06-30 04:00:00
458,44.93,44.82,14848346,45.53,44.71,45.0835,108079,2020-07-01 04:00:00
459,45.29,44.88,15340064,45.43,44.8,45.0026,95963,2020-07-02 04:00:00
460,45.14,45.23,15568043,45.27,44.605,45.0287,107129,2020-07-06 04:00:00
461,45,45.21,13276200,45.495,44.8,45.1828,85581,2020-07-07 04:00:00
462,45.14,45.07,14138936,45.18,44.47,44.9002,96071,2020-07-08 04:00:00
463,45.05,43.91,16436220,45.05,43.825,44.181,125945,2020-07-09 04:00:00
464,43.88,45.15,16019839,45.25,43.86,44.7317,94884,2020-07-10 04:00:00
465,45.53,45.25,17148667,45.675,44.96,45.3264,107960,2020-07-13 04:00:00
466,44.91,45.87,17471532,45.94,44.6711,45.5243,118427,2020-07-14 04:00:00
467,46.3,46.4,24136637,47.19,46.2,46.6224,145760,2020-07-15 04:00:00
468,46.26,46.15,13588573,46.69,45.94,46.2499,85323,2020-07-16 04:00:00
469,46.47,46.82,14928568,46.91,46.125,46.6042,83729,2020-07-17 04:00:00
470,46.72,46.12,16928057,46.83,45.85,46.1343,121176,2020-07-20 04:00:00
471,47.52,47.2,26326530,47.99,46.931,47.3701,167293,2020-07-21 04:00:00
472,47.93,48.48,30367412,48.515,47.03,48.064,154921,2020-07-22 04:00:00
473,48.47,48.28,16239237,48.5682,48.03,48.2796,98711,2020-07-23 04:00:00
474,48.4,48.49,16510410,48.8,48.07,48.3646,103531,2020-07-24 04:00:00
475,48.18,48.48,17625029,48.51,48.18,48.4153,87643,2020-07-27 04:00:00
476,48.34,48.18,14089507,49.28,48.1,48.5142,99167,2020-07-28 04:00:00
477,48.14,48.02,13983197,48.5,47.82,48.0728,88738,2020-07-29 04:00:00
478,47.67,47.69,17503943,48.23,47.2,47.6752,121539,2020-07-30 04:00:00
479,47.44,47.24,15077253,47.77,46.73,47.1063,90715,2020-07-31 04:00:00
480,47.14,46.3,14398157,47.36,46.23,46.4927,107861,2020-08-03 04:00:00
481,46.29,46.69,11974940,46.86,46.22,46.5825,78533,2020-08-04 04:00:00
482,46.9,47.22,10819145,47.265,46.81,47.1144,70643,2020-08-05 04:00:00
483,46.66,47.48,11142033,47.53,46.6,47.2478,72659,2020-08-06 04:00:00
484,47.47,47.8,11859399,48.08,47.21,47.7385,71977,2020-08-07 04:00:00
485,48.06,47.72,12170297,48.275,47.66,47.8397,68851,2020-08-10 04:00:00
486,48.46,47.93,16875834,48.6527,47.7,48.0225,93048,2020-08-11 04:00:00
487,48.3,48.43,9768785,48.69,48.12,48.4436,67520,2020-08-12 04:00:00
488,48.26,48.38,10169239,48.73,48.06,48.4593,71445,2020-08-13 04:00:00
489,48.34,48.45,10352009,48.69,48.03,48.4249,59140,2020-08-14 04:00:00
490,48.32,48.21,9315324,48.75,48.2,48.3747,62425,2020-08-17 04:00:00
491,48.2,48.42,10057943,48.5,47.96,48.3171,67541,2020-08-18 04:00:00
492,48.12,47.37,17694162,48.38,47.22,47.7439,106333,2020-08-19 04:00:00
493,47.27,47.35,11505474,47.6,47.0923,47.3209,79514,2020-08-20 04:00:00
494,47.34,47.28,15526337,47.495,46.97,47.2529,75250,2020-08-21 04:00:00
495,47.43,47.97,9576578,47.98,47.175,47.7069,69019,2020-08-24 04:00:00
496,48,47.91,8169791,48.05,47.65,47.8824,58005,2020-08-25 04:00:00
497,47.76,48.16,10351643,48.18,47.47,47.9291,68771,2020-08-26 04:00:00
498,48.25,48.23,11179529,48.82,48.2,48.3954,80295,2020-08-27 04:00:00
499,48.75,49.83,16828694,49.85,48.53,49.2518,113213,2020-08-28 04:00:00
500,49.8,49.53,18885695,50.07,49.35,49.6528,105437,2020-08-31 04:00:00
501,49.31,49.12,12998929,49.35,48.83,49.0842,106929,2020-09-01 04:00:00
502,49.36,51.19,26650382,51.36,49.36,50.8679,165865,2020-09-02 04:00:00
503,51.4,50.48,22689634,52.1378,50.1,50.9038,162574,2020-09-03 04:00:00
504,50.94,51.04,21325118,51.465,50.28,50.951,145157,2020-09-04 04:00:00
505,50.93,49.81,18187208,51.04,49.36,49.9178,140630,2020-09-08 04:00:00
506,49.6,50.19,15643377,50.755,49.55,50.1777,88970,2020-09-09 04:00:00
507,50.35,50,15802313,50.675,49.95,50.2395,113478,2020-09-10 04:00:00
508,50.4,51.06,18589652,51.2,50.1,50.7992,114343,2020-09-11 04:00:00
509,50.97,50.71,11209149,51.23,50.57,50.8394,81702,2020-09-14 04:00:00
510,51,51.05,13117136,51.38,50.84,51.0672,75351,2020-09-15 04:00:00
511,50.95,50.79,15394698,51.4462,50.74,51.0393,81304,2020-09-16 04:00:00
512,50.22,50.55,13717250,50.63,49.94,50.3847,105480,2020-09-17 04:00:00
513,50.75,50.45,27515497,51.155,50.21,50.6635,96930,2020-09-18 04:00:00
514,49.75,49.09,17746428,50.02,48.605,49.0237,127566,2020-09-21 04:00:00
515,49.11,49.66,13325613,50.035,49.07,49.558,85219,2020-09-22 04:00:00
516,49.73,48.21,17301886,49.92,48.17,48.7087,95317,2020-09-23 04:00:00
517,48.21,48.7,17091378,49.1,47.56,48.5725,104644,2020-09-24 04:00:00
518,48.2,48.72,12803899,48.76,47.98,48.4065,92848,2020-09-25 04:00:00
519,49.31,49.28,11440629,49.71,49.14,49.3876,81388,2020-09-28 04:00:00
520,49.39,48.92,12640026,49.555,48.91,49.1151,77818,2020-09-29 04:00:00
521,49.27,49.37,15910405,49.62,48.8916,49.342,83572,2020-09-30 04:00:00
522,49.44,49.18,18054904,49.6577,48.59,49.1024,122434,2020-10-01 04:00:00
523,48.76,49.36,13910339,49.58,48.55,49.2334,93131,2020-10-02 04:00:00
524,49.43,49.38,10822767,49.55,49.12,49.3294,74114,2020-10-05 04:00:00
525,49.55,48.94,10233241,49.725,48.83,49.2554,79362,2020-10-06 04:00:00
526,49.02,49.56,10390031,49.76,48.95,49.4537,73912,2020-10-07 04:00:00
527,49.71,50.46,12429893,50.54,49.535,50.2769,75220,2020-10-08 04:00:00
528,50.67,50.81,11590553,51.23,50.6,50.8711,80872,2020-10-09 04:00:00
529,50.84,51.09,11709144,51.525,50.83,51.1501,70360,2020-10-12 04:00:00
530,50.99,50.22,14702135,50.99,49.9,50.2858,90053,2020-10-13 04:00:00
531,50.05,50.12,10829133,50.49,49.65,50.0665,83801,2020-10-14 04:00:00
532,49.4,49.99,10240918,50.13,49.3,49.8756,74591,2020-10-15 04:00:00
533,49.99,50.03,14647321,50.35,49.87,50.1097,79301,2020-10-16 04:00:00
534,50.03,49.62,10222223,50.48,49.46,49.8454,71759,2020-10-19 04:00:00
535,49.89,50.25,11148114,50.62,49.79,50.2545,90230,2020-10-20 04:00:00
536,49.96,49.99,12682674,50.43,49.77,50.0433,90427,2020-10-21 04:00:00
537,51.17,50.68,20712129,51.2,50.38,50.7715,127434,2020-10-22 04:00:00
538,51,50.52,13739084,51.18,50.465,50.7268,89884,2020-10-23 04:00:00
539,50.34,49.8,14941301,50.51,49.2,49.6804,113681,2020-10-26 04:00:00
540,49.81,49.9,13813261,50.285,49.5533,49.9229,86898,2020-10-27 04:00:00
541,49,47.96,20161210,49.15,47.78,48.2177,158130,2020-10-28 04:00:00
542,47.73,48.02,15609125,48.475,47.3,48.0194,120509,2020-10-29 04:00:00
543,47.81,48.06,15992892,48.1216,47.365,47.8142,111534,2020-10-30 04:00:00
544,48.75,48.62,15397643,48.95,48.24,48.6194,94863,2020-11-02 05:00:00
545,49.22,49.35,15420394,49.96,49,49.4972,100357,2020-11-03 05:00:00
546,49.43,49.17,13167731,50.21,49.08,49.5337,94377,2020-11-04 05:00:00
547,49.76,49.44,12753890,50.21,49.34,49.6528,90283,2020-11-05 05:00:00
548,49.65,49.45,9501489,49.99,49.25,49.5797,72625,2020-11-06 05:00:00
549,52.5,52.57,34595687,53.26,52.07,52.7772,238072,2020-11-09 05:00:00
550,52.57,53.98,30077555,54.28,52.45,53.6918,167621,2020-11-10 05:00:00
551,53.93,53.58,17804590,54.3,53.33,53.7387,105028,2020-11-11 05:00:00
552,53.05,53.01,15346799,53.21,52.605,52.9265,100077,2020-11-12 05:00:00
553,53.25,53.45,12640521,53.5,52.8901,53.2431,70946,2020-11-13 05:00:00
554,54.5,53.85,15392733,54.62,53.28,53.7815,98172,2020-11-16 05:00:00
555,53.66,53.68,14452374,53.75,53.025,53.5247,88468,2020-11-17 05:00:00
556,53.75,52.61,15574084,54.02,52.56,53.1788,98953,2020-11-18 05:00:00
557,52.49,53.13,17464919,53.23,51.95,52.7672,116668,2020-11-19 05:00:00
558,53.19,52.67,16375389,53.25,52.59,52.8862,96946,2020-11-20 05:00:00
559,52.95,52.68,13457921,53.17,52.2,52.6267,93391,2020-11-23 05:00:00
560,53.14,53.22,14122480,53.59,53.02,53.2358,93577,2020-11-24 05:00:00
561,53.07,52.93,10410435,53.28,52.79,52.9991,81200,2020-11-25 05:00:00
562,53.11,52.7,8499289,53.19,52.61,52.805,61394,2020-11-27 05:00:00
563,52.09,51.6,43455872,52.19,51.08,51.5225,147720,2020-11-30 05:00:00
564,52.14,52.04,19208739,52.33,51.785,52.0444,99757,2020-12-01 05:00:00
565,51.9,52.11,15129242,52.13,51.635,51.9588,88488,2020-12-02 05:00:00
566,51.9,52.78,17537813,52.94,51.9,52.5757,99459,2020-12-03 05:00:00
567,52.78,53.85,18404677,53.87,52.76,53.4962,103946,2020-12-04 05:00:00
568,53.76,52.99,16463329,53.78,52.7,52.9757,92880,2020-12-07 05:00:00
569,52.94,53.18,12749194,53.48,52.785,53.1889,74135,2020-12-08 05:00:00
570,53.37,53.33,11798578,53.6,53,53.3083,77680,2020-12-09 05:00:00
571,53.4,53.05,12405397,53.51,52.98,53.1477,68053,2020-12-10 05:00:00
572,52.8,53.35,10884463,53.54,52.78,53.3111,75467,2020-12-11 05:00:00
573,53.65,53.27,22509796,53.84,53.18,53.3894,111456,2020-12-14 05:00:00
574,53.79,53.84,16597200,54.22,53.595,53.9146,98089,2020-12-15 05:00:00
575,53.6,53.06,15988691,53.8,52.94,53.1913,101745,2020-12-16 05:00:00
576,53.3,53.27,12936854,53.71,53.15,53.3159,79601,2020-12-17 05:00:00
577,53.08,53.74,38609991,53.84,52.62,53.4016,111192,2020-12-18 05:00:00
578,52.68,52.81,15262727,53,51.98,52.6492,98492,2020-12-21 05:00:00
579,52.81,52.76,9929167,53.18,52.39,52.8421,73417,2020-12-22 05:00:00
580,52.95,53.08,7212814,53.3861,52.94,53.1386,58827,2020-12-23 05:00:00
581,53.02,53.44,3362097,53.55,53.02,53.3153,27404,2020-12-24 05:00:00
582,53.85,54.16,9265757,54.435,53.73,54.0591,62878,2020-12-28 05:00:00
583,54.45,54.13,8527738,54.49,54.02,54.1965,65843,2020-12-29 05:00:00
584,54.05,54.44,8280784,54.63,54.03,54.4531,56100,2020-12-30 05:00:00
585,54.45,54.84,8627594,54.93,54.27,54.6426,59137,2020-12-31 05:00:00
586,54.27,52.76,26166276,54.63,52.03,52.8129,202946,2021-01-04 05:00:00
587,52.33,52.18,20758253,52.62,52.03,52.2279,135783,2021-01-05 05:00:00
588,51.97,50.52,39203856,52.02,50.1879,50.683,271562,2021-01-06 05:00:00
589,50.09,49.96,54156939,50.255,49.52,49.8957,286453,2021-01-07 05:00:00
590,50.03,51.08,30229342,51.125,49.84,50.5483,177834,2021-01-08 05:00:00
591,50.62,50.2,19725685,50.86,49.95,50.2399,138220,2021-01-11 05:00:00
592,50.04,50.11,19080929,50.3684,49.76,50.0499,123010,2021-01-12 05:00:00
593,49.98,50.16,19200461,50.36,49.9533,50.1822,98188,2021-01-13 05:00:00
594,50.16,49.23,34680307,50.18,49.22,49.4687,186246,2021-01-14 05:00:00
595,49.155,48.7,25861005,49.1799,48.53,48.7943,177554,2021-01-15 05:00:00
596,48.74,48.51,29755932,49.04,48.24,48.4523,176814,2021-01-19 05:00:00
597,48.54,48.68,23662256,48.82,48.31,48.5411,147836,2021-01-20 05:00:00
598,48.78,48.95,20142325,49.09,48.46,48.8642,129510,2021-01-21 05:00:00
599,48.81,48.49,15834006,48.94,48.49,48.6358,104629,2021-01-22 05:00:00
600,48.42,48.78,17063737,48.84,48.24,48.624,124623,2021-01-25 05:00:00
601,48.91,49.29,13233102,49.4,48.61,49.1349,93378,2021-01-26 05:00:00
602,48.89,48.53,21631736,49.32,48.23,48.6189,167934,2021-01-27 05:00:00
603,48.69,49.15,17831913,49.5,48.61,49.1918,134833,2021-01-28 05:00:00
604,49.03,48.15,19080281,49.12,48.11,48.3879,134812,2021-01-29 05:00:00
605,48.27,48.48,12538856,48.69,48.18,48.4854,102598,2021-02-01 05:00:00
606,48.8,48.96,13600764,49.35,48.63,49.0724,94377,2021-02-02 05:00:00
607,48.95,48.77,12677605,49.0883,48.67,48.8664,87501,2021-02-03 05:00:00
608,48.96,49.01,20917666,49.07,48.65,48.9092,108240,2021-02-04 05:00:00
609,49.5,49.65,13100853,49.78,49.27,49.6215,102421,2021-02-05 05:00:00
610,49.96,49.92,18414362,50.17,49.49,49.7925,122470,2021-02-08 05:00:00
611,49.85,49.7,14998959,50.02,49.63,49.7852,102654,2021-02-09 05:00:00
612,50.41,49.6,23625176,50.58,49.53,49.9365,143715,2021-02-10 05:00:00
613,49.81,50.3,22322348,50.59,49.8,50.2735,123138,2021-02-11 05:00:00
614,50.57,50.69,13636684,50.8481,50.39,50.6312,93006,2021-02-12 05:00:00
615,50.62,50.27,15647342,50.72,50.16,50.4203,106393,2021-02-16 05:00:00
616,50,50.13,13300819,50.485,49.885,50.2561,97191,2021-02-17 05:00:00
617,50.16,50.77,13063340,50.845,50.0316,50.5391,92567,2021-02-18 05:00:00
618,50.79,50.11,16792270,50.825,49.97,50.3833,101139,2021-02-19 05:00:00
619,49.85,50.63,14711569,50.88,49.67,50.4637,101498,2021-02-22 05:00:00
620,51,50.54,16752961,51.51,50.42,50.7779,128240,2021-02-23 05:00:00
621,50.39,50.71,14754756,50.9,50.13,50.6122,97376,2021-02-24 05:00:00
622,50.47,50.17,14531465,50.745,49.98,50.2639,105665,2021-02-25 05:00:00
623,50.2,48.99,23850278,50.21,48.97,49.4483,146479,2021-02-26 05:00:00
624,49.44,49.9,14257137,50.44,49.4,50.036,101533,2021-03-01 05:00:00
625,49.84,50.1,11986088,50.56,49.7,50.1403,88725,2021-03-02 05:00:00
626,49.72,49.98,15795333,50.56,49.71,50.1444,100388,2021-03-03 05:00:00
627,50.31,49.94,22436539,51.09,49.62,50.3048,157792,2021-03-04 05:00:00
628,50.05,50.79,21574372,50.95,49.9,50.5169,141651,2021-03-05 05:00:00
629,51.47,51.64,25639142,52.49,51.16,51.8719,158437,2021-03-08 05:00:00
630,51.72,50.86,23415230,51.88,50.82,51.213,145742,2021-03-09 05:00:00
631,51.18,51.44,21754678,51.63,50.715,51.2011,123381,2021-03-10 05:00:00
632,51.41,50.88,17823320,51.43,50.81,51.0215,115078,2021-03-11 05:00:00
633,50.59,50.36,17902324,50.679,50.2,50.4095,110114,2021-03-12 05:00:00
634,50.5,51.03,13709945,51.12,50.47,50.8789,95829,2021-03-15 04:00:00
635,51.2,51.22,14512351,51.52,51.04,51.2662,93781,2021-03-16 04:00:00
636,51.25,51.24,17798842,51.62,51.15,51.3226,105518,2021-03-17 04:00:00
637,51.06,50.57,18277732,51.19,50.485,50.7293,113304,2021-03-18 04:00:00
638,50.46,50.81,70544138,51.08,50.17,50.7029,153823,2021-03-19 04:00:00
639,50.32,51,18372592,51.08,50.32,50.8568,99687,2021-03-22 04:00:00
640,50.99,51.39,17182774,51.65,50.825,51.3183,104006,2021-03-23 04:00:00
641,51.17,51.52,15268533,51.89,51.15,51.6034,98157,2021-03-24 04:00:00
642,51.7,52.02,17325463,52.06,51.17,51.7614,107694,2021-03-25 04:00:00
643,52.14,53.04,17355928,53.11,51.76,52.5898,113364,2021-03-26 04:00:00
644,52.73,53.85,17928888,53.94,52.71,53.5497,115522,2021-03-29 04:00:00
645,53.75,53.15,15150171,53.79,52.925,53.2004,105593,2021-03-30 04:00:00
646,53.03,52.71,16073038,53.17,52.5,52.7573,91503,2021-03-31 04:00:00
647,52.96,52.51,16288460,53.15,52.455,52.694,101746,2021-04-01 04:00:00
648,52.35,52.81,16749108,53.215,52.29,52.884,109898,2021-04-05 04:00:00
649,53.04,53.19,15950897,53.65,52.9,53.3056,97669,2021-04-06 04:00:00
650,53.28,53.28,10377009,53.5,53.12,53.2616,61824,2021-04-07 04:00:00
651,53.17,53.12,9988128,53.38,52.97,53.1586,66878,2021-04-08 04:00:00
652,53.17,53.18,11044613,53.28,52.81,53.0473,68656,2021-04-09 04:00:00
653,53.33,53.35,8920265,53.55,53.095,53.299,74854,2021-04-12 04:00:00
654,53.04,53.09,11450210,53.285,52.81,53.1011,79567,2021-04-13 04:00:00
655,52.98,53.08,10012185,53.19,52.645,53.0262,77701,2021-04-14 04:00:00
656,53.13,53.33,13314714,53.66,53.12,53.3955,84022,2021-04-15 04:00:00
657,53.74,53.68,19207485,53.8,53.375,53.6377,90556,2021-04-16 04:00:00
658,54,54,19873191,54.3582,53.3,53.9585,125329,2021-04-19 04:00:00
659,53.84,54.17,14632200,54.59,53.81,54.2389,109158,2021-04-20 04:00:00
660,54.24,54.61,14215677,54.74,54.24,54.5787,86460,2021-04-21 04:00:00
661,54.47,54.44,12820947,54.865,54.315,54.5581,90336,2021-04-22 04:00:00
662,54.4,54.47,9186887,54.59,54.17,54.4409,69618,2021-04-23 04:00:00
663,54.47,53.66,12042564,54.51,53.58,53.8561,88846,2021-04-26 04:00:00
664,53.56,53.58,10125100,53.7,53.32,53.5647,70556,2021-04-27 04:00:00
665,53.98,53.59,11137574,54.047,53.435,53.6593,75296,2021-04-28 04:00:00
666,53.54,54.26,15780430,54.36,53.43,54.0803,87138,2021-04-29 04:00:00
667,54.25,53.98,15127831,54.27,53.69,53.969,79346,2021-04-30 04:00:00
668,54.27,54.48,10619497,54.795,54.16,54.5528,84091,2021-05-03 04:00:00
669,54.57,54.14,14325776,54.62,53.94,54.1878,99499,2021-05-04 04:00:00
670,54.14,54,9951160,54.24,53.713,53.9561,70047,2021-05-05 04:00:00
671,54.12,54.54,11775622,54.605,54.05,54.4091,78136,2021-05-06 04:00:00
672,54.44,54.51,10856587,54.77,54.16,54.4901,72123,2021-05-07 04:00:00
673,54.88,54.91,15830615,55.495,54.831,55.097,97721,2021-05-10 04:00:00
674,55.03,54.32,13342582,55.14,54.045,54.4182,99417,2021-05-11 04:00:00
675,54.36,54.04,16053987,54.555,53.875,54.1715,102564,2021-05-12 04:00:00
676,53.97,54.51,15709293,54.775,53.83,54.4969,102385,2021-05-13 04:00:00
677,54.9,54.73,12037801,55.1,54.69,54.8321,80543,2021-05-14 04:00:00
678,54.84,54.64,12340165,55.02,54.5,54.7177,83779,2021-05-17 04:00:00
679,54.39,54.34,13462331,54.5599,54.1,54.3415,93193,2021-05-18 04:00:00
680,54.12,54.17,15424857,54.18,53.61,53.9642,99822,2021-05-19 04:00:00
681,54.12,54.65,11155185,54.8,54.12,54.5954,78350,2021-05-20 04:00:00
682,54.8,54.62,16567858,55.115,54.22,54.6128,97131,2021-05-21 04:00:00
683,54.63,54.8,10502775,54.93,54.49,54.7613,67847,2021-05-24 04:00:00
684,54.82,54.79,12085319,54.82,54.345,54.6516,86397,2021-05-25 04:00:00
685,54.98,55.03,16373185,55.05,54.59,54.9152,96742,2021-05-26 04:00:00
686,55.21,55.49,59443399,55.57,54.775,55.3643,126588,2021-05-27 04:00:00
687,55.35,55.29,17257410,55.71,55.2,55.3689,100331,2021-05-28 04:00:00
688,55.34,55.28,13692963,55.65,55.095,55.2894,87930,2021-06-01 04:00:00
689,55.5,55.5,11541081,55.56,55.26,55.4357,79831,2021-06-02 04:00:00
690,55.18,55.64,17543568,55.74,55.1,55.4416,83703,2021-06-03 04:00:00
691,55.9,56.24,19233687,56.48,55.78,56.2505,98635,2021-06-04 04:00:00
692,56.31,56.04,14260742,56.34,55.81,56.0222,71014,2021-06-07 04:00:00
693,56.25,55.65,11090093,56.25,55.545,55.7454,79895,2021-06-08 04:00:00
694,55.75,55.48,9970130,55.92,55.48,55.6469,66747,2021-06-09 04:00:00
695,55.91,55.91,12689499,56.12,55.76,55.94,68112,2021-06-10 04:00:00
696,55.99,56.16,12012165,56.21,55.655,55.9719,73518,2021-06-11 04:00:00
697,55.69,55.55,9966383,55.71,55.2,55.3843,73211,2021-06-14 04:00:00
698,55.78,55.41,11417835,55.79,55.19,55.4109,71694,2021-06-15 04:00:00
699,55.44,54.67,15499118,55.46,54.64,54.9993,108471,2021-06-16 04:00:00
700,54.67,54.95,10917693,55.15,54.645,54.9279,82369,2021-06-17 04:00:00
701,54.51,53.77,34864696,54.62,53.72,54.1186,128349,2021-06-18 04:00:00
702,54.22,54.36,14715086,54.43,54,54.2569,96019,2021-06-21 04:00:00
703,54.34,54.56,13286812,54.85,54.255,54.6465,77086,2021-06-22 04:00:00
704,54.56,54.12,12652731,54.6,54.11,54.2826,81222,2021-06-23 04:00:00
705,54.26,54.39,11681169,54.415,54,54.2481,74782,2021-06-24 04:00:00
706,54.24,54.32,19159298,54.47,54.01,54.2884,68670,2021-06-25 04:00:00
707,54.25,54.26,10814178,54.37,54,54.2068,73040,2021-06-28 04:00:00
708,54.13,53.86,12556104,54.34,53.72,53.9625,83736,2021-06-29 04:00:00
709,53.8,54.11,14842695,54.18,53.75,53.9524,78279,2021-06-30 04:00:00
710,54.34,53.96,13590331,54.48,53.855,54.0999,79576,2021-07-01 04:00:00
711,54,54.18,10792384,54.45,54,54.2243,71819,2021-07-02 04:00:00
712,53.99,53.88,15613752,54.09,53.55,53.8529,101709,2021-07-06 04:00:00
713,53.72,54.32,14645963,54.375,53.72,54.2266,68222,2021-07-07 04:00:00
714,54.01,54.13,12201397,54.165,53.735,54.0113,76556,2021-07-08 04:00:00
715,54.25,54.46,10997584,54.52,54.18,54.4145,59521,2021-07-09 04:00:00
716,54.32,54.48,15443721,54.595,54.27,54.4467,70544,2021-07-12 04:00:00
717,54.95,55.02,15660427,55.295,54.75,55.078,96718,2021-07-13 04:00:00
718,55.02,56.26,22289062,56.3499,54.96,55.9375,118172,2021-07-14 04:00:00
719,56.24,56.44,15364037,56.47,55.91,56.2853,94541,2021-07-15 04:00:00
720,56.46,56.4,15398713,56.68,56.26,56.4785,80912,2021-07-16 04:00:00
721,56.08,55.73,19857907,56.35,55.16,55.5993,117021,2021-07-19 04:00:00
722,55.73,55.83,16462583,56.3299,55.52,55.9091,97558,2021-07-20 04:00:00
723,57.33,56.55,21647209,57.56,56.425,56.8625,127194,2021-07-21 04:00:00
724,56.62,56.47,13588289,56.74,56.05,56.4602,87783,2021-07-22 04:00:00
725,56.59,57.01,12306534,57.33,56.45,56.9688,79016,2021-07-23 04:00:00
726,56.89,57.06,8874412,57.12,56.56,56.9483,58160,2021-07-26 04:00:00
727,57.11,57.26,13100915,57.54,56.92,57.2649,83503,2021-07-27 04:00:00
728,56.99,56.74,10061195,57.16,56.629,56.8166,67849,2021-07-28 04:00:00
729,57.07,57.05,9599110,57.25,56.86,57.0619,55079,2021-07-29 04:00:00
730,57.15,57.03,11727287,57.25,56.9,57.0439,56474,2021-07-30 04:00:00
731,57.2,56.88,9777990,57.24,56.705,56.9072,64825,2021-08-02 04:00:00
732,57,56.92,8825480,57,56.745,56.8907,57783,2021-08-03 04:00:00
733,56.75,56.1,11888363,56.95,56.0101,56.2248,80473,2021-08-04 04:00:00
734,56.44,56.5,9788280,56.59,56.29,56.4831,63692,2021-08-05 04:00:00
735,56.6,56.64,10409250,56.74,56.44,56.6144,61389,2021-08-06 04:00:00
736,56.795,56.65,8859893,56.88,56.4308,56.598,55705,2021-08-09 04:00:00
737,56.84,56.8,10906922,57.17,56.655,56.8812,66202,2021-08-10 04:00:00
738,56.89,56.73,8370669,57.18,56.71,56.8993,62827,2021-08-11 04:00:00
739,56.73,56.84,6169450,56.98,56.73,56.8374,49543,2021-08-12 04:00:00
740,56.81,57.23,7714175,57.3,56.771,57.1622,53515,2021-08-13 04:00:00
741,57.2,57.48,7973528,57.49,57.03,57.3387,59442,2021-08-16 04:00:00
742,57.46,57.28,10346446,57.555,57.01,57.2474,67485,2021-08-17 04:00:00
743,57.19,56.5,13873728,57.23,56.42,56.6367,87177,2021-08-18 04:00:00
744,56.06,56.86,9223662,56.98,55.95,56.7236,71529,2021-08-19 04:00:00
745,56.84,56.64,10543566,57.0299,56.58,56.7196,70017,2021-08-20 04:00:00
746,56.67,56.44,8912813,56.75,56.38,56.553,70693,2021-08-23 04:00:00
747,56.64,56.01,12067193,56.64,55.9,56.0655,83765,2021-08-24 04:00:00
748,56.06,56.07,11270669,56.17,55.73,56.0238,82246,2021-08-25 04:00:00
749,55.95,55.54,10331493,55.98,55.51,55.6371,76189,2021-08-26 04:00:00
750,55.66,55.65,8844146,55.785,55.45,55.6478,64646,2021-08-27 04:00:00
751,55.69,56.18,10034681,56.2,55.64,56.0153,70744,2021-08-30 04:00:00
752,56.16,56.31,14185706,56.515,56,56.2761,66570,2021-08-31 04:00:00
753,56.38,56.69,9519203,56.8,56.28,56.6016,63929,2021-09-01 04:00:00
754,56.77,56.77,11654234,57.03,56.41,56.6632,71347,2021-09-02 04:00:00
755,56.46,56.73,13220668,56.765,56.245,56.6214,62385,2021-09-03 04:00:00
756,56.6,55.67,20241134,56.69,55.51,55.8412,105586,2021-09-07 04:00:00
757,55.61,56.42,12040068,56.48,55.61,56.2416,73372,2021-09-08 04:00:00
758,56.18,55.86,12545367,56.42,55.8,56.0324,72327,2021-09-09 04:00:00
759,56.01,55.61,10573710,56.13,55.515,55.7073,71629,2021-09-10 04:00:00
760,55.74,56.07,20554882,56.395,55.74,56.0673,99410,2021-09-13 04:00:00
761,55.92,55.69,14120318,55.98,55.55,55.7299,87459,2021-09-14 04:00:00
762,55.68,55.88,15908326,56,55.42,55.8163,80139,2021-09-15 04:00:00
763,55.72,55.35,17428065,55.985,54.82,55.2994,102298,2021-09-16 04:00:00
764,55.02,54.44,33383192,55.194,54.37,54.6433,118977,2021-09-17 04:00:00
765,54.11,54.06,27542450,54.4,53.7273,54.065,135195,2021-09-20 04:00:00
766,54.39,54.05,16418161,54.82,53.94,54.1969,88424,2021-09-21 04:00:00
767,54.505,54.13,12719723,54.56,54.0623,54.26,73424,2021-09-22 04:00:00
768,54.26,54.04,13836215,54.6175,54,54.2052,91328,2021-09-23 04:00:00
769,54,53.89,9682234,54.24,53.86,53.9771,71315,2021-09-24 04:00:00
770,53.85,53.61,12429466,54.245,53.57,53.8417,89600,2021-09-27 04:00:00
771,53.46,52.64,19926090,53.46,52.43,52.7451,140858,2021-09-28 04:00:00
772,52.64,52.96,13941474,53.155,52.56,52.9356,93773,2021-09-29 04:00:00
773,53.17,52.47,17842501,53.325,52.43,52.7348,113428,2021-09-30 04:00:00
774,52.78,53.02,16277410,53.2,52.5707,52.9338,113421,2021-10-01 04:00:00
775,53.06,52.99,18973448,53.525,52.4,52.8912,127819,2021-10-04 04:00:00
776,53.02,53.08,17173137,53.47,52.93,53.1861,112180,2021-10-05 04:00:00
777,52.77,53.71,21284532,53.765,52.51,53.2364,122597,2021-10-06 04:00:00
778,53.99,53.88,13774366,54.28,53.81,54.028,90370,2021-10-07 04:00:00
779,54,54.12,13922141,54.39,53.895,54.1374,85129,2021-10-08 04:00:00
780,54.21,54.23,12378523,54.39,54.01,54.2013,77623,2021-10-11 04:00:00
781,54.42,54.23,19474368,54.83,54.22,54.4326,91287,2021-10-12 04:00:00
782,54.17,54.24,12143664,54.43,53.79,54.1238,86189,2021-10-13 04:00:00
783,54.39,54.61,13704288,54.805,54.31,54.6221,71705,2021-10-14 04:00:00
784,54.64,54.48,17867141,54.88,54.285,54.5225,84648,2021-10-15 04:00:00
785,54.35,53.94,15861787,54.39,53.86,54.071,84834,2021-10-18 04:00:00
786,54.04,54.15,11068618,54.2,53.77,54.0156,78837,2021-10-19 04:00:00
787,54.18,54.63,12474869,54.76,54.11,54.6001,70187,2021-10-20 04:00:00
788,54.6,54.35,14388305,54.67,54.21,54.3831,71939,2021-10-21 04:00:00
789,54.39,54.45,12828798,54.53,54.07,54.3355,87124,2021-10-22 04:00:00
790,54.38,54.23,11855031,54.47,54.015,54.2138,86086,2021-10-25 04:00:00
791,54.32,54.47,12086749,54.58,54.2345,54.3993,82978,2021-10-26 04:00:00
792,55.97,55.52,24019827,56.08,55.265,55.6479,172488,2021-10-27 04:00:00
793,55.75,56.04,15927963,56.11,55.62,55.9127,119534,2021-10-28 04:00:00
794,55.87,56.37,24463736,56.465,55.78,56.3009,113929,2021-10-29 04:00:00
795,56.39,56.17,11651091,56.4,55.9,56.1888,90083,2021-11-01 04:00:00
796,56.47,56.1,11498857,56.5,55.965,56.2132,77200,2021-11-02 04:00:00
797,56,56.29,10788276,56.33,55.775,56.0612,83083,2021-11-03 04:00:00
798,56.11,56.6,10820195,56.63,56.03,56.4324,77859,2021-11-04 04:00:00
799,56.84,56.84,12886660,57.16,56.59,56.897,89444,2021-11-05 04:00:00
800,56.75,56.33,12827968,56.89,56.13,56.4167,77890,2021-11-08 05:00:00
801,56.41,56.49,10155817,56.52,56.09,56.3819,65951,2021-11-09 05:00:00
802,56.54,56.72,8813611,56.92,56.29,56.7096,66372,2021-11-10 05:00:00
803,56.825,56.74,7257681,56.88,56.57,56.711,56436,2021-11-11 05:00:00
804,56.75,56.61,10162510,56.985,56.545,56.7414,57265,2021-11-12 05:00:00
805,56.53,56.62,10289188,56.68,56.27,56.5498,63323,2021-11-15 05:00:00
806,56.62,56.22,13756461,56.94,56.185,56.4565,67735,2021-11-16 05:00:00
807,56.04,55.91,13288677,56.05,55.65,55.9053,74064,2021-11-17 05:00:00
808,55.83,55.41,15380377,55.93,55.14,55.4723,86328,2021-11-18 05:00:00
809,55.44,55.13,15813660,55.485,54.9047,55.1252,80391,2021-11-19 05:00:00
810,55.1,55.47,16906227,56.02,55.08,55.5927,97748,2021-11-22 05:00:00
811,55.66,55.88,13836255,56.1064,55.5,55.8284,81650,2021-11-23 05:00:00
812,55.71,55.43,12598975,55.835,55.03,55.3772,77933,2021-11-24 05:00:00
813,54.59,53.73,14754338,54.75,53.58,53.8891,114986,2021-11-26 05:00:00
814,54.045,54.58,22712471,54.73,53.93,54.4454,119228,2021-11-29 05:00:00
815,53.6,52.45,30485169,53.625,52.44,52.8433,150702,2021-11-30 05:00:00
816,52.98,52.3,18724144,53.52,52.28,52.9899,126754,2021-12-01 05:00:00
817,52.6,53.07,17074165,53.34,52.505,53.0212,103255,2021-12-02 05:00:00
818,53.33,53.54,21064353,53.61,52.98,53.2916,113489,2021-12-03 05:00:00
819,54.31,54.91,26624137,55.25,54.14,54.8594,131129,2021-12-06 05:00:00
820,55.02,55.21,23832724,55.415,54.85,55.1571,107875,2021-12-07 05:00:00
821,55.12,55,18026445,55.35,54.36,54.9056,89376,2021-12-08 05:00:00
822,54.75,54.86,13846415,55.13,54.585,54.8549,72244,2021-12-09 05:00:00
823,55.25,56.28,23153567,56.32,55.07,55.9851,114598,2021-12-10 05:00:00
824,56.98,57.76,31362827,57.93,56.955,57.6431,172644,2021-12-13 05:00:00
825,57.4,57.8,24806569,58.17,57.4,57.8219,130342,2021-12-14 05:00:00
826,57.93,58.06,24923791,58.25,57.65,58.0293,154932,2021-12-15 05:00:00
827,57.98,58.65,24696859,58.88,57.9,58.5412,137773,2021-12-16 05:00:00
828,58.49,57.73,51899377,58.92,57.7,58.0632,132276,2021-12-17 05:00:00
829,57.2,57.54,20879477,57.78,57,57.4804,130751,2021-12-20 05:00:00
830,57.61,57.77,15864885,57.965,57.53,57.7572,89157,2021-12-21 05:00:00
831,57.71,58.18,12447436,58.19,57.49,58.0107,75901,2021-12-22 05:00:00
832,58.52,58.22,11027341,58.61,57.94,58.2392,65480,2021-12-23 05:00:00
833,58,58.65,9862192,58.69,58,58.5446,67137,2021-12-27 05:00:00
834,58.4,58.88,8982271,58.94,58.3,58.7894,61463,2021-12-28 05:00:00
835,58.95,58.95,9996046,59.095,58.66,58.9558,67527,2021-12-29 05:00:00
836,59.06,58.78,7703896,59.23,58.76,58.893,58939,2021-12-30 05:00:00
837,58.75,59.21,10021251,59.35,58.695,59.0926,59388,2021-12-31 05:00:00
838,58.82,59.3,20188377,59.31,58.375,58.9236,113462,2022-01-03 05:00:00
839,59.73,60.29,26141584,60.535,59.59,60.2626,152342,2022-01-04 05:00:00
840,60.09,60.79,22507262,61.195,60.05,60.8848,132303,2022-01-05 05:00:00
841,60.465,60.47,17902345,61.115,60.435,60.673,113004,2022-01-06 05:00:00
842,60.275,60.33,12307896,60.72,60.06,60.4638,85502,2022-01-07 05:00:00
843,60.55,60.43,20954345,60.82,60.18,60.4828,124612,2022-01-10 05:00:00
844,60.43,60.45,19369587,60.49,59.84,60.2491,108020,2022-01-11 05:00:00
845,60.53,60.54,15753809,60.685,60.19,60.4531,90500,2022-01-12 05:00:00
846,60.54,60.9,14317992,61.04,60.385,60.8413,87048,2022-01-13 05:00:00
847,60.94,61.39,19729632,61.45,60.36,61.1146,98358,2022-01-14 05:00:00
848,61.06,60.9,21977600,61.19,60.45,60.8785,123481,2022-01-18 05:00:00
849,60.66,61,18654749,61.18,60.555,60.9315,102929,2022-01-19 05:00:00
850,61,60.75,22973853,61.44,60.72,61.0954,123899,2022-01-20 05:00:00
851,61.08,60.45,26643161,61.3,60.3982,60.7552,151380,2022-01-21 05:00:00
852,59.9,59.96,30207455,60.35,58.57,59.4297,209537,2022-01-24 05:00:00
853,59.36,59.82,18860809,60.045,58.69,59.4589,147443,2022-01-25 05:00:00
854,59.79,59.6,19190239,60.345,59.21,59.7423,150400,2022-01-26 05:00:00
855,59.88,59.65,18801182,60.925,59.5,60.0785,132864,2022-01-27 05:00:00
856,59.39,60.84,19101494,60.89,58.94,60.1689,126852,2022-01-28 05:00:00
857,60.3,61.01,22045321,61.14,60.15,60.8424,121388,2022-01-31 05:00:00
858,60.91,60.56,20841657,61.14,60.16,60.4881,125009,2022-02-01 05:00:00
859,60.62,61.18,20225579,61.27,60.56,60.9904,103552,2022-02-02 05:00:00
860,60.94,61.61,19431210,61.78,60.585,61.453,122273,2022-02-03 05:00:00
861,61.49,60.96,17403729,61.68,60.57,61.1391,108319,2022-02-04 05:00:00
862,61.38,61.6,17846411,61.72,60.86,61.41,110598,2022-02-07 05:00:00
863,61.83,62,18771748,62.325,61.74,62.0466,117624,2022-02-08 05:00:00
864,62.17,61.04,23595558,62.32,60.9,61.3174,163376,2022-02-09 05:00:00
865,60.36,61.38,23561530,62.3,60.2,61.6533,174617,2022-02-10 05:00:00
866,61.77,60.29,22781387,61.98,60.15,60.6915,150789,2022-02-11 05:00:00
867,60.16,60.68,23641310,60.79,59.28,60.2481,144404,2022-02-14 05:00:00
868,60.955,60.91,13409343,61.78,60.63,61.186,102514,2022-02-15 05:00:00
869,60.86,60.9,15484660,61.395,60.555,60.8679,91119,2022-02-16 05:00:00
870,60.55,62.12,21468724,62.275,60.405,61.5875,138253,2022-02-17 05:00:00
871,62.12,62.54,21975023,62.82,61.99,62.45,141016,2022-02-18 05:00:00
872,62.43,62.28,21731388,62.64,61.72,62.2183,146304,2022-02-22 05:00:00
873,62.24,61.59,19248474,62.33,61.34,61.6681,144641,2022-02-23 05:00:00
874,59.97,60.51,27207444,60.62,59.22,60.0129,208605,2022-02-24 05:00:00
875,60.94,62.85,21487796,62.895,60.92,62.4558,144803,2022-02-25 05:00:00
876,61.65,62.24,25879116,62.335,61.41,61.9374,161559,2022-02-28 05:00:00
877,62.14,61.97,15871088,62.75,61.51,61.9747,127324,2022-03-01 05:00:00
878,62.23,62.43,17319120,62.88,61.78,62.5256,123849,2022-03-02 05:00:00
879,62.61,62.47,21262797,63.02,62.285,62.6224,135644,2022-03-03 05:00:00
880,61.46,62.57,17164633,62.59,61.2,62.1787,128733,2022-03-04 05:00:00
881,62.01,61.08,29151418,62.07,60.72,61.1883,184017,2022-03-07 05:00:00
882,61.45,58.66,30242133,61.54,58.59,59.5432,216690,2022-03-08 05:00:00
883,59.82,58.96,23022696,59.84,58.66,59.0614,148697,2022-03-09 05:00:00
884,58.48,57.88,20867784,58.66,57.5,57.8872,148219,2022-03-10 05:00:00
885,57.96,57.92,19855646,58.85,57.86,58.2218,154136,2022-03-11 05:00:00
886,57.97,58.54,17799380,59.035,57.97,58.5922,124694,2022-03-14 04:00:00
887,59.08,59.62,18607191,59.89,58.98,59.5098,120109,2022-03-15 04:00:00
888,59.78,59.46,17347253,59.935,58.605,59.2677,137795,2022-03-16 04:00:00
889,59.46,60.09,15586228,60.135,59.23,59.865,106915,2022-03-17 04:00:00
890,60.3,60.1,30197775,60.3,59.705,60.0825,106691,2022-03-18 04:00:00
891,60.5,60.58,17440141,61.1,60.245,60.5572,109936,2022-03-21 04:00:00
892,60.93,60.8,17548334,60.95,60.055,60.6088,118630,2022-03-22 04:00:00
893,60.75,60.4,15529244,60.98,59.995,60.4718,113767,2022-03-23 04:00:00
894,60.64,60.98,13151348,61.02,60.455,60.8178,77483,2022-03-24 04:00:00
895,61.12,61.53,12260747,61.61,61.05,61.3437,76481,2022-03-25 04:00:00
896,61.53,61.92,11485219,61.94,61.21,61.6273,89109,2022-03-28 04:00:00
897,62.21,62.16,14720572,62.53,61.74,62.0516,114520,2022-03-29 04:00:00
898,62.01,62.21,13641002,62.21,61.555,61.9539,97855,2022-03-30 04:00:00
899,62.22,62,16822902,62.64,62,62.2211,104792,2022-03-31 04:00:00
900,62.33,62.87,12644879,62.95,62.085,62.5222,102135,2022-04-01 04:00:00
901,62.6,62.54,11506554,62.785,61.72,62.3799,105421,2022-04-04 04:00:00
902,62.4,62.47,15721234,63.235,62.37,62.7621,110043,2022-04-05 04:00:00
903,62.77,63.1,19267420,63.26,62.3,62.9484,127584,2022-04-06 04:00:00
904,63.13,63.44,13960823,63.67,62.711,63.3288,98725,2022-04-07 04:00:00
905,63.48,63.83,12703466,64.04,63.16,63.7599,93966,2022-04-08 04:00:00
906,63.905,63.81,12710105,64.3,63.635,63.9359,108344,2022-04-11 04:00:00
907,64.38,64.56,18089907,64.805,63.89,64.5108,120130,2022-04-12 04:00:00
908,64.44,64.73,11882991,64.87,64.23,64.6427,98295,2022-04-13 04:00:00
909,64.96,65.02,16388429,65.57,64.82,65.2069,114978,2022-04-14 04:00:00
910,64.77,64.44,11679372,65.18,64.18,64.571,96258,2022-04-18 04:00:00
911,64.5,65.07,11993775,65.25,64.44,64.9191,93925,2022-04-19 04:00:00
912,65.44,65.96,14827073,66.24,65.4,65.9289,108260,2022-04-20 04:00:00
913,65.98,66.21,15120412,67,65.72,66.5208,116701,2022-04-21 04:00:00
914,66.08,65.25,14902199,66.34,65.18,65.6102,121270,2022-04-22 04:00:00
915,67,65.94,25082000,67.2,64.78,65.7827,200498,2022-04-25 04:00:00
916,65.52,65.05,21982605,66.367,65.04,65.4941,165657,2022-04-26 04:00:00
917,65,65.56,16971010,66.28,65,65.7691,153536,2022-04-27 04:00:00
918,64.66,66.19,22020524,66.28,64.5,65.6788,171676,2022-04-28 04:00:00
919,65.87,64.61,20137147,66.03,64.49,64.9556,154023,2022-04-29 04:00:00
920,65.28,63.44,24970311,65.31,62.58,63.5277,219596,2022-05-02 04:00:00
921,63.72,63.08,21686339,63.94,62.67,63.1292,165275,2022-05-03 04:00:00
922,63,65.03,19780091,65.12,62.94,64.2755,167570,2022-05-04 04:00:00
923,64.69,64.51,20155236,65.03,64.01,64.538,157378,2022-05-05 04:00:00
924,64.2,64.74,18984019,65.31,64.07,64.6174,169923,2022-05-06 04:00:00
925,64.47,64.61,20055332,65.365,64.04,64.7144,169456,2022-05-09 04:00:00
926,64.5,64.01,21322216,65.32,63.85,64.3564,175131,2022-05-10 04:00:00
927,64.33,64.31,19648404,65.2,63.96,64.4722,169524,2022-05-11 04:00:00
928,64.16,64.51,22574724,64.53,63.205,63.9762,200995,2022-05-12 04:00:00
929,64.81,65.72,16166956,65.8,64.12,65.2809,127797,2022-05-13 04:00:00
930,65.44,65.96,13223177,66.38,65.44,65.998,113219,2022-05-16 04:00:00
931,66.1,65.78,21300589,66.1,65.01,65.4703,159854,2022-05-17 04:00:00
932,65.42,61.2,31437307,65.52,60.9639,62.1674,261199,2022-05-18 04:00:00
933,60.96,60,31493882,60.96,59.66,60.1153,222274,2022-05-19 04:00:00
934,60.49,60.98,29133763,61.235,59.66,60.4099,210197,2022-05-20 04:00:00
935,61.65,62.86,19406880,63.1,61.59,62.6723,155766,2022-05-23 04:00:00
936,62.88,64.02,16154240,64.19,62.75,63.6151,130286,2022-05-24 04:00:00
937,64,64.07,15360489,64.475,63.6,64.0889,120323,2022-05-25 04:00:00
938,64.07,64.3,16159829,65.095,63.96,64.5141,122752,2022-05-26 04:00:00
939,64.26,64.68,17708983,64.83,64.14,64.4987,112538,2022-05-27 04:00:00
940,64.08,63.38,43159048,64.315,63.05,63.5011,166042,2022-05-31 04:00:00
941,63.42,63.07,15408313,63.68,62.13,62.854,131994,2022-06-01 04:00:00
942,63.18,63.73,14585979,63.735,62.11,63.1513,127157,2022-06-02 04:00:00
943,63.57,62.97,13539857,63.625,62.81,63.0542,106670,2022-06-03 04:00:00
944,63.33,62.87,15112806,63.77,62.66,63.0015,100173,2022-06-06 04:00:00
945,62.38,63.25,17886319,63.365,62.22,63.0296,87635,2022-06-07 04:00:00
946,62.99,62.89,10211450,63.21,62.555,62.9726,77694,2022-06-08 04:00:00
947,62.87,61.8,13391880,63.35,61.78,62.5024,92456,2022-06-09 04:00:00
948,61.01,61.41,14973493,61.885,60.4601,61.3889,123789,2022-06-10 04:00:00
949,60.75,61.34,23064194,62.291,60.67,61.4598,186143,2022-06-13 04:00:00
950,60.73,59.23,24620023,60.89,58.655,59.2766,194350,2022-06-14 04:00:00
951,60,59.67,19684697,60.635,58.97,59.7377,161725,2022-06-15 04:00:00
952,58.64,59.07,15053843,59.52,58.2528,59.0938,140305,2022-06-16 04:00:00
953,59.7,59.43,34781917,60.125,59.13,59.5568,166433,2022-06-17 04:00:00
954,59.49,60.7,17705019,60.88,59.01,60.2415,125545,2022-06-21 04:00:00
955,60.6,61.15,15209869,61.445,60.315,61.0091,122354,2022-06-22 04:00:00
956,61.3,61.88,17190869,61.91,61.2263,61.6327,132732,2022-06-23 04:00:00
957,62.11,63.04,18147070,63.06,62.11,62.7505,115190,2022-06-24 04:00:00
958,62.98,62.91,12142112,63.2867,62.63,62.9461,96745,2022-06-27 04:00:00
959,63.08,62.28,13181559,63.76,62.105,62.6775,107652,2022-06-28 04:00:00
960,62.54,62.73,11795511,63.11,62.43,62.798,96507,2022-06-29 04:00:00
961,62.32,62.91,15514153,63.1144,62.16,62.7472,107926,2022-06-30 04:00:00
962,63.12,64.38,15143204,64.45,62.82,63.8738,123574,2022-07-01 04:00:00
963,64.18,63.28,15925029,64.18,62.415,63.2229,140817,2022-07-05 04:00:00
964,63.6,63.41,13450506,64.09,63.19,63.4965,113705,2022-07-06 04:00:00
965,63.26,62.91,14828434,63.58,62.7,63.0553,119373,2022-07-07 04:00:00
966,63.03,63.14,11311461,63.42,62.88,63.1367,99187,2022-07-08 04:00:00
967,62.99,62.94,12704111,63.46,62.585,62.9594,86240,2022-07-11 04:00:00
968,63,62.67,14731072,63.45,62.47,63.0083,103322,2022-07-12 04:00:00
969,62.33,62.38,13145291,63,61.9811,62.4545,115527,2022-07-13 04:00:00
970,61.33,62.18,14433044,62.25,61.3,61.8845,99659,2022-07-14 04:00:00
971,62.75,62.5,21968418,62.97,62.07,62.4651,81099,2022-07-15 04:00:00
972,62.52,61.65,10761644,62.56,61.51,62.0422,93800,2022-07-18 04:00:00
973,62.09,62.53,10998234,62.65,61.925,62.4144,89265,2022-07-19 04:00:00
974,62.4,61.5,11010454,62.58,61.145,61.6786,102978,2022-07-20 04:00:00
975,61.26,61.36,11959622,61.875,60.79,61.2208,110885,2022-07-21 04:00:00
976,61.38,61.59,11644691,61.87,61.32,61.5734,103226,2022-07-22 04:00:00
977,61.55,62.19,14941652,62.3,61.31,61.995,117873,2022-07-25 04:00:00
978,62.75,63.21,20117950,63.8,62.53,63.259,169307,2022-07-26 04:00:00
979,62.88,63.01,12142874,63.185,61.785,62.623,121449,2022-07-27 04:00:00
980,62.92,64.06,10799003,64.245,62.89,63.7933,102772,2022-07-28 04:00:00
981,63.71,64.17,13734236,64.29,63.63,64.0415,103342,2022-07-29 04:00:00
982,64.09,64.52,12831535,65.04,64.03,64.6114,109785,2022-08-01 04:00:00
983,64.59,63.64,15241904,64.6,63.43,63.8008,114772,2022-08-02 04:00:00
984,63.55,63.92,11316985,64.095,63.31,63.8178,98916,2022-08-03 04:00:00
985,63.64,63.67,11795647,63.73,62.92,63.4558,105876,2022-08-04 04:00:00
986,63.63,63.38,10445393,63.63,62.67,63.0965,113510,2022-08-05 04:00:00
987,63.5,62.97,9166673,63.81,62.75,63.1052,86454,2022-08-08 04:00:00
988,63.18,63.05,7910877,63.31,62.85,63.0792,72007,2022-08-09 04:00:00
989,63.63,63.65,8857253,63.79,63.1,63.4865,82444,2022-08-10 04:00:00
990,63.69,63.22,8507766,63.99,63.08,63.5057,82025,2022-08-11 04:00:00
991,63.43,63.7,9489284,63.76,63.09,63.5567,74018,2022-08-12 04:00:00
992,63.64,64.5,9863332,64.69,63.57,64.3665,92756,2022-08-15 04:00:00
993,64.57,65.03,9569616,65.23,64.33,64.9061,86303,2022-08-16 04:00:00
994,64.83,64.88,8144045,65.22,64.76,64.9499,81490,2022-08-17 04:00:00
995,64.96,65.22,6532028,65.35,64.71,65.1032,66068,2022-08-18 04:00:00
996,65.205,65.17,8921062,65.47,64.96,65.1963,76889,2022-08-19 04:00:00
997,64.84,64.2,9087893,64.92,63.99,64.3703,90972,2022-08-22 04:00:00
998,63.82,64.27,8443752,64.37,63.68,64.1097,82091,2022-08-23 04:00:00
999,64.24,64.36,6844730,64.575,64.05,64.3234,66980,2022-08-24 04:00:00
1000,64.36,64.67,7913869,64.705,63.9,64.4215,76044,2022-08-25 04:00:00
1001,64.73,63.11,10089513,64.8,62.98,63.6055,93339,2022-08-26 04:00:00
1002,62.685,62.73,9115904,63.025,62.41,62.7599,96743,2022-08-29 04:00:00
1003,62.91,62.15,8456837,62.91,61.9937,62.3373,90425,2022-08-30 04:00:00
1004,62.38,61.71,14633568,62.53,61.7,61.9449,102299,2022-08-31 04:00:00
1005,61.58,62,14939684,62.04,61.29,61.7681,123401,2022-09-01 04:00:00
1006,62.39,61.15,11809821,62.77,60.895,61.6408,111827,2022-09-02 04:00:00
1007,61.29,61.18,12181823,61.965,60.99,61.322,133638,2022-09-06 04:00:00
1008,61.32,62.31,13290711,62.49,61.32,62.0586,98383,2022-09-07 04:00:00
1009,62.08,62.12,17193460,62.3,61.34,61.9952,102163,2022-09-08 04:00:00
1010,62.17,62.32,11855886,62.88,61.855,62.3485,97922,2022-09-09 04:00:00
1011,62.43,62.5,13026935,62.81,62.27,62.4842,100256,2022-09-12 04:00:00
1012,62.2,60.47,18532832,62.22,60.28,60.9226,138240,2022-09-13 04:00:00
1013,60.64,60.79,12881592,61.08,60.44,60.7183,129129,2022-09-14 04:00:00
1014,60.4,59.53,11451927,60.4,59.36,59.7294,133647,2022-09-15 04:00:00
1015,59.66,59.54,20493535,59.795,59.11,59.5021,119716,2022-09-16 04:00:00
1016,59.39,59.99,12596248,60.1,59.225,59.7958,118630,2022-09-19 04:00:00
1017,59.68,59.9,11984607,60.03,59.315,59.7049,113385,2022-09-20 04:00:00
1018,60.14,59.4,14165341,60.7,59.39,60.0655,131914,2022-09-21 04:00:00
1019,59.55,59.26,11657595,59.73,59.2,59.4378,109367,2022-09-22 04:00:00
1020,58.96,58.6,14824047,59.1,58,58.6185,135724,2022-09-23 04:00:00
1021,58.49,57.87,18670050,58.57,57.685,58.0696,141413,2022-09-26 04:00:00
1022,58.08,56.38,23829348,58.37,56.31,56.9036,195412,2022-09-27 04:00:00
1023,56.66,56.98,21480149,57.25,55.91,56.5934,190605,2022-09-28 04:00:00
1024,57.09,56.57,14570701,57.29,56,56.4671,134246,2022-09-29 04:00:00
1025,56.87,56.02,16124618,57.13,56,56.3416,122718,2022-09-30 04:00:00
1026,56.36,56.65,16277620,56.85,56.06,56.5469,138537,2022-10-03 04:00:00
1027,56.95,56.78,18861431,57.81,56.46,56.9034,159723,2022-10-04 04:00:00
1028,56.5,56.24,14324851,56.65,55.51,56.1529,135093,2022-10-05 04:00:00
1029,56,55.03,17192843,56.1,54.87,55.3591,144034,2022-10-06 04:00:00
1030,54.99,54.51,11479799,55.09,54.25,54.599,112424,2022-10-07 04:00:00
1031,54.6,54.39,10239123,54.96,54.015,54.4516,109479,2022-10-10 04:00:00
1032,54.46,54.48,14303920,55.22,54.24,54.7225,148784,2022-10-11 04:00:00
1033,55.23,55.14,18377448,56.0365,55.04,55.4278,145492,2022-10-12 04:00:00
1034,54.48,55.87,16220718,56.08,54.26,55.3938,150374,2022-10-13 04:00:00
1035,56.29,54.98,16001400,56.47,54.94,55.3747,134088,2022-10-14 04:00:00
1036,55.63,55.69,13721426,56.215,55.57,55.8486,123742,2022-10-17 04:00:00
1037,56.31,56.44,11823119,56.78,56.1009,56.3821,117387,2022-10-18 04:00:00
1038,56.31,55.96,10182286,56.54,55.73,56.0591,93438,2022-10-19 04:00:00
1039,55.77,55.08,16905147,55.92,54.96,55.243,137198,2022-10-20 04:00:00
1040,55,55.96,15034054,56.105,54.985,55.7032,122260,2022-10-21 04:00:00
1041,56.64,57.57,17416681,57.73,56.57,57.3595,161631,2022-10-24 04:00:00
1042,59.04,58.95,28811522,59.11,57.75,58.5743,212484,2022-10-25 04:00:00
1043,59.01,59.39,15841374,59.78,58.86,59.3909,151725,2022-10-26 04:00:00
1044,59.77,59.53,16026117,59.84,59.375,59.6001,138853,2022-10-27 04:00:00
1045,59.57,60.76,12888859,60.91,59.47,60.5422,131416,2022-10-28 04:00:00
1046,60.51,59.85,14016378,60.57,59.67,60.0019,125754,2022-10-31 04:00:00
1047,60.03,59.64,10659459,60.29,59.37,59.6457,107188,2022-11-01 04:00:00
1048,59.64,58.81,14551132,60.23,58.77,59.3387,138108,2022-11-02 04:00:00
1049,58.11,58.78,9193970,58.9972,58.1,58.6718,107385,2022-11-03 04:00:00
1050,59.3,59.26,9726126,59.585,58.56,59.0816,111863,2022-11-04 04:00:00
1051,59.26,59.49,8849704,59.77,59.24,59.4953,84481,2022-11-07 05:00:00
1052,59.75,59.6,10081649,59.79,58.94,59.4851,102570,2022-11-08 05:00:00
1053,59.59,58.77,10115060,59.64,58.751,59.1055,93904,2022-11-09 05:00:00
1054,60.25,60.88,16804845,61.04,59.68,60.4129,131248,2022-11-10 05:00:00
1055,61.37,61.32,18972078,61.45,60.21,60.8753,154757,2022-11-11 05:00:00
1056,61.32,60.73,16361026,61.715,60.71,61.1803,120858,2022-11-14 05:00:00
1057,61.13,60.63,13295839,61.45,60,60.6112,131346,2022-11-15 05:00:00
1058,60.79,60.52,14199486,61.03,60.285,60.5648,108899,2022-11-16 05:00:00
1059,60.19,60.71,11220301,60.74,60.13,60.5317,94945,2022-11-17 05:00:00
1060,60.99,61.14,10415640,61.37,60.8,61.094,87633,2022-11-18 05:00:00
1061,61.41,62.08,15399353,62.21,61.2,61.8018,117175,2022-11-21 05:00:00
1062,62.47,62.35,12319641,62.5,62.0538,62.2851,84370,2022-11-22 05:00:00
1063,62.49,62.63,8990385,62.79,62.3008,62.5666,75889,2022-11-23 05:00:00
1064,62.73,62.69,5165499,62.81,62.38,62.6767,41817,2022-11-25 05:00:00
1065,62.69,62.7,12268004,63.1,62.56,62.7834,110606,2022-11-28 05:00:00
1066,62.52,62.48,10969563,62.57,61.98,62.3923,90390,2022-11-29 05:00:00
1067,62.01,63.61,30433938,63.68,61.75,63.2298,134956,2022-11-30 05:00:00
1068,63.61,63.79,12001356,64.11,63.43,63.7658,112216,2022-12-01 05:00:00
1069,63.61,64.35,13635950,64.52,63.4,64.1461,99588,2022-12-02 05:00:00
1070,63.41,63.47,9185090,63.795,63.26,63.4835,103361,2022-12-05 05:00:00
1071,63.52,63.44,10099529,63.88,63.225,63.522,95387,2022-12-06 05:00:00
1072,63.45,63.54,12307605,63.72,63.25,63.5002,88763,2022-12-07 05:00:00
1073,63.6,63.81,9946173,63.85,63.345,63.6279,93695,2022-12-08 05:00:00
1074,63.61,63.14,13914856,63.84,63.09,63.3912,97778,2022-12-09 05:00:00
1075,63.3,63.97,11647900,64.005,63.01,63.5889,91518,2022-12-12 05:00:00
1076,64.59,63.99,17521554,64.7,63.8,64.1386,126828,2022-12-13 05:00:00
1077,64.19,63.99,12826650,64.65,63.57,64.1231,107750,2022-12-14 05:00:00
1078,63.59,63.11,12213292,63.89,62.49,63.0491,105315,2022-12-15 05:00:00
1079,62.75,62.75,33631530,63.14,62.325,62.7631,119050,2022-12-16 05:00:00
1080,62.83,62.84,10919725,63.405,62.47,62.9067,94805,2022-12-19 05:00:00
1081,62.8219,62.79,10286479,63.15,62.75,62.9096,84203,2022-12-20 05:00:00
1082,63.07,63.8,10411288,64.05,63.07,63.7336,92062,2022-12-21 05:00:00
1083,63.42,63.34,9668107,63.59,62.645,63.2131,88612,2022-12-22 05:00:00
1084,63.5,63.82,6463261,63.87,63.2,63.666,65266,2022-12-23 05:00:00
1085,63.93,64.21,7320717,64.29,63.71,64.1216,77884,2022-12-27 05:00:00
1086,64.46,63.57,7159417,64.65,63.485,63.8587,68097,2022-12-28 05:00:00
1087,63.8,63.95,7169256,64.15,63.7,63.953,66202,2022-12-29 05:00:00
1088,63.92,63.61,7650228,63.92,63.17,63.5275,70010,2022-12-30 05:00:00
1089,63.56,62.95,12180507,63.56,62.175,62.8301,118157,2023-01-03 05:00:00
1090,63.15,62.92,13387923,63.3294,62.511,62.8912,105552,2023-01-04 05:00:00
1091,62.6,62.2,9814674,62.8,62.08,62.3074,88670,2023-01-05 05:00:00
1092,62.91,63.4,9989986,63.67,62.58,63.3153,87470,2023-01-06 05:00:00
1093,63.3,62.61,9442623,63.72,62.575,63.0427,105745,2023-01-09 05:00:00
1094,62.6,62.13,10134605,62.73,61.92,62.2221,97236,2023-01-10 05:00:00
1095,62.38,62.01,10822997,62.56,61.411,61.9007,104725,2023-01-11 05:00:00
1096,62.11,61.21,13907327,62.18,60.97,61.4001,116510,2023-01-12 05:00:00
1097,60.7,61.43,13986356,61.46,60.585,61.0754,119276,2023-01-13 05:00:00
1098,61.73,61.68,18327779,62.38,61.56,61.843,136990,2023-01-17 05:00:00
1099,61.51,59.81,19679436,61.59,59.6817,60.1022,155575,2023-01-18 05:00:00
1100,59.725,59.72,14894455,60.64,59.705,60.063,124009,2023-01-19 05:00:00
1101,59.72,60.08,14237702,60.09,59.4,59.8773,113404,2023-01-20 05:00:00
1102,60.28,60.23,12613428,60.565,60.05,60.2614,115539,2023-01-23 05:00:00
1103,60.08,60.55,10103196,63.26,59.8,60.4664,94833,2023-01-24 05:00:00
1104,60.2,60.93,11265844,60.94,59.885,60.5533,99697,2023-01-25 05:00:00
1105,60.81,60.81,11884834,61.095,60.57,60.8651,102288,2023-01-26 05:00:00
1106,60.84,60.49,14087038,60.96,60.37,60.5251,95148,2023-01-27 05:00:00
1107,60.54,60.64,15619006,61.17,60.46,60.7712,110928,2023-01-30 05:00:00
1108,60.98,61.32,14344379,61.34,60.51,61.066,88125,2023-01-31 05:00:00
1109,61.14,61.33,12535439,61.58,60.62,61.1452,119722,2023-02-01 05:00:00
1110,60.8,60.28,16947223,61.02,59.91,60.3486,165978,2023-02-02 05:00:00
1111,60.35,59.83,15404440,60.42,59.23,59.6367,156094,2023-02-03 05:00:00
1112,59.79,60.17,11330897,60.34,59.72,60.1275,101207,2023-02-06 05:00:00
1113,59.67,60.07,14922741,60.24,59.535,59.9862,136134,2023-02-07 05:00:00
1114,59.92,59.72,11012019,59.92,59.59,59.736,98636,2023-02-08 05:00:00
1115,60.15,59.62,12515309,60.32,59.595,59.817,107431,2023-02-09 05:00:00
1116,59.72,59.62,14420655,59.9,58.88,59.5507,120628,2023-02-10 05:00:00
1117,59.9,60.6,16191786,60.76,59.73,60.4073,133666,2023-02-13 05:00:00
1118,60.21,59.59,20505679,60.9,59.56,59.9196,158982,2023-02-14 05:00:00
1119,59.9,59.59,13172697,59.93,59.225,59.4836,116029,2023-02-15 05:00:00
1120,59.23,59.22,16538284,59.82,58.95,59.3692,125349,2023-02-16 05:00:00
1121,59.5,60.12,16651352,60.23,59.38,59.9856,124331,2023-02-17 05:00:00
1122,59.99,59.8,14278307,60.23,59.72,59.914,111356,2023-02-21 05:00:00
1123,59.85,59.98,12159562,60.36,59.7539,60.0258,95102,2023-02-22 05:00:00
1124,60.01,60.09,12222827,60.42,59.81,60.0701,88418,2023-02-23 05:00:00
1125,59.68,59.84,9736249,59.91,59.385,59.6796,90721,2023-02-24 05:00:00
1126,60.18,59.82,8849821,60.3,59.74,59.9354,87587,2023-02-27 05:00:00
1127,59.7,59.51,16082218,59.7,59.14,59.4793,97396,2023-02-28 05:00:00
1128,59.13,58.86,13275810,59.18,58.37,58.7756,126350,2023-03-01 05:00:00
1129,58.84,59.72,11772110,59.78,58.8,59.5219,92883,2023-03-02 05:00:00
1130,59.55,59.44,13101766,59.68,59.205,59.4877,107162,2023-03-03 05:00:00
1131,59.26,60.36,16282678,60.375,59.215,60.0812,128478,2023-03-06 05:00:00
1132,60.49,60.01,13961203,60.57,59.75,60.1172,122758,2023-03-07 05:00:00
1133,60.04,60.04,10845978,60.325,59.725,60.0085,101124,2023-03-08 05:00:00
1134,60.54,59.46,13900858,60.54,59.275,59.7587,97713,2023-03-09 05:00:00
1135,59.7,59.21,13745841,60.14,58.99,59.3312,132284,2023-03-10 05:00:00
1136,59.29,59.81,21956014,60.87,59.25,60.1608,177294,2023-03-13 04:00:00
1137,60,60.03,19496899,60.455,59.35,59.9338,130999,2023-03-14 04:00:00
1138,59.43,60.43,21089906,60.475,59.24,60.0748,164282,2023-03-15 04:00:00
1139,60.09,60.3,15658974,60.335,59.7,60.1501,137511,2023-03-16 04:00:00
1140,60.31,60.02,27351227,60.35,59.635,60.0487,138504,2023-03-17 04:00:00
1141,60.16,60.6,12904123,60.6,59.97,60.3733,120672,2023-03-20 04:00:00
1142,60.57,60.32,13716475,60.75,59.88,60.257,119828,2023-03-21 04:00:00
1143,60.4,60.05,10494213,60.87,60.03,60.4621,119323,2023-03-22 04:00:00
1144,60.09,59.92,15478995,60.39,59.72,60.0055,123156,2023-03-23 04:00:00
1145,60.25,60.9,12977607,61.015,59.91,60.5594,128757,2023-03-24 04:00:00
1146,61.14,61.35,12777402,61.48,60.95,61.3494,124712,2023-03-27 04:00:00
1147,61.39,61.42,10925739,61.74,61.27,61.4689,96965,2023-03-28 04:00:00
1148,61.72,61.86,9441019,61.95,61.59,61.8164,92095,2023-03-29 04:00:00
1149,61.88,61.85,9870659,62.09,61.66,61.8495,86217,2023-03-30 04:00:00
1150,62.06,62.03,14440888,62.25,61.87,62.0279,105853,2023-03-31 04:00:00
1151,62.3,62.4,12300660,62.52,61.86,62.3294,122287,2023-04-03 04:00:00
1152,62.39,62.21,11433404,62.74,62.075,62.3121,110943,2023-04-04 04:00:00
1153,62.53,62.8,12789554,63.02,62.5,62.7948,130692,2023-04-05 04:00:00
1154,62.86,62.84,9644204,63.0399,62.38,62.7325,98343,2023-04-06 04:00:00
1155,62.49,62.69,7952575,62.69,62.02,62.5007,106578,2023-04-10 04:00:00
1156,62.65,62.58,9913049,62.71,62.4,62.5765,97684,2023-04-11 04:00:00
1157,62.48,62.69,9593704,63.03,62.31,62.7183,97380,2023-04-12 04:00:00
1158,62.76,63.15,9871424,63.16,62.48,62.9071,94375,2023-04-13 04:00:00
1159,63.05,63.05,8946011,63.15,62.775,62.9943,100213,2023-04-14 04:00:00
1160,63.32,63.46,9452394,63.53,63.1401,63.3779,106883,2023-04-17 04:00:00
1161,63.51,63.56,9035679,63.6,63.19,63.4606,98800,2023-04-18 04:00:00
1162,63.73,63.68,9769543,63.83,63.425,63.6213,105023,2023-04-19 04:00:00
1163,63.63,63.96,10706385,64,63.44,63.8395,99180,2023-04-20 04:00:00
1164,64,64.05,12872451,64.27,63.8,64.0396,117751,2023-04-21 04:00:00
1165,64.75,63.95,15532266,64.99,63.6237,64.1811,158668,2023-04-24 04:00:00
1166,64.17,63.85,12818860,64.17,63.63,63.8605,133382,2023-04-25 04:00:00
1167,63.56,63.55,13179560,63.77,63.39,63.5731,113547,2023-04-26 04:00:00
1168,63.53,63.68,13795824,63.76,63.1141,63.4959,123651,2023-04-27 04:00:00
1169,63.61,64.15,13687621,64.16,63.48,63.8994,127918,2023-04-28 04:00:00
1170,64.15,64.3,9091540,64.69,64.06,64.4075,114958,2023-05-01 04:00:00
1171,64.14,64.01,10948420,64.14,63.27,63.7732,125220,2023-05-02 04:00:00
1172,64.02,63.65,11084594,64.18,63.58,63.8072,135686,2023-05-03 04:00:00
1173,63.74,63.72,11938308,63.93,63.51,63.6795,118132,2023-05-04 04:00:00
1174,63.64,64.02,9039023,64.205,63.63,63.9899,95334,2023-05-05 04:00:00
1175,63.81,63.92,7240719,64.055,63.61,63.9315,99226,2023-05-08 04:00:00
1176,63.64,63.39,9067653,63.75,63.28,63.4769,94770,2023-05-09 04:00:00
1177,63.32,63.5,10134026,63.64,62.99,63.3509,102063,2023-05-10 04:00:00
1178,63.58,63.86,9581525,63.93,63.01,63.6228,98348,2023-05-11 04:00:00
1179,63.86,64.11,8740752,64.19,63.7,63.9984,101496,2023-05-12 04:00:00
1180,64.22,63.94,8149993,64.25,63.71,63.943,106354,2023-05-15 04:00:00
1181,63.895,63.22,9130361,63.895,63.16,63.3397,98818,2023-05-16 04:00:00
1182,63.4,63.15,11582953,63.42,62.73,63.0711,118116,2023-05-17 04:00:00
1183,63.01,62.8,13595053,63.04,62.57,62.8058,113798,2023-05-18 04:00:00
1184,63.04,62.83,14251355,63.1,62.605,62.8138,104239,2023-05-19 04:00:00
1185,62.785,61.51,15055371,62.865,61.44,61.7086,171619,2023-05-22 04:00:00
1186,61.51,61.4,13932724,61.67,61.17,61.4819,130277,2023-05-23 04:00:00
1187,61.38,60.88,11090129,61.43,60.72,60.9347,116713,2023-05-24 04:00:00
1188,60.47,60.41,14463630,60.73,60.15,60.4695,135957,2023-05-25 04:00:00
1189,60.45,60.26,12570281,60.64,60.11,60.2915,127499,2023-05-26 04:00:00
1190,60.09,59.78,15634206,60.195,59.52,59.784,174530,2023-05-30 04:00:00
1191,59.92,59.66,59432166,60.28,59.365,59.7069,185321,2023-05-31 04:00:00
1192,59.94,60,13402678,60.165,59.77,59.9713,138966,2023-06-01 04:00:00
1193,60.27,61.16,15259845,61.32,60.08,61.0849,143712,2023-06-02 04:00:00
1194,61,60.75,13912961,61.44,60.5548,60.8379,146391,2023-06-05 04:00:00
1195,60.95,60.31,10943523,60.99,60.1244,60.3423,129033,2023-06-06 04:00:00
1196,60.01,60.22,16817908,60.355,59.82,60.1882,145626,2023-06-07 04:00:00
1197,60.13,60.37,15589981,60.405,59.98,60.2765,124341,2023-06-08 04:00:00
1198,60.27,60.47,12582572,60.6667,60.17,60.5039,127466,2023-06-09 04:00:00
1199,60.59,60.21,14220955,60.65,60.02,60.2243,137365,2023-06-12 04:00:00
1200,60.21,60.45,13397782,60.67,60.04,60.4458,126732,2023-06-13 04:00:00
1201,60.73,60.86,14099675,61.08,60.6,60.8806,137402,2023-06-14 04:00:00
1202,60.61,61.23,15271390,61.2985,60.34,61.0521,131525,2023-06-15 04:00:00
1203,61.6,61.67,26737982,62.17,61.48,61.7582,151773,2023-06-16 04:00:00
1204,61.59,61.26,13973440,61.96,61.24,61.5167,139404,2023-06-20 04:00:00
1205,61.31,61.43,13948672,61.7199,60.98,61.4289,100310,2023-06-21 04:00:00
1206,61.81,61.85,15194155,62.1,61.585,61.8023,116799,2023-06-22 04:00:00
1207,61.94,61.2,25112061,61.97,61.18,61.3491,114318,2023-06-23 04:00:00
1208,61.205,61.22,12856073,61.29,60.39,60.9616,137393,2023-06-26 04:00:00
1209,61.22,61.09,9068546,61.36,60.98,61.1015,102793,2023-06-27 04:00:00
1210,60.88,60.52,11173182,61.04,60.4,60.576,115837,2023-06-28 04:00:00
1211,60.22,60.02,17142305,60.35,59.765,60.1126,150705,2023-06-29 04:00:00
1212,60,60.22,19739193,60.35,59.87,60.144,156242,2023-06-30 04:00:00
1213,60.2,60.58,9694520,60.63,60.03,60.4332,113830,2023-07-03 04:00:00
1214,60.28,61.03,14717678,61.1,60.16,60.891,148018,2023-07-05 04:00:00
1215,60.73,60.56,12604354,61.02,60.5,60.6216,119481,2023-07-06 04:00:00
1216,60.31,59.76,14573961,60.495,59.73,59.9938,130933,2023-07-07 04:00:00
1217,59.97,59.31,15480649,60.15,59.14,59.4948,161833,2023-07-10 04:00:00
1218,59.46,59.52,15970131,59.56,58.84,59.3591,144658,2023-07-11 04:00:00
1219,59.75,59.84,14241274,60.05,59.445,59.8221,131472,2023-07-12 04:00:00
1220,60.12,60.35,11269754,60.46,59.98,60.2702,120193,2023-07-13 04:00:00
1221,60.14,60.9,11634211,61.04,60.09,60.7352,125721,2023-07-14 04:00:00
1222,60.76,60.81,10015422,61.1,60.49,60.8568,122895,2023-07-17 04:00:00
1223,60.96,60.57,11152930,61.2488,60.41,60.6808,116572,2023-07-18 04:00:00
1224,60.77,61.64,12931244,61.79,60.68,61.4963,127519,2023-07-19 04:00:00
1225,61.68,62.39,11563020,62.41,61.67,62.2189,125526,2023-07-20 04:00:00
1226,62.46,62.44,12815069,62.68,62.24,62.4331,120528,2023-07-21 04:00:00
1227,62.42,62.46,10251137,62.81,62.4,62.492,116404,2023-07-24 04:00:00
1228,62.3,62.25,13422655,62.39,62.045,62.2223,133031,2023-07-25 04:00:00
1229,61.86,63.05,17145517,63.17,61.39,62.7513,162899,2023-07-26 04:00:00
1230,63.05,62.44,11517112,63.265,62.38,62.6639,128224,2023-07-27 04:00:00
1231,62.585,62.48,9723263,62.77,62.2207,62.4858,100226,2023-07-28 04:00:00
1232,62.45,61.93,15584503,62.45,61.73,61.9852,136235,2023-07-31 04:00:00
1233,62.09,61.77,9283438,62.36,61.62,61.85,106882,2023-08-01 04:00:00
1234,61.56,61.96,11061082,62.585,61.56,62.0857,120712,2023-08-02 04:00:00
1235,61.87,61.64,8039062,62.12,61.525,61.6687,98186,2023-08-03 04:00:00
1236,61.68,60.71,9359298,61.89,60.62,61.0497,110525,2023-08-04 04:00:00
1237,60.79,61.19,6982647,61.329,60.74,61.1358,104401,2023-08-07 04:00:00
1238,61.19,60.92,7956064,61.35,60.62,60.9013,101210,2023-08-08 04:00:00
1239,60.91,61.06,7904067,61.63,60.75,61.1986,97000,2023-08-09 04:00:00
1240,61.35,60.92,7870314,61.73,60.79,61.1509,103509,2023-08-10 04:00:00
1241,60.84,61.17,8483912,61.1982,60.69,61.0927,88579,2023-08-11 04:00:00
1242,61.32,60.88,7176291,61.48,60.75,61.0053,101950,2023-08-14 04:00:00
1243,60.69,60.47,7187444,60.8999,60.37,60.5287,98701,2023-08-15 04:00:00
1244,60.54,60.48,8372266,60.82,60.4,60.5856,95586,2023-08-16 04:00:00
1245,60.58,60.61,12627397,61.02,60.45,60.719,115376,2023-08-17 04:00:00
1246,60.54,60.95,11083770,61.085,60.37,60.7853,107728,2023-08-18 04:00:00
1247,60.86,60.43,8648519,60.93,60.3206,60.5376,108786,2023-08-21 04:00:00
1248,60.34,60.06,9412208,60.575,59.975,60.1698,112140,2023-08-22 04:00:00
1249,60.2,60.27,7749490,60.435,60.16,60.263,90890,2023-08-23 04:00:00
1250,60.27,60.11,8955130,60.88,60.09,60.2819,102863,2023-08-24 04:00:00
1251,60.41,60.39,7629222,60.57,60.01,60.3676,99959,2023-08-25 04:00:00
1252,60.55,60.56,6254255,60.725,60.3692,60.5342,93780,2023-08-28 04:00:00
1253,60.56,60.5,8189592,60.63,60.15,60.4259,100177,2023-08-29 04:00:00
1254,60.64,60.47,9447912,60.74,60.2941,60.4706,98846,2023-08-30 04:00:00
1255,60.3,59.83,14675152,60.47,59.805,59.9812,125404,2023-08-31 04:00:00
