META,open_price,close_price,trading_volume,highest_price,lowest_price,volume_weighted_avg_price,transaction_amt,date_time
0,15.08,15.12,334935,15.19,15.042,15.1107,2101,2021-06-30 04:00:00
1,15.13,14.89,241629,15.13,14.84,15.0126,2092,2021-07-01 04:00:00
2,15.02,15,388152,15.1,14.93,15.0224,4733,2021-07-02 04:00:00
3,15.08,15.01,685094,15.09,14.87,15.1119,11269,2021-07-06 04:00:00
4,15.0601,14.89,362538,15.15,14.84,14.983,5538,2021-07-07 04:00:00
5,14.58,14.74,228021,14.8,14.49,14.5999,3705,2021-07-08 04:00:00
6,14.83,14.9,180707,14.94,14.74,14.8654,2775,2021-07-09 04:00:00
7,15,14.94,249746,15.03,14.86,14.9777,5120,2021-07-12 04:00:00
8,14.97,14.9,256051,15.04,14.86,14.9658,4539,2021-07-13 04:00:00
9,15.08,14.76,196264,15.09,14.72,14.9028,4419,2021-07-14 04:00:00
10,14.78,14.54,174233,14.81,14.41,14.641,5035,2021-07-15 04:00:00
11,14.58,14.38,103993,14.63,14.33,14.471,3253,2021-07-16 04:00:00
12,14.13,14.31,111852,14.34,14.031,14.1668,3173,2021-07-19 04:00:00
13,14.41,14.46,88232,14.5,14.24,14.3787,1984,2021-07-20 04:00:00
14,14.49,14.67,78115,14.68,14.485,14.5744,1869,2021-07-21 04:00:00
15,14.75,14.7088,90804,14.78,14.64,14.7098,2209,2021-07-22 04:00:00
16,14.85,14.8,167551,14.86,14.71,14.747,2086,2021-07-23 04:00:00
17,14.73,14.63,128353,14.73,14.6,14.6857,2225,2021-07-26 04:00:00
18,14.56,14.36,140729,14.58,14.14,14.3664,3136,2021-07-27 04:00:00
19,14.5,14.6226,72875,14.67,14.38,14.5413,1235,2021-07-28 04:00:00
20,14.75,14.7173,92769,14.79,14.68,14.7342,1871,2021-07-29 04:00:00
21,14.56,14.62,67276,14.68,14.52,14.5925,1428,2021-07-30 04:00:00
22,14.72,14.64,87711,14.7225,14.55,14.6546,1811,2021-08-02 04:00:00
23,14.6,14.57,119306,14.62,14.4,14.544,2495,2021-08-03 04:00:00
24,14.61,14.72,98578,14.72,14.59,14.6439,1965,2021-08-04 04:00:00
25,14.65,14.73,220194,14.7499,14.56,14.6602,2613,2021-08-05 04:00:00
26,14.7,14.65,143659,14.73,14.579,14.6763,2226,2021-08-06 04:00:00
27,14.71,14.8107,115247,14.83,14.63,14.7691,2222,2021-08-09 04:00:00
28,14.89,14.67,131568,14.97,14.617,14.7677,2587,2021-08-10 04:00:00
29,14.8,14.7,260877,14.81,14.59,14.6965,1971,2021-08-11 04:00:00
30,14.71,14.75,153521,14.75,14.601,14.6875,1482,2021-08-12 04:00:00
31,14.77,14.74,93899,14.82,14.661,14.7275,1810,2021-08-13 04:00:00
32,14.75,14.55,194217,14.76,14.42,14.5644,2497,2021-08-16 04:00:00
33,14.4,14.31,199607,14.4019,14.205,14.3154,2819,2021-08-17 04:00:00
34,14.38,14.27,222496,14.44,14.26,14.3711,2512,2021-08-18 04:00:00
35,14.14,14.23,110171,14.3599,14.05,14.204,1810,2021-08-19 04:00:00
36,14.3,14.45,100029,14.4699,14.15,14.3808,1245,2021-08-20 04:00:00
37,14.6,14.7498,161891,14.76,14.56,14.6516,1957,2021-08-23 04:00:00
38,14.88,14.91,190996,14.94,14.82,14.8947,2056,2021-08-24 04:00:00
39,14.98,15.02,171461,15.05,14.9,15.0266,2077,2021-08-25 04:00:00
40,15,14.81,173937,15.01,14.7532,14.8921,2089,2021-08-26 04:00:00
41,14.87,14.96,122997,14.99,14.81,14.9139,1612,2021-08-27 04:00:00
42,15,15.03,221500,15.08,14.95,15.0214,2535,2021-08-30 04:00:00
43,15.06,15.11,155281,15.13,15.0315,15.0855,2006,2021-08-31 04:00:00
44,15.22,15.24,1842013,15.32,15.16,15.3011,2851,2021-09-01 04:00:00
45,15.31,15.23,301698,15.35,15.17,15.2623,2336,2021-09-02 04:00:00
46,15.23,15.35,283401,15.36,15.23,15.3108,2005,2021-09-03 04:00:00
47,15.43,15.41,311198,15.46,15.3221,15.4,2991,2021-09-07 04:00:00
48,15.37,15.21,374614,15.3725,15.07,15.2105,2687,2021-09-08 04:00:00
49,15.14,15.18,217892,15.23,15.1,15.1735,2011,2021-09-09 04:00:00
50,15.21,15.12,158114,15.27,15.09,15.1948,1953,2021-09-10 04:00:00
51,15.18,15.03,358894,15.18,14.911,15,2227,2021-09-13 04:00:00
52,15.07,14.99,127496,15.085,14.93,15.0142,1693,2021-09-14 04:00:00
53,14.97,15.01,174126,15.01,14.82,14.9055,2429,2021-09-15 04:00:00
54,14.95,15.03,124712,15.0477,14.88,14.9525,2076,2021-09-16 04:00:00
55,15.02,14.93,98599,15.02,14.855,14.9334,2368,2021-09-17 04:00:00
56,14.57,14.43,349751,14.63,14.26,14.4561,4594,2021-09-20 04:00:00
57,14.52,14.56,140429,14.6199,14.43,14.521,1924,2021-09-21 04:00:00
58,14.58,14.73,118366,14.75,14.51,14.6801,1484,2021-09-22 04:00:00
59,14.81,14.93,133193,14.93,14.79,14.8858,1689,2021-09-23 04:00:00
60,14.8,14.91,143940,14.92,14.77,14.8498,1634,2021-09-24 04:00:00
61,14.86,14.8,94517,14.86,14.67,14.7704,1925,2021-09-27 04:00:00
62,14.58,14.27,335011,14.58,14.25,14.3428,3976,2021-09-28 04:00:00
63,14.35,14.16,383356,14.36,14.11,14.2428,3410,2021-09-29 04:00:00
64,14.23,14.16,145423,14.26,14.11,14.199,1852,2021-09-30 04:00:00
65,14.24,14.25,120143,14.25,14,14.0943,2221,2021-10-01 04:00:00
66,14.15,13.9,211957,14.15,13.75,13.8789,3683,2021-10-04 04:00:00
67,13.95,14.04,76306,14.1,13.885,14.0193,1559,2021-10-05 04:00:00
68,13.89,14.1,80926,14.115,13.81,13.9777,1328,2021-10-06 04:00:00
69,14.3,14.39,154569,14.475,14.27,14.3989,1341,2021-10-07 04:00:00
70,14.45,14.31,121021,14.45,14.28,14.3755,1158,2021-10-08 04:00:00
71,14.22,14.23,74377,14.405,14.21,14.3128,1134,2021-10-11 04:00:00
72,14.24,14.23,80131,14.27,14.17,14.2049,1012,2021-10-12 04:00:00
73,14.31,14.44,257245,14.44,14.3,14.3491,998,2021-10-13 04:00:00
74,14.6,14.64,103746,14.65,14.5324,14.6124,1176,2021-10-14 04:00:00
75,14.75,14.78,177948,14.78,14.68,14.7426,1526,2021-10-15 04:00:00
76,14.73,14.92,145590,14.9235,14.73,14.8282,1893,2021-10-18 04:00:00
77,15,15.16,211679,15.16,14.97,15.0771,2001,2021-10-19 04:00:00
78,15.17,15.12,210689,15.22,15.03,15.1281,2622,2021-10-20 04:00:00
79,15.07,15.31,277676,15.32,15.06,15.2089,2569,2021-10-21 04:00:00
80,15.12,14.94,274371,15.16,14.88,15.0331,3176,2021-10-22 04:00:00
81,15.03,15.04,410574,15.07,14.8301,15.009,4063,2021-10-25 04:00:00
82,15.22,15.04,663555,15.24,14.98,15.129,5331,2021-10-26 04:00:00
83,15.06,14.93,338916,15.14,14.9,15.0252,4049,2021-10-27 04:00:00
84,15,15.22,2215936,15.25,14.92,15.1586,12514,2021-10-28 04:00:00
85,15.18,15.32,1734118,15.32,15.16,15.2478,17038,2021-10-29 04:00:00
86,15.47,15.5,2482332,15.5,15.37,15.4483,19376,2021-11-01 04:00:00
87,15.51,15.47,1446890,15.52,15.36,15.4492,12348,2021-11-02 04:00:00
88,15.5,15.6,1428302,15.6,15.395,15.5102,12493,2021-11-03 04:00:00
89,15.68,15.82,1772318,15.875,15.63,15.7365,15513,2021-11-04 04:00:00
90,15.94,15.75,2371113,16,15.7,15.8729,21398,2021-11-05 04:00:00
91,15.91,15.99,3610406,16.02,15.86,15.9602,29321,2021-11-08 05:00:00
92,16.458,16.39,5028837,16.55,16.16,16.3674,37631,2021-11-09 05:00:00
93,16.13,15.91,3671280,16.31,15.7801,16.0978,31398,2021-11-10 05:00:00
94,16.14,16.09,2476084,16.22,16,16.128,20481,2021-11-11 05:00:00
95,16.19,16.45,3764549,16.45,16.12,16.3154,25259,2021-11-12 05:00:00
96,16.63,16.53,7582899,16.6361,16.39,16.5417,49035,2021-11-15 05:00:00
97,16.48,16.77,5542536,16.8,16.41,16.6499,36650,2021-11-16 05:00:00
98,16.81,16.73,6534341,16.87,16.65,16.7603,39542,2021-11-17 05:00:00
99,16.97,16.84,7976486,17.07,16.7,16.8813,49705,2021-11-18 05:00:00
100,16.8801,16.9,5918489,17.06,16.875,16.9689,38976,2021-11-19 05:00:00
101,17.11,16.3,7956088,17.11,16.27,16.713,61156,2021-11-22 05:00:00
102,16.22,16.1,4578303,16.37,15.83,16.0656,36617,2021-11-23 05:00:00
103,15.87,16.28,3151818,16.28,15.84,16.129,22767,2021-11-24 05:00:00
104,16.18,16.01,4101576,16.27,15.865,16.0473,25700,2021-11-26 05:00:00
105,16.28,16.38,4274010,16.41,16.07,16.2705,29185,2021-11-29 05:00:00
106,16.33,16.1,4992415,16.5299,15.9,16.1842,32674,2021-11-30 05:00:00
107,16.37,15.47,6225015,16.4,15.44,15.9219,41355,2021-12-01 05:00:00
108,15.4153,15.6,2956254,15.76,15.32,15.5504,26615,2021-12-02 05:00:00
109,15.67,15.19,4098283,15.7199,14.9,15.1884,37474,2021-12-03 05:00:00
110,15.125,15.26,2918764,15.29,14.67,15.0588,26541,2021-12-06 05:00:00
111,15.72,15.84,2558783,15.88,15.615,15.7762,19052,2021-12-07 05:00:00
112,15.84,16.04,2932906,16.11,15.675,15.9301,16962,2021-12-08 05:00:00
113,16.03,15.58,2600902,16.15,15.5387,15.7988,19202,2021-12-09 05:00:00
114,15.77,15.52,1848318,15.83,15.39,15.5613,16286,2021-12-10 05:00:00
115,15.53,15.24,2178533,15.55,15.13,15.3387,20957,2021-12-13 05:00:00
116,15.02,15.06,2662945,15.17,14.85,15.0123,21230,2021-12-14 05:00:00
117,14.95,15.28,2356281,15.28,14.615,14.9065,22573,2021-12-15 05:00:00
118,15.45,14.79,2511073,15.46,14.68,14.9991,21515,2021-12-16 05:00:00
119,14.58,14.9,2285306,15.01,14.525,14.8262,18426,2021-12-17 05:00:00
120,14.53,14.65,1757551,14.735,14.5,14.6034,18047,2021-12-20 05:00:00
121,14.88,15.17,1606675,15.17,14.6804,14.9303,14089,2021-12-21 05:00:00
122,15.16,15.24,2486958,15.31,15.095,15.2035,17737,2021-12-22 05:00:00
123,15.35,15.36,1889063,15.41,15.14,15.3113,13135,2021-12-23 05:00:00
124,15.43,15.6,2088905,15.62,15.41,15.5417,18132,2021-12-27 05:00:00
125,15.63,15.37,2094794,15.65,15.325,15.483,17662,2021-12-28 05:00:00
126,15.39,15.25,1754742,15.41,15.1,15.2457,14150,2021-12-29 05:00:00
127,15.29,15.31,1481543,15.46,15.22,15.3757,10688,2021-12-30 05:00:00
128,15.4,15.18,1367278,15.41,15.17,15.2941,9899,2021-12-31 05:00:00
129,15.36,15.25,2271695,15.36,15.04,15.2466,16927,2022-01-03 05:00:00
130,15.3,14.91,3030653,15.3,14.69,14.9056,28336,2022-01-04 05:00:00
131,14.79,14.24,3229326,14.86,14.24,14.5698,28417,2022-01-05 05:00:00
132,14.19,14.28,2934433,14.435,13.94,14.2604,23042,2022-01-06 05:00:00
133,14.28,14.13,1947869,14.44,14.01,14.2139,17364,2022-01-07 05:00:00
134,13.85,14.13,2545030,14.13,13.571,13.7847,23543,2022-01-10 05:00:00
135,14.14,14.46,1712195,14.51,14.04,14.339,12796,2022-01-11 05:00:00
136,14.66,14.53,1454029,14.72,14.38,14.5636,11883,2022-01-12 05:00:00
137,14.59,13.9,2161494,14.59,13.88,14.1799,19311,2022-01-13 05:00:00
138,13.85,13.97,1682546,14.0269,13.75,13.8802,14852,2022-01-14 05:00:00
139,13.87,13.55,2247109,13.87,13.525,13.6928,19340,2022-01-18 05:00:00
140,13.65,13.41,1657123,13.7599,13.4,13.565,14511,2022-01-19 05:00:00
141,13.62,13.3,1868892,13.8399,13.2619,13.6123,18327,2022-01-20 05:00:00
142,13.13,12.77,2483983,13.2499,12.75,13.0017,23078,2022-01-21 05:00:00
143,12.34,12.84,4186226,12.84,11.88,12.3162,29217,2022-01-24 05:00:00
144,12.48,12.43,1801800,12.695,12.29,12.466,12975,2022-01-25 05:00:00
145,12.8,12.28,2167547,12.8426,12.14,12.5895,14773,2022-01-26 05:00:00
146,12.43,11.95,1300741,12.45,11.93,12.1695,12644,2022-01-27 05:00:00
147,11.9979,12.31,1571954,12.31,11.73,12.047,11494,2022-01-28 05:00:00
148,194.28,184,23501579,199.45,183.68,190.7486,282457,2022-06-09 04:00:00
149,183.04,175.57,27478354,183.1,175.02,177.3336,366773,2022-06-10 04:00:00
150,170.59,164.26,31749304,172.575,164.03,167.244,440307,2022-06-13 04:00:00
151,166.03,163.73,27192049,166.75,161.3601,163.7958,341928,2022-06-14 04:00:00
152,167.2,169.35,29808251,172.16,163.975,167.5321,340902,2022-06-15 04:00:00
153,163.72,160.87,26944143,165.08,159.61,161.1857,343720,2022-06-16 04:00:00
154,161.68,163.74,31317515,165.9,159.9,163.3041,315762,2022-06-17 04:00:00
155,165.93,157.05,50661882,167.76,155.97,160.1123,499434,2022-06-21 04:00:00
156,158.38,155.85,47596820,160.79,155.44,158.2354,442420,2022-06-22 04:00:00
157,156.27,158.75,40499198,159.75,154.25,157.3009,410761,2022-06-23 04:00:00
158,161.725,170.16,68736009,170.25,161.3,168.555,400892,2022-06-24 04:00:00
159,171.32,169.49,29167509,171.75,168.01,169.5878,271604,2022-06-27 04:00:00
160,169.9,160.68,27788725,171.3,160.61,164.8941,289792,2022-06-28 04:00:00
161,163.57,163.94,28595236,166.33,160.32,163.4273,274230,2022-06-29 04:00:00
162,162.15,161.25,35150605,165.23,158.49,162.26,349372,2022-06-30 04:00:00
163,160.31,160.03,31364183,160.62,155,157.7834,312015,2022-07-01 04:00:00
164,158.14,168.19,28664799,168.25,157.02,163.7831,282014,2022-07-05 04:00:00
165,168.2,169.77,23085921,171.59,165.46,168.5555,246615,2022-07-06 04:00:00
166,169.45,172.19,24083368,172.72,167.78,170.8722,256780,2022-07-07 04:00:00
167,169.98,170.88,19249243,172.4,168.1501,170.6698,207549,2022-07-08 04:00:00
168,167.065,162.88,21905133,167.49,161.91,163.7102,251773,2022-07-11 04:00:00
169,164.8,163.27,16639659,165.9107,162.1,163.8736,189953,2022-07-12 04:00:00
170,160.16,163.49,16555138,164.98,159.6127,162.9191,200248,2022-07-13 04:00:00
171,161.22,158.05,23765168,162.59,157.2801,158.3596,260330,2022-07-14 04:00:00
172,160.54,164.7,23342807,164.98,159.82,163.1447,232609,2022-07-15 04:00:00
173,166.75,167.23,23574337,171.685,165.64,168.455,235311,2022-07-18 04:00:00
174,170.37,175.78,25933679,176.49,169.51,174.1129,269593,2022-07-19 04:00:00
175,177.485,183.09,24784274,183.6,176.7,180.9088,272776,2022-07-20 04:00:00
176,180.63,183.17,27195815,183.85,178.87,181.3591,297710,2022-07-21 04:00:00
177,173.07,169.27,42583514,175.5995,168.41,171.0334,437949,2022-07-22 04:00:00
178,169,166.65,26166326,170.57,164.805,167.0831,256153,2022-07-25 04:00:00
179,165.94,159.15,28468424,166,157.95,160.9253,302869,2022-07-26 04:00:00
180,162.59,169.58,43846557,170.87,162.02,166.8182,441953,2022-07-27 04:00:00
181,161.06,160.72,73214326,161.51,154.85,158.6379,724898,2022-07-28 04:00:00
182,157.69,159.1,42065395,160.14,155.17,157.8361,434911,2022-07-29 04:00:00
183,157.25,159.93,40596702,165.19,155.2301,160.7622,386947,2022-08-01 04:00:00
184,158.31,160.19,27374516,162.24,158.01,160.0829,277048,2022-08-02 04:00:00
185,162.69,168.8,31717527,169.54,161.57,167.3004,329313,2022-08-03 04:00:00
186,168.295,170.57,23638212,172.15,166.8,169.4886,256435,2022-08-04 04:00:00
187,166.99,167.11,25742701,171.612,165.8,167.8066,262112,2022-08-05 04:00:00
188,168,170.25,27299113,177.51,167.13,172.4019,286640,2022-08-08 04:00:00
189,168.95,168.53,18655056,169.53,166.6,167.8525,201938,2022-08-09 04:00:00
190,175.99,178.34,30262132,180.48,173.95,177.924,322538,2022-08-10 04:00:00
191,179.71,177.49,24046762,183.1,176.37,179.2601,259468,2022-08-11 04:00:00
192,180.81,180.5,21244646,181.4572,178.911,180.0954,203524,2022-08-12 04:00:00
193,178.96,180.89,15878671,181.44,178.2,180.3433,190435,2022-08-15 04:00:00
194,179.44,179.47,21156710,180.99,177.035,179.0325,237592,2022-08-16 04:00:00
195,176.76,174.85,20118133,178.14,174.17,175.6687,230141,2022-08-17 04:00:00
196,174.34,174.66,18844451,175.76,171.86,174.3985,202551,2022-08-18 04:00:00
197,170.2,167.96,26240799,172.32,167.05,168.6366,263721,2022-08-19 04:00:00
198,165.49,163.05,19499711,165.49,162.26,163.2704,246950,2022-08-22 04:00:00
199,162.48,161.11,18111777,165.05,160.7,162.2867,195713,2022-08-23 04:00:00
200,160.6,163.26,20891481,165.46,159.77,163.2267,202871,2022-08-24 04:00:00
201,165.18,168.78,15500514,168.88,164.02,167.1443,178204,2022-08-25 04:00:00
202,168.48,161.78,24023633,170.92,161.6726,164.3721,256217,2022-08-26 04:00:00
203,160.655,159.17,19982661,163.05,159.01,160.4675,215220,2022-08-29 04:00:00
204,160.355,157.16,19567948,161.66,155.91,157.7263,242080,2022-08-30 04:00:00
205,167.07,162.93,40949225,167.84,162.14,164.5198,376773,2022-08-31 04:00:00
206,163.58,165.36,30145683,167.3599,160.345,163.6376,309574,2022-09-01 04:00:00
207,167.45,160.32,22634191,167.93,159.22,162.8664,260404,2022-09-02 04:00:00
208,160.1,158.54,19339781,161.69,157.69,159.114,222182,2022-09-06 04:00:00
209,157.76,160.39,16831182,160.955,156.81,159.1955,188303,2022-09-07 04:00:00
210,158.71,162.06,22530785,162.23,157.74,160.623,211698,2022-09-08 04:00:00
211,163.248,169.15,22129802,169.54,163.02,167.8011,227145,2022-09-09 04:00:00
212,167.39,168.96,23220405,171.39,167.28,168.9274,240516,2022-09-12 04:00:00
213,161.54,153.13,44444061,161.63,152.67,156.0803,514431,2022-09-13 04:00:00
214,153.33,151.47,43064195,153.54,149.05,150.8774,445304,2022-09-14 04:00:00
215,149.8,149.55,34594348,154.1984,148.7,150.7398,335866,2022-09-15 04:00:00
216,148.05,146.29,40122824,148.58,144.2935,146.1869,366102,2022-09-16 04:00:00
217,145.235,148.02,22081977,148.58,145.1,146.9652,211787,2022-09-19 04:00:00
218,145.775,146.09,23217350,148.84,145.22,146.9029,215233,2022-09-20 04:00:00
219,146.39,142.12,38298614,149.6,142,144.9932,332177,2022-09-21 04:00:00
220,141.55,142.82,34348521,144.58,140.87,142.8064,319519,2022-09-22 04:00:00
221,141.42,140.41,31696685,142.62,138.89,140.2186,320005,2022-09-23 04:00:00
222,140.12,136.37,30357021,142.24,136.19,138.322,302991,2022-09-26 04:00:00
223,137.92,134.4,30826471,139.42,134.1201,136.0143,302933,2022-09-27 04:00:00
224,134.62,141.61,32658478,142.03,134.27,139.2052,289794,2022-09-28 04:00:00
225,139.36,136.41,38985414,139.84,135.2,136.9509,304759,2022-09-29 04:00:00
226,136.05,135.68,33150993,140.99,135.5,137.8116,281881,2022-09-30 04:00:00
227,137.14,138.61,27723063,139.62,136.1,138.0316,261454,2022-10-03 04:00:00
228,140.49,140.28,34670729,142.3901,139.34,140.6403,298427,2022-10-04 04:00:00
229,138.24,138.98,27968548,140.21,134.78,137.4273,270881,2022-10-05 04:00:00
230,137.715,139.07,36231056,141.45,136.6,139.3535,281296,2022-10-06 04:00:00
231,136.76,133.45,33214773,138.29,132.44,134.4316,305232,2022-10-07 04:00:00
232,133.55,133.79,24023982,136.11,131.87,133.8076,235882,2022-10-10 04:00:00
233,131.62,128.54,38481403,132.66,126.99,129.1724,358250,2022-10-11 04:00:00
234,128.32,127.5,34605245,129.67,126.25,127.6546,282885,2022-10-12 04:00:00
235,123.53,130.29,34325715,131.14,122.5301,127.8506,329065,2022-10-13 04:00:00
236,131,126.76,23559407,131.79,126.52,128.0841,223147,2022-10-14 04:00:00
237,130.3,134.04,29612245,134.79,130.18,133.0556,273868,2022-10-17 04:00:00
238,137.085,132.8,25444979,137.8399,131.4,133.7791,246946,2022-10-18 04:00:00
239,132.89,133.23,30691047,137,132.22,133.9765,265353,2022-10-19 04:00:00
240,132.93,131.53,26356276,136.77,131.31,132.9425,269032,2022-10-20 04:00:00
241,126.31,130.01,46348647,130.12,125.44,128.3255,388930,2022-10-21 04:00:00
242,127.25,129.72,63537797,133.48,124.57,129.4538,550882,2022-10-24 04:00:00
243,130.875,137.51,38433219,138.35,130.59,135.5028,325937,2022-10-25 04:00:00
244,131.68,129.82,89294679,135.55,128.53,123.3074,867982,2022-10-26 04:00:00
245,97.975,97.94,232316571,102.5,96.38,99.6124,1849372,2022-10-27 04:00:00
246,99.58,99.2,95928306,100.85,97.51,99.3071,761635,2022-10-28 04:00:00
247,98.22,93.16,121136644,99.32,92.6,94.2319,951643,2022-10-31 04:00:00
248,94.33,95.2,110094417,97.49,93.55,95.463,735796,2022-11-01 04:00:00
249,94.205,90.54,71794472,95.2,90.48,92.9141,587097,2022-11-02 04:00:00
250,90.08,88.91,60664012,90.4576,88.41,89.357,503016,2022-11-03 04:00:00
251,90.35,90.79,55605061,91.39,88.09,89.7507,437599,2022-11-04 04:00:00
252,94.78,96.72,81987295,96.88,93.1,95.4604,596421,2022-11-07 05:00:00
253,95.92,96.47,52088320,97.8,94.79,96.1836,422585,2022-11-08 05:00:00
254,101.72,101.47,107677235,104.9,100.74,102.7223,843144,2022-11-09 05:00:00
255,107.12,111.87,80570961,112.75,104.61,109.4353,678830,2022-11-10 05:00:00
256,109.23,113.02,59926142,114.9,108.81,112.7038,496469,2022-11-11 05:00:00
257,110.99,114.22,53394974,116.27,110.8,114.3773,385311,2022-11-14 05:00:00
258,116.07,117.08,50653499,118.74,114.4116,116.9988,421760,2022-11-15 05:00:00
259,114.5,113.23,33287773,116.075,112.66,113.6085,274745,2022-11-16 05:00:00
260,110.41,111.45,35093822,112.33,109.8,111.3019,284093,2022-11-17 05:00:00
261,113.8,112.05,33357707,114.32,110.62,112.2559,259579,2022-11-18 05:00:00
262,111.52,109.86,24351074,112.3699,109.19,110.2423,226749,2022-11-21 05:00:00
263,109.86,111.44,29028963,111.62,108.3216,110.3557,236543,2022-11-22 05:00:00
264,111.72,112.24,21343083,112.67,110.73,111.955,196118,2022-11-23 05:00:00
265,111.3,111.41,12007566,112.73,111.02,111.532,115714,2022-11-25 05:00:00
266,110.78,108.78,23332816,112.04,108.38,109.4876,227168,2022-11-28 05:00:00
267,109.54,109.46,23899238,110.94,108.5437,109.6168,223338,2022-11-29 05:00:00
268,109.505,118.1,43348557,118.16,109.38,114.6127,374670,2022-11-30 05:00:00
269,119.198,120.44,36551374,121.2,118.4,119.9685,334504,2022-12-01 05:00:00
270,117.83,123.49,39950464,124.04,117.61,122.0064,359062,2022-12-02 05:00:00
271,121.75,122.43,35474884,124.67,121.35,122.7441,298476,2022-12-05 05:00:00
272,119.91,114.12,43689183,120.55,113.74,115.4845,396026,2022-12-06 05:00:00
273,113.76,113.93,29461137,115.88,112.88,113.974,258992,2022-12-07 05:00:00
274,116.39,115.33,30619418,117.34,114.59,115.5962,251557,2022-12-08 05:00:00
275,115.3,115.9,26033353,117.54,113.87,116.1099,225861,2022-12-09 05:00:00
276,115.18,114.71,24747064,115.72,113.14,114.3243,213233,2022-12-12 05:00:00
277,122.13,120.15,44701054,123.3,118.64,120.8091,403939,2022-12-13 05:00:00
278,119.39,121.59,36922037,124.14,119.39,121.8685,345857,2022-12-14 05:00:00
279,118.33,116.15,34530970,118.625,114.01,116.1778,305279,2022-12-15 05:00:00
280,120.23,119.43,67064001,123.31,118.8214,120.2566,395640,2022-12-16 05:00:00
281,116.83,114.48,29769875,117.8,114.331,115.6207,265821,2022-12-19 05:00:00
282,113.26,117.09,28742501,117.33,112.46,115.736,267692,2022-12-20 05:00:00
283,116.7,119.76,20392799,120.34,115.62,119.1541,213045,2022-12-21 05:00:00
284,117.2,117.12,22418121,118.62,114.38,116.3403,226013,2022-12-22 05:00:00
285,116.03,118.04,17779225,118.175,115.535,117.3069,202559,2022-12-23 05:00:00
286,117.93,116.88,21392311,118.6,116.0501,117.2744,215816,2022-12-27 05:00:00
287,116.25,115.62,19612473,118.15,115.51,116.488,199776,2022-12-28 05:00:00
288,116.4,120.26,22360192,121.03,115.77,119.6071,230683,2022-12-29 05:00:00
289,118.16,120.34,19583825,120.42,117.74,119.1785,206872,2022-12-30 05:00:00
290,122.82,124.74,35528531,126.37,122.28,124.2507,333901,2023-01-03 05:00:00
291,127.38,127.37,32397094,129.0498,125.85,127.4234,301929,2023-01-04 05:00:00
292,126.125,126.94,25447099,128.52,124.54,126.56,255490,2023-01-05 05:00:00
293,128.97,130.02,27584498,130.33,126.04,128.9406,267162,2023-01-06 05:00:00
294,131.16,129.47,26628145,132.95,129.28,130.865,275764,2023-01-09 05:00:00
295,127.27,132.99,28684431,133.44,127.15,131.6576,276106,2023-01-10 05:00:00
296,130.96,132.89,25423046,133.8494,130.34,132.5097,241805,2023-01-11 05:00:00
297,133.44,136.71,30748732,137.6781,131.76,135.472,293576,2023-01-12 05:00:00
298,134.97,136.98,22423839,137.39,134.835,136.4689,219818,2023-01-13 05:00:00
299,136.176,135.36,21147587,136.75,134.25,135.5244,219982,2023-01-17 05:00:00
300,135.81,133.02,20215486,137.25,132.8,134.3035,207611,2023-01-18 05:00:00
301,132.49,136.15,28625232,137.45,132.14,135.5037,239619,2023-01-19 05:00:00
302,135.89,139.37,28688630,139.94,134.61,138.1651,255699,2023-01-20 05:00:00
303,139.29,143.27,27089093,143.76,138.66,142.237,257222,2023-01-23 05:00:00
304,141.69,143.14,21970190,145,141.36,143.5741,242488,2023-01-24 05:00:00
305,141.22,141.5,26622021,143.17,140.31,141.8509,240989,2023-01-25 05:00:00
306,144.4,147.3,25382084,147.51,143.3,145.7905,266225,2023-01-26 05:00:00
307,148.237,151.74,35771865,153.19,147.39,150.9056,373164,2023-01-27 05:00:00
308,149.405,147.06,28040100,151.1233,146.95,148.3383,290553,2023-01-30 05:00:00
309,147.95,148.97,29842109,149.88,147.52,148.369,277702,2023-01-31 05:00:00
310,148.03,153.12,55661017,153.58,147.06,159.8726,582465,2023-02-01 05:00:00
311,183.38,188.77,150457887,197.16,180.16,188.3075,1363514,2023-02-02 05:00:00
312,183.465,186.53,76671301,196.77,182.89,190.5943,731461,2023-02-03 05:00:00
313,186.53,186.06,42462811,190.7,185.5156,187.63,401070,2023-02-06 05:00:00
314,185.575,191.62,47007162,193.7799,184.4,189.5603,418649,2023-02-07 05:00:00
315,190,183.43,36131074,190.83,182.92,185.5726,370852,2023-02-08 05:00:00
316,186.13,177.92,37118811,186.65,177.27,181.0152,374960,2023-02-09 05:00:00
317,176.3534,174.15,33409567,178.89,173.35,175.6674,333026,2023-02-10 05:00:00
318,178.215,179.43,31463223,181,175.82,179.0958,300170,2023-02-13 05:00:00
319,177.16,179.48,24034631,181.5064,175.88,179.4498,243815,2023-02-14 05:00:00
320,176.415,177.16,25323291,178.19,175.33,176.7111,267643,2023-02-15 05:00:00
321,172.75,172.44,25827473,175.85,171.79,173.8899,296821,2023-02-16 05:00:00
322,170.22,172.88,24171260,173.18,169.7,171.7157,244920,2023-02-17 05:00:00
323,174.31,172.08,34559482,178.17,171.88,173.8489,333935,2023-02-21 05:00:00
324,171.07,171.12,22433158,172.755,169.69,171.3108,220309,2023-02-22 05:00:00
325,172,172.04,20017779,173.69,169.38,171.7911,211272,2023-02-23 05:00:00
326,168.64,170.39,19791334,170.72,167.66,169.3909,219784,2023-02-24 05:00:00
327,171.875,169.54,19277002,173.12,169.06,170.301,208265,2023-02-27 05:00:00
328,171.9,174.94,46050817,177.55,171.87,175.2962,405129,2023-02-28 05:00:00
329,174.59,173.42,30998380,177.85,173.05,175.4683,304332,2023-03-01 05:00:00
330,172.38,174.53,17360708,175.01,171.43,173.3187,192218,2023-03-02 05:00:00
331,178.92,185.25,45812692,186.62,177.05,183.4706,424647,2023-03-03 05:00:00
332,188,184.9,33181394,189.66,184.64,186.9669,313787,2023-03-06 05:00:00
333,189,184.51,36701495,190.36,184.01,186.3391,358005,2023-03-07 05:00:00
334,182.87,184.97,19432405,185.26,181.34,183.4331,217708,2023-03-08 05:00:00
335,186.35,181.69,26529500,188.93,180.3,184.2267,274791,2023-03-09 05:00:00
336,181.01,179.51,25665032,184.77,178.8,181.3559,283822,2023-03-10 05:00:00
337,177.96,180.9,24727969,183.78,174.82,180.9034,300957,2023-03-13 04:00:00
338,187.58,194.02,41642627,194.32,186.56,191.5222,444588,2023-03-14 04:00:00
339,192.95,197.75,42123552,197.78,190.8351,194.4848,441147,2023-03-15 04:00:00
340,198.26,204.93,50819659,205.76,196.0886,200.5713,503317,2023-03-16 04:00:00
341,200.56,195.61,50141098,201.9,195.4304,197.7534,417879,2023-03-17 04:00:00
342,198.48,197.81,24767015,199.36,193.64,196.6546,280102,2023-03-20 04:00:00
343,203.2,202.16,31816202,203.55,197.95,200.6503,335799,2023-03-21 04:00:00
344,202.5,199.81,28477759,207.37,199.67,203.3685,295935,2023-03-22 04:00:00
345,202.84,204.28,27389669,207.88,202.15,205.2498,302618,2023-03-23 04:00:00
346,205.18,206.01,27733042,207.58,203.55,205.4877,297286,2023-03-24 04:00:00
347,204.81,202.84,18527184,205.86,201.36,203.3286,231616,2023-03-27 04:00:00
348,200.15,200.68,19127295,201.03,197.9,199.5885,220760,2023-03-28 04:00:00
349,203.56,205.35,18851137,205.72,202.5355,204.3752,205245,2023-03-29 04:00:00
350,203.38,207.84,22558303,208.09,202.82,206.6721,258401,2023-03-30 04:00:00
351,207.24,211.94,25190273,212.17,206.77,210.2614,279843,2023-03-31 04:00:00
352,208.84,213.07,17924613,213.4861,208.2,211.1485,223355,2023-04-03 04:00:00
353,213.39,214.72,20994867,216.24,212.54,214.2122,240302,2023-04-04 04:00:00
354,214.15,211.48,19396630,215.19,209.94,211.9432,238379,2023-04-05 04:00:00
355,209.25,216.1,26104411,216.94,208.65,214.0167,289176,2023-04-06 04:00:00
356,214.71,214.75,16106074,215.66,210.66,213.3652,210349,2023-04-10 04:00:00
357,215.48,213.85,16710101,216.02,213.41,214.7228,202172,2023-04-11 04:00:00
358,214.835,214,18972172,216.84,212.584,214.9023,223608,2023-04-12 04:00:00
359,215.73,220.35,23290357,221.15,215.69,219.2075,261108,2023-04-13 04:00:00
360,217.88,221.49,21579807,222.11,217.55,220.1715,245329,2023-04-14 04:00:00
361,219.79,218.86,15481874,220.979,217.13,219.0231,207208,2023-04-17 04:00:00
362,219.91,217.89,12280984,220.44,216.21,217.9734,179976,2023-04-18 04:00:00
363,213.472,215.7,15898078,217.33,212.93,215.4893,211081,2023-04-19 04:00:00
364,213.48,213.07,16475443,216.75,212.77,214.44,200685,2023-04-20 04:00:00
365,210.21,212.89,17717166,213.41,209.58,211.9607,204177,2023-04-21 04:00:00
366,213.675,212.79,15695920,213.92,210.71,212.5049,168363,2023-04-24 04:00:00
367,210.815,207.55,19198175,211.26,207.13,209.1913,226883,2023-04-25 04:00:00
368,212.5,209.4,41954726,214.11,208.88,216.7858,509867,2023-04-26 04:00:00
369,239.89,238.56,71196531,241.685,236.77,239.3858,856607,2023-04-27 04:00:00
370,239.01,240.32,39515086,240.43,235.75,238.4755,451289,2023-04-28 04:00:00
371,238.615,243.18,29143912,244,236.46,240.3948,314425,2023-05-01 04:00:00
372,243.18,239.24,24350149,244.92,238.99,240.7257,266262,2023-05-02 04:00:00
373,239.47,237.03,34413859,241.75,232.75,237.9918,380619,2023-05-03 04:00:00
374,236.06,233.52,17889391,238.2,232.9264,235.613,234868,2023-05-04 04:00:00
375,232.24,232.78,27000377,234.68,229.85,231.9033,313323,2023-05-05 04:00:00
376,231.415,233.27,16400526,235.62,230.27,232.8964,200705,2023-05-08 04:00:00
377,231.46,233.37,16865587,235.88,231.08,233.7876,192449,2023-05-09 04:00:00
378,236.17,233.08,19098007,236.75,230.72,233.5231,228572,2023-05-10 04:00:00
379,233.05,235.79,20398991,238.21,232.3,236.5484,227954,2023-05-11 04:00:00
380,236.74,233.81,16161447,236.9599,231.45,233.7782,211733,2023-05-12 04:00:00
381,236.92,238.86,20653229,240.255,235.33,238.2714,246663,2023-05-15 04:00:00
382,235.79,238.82,17113772,239.635,235.52,238.0527,221864,2023-05-16 04:00:00
383,238.45,242.485,21193080,243.8423,238.14,241.5261,249594,2023-05-17 04:00:00
384,241.3,246.85,22943297,247.0881,241.19,244.1261,279543,2023-05-18 04:00:00
385,247.47,245.64,21733581,248.69,243.41,245.443,262469,2023-05-19 04:00:00
386,245.41,248.32,27738479,253.57,245.12,250.055,321435,2023-05-22 04:00:00
387,246.81,246.74,17748115,251.61,246.65,248.5781,233824,2023-05-23 04:00:00
388,245.28,249.21,17717345,249.5892,244.952,247.5062,215114,2023-05-24 04:00:00
389,253.4,252.69,22364823,255.62,249.17,252.8637,280067,2023-05-25 04:00:00
390,252.93,262.04,25768663,262.3107,252.71,259.2104,323959,2023-05-26 04:00:00
391,265.25,262.52,23776483,268.65,261.29,264.5721,336172,2023-05-30 04:00:00
392,260,264.72,25473690,265,258.45,263.4503,258027,2023-05-31 04:00:00
393,265.9,272.61,25609508,274,265.89,271.0201,340902,2023-06-01 04:00:00
394,272.66,272.61,19416930,275.35,271.12,273.216,270948,2023-06-02 04:00:00
395,270.3,271.39,20742946,275.57,269.56,272.5153,277380,2023-06-05 04:00:00
396,270.14,271.12,19419010,276.57,269.69,273.4327,263796,2023-06-06 04:00:00
397,271.67,263.6,26160827,274.25,262.8,267.6766,331859,2023-06-07 04:00:00
398,260.62,264.58,20899359,267.65,258.88,264.3179,264912,2023-06-08 04:00:00
399,262.48,264.95,16949794,267.949,261.7,265.0749,239879,2023-06-09 04:00:00
400,267.17,271.05,15471689,271.75,265.33,269.2851,215019,2023-06-12 04:00:00
401,274.88,271.32,16164024,275.72,269.0923,272.0187,237409,2023-06-13 04:00:00
402,271.89,273.35,19175041,274.99,268.315,272.5225,242319,2023-06-14 04:00:00
403,272.3,281.83,25948455,283.99,271.42,279.4515,329383,2023-06-15 04:00:00
404,284.75,281,42957731,287.85,280.13,282.9099,372248,2023-06-16 04:00:00
405,278.73,284.33,20688389,284.8,276.22,281.869,256050,2023-06-20 04:00:00
406,283.53,281.64,20556170,284,278.36,281.1046,232811,2023-06-21 04:00:00
407,279.08,284.88,17563061,285.26,277.79,281.9525,225260,2023-06-22 04:00:00
408,281.51,288.73,51092038,289.67,278.95,287.173,344834,2023-06-23 04:00:00
409,288.7,278.47,24232651,289.79,277.6,282.4339,321385,2023-06-26 04:00:00
410,282.01,287.05,26108265,289.345,280.655,285.5897,327214,2023-06-27 04:00:00
411,284.82,285.29,16722117,289.55,284.06,286.1356,248379,2023-06-28 04:00:00
412,284.5,281.53,15395690,286.57,280.69,282.8196,216273,2023-06-29 04:00:00
413,284.76,286.98,19694872,289.05,284.415,287.1507,259034,2023-06-30 04:00:00
414,286.7,286.02,8629269,289.4,284.8499,286.6523,138918,2023-07-03 04:00:00
415,287.65,294.37,33865457,298.12,286.36,294.6773,422618,2023-07-05 04:00:00
416,295.885,291.99,47704329,298.12,291.31,294.3938,542158,2023-07-06 04:00:00
417,292.18,290.53,25585975,296.2,288.66,291.9935,349869,2023-07-07 04:00:00
418,295.55,294.1,37058306,298.13,287.05,292.593,420546,2023-07-10 04:00:00
419,293.9,298.29,27584868,300.18,291.9,296.7681,339164,2023-07-11 04:00:00
420,301.745,309.34,36667427,309.45,300.1004,306.5162,455957,2023-07-12 04:00:00
421,313.62,313.41,30280972,316.24,310.2901,313.6521,401687,2023-07-13 04:00:00
422,311.79,308.87,23048608,314.88,307.3612,311.3388,328630,2023-07-14 04:00:00
423,307.54,310.62,25302726,311.71,304.71,308.2293,336095,2023-07-17 04:00:00
424,310.875,312.05,20739580,314.2,307.6188,310.9623,292646,2023-07-18 04:00:00
425,313.03,316.01,21763688,318.68,310.52,315.1179,327361,2023-07-19 04:00:00
426,313.5,302.52,23836876,315.54,302.22,306.7389,373288,2023-07-20 04:00:00
427,304.57,294.26,42139259,305.46,291.2,296.0847,470643,2023-07-21 04:00:00
428,295.78,291.61,26578041,297.52,288.3001,291.9009,334873,2023-07-24 04:00:00
429,295.19,294.47,19575584,298.3,291.86,294.8628,269669,2023-07-25 04:00:00
430,301.19,298.57,47243310,301.77,291.9,302.7657,673457,2023-07-26 04:00:00
431,325.12,311.71,64228125,325.35,309.84,318.5104,814488,2023-07-27 04:00:00
432,316.875,325.48,39217970,326.2,314.2481,322.7944,489886,2023-07-28 04:00:00
433,323.69,318.6,25792603,325.6599,317.59,321.1176,355466,2023-07-31 04:00:00
434,317.535,322.71,22889870,324.14,314.66,320.8726,317717,2023-08-01 04:00:00
435,318,314.31,20461094,318.39,310.65,314.6342,316366,2023-08-02 04:00:00
436,309.93,313.19,15215422,315.9499,309.93,313.7742,230799,2023-08-03 04:00:00
437,314.96,310.73,16912762,318.41,310.2,313.4235,245093,2023-08-04 04:00:00
438,313.23,316.56,16128004,317.07,310.46,314.2082,230360,2023-08-07 04:00:00
439,314.4,312.64,15183532,317.89,310.11,312.8984,233055,2023-08-08 04:00:00
440,312.88,305.21,19955783,313.63,302.85,306.8729,283451,2023-08-09 04:00:00
441,307.94,305.74,14358897,312.339,303.87,307.8609,211327,2023-08-10 04:00:00
442,302.57,301.64,14046250,304.72,300.36,302.149,222402,2023-08-11 04:00:00
443,300.98,306.19,15641921,306.21,298.25,303.0529,206053,2023-08-14 04:00:00
444,306.14,301.95,11623613,307.23,300.03,302.9223,171652,2023-08-15 04:00:00
445,300.195,294.29,18547741,301.08,294.28,297.3013,261408,2023-08-16 04:00:00
446,293.05,285.09,23950089,296.05,284.95,289.9367,311835,2023-08-17 04:00:00
447,279.03,283.25,35347925,285.69,274.38,279.8749,408828,2023-08-18 04:00:00
448,283.45,289.9,20181475,290.5,281.85,288.0032,240129,2023-08-21 04:00:00
449,292.55,287.6,12999913,292.9,286.75,289.3042,199419,2023-08-22 04:00:00
450,288.5,294.24,18287001,297.4,287.67,294.5702,247239,2023-08-23 04:00:00
451,298.5,286.75,18360882,299.46,286.64,290.5212,250622,2023-08-24 04:00:00
452,286.13,285.5,23701443,288.386,276.03,282.4213,326258,2023-08-25 04:00:00
453,288,290.26,14218285,291.45,285.8,288.9145,196266,2023-08-28 04:00:00
454,288.585,297.99,20844522,299.15,288.18,295.0867,292752,2023-08-29 04:00:00
455,297.17,295.1,17690624,298.29,293.43,295.8574,239294,2023-08-30 04:00:00
456,295.8,295.89,17229862,301.1,295.66,297.9235,211238,2023-08-31 04:00:00
