MNST,open_price,close_price,trading_volume,highest_price,lowest_price,volume_weighted_avg_price,transaction_amt,date_time
0,30.34,30.725,4392658,30.805,30.31,30.683,16077,2018-09-05 04:00:00
1,30.695,30.67,3657966,30.735,30.435,30.5948,14533,2018-09-06 04:00:00
2,30.485,30.17,4505500,30.485,29.9,30.1783,17509,2018-09-07 04:00:00
3,30.29,29.88,4038992,30.355,29.855,29.979,17184,2018-09-10 04:00:00
4,29.835,29.045,11009724,29.835,29.0225,29.2718,34633,2018-09-11 04:00:00
5,29.075,29.145,9722936,29.29,28.88,29.0974,32759,2018-09-12 04:00:00
6,29.315,29.47,13658886,29.665,29.075,29.3592,33919,2018-09-13 04:00:00
7,29.605,29.765,6767076,29.86,29.38,29.7485,18309,2018-09-14 04:00:00
8,29.845,29.86,3885298,29.96,29.545,29.8312,16823,2018-09-17 04:00:00
9,29.87,29.695,5943070,29.94,29.21,29.6921,19299,2018-09-18 04:00:00
10,29.69,29.66,3839916,29.815,29.545,29.6652,14696,2018-09-19 04:00:00
11,29.75,30.19,6098368,30.335,29.65,30.1427,18004,2018-09-20 04:00:00
12,30.075,29.925,12427054,30.435,29.91,30.0223,19926,2018-09-21 04:00:00
13,29.74,29.15,6257538,29.775,28.795,29.1033,22318,2018-09-24 04:00:00
14,29.235,28.965,3561052,29.235,28.8575,28.9939,12585,2018-09-25 04:00:00
15,29.085,29.155,4985936,29.4425,28.925,29.2245,14811,2018-09-26 04:00:00
16,29.145,29.16,5120386,29.565,29.055,29.272,14715,2018-09-27 04:00:00
17,29.15,29.14,5014502,29.385,29.0525,29.1378,15234,2018-09-28 04:00:00
18,29.34,28.68,4589640,29.385,28.585,28.848,17051,2018-10-01 04:00:00
19,28.62,28.595,9270002,28.705,28.09,28.4771,30581,2018-10-02 04:00:00
20,28.695,28.335,5472450,28.895,28.195,28.4337,17245,2018-10-03 04:00:00
21,28.23,27.985,6177724,28.405,27.79,27.9749,19870,2018-10-04 04:00:00
22,28.22,28.095,5796794,28.42,27.94,28.1223,20185,2018-10-05 04:00:00
23,28.05,28.245,4753220,28.395,28.025,28.1875,14330,2018-10-08 04:00:00
24,28.335,28.275,4941248,28.495,28.2075,28.306,14883,2018-10-09 04:00:00
25,28.14,26.95,6759136,28.14,26.89,27.3338,21318,2018-10-10 04:00:00
26,27.025,26.415,5856080,27.195,26.375,26.7979,25177,2018-10-11 04:00:00
27,26.445,26.645,5351618,26.98,26.25,26.6675,23884,2018-10-12 04:00:00
28,26.12,26.1,5374148,26.425,25.84,26.2111,22577,2018-10-15 04:00:00
29,26.22,26.55,5285372,26.625,26.05,26.4671,19132,2018-10-16 04:00:00
30,26.495,26.315,5894678,26.55,26.12,26.3221,19904,2018-10-17 04:00:00
31,26.23,25.915,7075886,26.455,25.75,26.0278,26134,2018-10-18 04:00:00
32,26.065,26.055,5640494,26.4575,26.03,26.161,19154,2018-10-19 04:00:00
33,26.085,26.045,4525872,26.315,26.005,26.11,17109,2018-10-22 04:00:00
34,25.81,26.32,8171874,26.5275,25.555,26.1113,32475,2018-10-23 04:00:00
35,26.21,26.01,8838750,26.63,25.95,26.2216,27110,2018-10-24 04:00:00
36,25.99,26.255,7487368,26.5218,25.5325,26.2937,24895,2018-10-25 04:00:00
37,25.825,25.525,7605978,26.0148,25.35,25.6278,28503,2018-10-26 04:00:00
38,25.845,25.66,6622890,26.015,25.235,25.6701,27158,2018-10-29 04:00:00
39,25.88,26.485,6863178,26.52,25.81,26.2846,30488,2018-10-30 04:00:00
40,26.605,26.425,6312384,26.765,26.315,26.518,23850,2018-10-31 04:00:00
41,26.5,27.225,6150680,27.295,26.43,27.089,24527,2018-11-01 04:00:00
42,27.295,27.05,6746696,27.53,26.76,27.0243,25524,2018-11-02 04:00:00
43,27.175,27.355,5085588,27.385,26.99,27.2612,17046,2018-11-05 05:00:00
44,27.31,27.395,4035224,27.5565,27.115,27.3266,15112,2018-11-06 05:00:00
45,27.63,27.955,9977436,27.96,27.355,27.7783,29371,2018-11-07 05:00:00
46,24.83,27.07,28273794,27.375,24.71,26.3507,75786,2018-11-08 05:00:00
47,27.48,28.42,10681980,28.565,27.15,28.1561,36848,2018-11-09 05:00:00
48,28.28,27.375,10022198,28.35,27.34,27.6293,32128,2018-11-12 05:00:00
49,27.39,27.89,5515844,27.98,27.26,27.7456,23151,2018-11-13 05:00:00
50,28.055,27.245,7698754,28.105,27.105,27.3513,22364,2018-11-14 05:00:00
51,27.2,27.65,5675900,27.65,27.0875,27.5041,25236,2018-11-15 05:00:00
52,27.67,27.885,4404610,28.065,27.615,27.8421,17457,2018-11-16 05:00:00
53,27.945,28.52,8159822,28.615,27.92,28.2984,30505,2018-11-19 05:00:00
54,28.84,27.89,9260560,29.245,27.85,28.2245,39317,2018-11-20 05:00:00
55,27.975,28.015,7026384,28.285,27.77,28.0551,19361,2018-11-21 05:00:00
56,27.945,28.66,3565866,28.75,27.845,28.5215,13531,2018-11-23 05:00:00
57,28.75,28.41,8782862,28.945,28.375,28.5733,26640,2018-11-26 05:00:00
58,28.455,28.88,6655870,29.065,28.455,28.8068,24641,2018-11-27 05:00:00
59,28.835,29.55,6278052,29.56,28.715,29.3345,21956,2018-11-28 05:00:00
60,29.35,29.4,5355134,29.7896,29.315,29.4971,20427,2018-11-29 05:00:00
61,29.5,29.84,5712060,29.98,29.45,29.8056,19504,2018-11-30 05:00:00
62,29.615,30,6946344,30.165,29.615,29.9658,25444,2018-12-03 05:00:00
63,29.5,28.915,11044606,30.047,28.83,29.3016,36438,2018-12-04 05:00:00
64,28.77,29.135,9234316,29.1651,28.395,28.9038,33137,2018-12-06 05:00:00
65,28.945,28.705,7376126,29.5226,28.705,29.0095,31816,2018-12-07 05:00:00
66,28.51,28.475,7608660,28.86,28.205,28.539,32028,2018-12-10 05:00:00
67,28.78,28.79,7694556,29.175,28.625,28.9046,31596,2018-12-11 05:00:00
68,29.135,28.72,6113450,29.21,28.56,28.7903,25462,2018-12-12 05:00:00
69,27.815,26.715,8497758,28.0875,26.535,26.9693,32993,2018-12-13 05:00:00
70,26.515,26.345,7229272,26.755,26.255,26.4501,29719,2018-12-14 05:00:00
71,26.32,25.625,6471390,26.37,25.4425,25.8438,27450,2018-12-17 05:00:00
72,25.89,25.615,6459446,26.05,25.315,25.6178,28714,2018-12-18 05:00:00
73,25.64,24.72,6320872,25.855,24.59,25.0893,28589,2018-12-19 05:00:00
74,24.725,24.605,6608370,24.875,24.3,24.6277,29344,2018-12-20 05:00:00
75,24.67,24.115,11739844,25.09,24.08,24.418,31562,2018-12-21 05:00:00
76,24.125,23.975,3997858,24.39,23.88,24.1108,18101,2018-12-24 05:00:00
77,24.055,24.55,7476948,24.555,23.87,24.254,28321,2018-12-26 05:00:00
78,24.27,24.72,4936520,24.725,23.905,24.3057,19978,2018-12-27 05:00:00
79,24.76,24.52,5603016,24.89,24.2203,24.5234,22889,2018-12-28 05:00:00
80,24.565,24.61,4522920,24.69,24.395,24.5517,16624,2018-12-31 05:00:00
81,24.28,24.38,7501524,24.43,24.085,24.3318,20783,2019-01-02 05:00:00
82,24.2,24,11526590,24.555,23.92,24.1216,31752,2019-01-03 05:00:00
83,24.255,24.895,8070692,24.9175,24.22,24.8012,21750,2019-01-04 05:00:00
84,24.7,24.865,6652286,25.035,24.585,24.8196,26315,2019-01-07 05:00:00
85,25.87,26.415,12059428,26.525,25.7,26.2898,42379,2019-01-08 05:00:00
86,26.535,26.665,12476818,27.01,26.4,26.7592,38102,2019-01-09 05:00:00
87,26.625,26.63,12827848,26.65,25.94,26.3681,39259,2019-01-10 05:00:00
88,26.635,27.185,7941034,27.2101,26.425,27.0224,26956,2019-01-11 05:00:00
89,26.91,27.075,6155562,27.215,26.73,27.0312,21188,2019-01-14 05:00:00
90,27.095,27.38,4538368,27.48,27.025,27.3284,17745,2019-01-15 05:00:00
91,27.205,26.905,6750946,27.38,26.755,26.9805,21503,2019-01-16 05:00:00
92,26.95,27.135,5129536,27.335,26.945,27.1404,18561,2019-01-17 05:00:00
93,27.425,27.79,7967576,27.9,27.26,27.6601,27667,2019-01-18 05:00:00
94,27.675,27.74,5651912,27.77,27.26,27.563,19475,2019-01-22 05:00:00
95,27.69,27.59,5941026,27.88,27.425,27.6132,17583,2019-01-23 05:00:00
96,27.55,27.68,6017262,27.81,27.465,27.6755,15467,2019-01-24 05:00:00
97,27.885,27.925,3694806,28.125,27.845,27.936,13573,2019-01-25 05:00:00
98,27.77,27.78,3731856,27.905,27.53,27.7404,15212,2019-01-28 05:00:00
99,27.865,27.74,3016670,27.945,27.595,27.7304,14401,2019-01-29 05:00:00
100,27.775,28.11,4000970,28.19,27.675,27.982,16328,2019-01-30 05:00:00
101,28.12,28.62,5461666,28.665,28.06,28.4236,19551,2019-01-31 05:00:00
102,28.69,28.975,6026692,29,28.565,28.8931,17421,2019-02-01 05:00:00
103,29.005,29.09,8924046,29.1,28.735,29.0565,10836,2019-02-04 05:00:00
104,29.17,28.805,10100552,29.29,28.705,28.9008,20456,2019-02-05 05:00:00
105,28.715,28.68,5392556,28.83,28.635,28.7002,18419,2019-02-06 05:00:00
106,28.575,28.715,3255398,28.88,28.465,28.7049,13800,2019-02-07 05:00:00
107,28.59,28.945,3071368,28.945,28.56,28.7927,12532,2019-02-08 05:00:00
108,28.97,29,3033466,29.16,28.9,29.002,11460,2019-02-11 05:00:00
109,28.99,29.445,4428236,29.5575,28.99,29.3734,16381,2019-02-12 05:00:00
110,29.505,29.655,3448622,29.695,29.475,29.6045,13895,2019-02-13 05:00:00
111,29.405,29.315,5913680,29.59,29,29.3847,14685,2019-02-14 05:00:00
112,29.5,29.36,5226454,29.61,29.29,29.4182,19096,2019-02-15 05:00:00
113,29.25,29.115,6840510,29.325,28.965,29.1289,24211,2019-02-19 05:00:00
114,29.19,29.35,5472346,29.55,29.105,29.3153,21545,2019-02-20 05:00:00
115,29.23,29.44,5712298,29.865,29.15,29.4613,21159,2019-02-21 05:00:00
116,29.4,29.22,5120410,29.595,29.105,29.3102,19528,2019-02-22 05:00:00
117,29.54,29.27,4860018,29.57,29.135,29.2983,23200,2019-02-25 05:00:00
118,29.305,29.37,3570102,29.525,29.21,29.4288,17186,2019-02-26 05:00:00
119,29.165,29.37,10246840,29.4148,28.955,29.2068,35899,2019-02-27 05:00:00
120,31.61,31.915,20948126,33.19,31.61,32.2052,58034,2019-02-28 05:00:00
121,32.185,32.37,7700826,32.49,31.625,32.0674,33027,2019-03-01 05:00:00
122,32.385,32.51,7171514,32.785,32.145,32.4672,25910,2019-03-04 05:00:00
123,32.25,31.31,10248772,32.25,31.2525,31.4831,32398,2019-03-05 05:00:00
124,31.365,30.87,9506784,31.55,30.755,30.9785,37386,2019-03-06 05:00:00
125,31,30.795,10783860,31.3,30.615,30.8887,31194,2019-03-07 05:00:00
126,30.615,30.305,5926484,30.74,30.04,30.2464,27392,2019-03-08 05:00:00
127,30.25,30.595,8385468,30.66,30.225,30.4512,32439,2019-03-11 04:00:00
128,30.37,30.115,10997176,30.495,29.7325,29.9793,32922,2019-03-12 04:00:00
129,30.055,29.885,7786076,30.29,29.695,29.9043,32431,2019-03-13 04:00:00
130,29.85,29.835,8270764,30.0825,29.785,29.8811,27879,2019-03-14 04:00:00
131,30,30.135,12522560,30.54,29.935,30.1663,32426,2019-03-15 04:00:00
132,30.165,30.3,6111418,30.575,30.14,30.3366,23221,2019-03-18 04:00:00
133,29.44,28.96,13199322,29.495,28.765,29.0355,48204,2019-03-19 04:00:00
134,28.415,28.25,18263166,28.775,28.15,28.3872,56733,2019-03-20 04:00:00
135,28.325,27.1,23419346,28.42,27.085,27.5073,76486,2019-03-21 04:00:00
136,27.105,26.755,16682068,27.225,26.47,26.8151,55050,2019-03-22 04:00:00
137,26.76,27.275,12775776,27.4075,26.705,27.1846,41773,2019-03-25 04:00:00
138,27.365,27.81,16577394,27.84,27.3525,27.6134,36228,2019-03-26 04:00:00
139,27.715,27.44,7433850,27.89,27.28,27.5001,28504,2019-03-27 04:00:00
140,27.395,27.23,9046414,27.665,27.185,27.3547,31501,2019-03-28 04:00:00
141,27.275,27.29,9803054,27.42,26.87,27.195,34027,2019-03-29 04:00:00
142,27.19,26.64,10675142,27.435,26.525,26.7858,41525,2019-04-01 04:00:00
143,26.495,26.665,14974650,27.095,26.115,26.7462,42783,2019-04-02 04:00:00
144,26.75,26.295,9952902,26.955,26.2225,26.468,35315,2019-04-03 04:00:00
145,26.38,26.435,6896824,26.56,26.21,26.402,26316,2019-04-04 04:00:00
146,26.615,26.44,6386472,26.9,26.365,26.5517,24661,2019-04-05 04:00:00
147,26.535,26.535,6415646,26.7,26.375,26.513,25119,2019-04-08 04:00:00
148,26.515,27.345,12463298,27.37,26.515,27.1473,40678,2019-04-09 04:00:00
149,27.35,27.485,11282888,27.58,27.09,27.3936,32081,2019-04-10 04:00:00
150,27.585,27.375,16114314,27.69,26.93,27.3355,39487,2019-04-11 04:00:00
151,27.375,26.51,12316580,27.4125,26.285,26.6373,37333,2019-04-12 04:00:00
152,26.5,27.035,6061456,27.23,26.5,26.9807,22656,2019-04-15 04:00:00
153,27.045,27.1,8438166,27.6,26.895,27.0815,31869,2019-04-16 04:00:00
154,27.18,27.445,7925564,27.535,27.145,27.389,29845,2019-04-17 04:00:00
155,27.615,27.6,8432522,27.71,27.4,27.5723,26439,2019-04-18 04:00:00
156,27.52,27.485,5183296,27.695,27.375,27.5393,20915,2019-04-22 04:00:00
157,27.495,28.115,9304208,28.13,27.495,27.9678,29698,2019-04-23 04:00:00
158,28.195,28.41,7337642,28.575,28.175,28.3929,28189,2019-04-24 04:00:00
159,28.13,28.95,9231872,29.0325,27.89,28.7074,35892,2019-04-25 04:00:00
160,29.165,29.825,10826630,29.8425,29.165,29.5947,42396,2019-04-26 04:00:00
161,29.73,29.345,8506942,29.785,29.34,29.536,35499,2019-04-29 04:00:00
162,29.59,29.8,9130458,29.9282,29.5,29.7756,36313,2019-04-30 04:00:00
163,29.74,28.97,7273020,29.74,28.935,29.1901,28625,2019-05-01 04:00:00
164,28.995,28.995,9689408,29.495,28.72,29.0051,36712,2019-05-02 04:00:00
165,31.45,31.555,19805366,32.0525,30.63,31.5538,53064,2019-05-03 04:00:00
166,31.025,31.31,5876102,31.3875,30.68,31.1879,22999,2019-05-06 04:00:00
167,31.065,30.8,7418220,31.165,30.585,30.8224,31404,2019-05-07 04:00:00
168,30.735,30.84,6518080,30.965,30.58,30.8493,26038,2019-05-08 04:00:00
169,30.58,30.96,5555870,31.135,30.37,30.8547,23075,2019-05-09 04:00:00
170,30.8,31.5,7175408,31.58,30.765,31.3099,24729,2019-05-10 04:00:00
171,31.11,31.17,6549108,31.3,30.905,31.154,27702,2019-05-13 04:00:00
172,31.05,31.175,6071208,31.34,30.7648,31.1595,25565,2019-05-14 04:00:00
173,31.125,31.535,5900794,31.6075,31.0277,31.4487,18757,2019-05-15 04:00:00
174,31.535,31.965,5339298,32.085,31.535,31.937,18964,2019-05-16 04:00:00
175,31.935,31.815,3800014,32.035,31.76,31.9064,14886,2019-05-17 04:00:00
176,31.73,31.805,4226796,31.87,31.575,31.7852,15528,2019-05-20 04:00:00
177,31.93,31.87,3545080,32.005,31.635,31.8795,13487,2019-05-21 04:00:00
178,31.85,32,5430422,32.125,31.655,31.8622,14784,2019-05-22 04:00:00
179,31.74,31.615,4559872,31.96,31.5,31.6788,17978,2019-05-23 04:00:00
180,31.67,31.71,2823562,31.845,31.375,31.65,12203,2019-05-24 04:00:00
181,31.675,31.135,6031106,31.91,31.11,31.3468,20541,2019-05-28 04:00:00
182,31.255,30.88,5685920,31.33,30.805,30.945,25615,2019-05-29 04:00:00
183,31,31.14,3018186,31.215,30.885,31.0817,14913,2019-05-30 04:00:00
184,30.975,30.93,5246526,31.42,30.9,31.0637,19447,2019-05-31 04:00:00
185,31.02,31.405,5136328,31.535,31.02,31.3638,26269,2019-06-03 04:00:00
186,31.74,31.435,5795006,31.745,31.1095,31.4145,26917,2019-06-04 04:00:00
187,31.75,32.015,7878530,32.1375,31.67,31.9884,30076,2019-06-05 04:00:00
188,32.1,31.92,5197932,32.13,31.73,31.9237,21276,2019-06-06 04:00:00
189,32.175,32.96,13515936,33.1786,32.135,32.8769,43261,2019-06-07 04:00:00
190,32.93,32.875,6066506,33.145,32.65,32.8922,23124,2019-06-10 04:00:00
191,33.005,32.25,7780652,33.07,32.08,32.3765,25529,2019-06-11 04:00:00
192,32.32,32.04,3985004,32.555,31.965,32.143,20223,2019-06-12 04:00:00
193,32.04,30.3,11557762,32.195,30.285,30.7258,44361,2019-06-13 04:00:00
194,30.405,30.665,7513748,31.065,30.405,30.6543,32651,2019-06-14 04:00:00
195,30.74,30.96,7867764,31.225,30.605,30.9797,28576,2019-06-17 04:00:00
196,31.305,31.06,4476164,31.405,30.98,31.1449,20511,2019-06-18 04:00:00
197,30.99,31.18,3747852,31.25,30.615,31.0435,16183,2019-06-19 04:00:00
198,31.465,31.76,4434842,31.81,31.3686,31.6781,20040,2019-06-20 04:00:00
199,31.75,31.89,7115462,31.9575,31.535,31.8253,18906,2019-06-21 04:00:00
200,31.95,31.78,3586076,32.065,31.7525,31.8643,16633,2019-06-24 04:00:00
201,31.965,31.665,3422954,31.965,31.615,31.7343,16173,2019-06-25 04:00:00
202,31.875,31.8,4275978,32.07,31.7025,31.8247,19717,2019-06-26 04:00:00
203,31.765,31.785,5310636,31.9375,31.665,31.8046,15480,2019-06-27 04:00:00
204,31.915,31.915,5810234,32.175,31.675,31.9411,17637,2019-06-28 04:00:00
205,31.55,32.385,4820056,32.415,31.5244,32.1083,23758,2019-07-01 04:00:00
206,32.505,32.325,3327420,32.67,32.155,32.3518,18336,2019-07-02 04:00:00
207,32.51,32.975,5492318,33.025,32.355,32.8428,17802,2019-07-03 04:00:00
208,32.425,32.96,2188216,32.965,32.425,32.7493,11024,2019-07-05 04:00:00
209,32.945,33,4245858,33.0825,32.695,32.9509,16894,2019-07-08 04:00:00
210,32.85,32.38,4528674,32.87,32.17,32.3656,20298,2019-07-09 04:00:00
211,32.48,32.515,4573604,32.78,32.4,32.5557,19077,2019-07-10 04:00:00
212,32.55,32.4,3298614,32.55,32.0925,32.3291,16331,2019-07-11 04:00:00
213,32.44,32.5,3212728,32.62,32.195,32.4713,15278,2019-07-12 04:00:00
214,32.61,32.63,2747240,32.85,32.5175,32.6702,13312,2019-07-15 04:00:00
215,32.55,32.895,4291222,32.93,32.515,32.7442,19678,2019-07-16 04:00:00
216,32.65,32.87,3381720,32.94,32.6,32.8574,16901,2019-07-17 04:00:00
217,32.935,32.485,4033318,32.97,32.45,32.5527,16861,2019-07-18 04:00:00
218,32.375,31.63,7739808,32.375,31.39,31.7986,34106,2019-07-19 04:00:00
219,31.635,31.765,3771968,32.15,31.505,31.8796,21144,2019-07-22 04:00:00
220,32.05,32.05,5057630,32.19,31.475,31.8947,19293,2019-07-23 04:00:00
221,32.14,32.37,3557588,32.535,32.05,32.3265,19039,2019-07-24 04:00:00
222,32.315,32.08,2704770,32.535,32.0175,32.1758,14117,2019-07-25 04:00:00
223,32.235,32.6,3418194,32.715,31.995,32.5522,16623,2019-07-26 04:00:00
224,32.615,32.695,4383908,32.855,32.575,32.7274,16481,2019-07-29 04:00:00
225,32.58,32.755,4201170,32.84,32.525,32.7398,15658,2019-07-30 04:00:00
226,32.665,32.235,5420922,32.72,31.86,32.3471,22516,2019-07-31 04:00:00
227,32.395,31.73,5764642,32.665,31.645,32.081,23049,2019-08-01 04:00:00
228,31.81,31.195,5865942,31.865,31.105,31.2734,24011,2019-08-02 04:00:00
229,31.57,29.48,10775200,31.57,29.42,29.7799,38614,2019-08-05 04:00:00
230,29.5,30.09,13123950,30.285,29.285,30.0337,43469,2019-08-06 04:00:00
231,29.795,30.195,10984210,30.315,29.4869,29.834,43270,2019-08-07 04:00:00
232,27.45,31.09,24494672,31.185,26.905,29.4592,81186,2019-08-08 04:00:00
233,30.865,29.615,10508876,30.9,29.555,29.928,40306,2019-08-09 04:00:00
234,29.51,28.24,10564042,29.525,28.1575,28.471,45871,2019-08-12 04:00:00
235,28.01,29.02,7000764,29.1525,28,28.9605,30600,2019-08-13 04:00:00
236,28.67,28.055,5229078,28.855,27.995,28.1839,25903,2019-08-14 04:00:00
237,28.32,28.475,6127466,28.66,28.06,28.4557,31934,2019-08-15 04:00:00
238,28.705,28.59,3733914,28.845,28.33,28.5671,17621,2019-08-16 04:00:00
239,28.975,28.9,4904156,29.105,28.7,28.9177,20082,2019-08-19 04:00:00
240,28.785,28.92,4162826,29.105,28.535,28.8956,21196,2019-08-20 04:00:00
241,29.175,29.015,3467984,29.24,28.9107,29.0183,18068,2019-08-21 04:00:00
242,28.995,28.595,4765104,29.03,28.36,28.6803,23283,2019-08-22 04:00:00
243,28.59,28.04,5169020,28.83,27.925,28.2038,23924,2019-08-23 04:00:00
244,28.26,28.325,3365804,28.372,27.995,28.223,17359,2019-08-26 04:00:00
245,28.43,28.285,4533678,28.565,28.025,28.2986,17568,2019-08-27 04:00:00
246,28.535,29.04,6395728,29.23,28.365,28.9986,27435,2019-08-28 04:00:00
247,29.32,28.805,4096554,29.325,28.75,29.0333,22081,2019-08-29 04:00:00
248,29.025,29.335,4427010,29.4138,29.025,29.29,18424,2019-08-30 04:00:00
249,29.06,28.82,5075704,29.11,28.6775,28.8592,24932,2019-09-03 04:00:00
250,28.99,29.03,3721252,29.185,28.825,29.0209,15899,2019-09-04 04:00:00
251,29.22,29.385,4049148,29.51,29.03,29.3686,18124,2019-09-05 04:00:00
252,29.375,28.585,5908260,29.465,28.515,28.7869,27699,2019-09-06 04:00:00
253,28.515,28.615,7793880,28.8775,28.16,28.5418,34446,2019-09-09 04:00:00
254,28.49,28.88,4650930,28.88,28.335,28.7072,24481,2019-09-10 04:00:00
255,28.685,28.435,7753804,28.985,27.995,28.3327,32701,2019-09-11 04:00:00
256,28.72,28.725,4019526,29.065,28.66,28.7995,19219,2019-09-12 04:00:00
257,28.685,29.43,9108762,29.7825,28.685,29.4981,37419,2019-09-13 04:00:00
258,29.285,29.615,6446522,29.7125,29.185,29.5466,29562,2019-09-16 04:00:00
259,29.525,28.995,8700316,29.68,28.8,29.1053,38095,2019-09-17 04:00:00
260,28.885,29.18,5564728,29.285,28.795,29.0653,22443,2019-09-18 04:00:00
261,29.27,29.395,3285998,29.53,29.265,29.4059,18205,2019-09-19 04:00:00
262,29.36,29.175,8479668,29.56,29.16,29.3335,22873,2019-09-20 04:00:00
263,29.305,29.56,4388636,29.76,29.23,29.5651,18654,2019-09-23 04:00:00
264,29.71,29.405,4700002,29.745,29.125,29.395,22352,2019-09-24 04:00:00
265,29.145,29.185,6562052,29.485,28.46,29.0461,29414,2019-09-25 04:00:00
266,29.24,28.885,5201640,29.4149,28.4075,28.8278,21693,2019-09-26 04:00:00
267,29.01,28.905,4073670,29.285,28.695,28.9356,16705,2019-09-27 04:00:00
268,29.08,29.03,2993880,29.425,28.915,29.1092,14216,2019-09-30 04:00:00
269,29.045,28.21,6885672,29.24,28.025,28.3102,30354,2019-10-01 04:00:00
270,27.22,27.56,9641392,27.815,26.835,27.5886,38608,2019-10-02 04:00:00
271,27.69,27.81,7493588,28.005,27.445,27.814,24905,2019-10-03 04:00:00
272,27.91,28.29,5443440,28.38,27.91,28.2385,24076,2019-10-04 04:00:00
273,28.08,27.865,8088772,28.24,27.79,27.9139,28580,2019-10-07 04:00:00
274,27.7,27.94,5596092,28.4125,27.6818,28.0863,26160,2019-10-08 04:00:00
275,28.365,28.14,2730560,28.365,27.97,28.1286,15097,2019-10-09 04:00:00
276,28.06,28.06,3199678,28.18,27.92,28.0607,16091,2019-10-10 04:00:00
277,28.24,28.15,4973484,28.4175,28.005,28.2432,20960,2019-10-11 04:00:00
278,28.205,28.275,2559294,28.485,28.03,28.2711,12963,2019-10-14 04:00:00
279,28.03,28.145,4184158,28.27,27.925,28.0969,19822,2019-10-15 04:00:00
280,28.185,28.26,3667290,28.3425,27.99,28.2439,14366,2019-10-16 04:00:00
281,27.915,28.28,8361452,28.64,27.915,28.402,19687,2019-10-17 04:00:00
282,28.24,28.0275,7019526,28.435,27.965,28.0782,25359,2019-10-18 04:00:00
283,28.125,28.145,3462388,28.25,28.01,28.1294,13730,2019-10-21 04:00:00
284,28.19,27.97,3727000,28.33,27.97,28.0782,16494,2019-10-22 04:00:00
285,28,28.1,3057442,28.25,27.925,28.1209,14349,2019-10-23 04:00:00
286,28.14,28.305,3497440,28.335,27.88,28.1609,16695,2019-10-24 04:00:00
287,28.31,28.175,3524144,28.3795,28,28.163,13858,2019-10-25 04:00:00
288,28.305,27.985,5471892,28.485,27.93,28.0503,18206,2019-10-28 04:00:00
289,27.87,28.075,5351352,28.31,27.77,28.0666,21158,2019-10-29 04:00:00
290,28.035,28.075,4411134,28.17,27.925,28.0231,21540,2019-10-30 04:00:00
291,28.08,28.065,4873414,28.195,27.75,27.9766,18003,2019-10-31 04:00:00
292,28.22,28.125,4767692,28.355,28.005,28.1101,18600,2019-11-01 04:00:00
293,28.29,28.045,6618578,28.29,27.845,28.0627,22958,2019-11-04 05:00:00
294,27.985,28.235,9056888,28.535,27.9325,28.2592,32846,2019-11-05 05:00:00
295,28.375,27.995,11082764,28.4587,27.955,28.0669,33195,2019-11-06 05:00:00
296,28,28.32,13799114,28.47,27.9,28.1895,45840,2019-11-07 05:00:00
297,29.75,29.08,13200826,30.745,28.905,29.3536,48815,2019-11-08 05:00:00
298,29.005,29.015,5388702,29.32,28.55,28.9067,27865,2019-11-11 05:00:00
299,28.75,29.2,7102418,29.245,28.585,29.0135,27591,2019-11-12 05:00:00
300,29.145,29.475,5065734,29.575,29.025,29.4304,22605,2019-11-13 05:00:00
301,29.575,29.465,5087922,29.58,29.34,29.4641,19077,2019-11-14 05:00:00
302,29.62,29.32,5042252,29.69,29.045,29.3314,19425,2019-11-15 05:00:00
303,29.27,29.515,5781770,29.825,29.0625,29.5922,23976,2019-11-18 05:00:00
304,29.58,29.28,3424084,29.67,29.28,29.4013,13399,2019-11-19 05:00:00
305,29.335,29,4969542,29.485,28.96,29.1248,21010,2019-11-20 05:00:00
306,28.96,29.2,4175610,29.205,28.795,29.1007,15215,2019-11-21 05:00:00
307,29.285,29.315,2966674,29.45,28.98,29.2654,16250,2019-11-22 05:00:00
308,29.425,29.33,3174732,29.615,29.14,29.2999,15829,2019-11-25 05:00:00
309,29.395,29.82,5171048,30,29.24,29.7373,16519,2019-11-26 05:00:00
310,29.91,30.045,3453832,30.14,29.85,30.0385,15178,2019-11-27 05:00:00
311,29.98,29.91,2198708,30.055,29.78,29.9128,9598,2019-11-29 05:00:00
312,29.88,29.905,4364644,29.94,29.6825,29.8456,18784,2019-12-02 05:00:00
313,29.62,29.495,5435166,29.89,29.23,29.4551,21211,2019-12-03 05:00:00
314,29.445,30.195,4982908,30.235,29.445,30.1046,21108,2019-12-04 05:00:00
315,30.135,29.96,5898118,30.145,29.72,29.9278,16966,2019-12-05 05:00:00
316,30.035,30.02,5233870,30.205,29.86,30.0595,18997,2019-12-06 05:00:00
317,30.05,30.245,5437036,30.33,29.785,30.174,25039,2019-12-09 05:00:00
318,30.375,30.755,11368848,30.7725,30.285,30.6453,33617,2019-12-10 05:00:00
319,30.81,31.215,6493958,31.255,30.66,31.1215,28262,2019-12-11 05:00:00
320,31.14,31.12,5731210,31.35,30.955,31.1179,24491,2019-12-12 05:00:00
321,31.05,31.105,4383094,31.24,30.9001,31.119,21531,2019-12-13 05:00:00
322,31.22,31.245,3352310,31.4,31.01,31.2352,15852,2019-12-16 05:00:00
323,31.23,31.385,3810528,31.45,30.91,31.3227,18733,2019-12-17 05:00:00
324,31.53,31.43,5466438,31.645,31.2,31.3866,20598,2019-12-18 05:00:00
325,31.38,31.735,5649678,31.79,31.325,31.6664,21199,2019-12-19 05:00:00
326,31.81,31.96,14707760,32.01,31.605,31.9101,30060,2019-12-20 05:00:00
327,32.07,31.68,4970432,32.07,31.66,31.7788,16161,2019-12-23 05:00:00
328,31.765,31.735,1320386,31.9,31.6926,31.7661,7755,2019-12-24 05:00:00
329,31.88,31.94,3277010,31.965,31.725,31.9114,9624,2019-12-26 05:00:00
330,31.97,31.785,4530052,32.035,31.74,31.8601,16765,2019-12-27 05:00:00
331,31.71,31.68,3310564,31.8675,31.51,31.7177,16280,2019-12-30 05:00:00
332,31.73,31.775,3341736,31.875,31.5875,31.7589,15919,2019-12-31 05:00:00
333,31.98,31.85,3430240,32.01,31.6525,31.8243,17529,2020-01-02 05:00:00
334,31.56,31.64,3482296,31.805,31.435,31.6019,17760,2020-01-03 05:00:00
335,31.495,31.69,4469178,31.765,31.495,31.6547,18087,2020-01-06 05:00:00
336,31.935,31.845,6736538,32.07,31.77,31.9215,29391,2020-01-07 05:00:00
337,31.85,31.91,6053530,32.03,31.685,31.9043,23438,2020-01-08 05:00:00
338,32.08,32.125,6612984,32.17,31.86,32.0787,23417,2020-01-09 05:00:00
339,32.34,32.67,8936334,33.095,32.25,32.843,37873,2020-01-10 05:00:00
340,32.7,32.765,5419812,32.855,32.3275,32.6376,25423,2020-01-13 05:00:00
341,32.77,32.79,5768878,32.935,32.645,32.8055,21711,2020-01-14 05:00:00
342,32.805,32.94,5894202,33.0775,32.61,32.9216,23485,2020-01-15 05:00:00
343,33.075,33.55,5228772,33.585,32.985,33.3992,24082,2020-01-16 05:00:00
344,33.6,33.655,8846152,33.81,33.345,33.6501,26212,2020-01-17 05:00:00
345,33.645,33.41,4751018,33.705,33.2,33.4077,22578,2020-01-21 05:00:00
346,33.47,33.73,3979806,33.75,33.36,33.6594,18448,2020-01-22 05:00:00
347,33.67,33.885,4477042,33.975,33.5774,33.868,22808,2020-01-23 05:00:00
348,34,33.55,4698740,34.005,33.4625,33.6486,22882,2020-01-24 05:00:00
349,33.28,33.3,4479086,33.5275,33.165,33.3708,20455,2020-01-27 05:00:00
350,33.305,33.44,5429316,33.555,33.305,33.4555,16214,2020-01-28 05:00:00
351,33.37,33.275,3698522,33.455,33.13,33.3216,15652,2020-01-29 05:00:00
352,33.15,33.505,4988550,33.57,32.9,33.3853,19402,2020-01-30 05:00:00
353,33.415,33.3,6732652,33.74,33.105,33.3342,25882,2020-01-31 05:00:00
354,34.435,33.71,9039028,34.465,33.695,33.9035,28244,2020-02-03 05:00:00
355,33.81,34.44,11572040,34.72,33.81,34.4013,30459,2020-02-04 05:00:00
356,34.625,34.475,5838306,34.87,34.4,34.5115,19089,2020-02-05 05:00:00
357,34.71,34.725,8602384,34.77,34.4,34.631,25355,2020-02-06 05:00:00
358,34.655,34.4525,4785744,34.83,34.44,34.603,18128,2020-02-07 05:00:00
359,34.41,34.585,6544804,34.74,34.41,34.5925,16275,2020-02-10 05:00:00
360,34.63,34.575,4321220,34.725,34.4,34.5546,15804,2020-02-11 05:00:00
361,34.595,34.625,3125718,34.8,34.305,34.5523,17386,2020-02-12 05:00:00
362,34.625,34.845,3890248,34.915,34.5725,34.8052,15918,2020-02-13 05:00:00
363,34.84,34.93,5318608,34.97,34.7,34.8939,14163,2020-02-14 05:00:00
364,34.715,34.8,4773296,34.985,34.68,34.7905,14536,2020-02-18 05:00:00
365,34.86,35.0425,6444852,35.26,34.8,35.101,18713,2020-02-19 05:00:00
366,34.915,35.2,6650318,35.225,34.5,34.9729,19832,2020-02-20 05:00:00
367,35.01,34.87,5946554,35.1,34.725,34.9303,17055,2020-02-21 05:00:00
368,34.835,34.095,6622056,35.095,33.895,34.3226,31582,2020-02-24 05:00:00
369,34.19,33.31,5684582,34.255,33.22,33.5827,29730,2020-02-25 05:00:00
370,33.555,32.94,7001752,33.875,32.935,33.2594,32926,2020-02-26 05:00:00
371,32.87,31.87,14253682,32.97,31.72,32.1587,51479,2020-02-27 05:00:00
372,32.41,31.205,14434936,32.52,30.61,31.4096,56948,2020-02-28 05:00:00
373,31.06,32.385,9094708,32.42,30.64,31.8839,44331,2020-03-02 05:00:00
374,32.145,31.89,10584064,33.085,31.565,32.174,46807,2020-03-03 05:00:00
375,32.51,34.025,13059892,34.07,32.265,33.4923,52048,2020-03-04 05:00:00
376,33.185,33.565,10910820,34.415,33.0414,33.6981,51101,2020-03-05 05:00:00
377,32.415,33.095,12287590,33.225,32.17,32.7843,48673,2020-03-06 05:00:00
378,31.035,30.93,10938112,31.485,30.525,31.0417,53302,2020-03-09 04:00:00
379,31.75,33.065,16962242,33.105,31.455,32.3972,72822,2020-03-10 04:00:00
380,32,30.905,13025732,32.37,30.245,31.0228,70122,2020-03-11 04:00:00
381,29,28.695,15201002,30.395,28.315,29.076,75876,2020-03-12 04:00:00
382,29.9,31.195,15497204,31.25,29.295,30.1181,75568,2020-03-13 04:00:00
383,28.1,28.72,12150608,30.435,27.39,29.3904,61071,2020-03-16 04:00:00
384,29.415,29.87,12112854,30.2225,28.805,29.531,60559,2020-03-17 04:00:00
385,28.815,27.945,12934070,28.815,25.255,27.0614,63814,2020-03-18 04:00:00
386,27.855,27.16,12526230,28.575,25.755,27.1602,53766,2020-03-19 04:00:00
387,27.525,26.05,11583528,27.915,25.03,27.0051,51106,2020-03-20 04:00:00
388,26.055,25.485,11411918,26.67,25.375,25.8762,51352,2020-03-23 04:00:00
389,26.765,26.865,15505428,27.235,25.695,26.3955,64644,2020-03-24 04:00:00
390,26.855,26.83,9431880,27.55,26.33,26.8917,44778,2020-03-25 04:00:00
391,27,28.92,10911108,29.165,26.9121,28.349,44510,2020-03-26 04:00:00
392,28.045,28.195,7995778,29.045,28,28.4987,33457,2020-03-27 04:00:00
393,28.085,29,7250368,29.16,27.8,28.6656,36190,2020-03-30 04:00:00
394,28.04,28.13,5758888,29,27.98,28.392,31588,2020-03-31 04:00:00
395,27.185,26.55,7631746,27.24,26.365,26.549,36737,2020-04-01 04:00:00
396,26.355,27.53,6176156,27.6,26.195,27.2909,29167,2020-04-02 04:00:00
397,27.26,27.11,5574178,27.465,26.835,27.1236,22508,2020-04-03 04:00:00
398,28.335,29.035,9525884,29.155,27.73,28.6032,27160,2020-04-06 04:00:00
399,29.925,29.205,8599292,30.265,29.115,29.5095,26409,2020-04-07 04:00:00
400,29.08,30.13,4396214,30.275,28.9625,29.871,23027,2020-04-08 04:00:00
401,30.24,30.255,5118488,30.675,29.915,30.3002,22084,2020-04-09 04:00:00
402,30.13,29.765,5413044,30.295,29.35,29.7361,19478,2020-04-13 04:00:00
403,30.4,32.205,9673568,32.22,30.055,31.5611,45184,2020-04-14 04:00:00
404,31.24,31.145,6982302,31.56,30.84,31.1618,32115,2020-04-15 04:00:00
405,31.51,30.935,4204552,31.565,30.615,30.9448,22241,2020-04-16 04:00:00
406,31.285,31.095,6349134,31.565,30.945,31.123,27494,2020-04-17 04:00:00
407,30.9,30.69,5705812,31.02,30.455,30.7246,27697,2020-04-20 04:00:00
408,29.935,29.52,4214502,30.21,29.4,29.6771,22045,2020-04-21 04:00:00
409,30.05,30.06,4876782,30.29,29.575,29.9634,18250,2020-04-22 04:00:00
410,30.09,29.815,3298514,30.445,29.73,30.0006,18347,2020-04-23 04:00:00
411,29.88,29.9,5112072,30.3175,29.55,29.8429,21855,2020-04-24 04:00:00
412,30.3,30.26,5847210,30.37,29.815,30.1945,22382,2020-04-27 04:00:00
413,30.635,30.07,5729306,30.7425,29.645,30.1525,28376,2020-04-28 04:00:00
414,30.165,31.07,5699468,31.265,29.985,30.9256,26811,2020-04-29 04:00:00
415,31.17,30.905,7046258,31.35,30.5675,30.8529,29159,2020-04-30 04:00:00
416,30.63,29.76,3565130,30.73,29.585,29.8942,20222,2020-05-01 04:00:00
417,29.62,29.605,3832274,29.79,29.365,29.5607,21871,2020-05-04 04:00:00
418,29.745,30.325,5550082,30.88,29.61,30.4882,24749,2020-05-05 04:00:00
419,30.56,30.65,3470880,30.88,30.25,30.6417,19599,2020-05-06 04:00:00
420,30.875,31.045,4428918,31.55,30.825,31.2258,25982,2020-05-07 04:00:00
421,31.69,32.89,6549544,33.375,31.69,32.8673,32405,2020-05-08 04:00:00
422,32.375,33.2,4109884,33.525,32.375,33.1391,23532,2020-05-11 04:00:00
423,33.035,33.095,6303470,33.6075,33.035,33.2638,33012,2020-05-12 04:00:00
424,32.86,32.585,3903758,33.36,32.29,32.6756,25736,2020-05-13 04:00:00
425,32.355,32.495,4096168,32.595,31.95,32.3326,24519,2020-05-14 04:00:00
426,32.47,33.005,8997740,33.1725,32.17,32.9653,26176,2020-05-15 04:00:00
427,33.775,33.31,4412630,33.905,33.11,33.3566,23032,2020-05-18 04:00:00
428,33.43,33.575,4210512,33.8725,33.25,33.6453,23443,2020-05-19 04:00:00
429,33.86,34.705,5147440,34.775,33.86,34.4982,26289,2020-05-20 04:00:00
430,34.59,34.18,3731088,34.6925,34.04,34.2916,22704,2020-05-21 04:00:00
431,33.945,34.355,3404566,34.42,33.89,34.2113,20299,2020-05-22 04:00:00
432,35.125,34.505,5809366,35.325,34.365,34.6784,27943,2020-05-26 04:00:00
433,34.69,35.3,4044466,35.33,34.4951,35.0045,21669,2020-05-27 04:00:00
434,35.555,35.435,6135726,35.82,34.86,35.3728,26373,2020-05-28 04:00:00
435,35.395,35.955,6229074,36.085,34.92,35.762,25221,2020-05-29 04:00:00
436,36.405,36.295,3539636,36.715,36.015,36.361,22632,2020-06-01 04:00:00
437,36.31,36.04,4813446,36.5,35.745,36.0292,22940,2020-06-02 04:00:00
438,36.305,36.255,3567442,36.53,36.03,36.2667,22705,2020-06-03 04:00:00
439,36.17,35.46,5904152,36.555,35.145,35.6877,30739,2020-06-04 04:00:00
440,35.76,36.115,5504820,36.155,35.245,35.9571,25719,2020-06-05 04:00:00
441,35.705,35.2,4955030,36.055,35.085,35.319,23885,2020-06-08 04:00:00
442,34.99,35.215,3340806,35.42,34.79,35.2072,19575,2020-06-09 04:00:00
443,35.36,35.22,2929596,35.495,35.005,35.2534,19407,2020-06-10 04:00:00
444,34.885,33.9,4785440,35.19,33.765,34.1599,27514,2020-06-11 04:00:00
445,34.385,34.15,4212200,34.645,33.895,34.197,23309,2020-06-12 04:00:00
446,33.595,34.4,3371144,34.43,33.31,33.9601,21109,2020-06-15 04:00:00
447,35.215,34.75,3311078,35.25,34.235,34.7375,21637,2020-06-16 04:00:00
448,34.975,34.77,3109292,35.23,34.665,34.9404,17000,2020-06-17 04:00:00
449,34.755,34.855,3172726,35.05,34.6,34.8227,15559,2020-06-18 04:00:00
450,35.345,35.04,8663612,35.475,34.715,35.0817,24672,2020-06-19 04:00:00
451,34.77,35.135,3254632,35.43,34.72,35.1358,18386,2020-06-22 04:00:00
452,35.43,35.09,2900052,35.52,34.995,35.2657,19030,2020-06-23 04:00:00
453,34.775,34.035,4316962,35.065,33.935,34.2126,22382,2020-06-24 04:00:00
454,34.04,34.53,3490358,34.57,33.685,34.3484,19113,2020-06-25 04:00:00
455,34.6,33.95,4092040,34.6885,33.845,34.1079,18648,2020-06-26 04:00:00
456,34.195,34.555,3238344,34.63,33.965,34.4427,20089,2020-06-29 04:00:00
457,34.545,34.66,3857348,34.755,34.29,34.5406,19551,2020-06-30 04:00:00
458,34.665,34.515,2202438,34.985,34.42,34.5956,15559,2020-07-01 04:00:00
459,34.81,34.63,2826656,34.97,34.55,34.7029,17214,2020-07-02 04:00:00
460,35.135,35.655,5203988,35.675,34.985,35.4312,25571,2020-07-06 04:00:00
461,35.4,35.85,5078948,36.4625,35.325,36.0345,28521,2020-07-07 04:00:00
462,36.055,35.88,3343026,36.41,35.61,35.9577,19999,2020-07-08 04:00:00
463,35.825,35.525,3051148,36.02,35.26,35.5847,17846,2020-07-09 04:00:00
464,35.54,35.825,2373526,35.835,35.055,35.6011,15254,2020-07-10 04:00:00
465,36.245,35.275,5254612,36.245,35.12,35.5087,25401,2020-07-13 04:00:00
466,34.885,35.815,4129744,35.875,34.77,35.5677,26401,2020-07-14 04:00:00
467,35.935,36.095,4421658,36.295,35.5,36.0105,22360,2020-07-15 04:00:00
468,35.895,36.31,2986802,36.32,35.805,36.1672,17746,2020-07-16 04:00:00
469,36.65,37.11,11530646,37.31,36.2125,37.0027,36667,2020-07-17 04:00:00
470,37.25,36.935,3709522,37.475,36.795,37.0495,20829,2020-07-20 04:00:00
471,37.25,37.5,5121032,37.88,37.175,37.5314,26699,2020-07-21 04:00:00
472,37.705,37.865,4240820,38.045,37.67,37.8442,19489,2020-07-22 04:00:00
473,38.08,37.465,4396780,38.25,37.4,37.7013,19978,2020-07-23 04:00:00
474,37.53,37.44,3172338,37.745,37.295,37.4923,16967,2020-07-24 04:00:00
475,37.645,38.215,4054056,38.365,37.635,38.0756,20136,2020-07-27 04:00:00
476,38.465,38.095,3481968,38.51,37.965,38.1881,19776,2020-07-28 04:00:00
477,38.11,38.655,2977918,38.755,37.905,38.4941,17741,2020-07-29 04:00:00
478,38.365,38.91,4318712,39,38.0072,38.7404,23758,2020-07-30 04:00:00
479,38.88,39.24,4205424,39.24,38.405,38.8566,23162,2020-07-31 04:00:00
480,39.345,38.92,3148198,39.395,38.575,38.9669,18675,2020-08-03 04:00:00
481,38.74,39.005,4988618,39.125,38.605,38.9252,28663,2020-08-04 04:00:00
482,41.015,41.55,7059390,41.98,40.655,41.2826,37175,2020-08-05 04:00:00
483,41.49,41.755,4367708,41.9125,41.31,41.7113,25461,2020-08-06 04:00:00
484,41.475,41.595,3649178,41.92,41.21,41.5636,21784,2020-08-07 04:00:00
485,41.595,41,2531722,41.68,40.7881,41.0611,18836,2020-08-10 04:00:00
486,41.14,40.3,4647616,41.22,40.075,40.5138,27650,2020-08-11 04:00:00
487,40.62,41.325,4070318,41.535,40.62,41.3529,21560,2020-08-12 04:00:00
488,41.5,41.91,4395658,41.9875,41.395,41.7606,21912,2020-08-13 04:00:00
489,41.745,41.66,2771530,41.94,41.44,41.7373,15902,2020-08-14 04:00:00
490,41.67,41.725,5217930,41.955,41.6425,41.7492,14266,2020-08-17 04:00:00
491,41.72,41.49,2744774,41.915,41.3,41.46,17109,2020-08-18 04:00:00
492,41.39,41.335,2463312,41.79,41.175,41.4257,15077,2020-08-19 04:00:00
493,41.095,41.505,2238690,41.59,40.955,41.4612,16354,2020-08-20 04:00:00
494,41.38,41.365,2961832,41.5125,40.91,41.3307,14009,2020-08-21 04:00:00
495,41.49,41.845,2881146,41.85,41.27,41.654,15907,2020-08-24 04:00:00
496,42.025,41.985,2635632,42.28,41.595,41.912,15013,2020-08-25 04:00:00
497,41.85,41.985,2942746,42.045,41.51,41.9414,16374,2020-08-26 04:00:00
498,42,41.67,2683488,42.095,41.395,41.734,15103,2020-08-27 04:00:00
499,41.875,42.27,3333720,42.32,41.53,42.1508,18133,2020-08-28 04:00:00
500,42.21,41.93,5575222,42.485,41.62,41.8993,27309,2020-08-31 04:00:00
501,41.89,42.42,4303528,42.43,41.735,42.2664,20656,2020-09-01 04:00:00
502,42.5,43.265,5143040,43.525,42.4725,43.2098,26246,2020-09-02 04:00:00
503,43.39,41.35,5403470,43.405,40.985,41.6888,31755,2020-09-03 04:00:00
504,41.58,41.135,5602300,41.88,40.4825,41.0487,28171,2020-09-04 04:00:00
505,40.9,40.05,5340090,40.985,39.825,40.1604,29674,2020-09-08 04:00:00
506,40.275,41.37,7744820,41.675,40.275,41.3291,27882,2020-09-09 04:00:00
507,41.22,40.89,4664468,41.595,40.535,41.0347,26851,2020-09-10 04:00:00
508,41.025,40.67,3004056,41.162,40.21,40.6926,19967,2020-09-11 04:00:00
509,41.055,41.445,3683386,41.66,41.055,41.3793,20930,2020-09-14 04:00:00
510,41.62,41.57,3090266,41.965,41.21,41.5551,17452,2020-09-15 04:00:00
511,41.6869,40.935,2866092,42,40.935,41.3513,18274,2020-09-16 04:00:00
512,40.395,40.355,4069064,40.72,39.83,40.2848,25070,2020-09-17 04:00:00
513,40.405,39.495,8863668,40.475,39.055,39.6572,27828,2020-09-18 04:00:00
514,39.205,39.19,4194354,39.25,38.535,38.915,29332,2020-09-21 04:00:00
515,39.1,39.615,2659224,39.77,38.955,39.5162,16206,2020-09-22 04:00:00
516,39.425,38.895,2850376,39.62,38.715,39.1516,17975,2020-09-23 04:00:00
517,38.725,39,2472390,39.51,38.44,39.1053,16199,2020-09-24 04:00:00
518,38.725,39.395,3153842,39.515,38.54,39.2322,17794,2020-09-25 04:00:00
519,39.955,40.255,4542726,40.365,39.72,40.0986,24943,2020-09-28 04:00:00
520,40.445,39.895,2938630,40.54,39.795,40.0487,18082,2020-09-29 04:00:00
521,40.165,40.1,6780550,40.53,39.82,40.1572,25814,2020-09-30 04:00:00
522,40.525,40.74,9398270,40.88,40.12,40.6576,31080,2020-10-01 04:00:00
523,40.165,39.775,4004100,40.415,39.36,39.8514,25043,2020-10-02 04:00:00
524,39.855,39.335,4563190,40.06,39.01,39.2862,23765,2020-10-05 04:00:00
525,39.315,38.815,3674640,39.685,38.675,39.0713,22331,2020-10-06 04:00:00
526,38.94,39.38,3296198,39.495,38.815,39.287,20120,2020-10-07 04:00:00
527,39.595,39.585,2904394,39.675,39.3,39.5159,16071,2020-10-08 04:00:00
528,39.745,40.475,5007636,40.6,39.685,40.3313,28497,2020-10-09 04:00:00
529,41.015,41.39,6679940,41.695,40.78,41.304,35376,2020-10-12 04:00:00
530,41.83,41.745,5849996,42.23,41.4125,41.7413,30314,2020-10-13 04:00:00
531,41.895,41.4,3780492,42.17,41.085,41.5317,21258,2020-10-14 04:00:00
532,40.915,40.695,4388546,41.2475,40.54,40.7686,29988,2020-10-15 04:00:00
533,40.865,40.38,9510086,41.32,40.35,40.5538,35010,2020-10-16 04:00:00
534,40.23,40.005,4373546,40.785,39.815,40.1424,28314,2020-10-19 04:00:00
535,40.25,40.1,3429448,40.53,39.96,40.2397,24357,2020-10-20 04:00:00
536,39.935,40.045,2382618,40.34,39.705,40.0684,15580,2020-10-21 04:00:00
537,40.21,40.28,2338972,40.39,39.6685,40.1472,15154,2020-10-22 04:00:00
538,40.43,40.195,2807396,40.645,40.025,40.2381,16557,2020-10-23 04:00:00
539,39.6725,39.425,3101630,40.135,39.035,39.3703,20780,2020-10-26 04:00:00
540,39.895,40.195,3812734,40.54,39.665,40.1742,23651,2020-10-27 04:00:00
541,39.355,38.685,4345196,39.57,38.6225,38.8371,22987,2020-10-28 04:00:00
542,38.535,38.77,3060640,39.255,38.27,38.8473,18405,2020-10-29 04:00:00
543,38.415,38.285,6512058,38.61,37.725,38.2704,25171,2020-10-30 04:00:00
544,38.92,38.96,3053858,39.175,38.4608,38.8147,21971,2020-11-02 05:00:00
545,40.175,39.76,11307526,40.265,39.025,39.5283,33043,2020-11-03 05:00:00
546,40.45,41.36,5447236,41.71,40.2025,41.2399,27803,2020-11-04 05:00:00
547,42.02,41.84,5788346,42.345,41.32,41.7385,32341,2020-11-05 05:00:00
548,42.245,41.63,4282780,42.29,41.32,41.6894,23286,2020-11-06 05:00:00
549,43.905,40.675,6738220,44.2025,40.45,41.4901,34114,2020-11-09 05:00:00
550,40.48,40.79,5245430,41.38,40.255,40.8204,25633,2020-11-10 05:00:00
551,40.875,42.25,4652090,42.39,40.7625,41.9996,24425,2020-11-11 05:00:00
552,42.25,41.48,2897138,42.395,41.195,41.5767,23086,2020-11-12 05:00:00
553,41.715,42.01,3730582,42.06,41.44,41.8964,15959,2020-11-13 05:00:00
554,41.99,41.79,4823160,42.665,41.61,41.9213,24843,2020-11-16 05:00:00
555,42.42,42.77,4410486,42.935,41.9875,42.627,28092,2020-11-17 05:00:00
556,42.465,42.11,3784360,43.015,42.06,42.35,19869,2020-11-18 05:00:00
557,41.69,41.865,3605964,42.095,41.425,41.8531,23165,2020-11-19 05:00:00
558,41.805,41.76,3064574,42.195,41.72,41.8484,17419,2020-11-20 05:00:00
559,41.965,42.035,4277038,42.355,41.635,42.0156,27166,2020-11-23 05:00:00
560,42.15,42.095,2868954,42.495,41.755,42.0737,17739,2020-11-24 05:00:00
561,42.285,42.04,1889012,42.47,41.92,42.0681,13931,2020-11-25 05:00:00
562,42.24,42.075,2232314,42.57,41.95,42.1924,11513,2020-11-27 05:00:00
563,42.1,42.39,5308972,42.425,41.64,42.1981,22416,2020-11-30 05:00:00
564,42.74,43.34,4998320,43.5125,42.49,43.2407,24817,2020-12-01 05:00:00
565,43.92,43.13,3482392,44.23,42.91,43.2573,21581,2020-12-02 05:00:00
566,42.865,43.26,4931046,43.385,42.78,43.118,27025,2020-12-03 05:00:00
567,43.07,43.72,3642660,43.805,43.0625,43.6452,17208,2020-12-04 05:00:00
568,43.475,43.585,2626370,43.88,43.3325,43.5366,17901,2020-12-07 05:00:00
569,43.93,44.1,4275664,44.445,43.405,44.0403,22868,2020-12-08 05:00:00
570,44.2,43.95,2969506,44.35,43.735,43.9522,19600,2020-12-09 05:00:00
571,44.275,44.015,2506586,44.309,43.755,44.0396,16318,2020-12-10 05:00:00
572,43.775,44.01,3817072,44.11,43.5125,43.9019,21146,2020-12-11 05:00:00
573,44.14,44.21,3382674,44.745,44.05,44.339,18476,2020-12-14 05:00:00
574,44.49,44.29,3514960,44.58,44.085,44.3043,19968,2020-12-15 05:00:00
575,44.375,44.9,2729218,44.97,44.2775,44.7939,16530,2020-12-16 05:00:00
576,44.99,45.07,2740420,45.225,44.76,45.0304,19050,2020-12-17 05:00:00
577,45.355,45.065,8386680,45.355,44.54,45.0471,17182,2020-12-18 05:00:00
578,44.425,44.485,3013532,44.725,43.655,44.2886,18001,2020-12-21 05:00:00
579,44.305,44.135,3033110,44.415,43.99,44.2323,14787,2020-12-22 05:00:00
580,44.14,44.47,2832200,44.75,44.1,44.4457,16937,2020-12-23 05:00:00
581,44.5,44.905,922824,45.01,44.495,44.8238,6232,2020-12-24 05:00:00
582,45.18,45.405,1725178,45.4531,45.105,45.313,12878,2020-12-28 05:00:00
583,45.6,45.52,1765310,45.72,45.255,45.5282,12422,2020-12-29 05:00:00
584,45.53,45.73,1574350,45.84,45.53,45.7106,11541,2020-12-30 05:00:00
585,45.76,46.24,2388046,46.27,45.5325,46.0947,13434,2020-12-31 05:00:00
586,46.255,45.3,6013194,46.275,44.4,45.2341,28144,2021-01-04 05:00:00
587,44.945,45.71,5060468,45.83,44.725,45.3242,22352,2021-01-05 05:00:00
588,45.53,45.35,7577890,45.7,45.045,45.3687,32809,2021-01-06 05:00:00
589,45.285,46.75,6040852,46.8,45.135,46.1506,25063,2021-01-07 05:00:00
590,46.8875,47.495,6277510,47.53,46.475,47.195,29561,2021-01-08 05:00:00
591,47.43,46.47,3017696,47.5525,46.27,46.6466,21300,2021-01-11 05:00:00
592,46.63,46.995,5388468,47.2125,46.3025,46.9414,29440,2021-01-12 05:00:00
593,47,45.935,6745112,47.08,45.905,46.4101,26576,2021-01-13 05:00:00
594,45.86,45.68,4772256,46.34,45.2654,45.6665,23736,2021-01-14 05:00:00
595,45.15,45.825,6141440,46.25,44.8613,45.6185,25437,2021-01-15 05:00:00
596,46.17,45.04,4727004,46.495,45.01,45.2702,22895,2021-01-19 05:00:00
597,45.065,44.805,3974390,45.235,44.6432,44.8781,19466,2021-01-20 05:00:00
598,44.805,44.6,2556024,44.845,44.31,44.6635,17277,2021-01-21 05:00:00
599,44.555,44.1,2393472,44.6975,44.04,44.1979,15570,2021-01-22 05:00:00
600,44.28,44.23,3477568,44.7,44.055,44.2582,22933,2021-01-25 05:00:00
601,44.15,44.4,2875114,44.87,44.1375,44.4768,16844,2021-01-26 05:00:00
602,44.015,42.965,7168696,44.265,42.6775,43.1554,39387,2021-01-27 05:00:00
603,43.39,44.365,3769168,44.665,43.315,44.2256,23263,2021-01-28 05:00:00
604,43.755,43.415,3693968,44.335,43.385,43.7038,20483,2021-01-29 05:00:00
605,43.405,44.125,3085044,44.215,43.22,43.9654,20516,2021-02-01 05:00:00
606,44.505,45.22,3255082,45.7787,44.295,45.3365,21376,2021-02-02 05:00:00
607,45.105,45.205,2593122,45.57,44.625,45.1846,18861,2021-02-03 05:00:00
608,45.135,45.735,2404562,45.8,45.105,45.6227,15079,2021-02-04 05:00:00
609,46.025,45.55,3452368,46.36,45.43,45.7953,20530,2021-02-05 05:00:00
610,45.86,45.44,3406828,46.0622,45.015,45.3723,19720,2021-02-08 05:00:00
611,45.225,45.255,2069090,45.385,44.86,45.2285,15005,2021-02-09 05:00:00
612,45.585,45.225,3267704,45.595,44.68,45.1877,19504,2021-02-10 05:00:00
613,45.395,44.97,2058154,45.505,44.865,44.9901,14471,2021-02-11 05:00:00
614,44.95,45.865,3215302,45.925,44.735,45.5856,19337,2021-02-12 05:00:00
615,45.865,46.09,3672310,46.385,45.785,46.0767,21922,2021-02-16 05:00:00
616,46,46.08,2404102,46.1938,45.7279,46.0204,18857,2021-02-17 05:00:00
617,45.735,46.325,2623126,46.475,45.5,46.2045,19048,2021-02-18 05:00:00
618,46.17,44.825,4606474,46.25,44.69,45.2799,20391,2021-02-19 05:00:00
619,44.785,44.585,4382134,44.98,44.4,44.6026,22886,2021-02-22 05:00:00
620,44.76,44.16,5441450,44.775,43.22,44.0376,30044,2021-02-23 05:00:00
621,43.725,44.12,3999992,44.4472,43.25,43.9964,25634,2021-02-24 05:00:00
622,43.95,42.675,6369048,44.445,42.5775,42.9573,36820,2021-02-25 05:00:00
623,43.81,43.87,9419000,44.815,43.11,43.9885,43353,2021-02-26 05:00:00
624,44.065,43.775,4140762,44.4925,43.2,43.7458,26687,2021-03-01 05:00:00
625,43.78,43.44,4551354,44.2459,43.4,43.7958,26853,2021-03-02 05:00:00
626,43.425,42.3,4186134,43.665,42.245,42.7341,23783,2021-03-03 05:00:00
627,42.36,42.34,4667082,43.285,42.03,42.5406,29748,2021-03-04 05:00:00
628,42.64,43.21,6816980,43.395,41.48,42.8956,26911,2021-03-05 05:00:00
629,43.1,42.57,4603838,43.355,42.51,42.82,25097,2021-03-08 05:00:00
630,43.355,44.22,4986104,44.555,42.98,44.2323,26589,2021-03-09 05:00:00
631,44.4,44.7,4209024,45.05,44.3475,44.7591,22167,2021-03-10 05:00:00
632,44.53,44.675,3186902,45.035,44.395,44.7165,18931,2021-03-11 05:00:00
633,44.235,44.47,5040498,44.6,43.83,44.3624,22624,2021-03-12 05:00:00
634,44.465,44.655,3074696,44.695,43.95,44.4147,18868,2021-03-15 04:00:00
635,45.025,44.695,4415612,45.3,44.62,44.8382,19553,2021-03-16 04:00:00
636,44.316,44.3,3589706,44.625,43.645,44.1535,23335,2021-03-17 04:00:00
637,44.09,43.96,5317226,44.115,43.17,43.7381,28363,2021-03-18 04:00:00
638,43.885,43.96,6279032,44.31,43.675,44.0229,25874,2021-03-19 04:00:00
639,43.9,44.525,5004654,45.1,43.79,44.5401,22865,2021-03-22 04:00:00
640,44.945,44.81,4076922,45.425,44.485,44.8486,27336,2021-03-23 04:00:00
641,44.77,44.36,3741238,44.77,43.925,44.3471,20885,2021-03-24 04:00:00
642,44.48,44.395,2656252,44.655,43.655,44.1848,18308,2021-03-25 04:00:00
643,44.175,45.825,4230242,45.92,44.11,45.3244,27527,2021-03-26 04:00:00
644,45.88,45.96,4273794,46.18,45.34,45.8643,25840,2021-03-29 04:00:00
645,45.645,45.345,3444894,45.815,45.07,45.3338,22867,2021-03-30 04:00:00
646,45.54,45.545,4038186,45.8625,45.275,45.6009,22455,2021-03-31 04:00:00
647,45.85,45.68,3622972,46.085,45.545,45.8024,19497,2021-04-01 04:00:00
648,45.765,46.72,4506522,47.065,45.715,46.7135,26138,2021-04-05 04:00:00
649,46.87,46.865,3346660,47.14,46.315,46.8719,19892,2021-04-06 04:00:00
650,46.895,47.115,3219886,47.285,46.71,47.1083,16930,2021-04-07 04:00:00
651,47.395,47.65,3320388,47.915,47.2,47.6447,21524,2021-04-08 04:00:00
652,47.5151,47.645,2752256,47.74,47.415,47.6078,15598,2021-04-09 04:00:00
653,47.555,47.71,2734436,47.865,47.3075,47.6679,16596,2021-04-12 04:00:00
654,47.7,47.945,4279912,48.145,47.7,47.8675,15576,2021-04-13 04:00:00
655,47.915,47.4,3646882,48.01,47.275,47.5522,24293,2021-04-14 04:00:00
656,47.66,47.975,2614902,48.1025,47.5018,47.9403,18137,2021-04-15 04:00:00
657,48.315,49.085,8516632,49.215,48.065,48.8898,33557,2021-04-16 04:00:00
658,49.17,48.93,3462192,49.2425,48.4675,48.886,22782,2021-04-19 04:00:00
659,49.025,48.7,3343506,49.125,48.48,48.7462,21501,2021-04-20 04:00:00
660,49.105,48.995,2665274,49.245,48.655,48.9567,16373,2021-04-21 04:00:00
661,48.905,48.755,2800252,49.04,48.5975,48.7714,19628,2021-04-22 04:00:00
662,48.935,49.34,3053820,49.62,48.795,49.3431,20286,2021-04-23 04:00:00
663,49.14,48.57,3654790,49.2561,48.355,48.5946,20009,2021-04-26 04:00:00
664,48.655,48.51,2127208,48.655,48.25,48.4676,13225,2021-04-27 04:00:00
665,48.585,48.235,2098850,48.65,48.035,48.2802,15917,2021-04-28 04:00:00
666,48.465,48.97,2269284,49.11,48.255,48.864,17302,2021-04-29 04:00:00
667,48.785,48.525,4192516,48.81,48.22,48.5367,19726,2021-04-30 04:00:00
668,48.955,48.805,3842110,49.57,48.695,48.9932,22305,2021-05-03 04:00:00
669,48.625,47.97,4077298,48.735,47.805,48.1051,25671,2021-05-04 04:00:00
670,48,47.225,4010860,48.195,47.065,47.3008,25455,2021-05-05 04:00:00
671,47.445,47.51,4296094,47.6002,47.06,47.367,26646,2021-05-06 04:00:00
672,44.5,45.625,12023972,45.84,44.175,45.234,66833,2021-05-07 04:00:00
673,45.57,45.8,6512160,46.41,45.35,45.8968,38782,2021-05-10 04:00:00
674,44.95,45.77,4059654,46.1175,44.95,45.7575,30759,2021-05-11 04:00:00
675,45.515,44.895,4526776,45.63,44.8,45.0289,29677,2021-05-12 04:00:00
676,45.115,44.735,4646466,45.32,44.64,44.8599,25654,2021-05-13 04:00:00
677,44.9,46.07,4459826,46.295,44.805,45.9893,28058,2021-05-14 04:00:00
678,45.525,45.675,2920028,45.8475,45.29,45.6143,20943,2021-05-17 04:00:00
679,45.81,45.405,3107698,45.82,45.265,45.4954,24073,2021-05-18 04:00:00
680,45.17,45.365,3543608,45.4,44.92,45.1844,26655,2021-05-19 04:00:00
681,45.41,46.25,5164670,46.465,45.36,46.2244,28096,2021-05-20 04:00:00
682,46.44,46.005,3684054,46.535,45.74,46.0373,23529,2021-05-21 04:00:00
683,46.305,46.615,4327996,46.885,46.16,46.6762,28351,2021-05-24 04:00:00
684,46.86,46.515,4221544,47.115,46.26,46.503,29391,2021-05-25 04:00:00
685,46.755,46.705,2906688,46.96,46.575,46.7218,18831,2021-05-26 04:00:00
686,46.97,46.655,4489930,47.095,46.56,46.7624,21377,2021-05-27 04:00:00
687,46.765,47.135,2767524,47.35,46.7,47.1296,21359,2021-05-28 04:00:00
688,47.195,46.795,5645582,47.415,46.655,46.8622,26030,2021-06-01 04:00:00
689,47.14,47.415,4828448,47.91,46.93,47.4332,31480,2021-06-02 04:00:00
690,47.045,47.525,3981156,47.6025,46.88,47.3987,23086,2021-06-03 04:00:00
691,47.75,47.685,2685788,47.94,47.465,47.6921,19976,2021-06-04 04:00:00
692,47.69,47.15,3396560,47.695,46.8525,47.109,23576,2021-06-07 04:00:00
693,47.225,47.08,2913034,47.32,46.6325,46.9823,22132,2021-06-08 04:00:00
694,47.11,46.62,2522834,47.25,46.54,46.7175,18328,2021-06-09 04:00:00
695,46.2475,46.885,3455192,47.07,46.2475,46.9029,21852,2021-06-10 04:00:00
696,46.99,46.75,2156696,47,46.52,46.7154,13946,2021-06-11 04:00:00
697,46.56,46.7,3009540,46.835,46.5,46.6647,18704,2021-06-14 04:00:00
698,46.905,46.095,3614242,46.905,46.025,46.2361,22155,2021-06-15 04:00:00
699,45.5268,45.76,6313304,46.36,45.5268,45.929,32706,2021-06-16 04:00:00
700,45.76,46.285,3163906,46.42,45.67,46.2117,23129,2021-06-17 04:00:00
701,46.135,45.88,6802554,46.47,45.82,46.0606,29593,2021-06-18 04:00:00
702,46.08,46.02,3066996,46.275,45.605,45.9224,20932,2021-06-21 04:00:00
703,46.045,45.89,3198046,46.14,45.605,45.8978,23049,2021-06-22 04:00:00
704,45.91,45.155,3717294,45.965,45.145,45.3322,25508,2021-06-23 04:00:00
705,45.275,45.07,5210934,45.345,44.91,45.0921,30317,2021-06-24 04:00:00
706,45.2,46.06,8855018,47.645,44.625,45.7666,36388,2021-06-25 04:00:00
707,46.04,45.73,3954862,46.4417,45.51,45.7557,25589,2021-06-28 04:00:00
708,45.77,45.78,2837164,45.8825,45.43,45.7004,25510,2021-06-29 04:00:00
709,45.8,45.675,3972198,45.95,45.535,45.6571,20837,2021-06-30 04:00:00
710,45.63,45.575,3406358,45.835,45.48,45.6185,19988,2021-07-01 04:00:00
711,45.79,45.43,3086652,46.015,45.375,45.5581,20640,2021-07-02 04:00:00
712,45.43,45.305,4578392,45.585,45.155,45.3357,21804,2021-07-06 04:00:00
713,45.445,45.42,2552820,45.475,45.215,45.3709,19796,2021-07-07 04:00:00
714,45,44.92,3447602,45.44,44.775,44.9431,25457,2021-07-08 04:00:00
715,44.775,45.12,2788532,45.27,44.735,45.0941,19179,2021-07-09 04:00:00
716,45.195,45.585,2986188,45.655,45.095,45.511,18860,2021-07-12 04:00:00
717,45.705,46.01,3210646,46.2075,45.635,45.9989,23354,2021-07-13 04:00:00
718,46.13,46.5,4303586,46.75,46.06,46.5269,27540,2021-07-14 04:00:00
719,46.515,46.81,5191914,46.94,46.4,46.731,26274,2021-07-15 04:00:00
720,46.85,46.535,3156566,47.03,46.515,46.6535,16873,2021-07-16 04:00:00
721,46.535,46.125,3846292,46.74,45.9313,46.1926,27421,2021-07-19 04:00:00
722,46.22,46.855,3116070,47.08,46.105,46.8203,22524,2021-07-20 04:00:00
723,46.81,46.675,2539686,47.225,46.57,46.7552,20180,2021-07-21 04:00:00
724,46.71,46.685,1728112,46.785,46.305,46.6468,14399,2021-07-22 04:00:00
725,47.48,48.145,3849236,48.47,47.28,48.1137,27477,2021-07-23 04:00:00
726,48.0375,48,3593984,48.2125,47.6,48.0001,26838,2021-07-26 04:00:00
727,48.125,47.59,6477382,48.29,47.3316,47.5764,33866,2021-07-27 04:00:00
728,47.585,47.025,3049506,47.745,46.865,47.1571,22301,2021-07-28 04:00:00
729,47.1,47.29,2538826,47.46,46.92,47.2484,21925,2021-07-29 04:00:00
730,47.39,47.16,3353092,47.54,47.025,47.1941,22837,2021-07-30 04:00:00
731,47.24,46.68,4080498,47.315,46.31,46.6743,26890,2021-08-02 04:00:00
732,46.835,46.52,3927636,46.98,46.1175,46.362,28158,2021-08-03 04:00:00
733,46.42,46.005,3063834,46.715,45.95,46.1486,25405,2021-08-04 04:00:00
734,46.285,45.975,4018454,46.3274,45.91,46.0679,26496,2021-08-05 04:00:00
735,47,48.485,9913408,49.25,47,48.3801,55569,2021-08-06 04:00:00
736,48.68,49.235,5505382,49.45,48.605,49.1923,34865,2021-08-09 04:00:00
737,49.4575,49.395,4372678,49.945,49.23,49.5707,28453,2021-08-10 04:00:00
738,49.55,49.36,2939336,49.81,49.185,49.4291,22733,2021-08-11 04:00:00
739,49.435,48.81,2373200,49.435,48.72,48.8817,19579,2021-08-12 04:00:00
740,48.795,49.06,2773050,49.1125,48.61,48.9651,18672,2021-08-13 04:00:00
741,49.18,49.21,2170094,49.29,48.905,49.1446,19683,2021-08-16 04:00:00
742,48.975,48.76,2442548,49.025,48.6725,48.7998,21208,2021-08-17 04:00:00
743,48.685,47.93,2100538,48.815,47.905,48.1388,18282,2021-08-18 04:00:00
744,47.57,48.59,2738504,48.645,47.45,48.412,22920,2021-08-19 04:00:00
745,48.68,48.37,2659996,48.925,48.26,48.4712,17971,2021-08-20 04:00:00
746,48.21,48.375,2027810,48.55,48.115,48.393,15758,2021-08-23 04:00:00
747,48.47,48.315,1992042,48.47,47.865,48.2117,18591,2021-08-24 04:00:00
748,48.32,48.565,1989928,48.645,48.085,48.4891,15691,2021-08-25 04:00:00
749,48.57,48.42,1929656,48.6895,48.33,48.4615,18026,2021-08-26 04:00:00
750,48.505,48.665,1971844,48.895,48.3,48.6441,17656,2021-08-27 04:00:00
751,48.695,48.905,1742838,48.9525,48.5425,48.7993,14377,2021-08-30 04:00:00
752,48.985,48.785,3100672,49,48.585,48.7638,20337,2021-08-31 04:00:00
753,48.89,48.9,2856026,49.0975,48.595,48.8941,21866,2021-09-01 04:00:00
754,48.99,48.8,2093380,49.2,48.619,48.7878,18452,2021-09-02 04:00:00
755,48.55,48.79,2285432,48.8802,48.1127,48.7529,15095,2021-09-03 04:00:00
756,48.68,47.59,3090234,48.68,47.535,47.7883,25686,2021-09-07 04:00:00
757,47.56,48.42,2353744,48.445,47.505,48.2478,19175,2021-09-08 04:00:00
758,48.455,48.175,1935452,48.555,48.095,48.2363,19218,2021-09-09 04:00:00
759,48.245,47.96,2228970,48.28,47.94,48.0792,20542,2021-09-10 04:00:00
760,48.27,47.695,2609596,48.465,47.6,47.8041,21439,2021-09-13 04:00:00
761,47.81,47.48,3079812,48.1,47.415,47.6042,21127,2021-09-14 04:00:00
762,47.5,47.57,3116226,47.875,47.18,47.6263,22806,2021-09-15 04:00:00
763,47.455,47.94,2151680,48.0175,47.2351,47.7886,19976,2021-09-16 04:00:00
764,47.3277,47.32,6246702,47.945,46.905,47.4,22233,2021-09-17 04:00:00
765,47.1175,46.395,3491690,47.13,45.985,46.4155,26161,2021-09-20 04:00:00
766,46.58,45.9,2792398,46.87,45.87,46.1116,20279,2021-09-21 04:00:00
767,46.205,46.285,3050332,46.61,45.675,46.2974,23361,2021-09-22 04:00:00
768,46.3,46.545,2892712,46.78,46.245,46.5605,21757,2021-09-23 04:00:00
769,46.37,46.37,2748488,46.695,46.075,46.3086,20244,2021-09-24 04:00:00
770,46.085,45.895,3183498,46.295,45.64,45.9179,21301,2021-09-27 04:00:00
771,45.66,44.75,4337144,45.795,44.5925,44.9502,30766,2021-09-28 04:00:00
772,44.75,44.665,2852850,45.02,44.61,44.7922,22899,2021-09-29 04:00:00
773,44.955,44.415,4632950,45.05,44.405,44.6528,31474,2021-09-30 04:00:00
774,44.79,44.94,3895756,45.09,44.18,44.8006,24609,2021-10-01 04:00:00
775,44.935,44.25,5636130,45.185,44.06,44.3868,30518,2021-10-04 04:00:00
776,44.38,44.775,3174818,45.02,44.26,44.7545,20438,2021-10-05 04:00:00
777,44.445,45.05,3152672,45.165,44.275,44.8211,21995,2021-10-06 04:00:00
778,45.435,45.035,3716510,45.715,44.995,45.3255,24396,2021-10-07 04:00:00
779,45.135,44.635,3273642,45.285,44.595,44.8067,23280,2021-10-08 04:00:00
780,44.51,44.025,2235412,44.625,43.965,44.252,17657,2021-10-11 04:00:00
781,44.03,43.97,3097128,44.405,43.835,44.0936,21246,2021-10-12 04:00:00
782,42.9875,42.665,5975844,43.47,42.47,42.7581,38605,2021-10-13 04:00:00
783,42.98,42.8,7239916,43.23,42.633,42.8973,36685,2021-10-14 04:00:00
784,42.905,42.79,7120136,43.17,42.58,42.8372,28658,2021-10-15 04:00:00
785,42.6,42.715,3552594,43.01,42.425,42.7424,22407,2021-10-18 04:00:00
786,42.735,42.5,6439134,42.835,42.205,42.5237,34065,2021-10-19 04:00:00
787,43.02,42.465,6481900,43.02,42.44,42.5844,25364,2021-10-20 04:00:00
788,42.515,42.625,8226030,42.765,42.3,42.5437,20934,2021-10-21 04:00:00
789,42.84,42.365,2767214,43.02,42.245,42.4902,19031,2021-10-22 04:00:00
790,42.34,42.19,4687360,42.46,42.025,42.2287,25112,2021-10-25 04:00:00
791,42.375,42.79,5747718,42.96,42.29,42.748,29615,2021-10-26 04:00:00
792,43,42.44,4402134,43,41.85,42.4728,30456,2021-10-27 04:00:00
793,42.55,42.45,3151598,42.82,42.165,42.4391,22136,2021-10-28 04:00:00
794,42.45,42.5,5403068,42.695,42.375,42.5029,24214,2021-10-29 04:00:00
795,42.49,42.73,4593964,42.9,42.46,42.6627,28307,2021-11-01 04:00:00
796,42.915,42.945,4239474,43.29,42.695,42.9681,27272,2021-11-02 04:00:00
797,43.035,43.66,5841650,43.695,43,43.5294,29992,2021-11-03 04:00:00
798,43.64,43.89,3834210,44.03,43.395,43.8629,25511,2021-11-04 04:00:00
799,45.215,45.815,8899250,45.945,44.935,45.6382,51070,2021-11-05 04:00:00
800,45.61,45.415,5537864,45.905,45.25,45.5003,30116,2021-11-08 05:00:00
801,45.41,45.88,4254456,46.015,45.09,45.7601,27596,2021-11-09 05:00:00
802,45.95,45.99,4288816,46.635,45.895,46.1926,29004,2021-11-10 05:00:00
803,46.045,46.135,3367698,46.355,45.925,46.1887,23947,2021-11-11 05:00:00
804,46.225,46.03,3980454,46.335,45.4875,46.0264,22812,2021-11-12 05:00:00
805,46.19,46.5,5327530,46.54,46.05,46.3621,29251,2021-11-15 05:00:00
806,46.675,46.165,4315064,46.905,46.13,46.474,24721,2021-11-16 05:00:00
807,46.105,45.7,4110488,46.235,45.6,45.7981,25498,2021-11-17 05:00:00
808,45.575,44.695,5120522,45.595,44.305,44.6769,28161,2021-11-18 05:00:00
809,44.695,44.65,3880022,44.995,44.475,44.7115,21906,2021-11-19 05:00:00
810,46.005,45.045,6418680,46.15,44.68,45.1666,33622,2021-11-22 05:00:00
811,45.055,44.31,5654644,45.255,43.545,44.1225,33299,2021-11-23 05:00:00
812,43.945,44.545,2990392,44.615,43.945,44.4573,19762,2021-11-24 05:00:00
813,44.49,43.525,2513976,44.495,43.385,43.745,16456,2021-11-26 05:00:00
814,43.605,43.425,3813414,43.7716,43.28,43.475,25555,2021-11-29 05:00:00
815,43.26,41.89,7082820,43.4,41.67,42.3432,43958,2021-11-30 05:00:00
816,42.275,40.53,6209380,42.425,40.46,41.2903,42647,2021-12-01 05:00:00
817,40.84,41.48,5599560,41.9,40.84,41.5558,31996,2021-12-02 05:00:00
818,41.66,41.85,4822402,41.93,41.2912,41.7375,30136,2021-12-03 05:00:00
819,42.3,42.855,3120430,42.94,41.9725,42.7477,23536,2021-12-06 05:00:00
820,42.975,44.185,7769468,44.395,42.975,44.0825,35720,2021-12-07 05:00:00
821,44.1,44.465,4618198,44.5125,43.765,44.239,27102,2021-12-08 05:00:00
822,44.0475,44.15,2984390,44.44,44.01,44.2489,18198,2021-12-09 05:00:00
823,44.51,44.775,5296806,45.005,44.3525,44.7094,27637,2021-12-10 05:00:00
824,44.75,44.89,3196712,45.155,44.425,44.8587,21743,2021-12-13 05:00:00
825,44.7,45.185,3964550,45.335,44.675,45.1222,25590,2021-12-14 05:00:00
826,45.24,45.605,5586466,45.65,44.82,45.2304,36539,2021-12-15 05:00:00
827,45.835,45.81,5437500,46.31,45.625,45.865,30942,2021-12-16 05:00:00
828,45.515,45.81,11594838,46.555,45.25,45.8946,37664,2021-12-17 05:00:00
829,45.365,45.82,5719296,45.89,44.8,45.5034,36539,2021-12-20 05:00:00
830,45.835,46.395,3091760,46.45,45.825,46.2974,24359,2021-12-21 05:00:00
831,46.345,46.74,2308130,46.765,46.185,46.6047,16783,2021-12-22 05:00:00
832,46.86,46.92,2444550,47.155,46.68,46.9532,16591,2021-12-23 05:00:00
833,47.01,47.4,2034142,47.455,47.01,47.3491,15045,2021-12-27 05:00:00
834,47.45,47.35,2137158,47.6567,47.175,47.3513,15065,2021-12-28 05:00:00
835,47.425,47.895,2588668,47.995,47.25,47.7908,15082,2021-12-29 05:00:00
836,48.14,47.695,2226582,48.21,47.625,47.8307,14615,2021-12-30 05:00:00
837,47.655,48.02,2210162,48.11,47.5,47.939,15413,2021-12-31 05:00:00
838,47.76,48.27,3686338,48.345,47.4425,48.084,19437,2022-01-03 05:00:00
839,48.205,48.87,4181568,48.98,48.205,48.7388,26413,2022-01-04 05:00:00
840,48.75,48.025,4738958,49.365,48,48.3767,27738,2022-01-05 05:00:00
841,47.8125,47.76,4969276,48.4,47.645,47.9481,29938,2022-01-06 05:00:00
842,47.68,47.03,3675262,47.855,47.01,47.2775,23722,2022-01-07 05:00:00
843,46.91,46.365,6309582,46.9325,45.575,46.0897,41740,2022-01-10 05:00:00
844,46.07,47.29,3742362,47.3675,45.775,46.9029,26034,2022-01-11 05:00:00
845,47.55,46.99,3743442,47.64,46.845,47.0409,20227,2022-01-12 05:00:00
846,47.175,47.185,4779258,47.525,46.83,47.1997,23225,2022-01-13 05:00:00
847,47.18,44.955,8028958,47.18,44.575,45.265,45571,2022-01-14 05:00:00
848,44.17,43.35,6206542,44.43,43.275,43.6514,46791,2022-01-18 05:00:00
849,43.425,43.365,5808160,43.735,43.095,43.3893,33788,2022-01-19 05:00:00
850,43.69,43.185,3938508,44.56,43.12,43.6442,27541,2022-01-20 05:00:00
851,43.27,42.81,6160536,43.875,42.76,43.1158,36007,2022-01-21 05:00:00
852,42.765,44.07,6855900,44.15,42.1,43.2541,46463,2022-01-24 05:00:00
853,43.475,43.165,5585806,43.65,42.69,43.1917,38778,2022-01-25 05:00:00
854,43.055,42.295,5077878,43.6195,42.04,42.6584,33233,2022-01-26 05:00:00
855,42.665,41.585,4751406,42.955,41.3502,41.9159,34406,2022-01-27 05:00:00
856,41.455,42.655,5212316,42.655,41,42.1484,32297,2022-01-28 05:00:00
857,42.63,43.36,4579642,43.395,42.405,43.1639,28948,2022-01-31 05:00:00
858,43.305,43.235,6964290,43.37,42.665,43.1281,31569,2022-02-01 05:00:00
859,43.565,43.605,4176374,43.9675,43.3,43.6319,24083,2022-02-02 05:00:00
860,43.205,43.04,6862274,43.49,42.91,43.1299,28994,2022-02-03 05:00:00
861,42.525,42.145,6169880,42.81,41.91,42.2473,35131,2022-02-04 05:00:00
862,42.26,42.27,3071918,42.565,42.08,42.2955,20286,2022-02-07 05:00:00
863,42.19,42.36,5139464,42.4925,41.88,42.2935,28637,2022-02-08 05:00:00
864,42.87,43.145,4356238,43.295,42.665,43.0813,25188,2022-02-09 05:00:00
865,42.495,41.915,6357748,42.52,41.605,42.0496,40077,2022-02-10 05:00:00
866,41.93,41.4,4233474,42.3675,41.275,41.6232,29832,2022-02-11 05:00:00
867,41.5,41.285,5872026,42.855,40.765,41.3188,38732,2022-02-14 05:00:00
868,42.5,41.39,7840346,42.565,40.96,41.6224,44486,2022-02-15 05:00:00
869,41.195,41.61,5330850,41.83,40.54,41.3055,37135,2022-02-16 05:00:00
870,41.445,41.07,4696026,41.45,40.645,41.0664,30493,2022-02-17 05:00:00
871,40.99,40.635,10591448,41.0441,40.225,40.6139,40449,2022-02-18 05:00:00
872,40.42,40.825,9145616,41.1,40.255,40.7946,40204,2022-02-22 05:00:00
873,40.9,39.705,6408368,40.995,39.605,40.121,40699,2022-02-23 05:00:00
874,39.445,40.175,9424676,40.205,38.185,39.3254,61990,2022-02-24 05:00:00
875,41.5,42.285,11672238,43.49,41.065,42.2083,65012,2022-02-25 05:00:00
876,41.49,42.2,8159418,42.475,41.43,42.0124,44077,2022-02-28 05:00:00
877,42.105,41.615,5382260,42.3225,41.3658,41.7811,38455,2022-03-01 05:00:00
878,41.74,41.875,3418894,42.16,41.39,41.8836,25404,2022-03-02 05:00:00
879,42.085,41.675,7623620,42.19,41.625,41.7218,24413,2022-03-03 05:00:00
880,41.47,40.66,7686212,41.47,40.44,40.6734,27466,2022-03-04 05:00:00
881,40.67,37.5,10949436,40.67,37.355,37.9626,47810,2022-03-07 05:00:00
882,37.36,36.245,8853494,37.835,35.8875,36.6565,54907,2022-03-08 05:00:00
883,37.285,38.34,7075046,38.58,37.125,38.2147,38157,2022-03-09 05:00:00
884,37.68,37.695,5517232,38.2475,37.035,37.6784,36132,2022-03-10 05:00:00
885,38.155,36.61,3375024,38.255,36.545,37.0101,24466,2022-03-11 05:00:00
886,36.88,36.615,3931708,37.39,36.565,36.8141,26919,2022-03-14 04:00:00
887,37.105,37.54,3991146,37.62,36.9945,37.4113,27465,2022-03-15 04:00:00
888,37.97,38.595,6021974,39.03,37.64,38.356,36296,2022-03-16 04:00:00
889,38.5475,39.14,4688548,39.22,38.245,38.9442,25349,2022-03-17 04:00:00
890,39.565,40.295,9555956,40.41,39.105,40.0214,37345,2022-03-18 04:00:00
891,39.98,39.5,4685584,40.105,38.915,39.3618,30860,2022-03-21 04:00:00
892,39.72,40.65,7084826,40.875,39.72,40.5954,41540,2022-03-22 04:00:00
893,40.435,39.025,5123478,40.45,38.925,39.2731,32544,2022-03-23 04:00:00
894,39.16,39.28,4443064,39.315,38.625,39.0972,26300,2022-03-24 04:00:00
895,39.53,39.35,3413166,39.635,39.03,39.3096,23829,2022-03-25 04:00:00
896,39.58,40.01,3321652,40.04,39.27,39.7321,22701,2022-03-28 04:00:00
897,40.71,41.29,5138404,41.79,40.325,41.2306,30884,2022-03-29 04:00:00
898,40.89,40.03,3895394,41.085,39.8,40.1195,24039,2022-03-30 04:00:00
899,40.215,39.95,5368766,40.485,39.935,40.0722,27448,2022-03-31 04:00:00
900,40.14,41.075,4550140,41.125,40.04,40.8317,31103,2022-04-01 04:00:00
901,40.98,41.3,4254210,41.385,40.57,41.1976,24255,2022-04-04 04:00:00
902,41.325,40.95,3999282,41.445,40.745,40.9605,21945,2022-04-05 04:00:00
903,40.515,40.41,4929554,40.91,39.58,40.3376,31058,2022-04-06 04:00:00
904,40.32,40.89,5247386,41.16,40.09,40.7668,27536,2022-04-07 04:00:00
905,40.83,40.81,6990588,41.56,40.26,40.9641,38816,2022-04-08 04:00:00
906,40.735,41.085,5691552,41.54,40.56,41.1754,36043,2022-04-11 04:00:00
907,41.315,41.345,5973136,41.71,41.0175,41.3044,38289,2022-04-12 04:00:00
908,41.24,42.005,5956812,42.28,41.24,41.968,36800,2022-04-13 04:00:00
909,42.06,41.295,12559700,42.245,40.95,41.4149,36261,2022-04-14 04:00:00
910,41.03,41.22,4420928,41.4125,40.865,41.114,26067,2022-04-18 04:00:00
911,41.185,41.9,3784212,41.99,41.025,41.8048,23729,2022-04-19 04:00:00
912,42.245,42.675,4205400,42.785,41.965,42.5368,29284,2022-04-20 04:00:00
913,43.015,43.44,8538124,44.015,42.905,43.5364,48416,2022-04-21 04:00:00
914,43.25,42.825,7973848,43.47,42.595,42.9544,42374,2022-04-22 04:00:00
915,42.825,43.34,7005228,43.395,41.81,42.7648,46605,2022-04-25 04:00:00
916,42.92,43.13,8401284,43.52,42.87,43.2099,48812,2022-04-26 04:00:00
917,42.995,43.375,7378552,43.71,42.865,43.3686,50028,2022-04-27 04:00:00
918,43.43,43.905,5343126,43.995,42.69,43.6088,34327,2022-04-28 04:00:00
919,43.625,42.84,6646076,43.91,42.62,43.0924,37027,2022-04-29 04:00:00
920,43.07,42.375,6969260,43.295,41.57,42.3668,41857,2022-05-02 04:00:00
921,42.755,41.96,5610254,42.755,41.5525,42.0117,37495,2022-05-03 04:00:00
922,41.905,43.325,7040194,43.435,41.675,42.6485,44037,2022-05-04 04:00:00
923,42.875,41.52,7849470,43.085,41.065,41.712,47377,2022-05-05 04:00:00
924,41.275,43.335,13271494,43.795,41.275,43.0531,77899,2022-05-06 04:00:00
925,42.685,41.785,9843260,43.243,41.1025,41.8936,60346,2022-05-09 04:00:00
926,42.445,42.07,5860750,42.64,41.535,42.0477,40625,2022-05-10 04:00:00
927,41.94,42.455,6959328,43.6575,41.695,42.8221,43076,2022-05-11 04:00:00
928,41.855,42.84,6359702,43.265,41.855,42.7647,38353,2022-05-12 04:00:00
929,43.055,44.445,6411192,44.575,42.93,44.1732,38242,2022-05-13 04:00:00
930,44.055,44.555,5451068,45.032,44.055,44.6568,35159,2022-05-16 04:00:00
931,44.88,44.615,4668356,45.105,44.04,44.4842,32624,2022-05-17 04:00:00
932,44.725,43.31,6415958,45.12,43.12,43.622,39663,2022-05-18 04:00:00
933,43.04,43.38,6509030,43.795,42.57,43.3922,47964,2022-05-19 04:00:00
934,43.555,43.815,7617706,43.99,42.9525,43.5545,44917,2022-05-20 04:00:00
935,44.345,43.525,5906426,44.445,43.19,43.5828,40101,2022-05-23 04:00:00
936,43.48,43.745,5670014,43.835,43.29,43.5474,40406,2022-05-24 04:00:00
937,43.53,43.865,3489314,44.065,43.4075,43.7474,28122,2022-05-25 04:00:00
938,43.985,44.365,3225856,44.7,43.9275,44.3901,27651,2022-05-26 04:00:00
939,44.55,44.835,4247178,44.855,44.3325,44.6587,31360,2022-05-27 04:00:00
940,44.7825,44.56,8209982,45,43.89,44.5952,34144,2022-05-31 04:00:00
941,44.41,44.025,3887582,44.485,43.48,43.961,31313,2022-06-01 04:00:00
942,44.24,45.17,5373950,45.195,43.7,44.7478,29607,2022-06-02 04:00:00
943,44.895,44.415,4682558,44.995,44.185,44.4333,28765,2022-06-03 04:00:00
944,45,45.68,7057306,45.925,44.9,45.4989,38195,2022-06-06 04:00:00
945,45.45,45.425,4724296,46,45.11,45.4382,29262,2022-06-07 04:00:00
946,45.17,45.12,3830834,45.465,44.99,45.1837,24752,2022-06-08 04:00:00
947,44.84,44.65,4228014,45.48,44.6115,44.9736,30481,2022-06-09 04:00:00
948,43.855,43.52,6134106,44.06,43.4275,43.6471,39631,2022-06-10 04:00:00
949,42.625,42.245,5873336,42.98,41.95,42.3228,40446,2022-06-13 04:00:00
950,42.88,44.03,9365166,44.18,42.88,43.7832,51862,2022-06-14 04:00:00
951,44.33,43.935,7452734,45.21,43.525,44.2758,54282,2022-06-15 04:00:00
952,43.385,43.945,8248034,44.285,42.645,43.7987,55169,2022-06-16 04:00:00
953,43.905,44.06,9618462,44.535,43.535,44.0416,44737,2022-06-17 04:00:00
954,44.42,45.42,5917654,45.78,44.015,45.1216,35449,2022-06-21 04:00:00
955,45.1,45.37,4964552,45.82,44.89,45.4763,31187,2022-06-22 04:00:00
956,45.78,46.09,3586124,46.35,45.5,46.0092,28943,2022-06-23 04:00:00
957,46.645,47.29,5943230,47.295,46.11,46.9704,37330,2022-06-24 04:00:00
958,47,47.105,4807390,47.1375,46.535,46.9718,33325,2022-06-27 04:00:00
959,47.085,45.405,7031084,47.365,45.195,45.9847,40297,2022-06-28 04:00:00
960,45.595,46.675,5137886,46.68,45.4175,46.4128,35579,2022-06-29 04:00:00
961,46.365,46.35,5145214,46.56,45.71,46.2633,32247,2022-06-30 04:00:00
962,46.085,47.295,3635246,47.345,45.96,46.9587,25509,2022-07-01 04:00:00
963,47.045,48.055,7247160,48.31,46.515,47.6674,47523,2022-07-05 04:00:00
964,48.125,48.695,7359288,49.26,48.125,48.7443,50420,2022-07-06 04:00:00
965,48.695,48.495,6708724,48.725,48.185,48.4648,43705,2022-07-07 04:00:00
966,48.495,48.74,6302398,49.005,47.95,48.4937,37336,2022-07-08 04:00:00
967,48.705,48.43,4199656,48.925,48.2375,48.4534,27237,2022-07-11 04:00:00
968,48.56,48.375,4246734,48.93,48.2175,48.5281,49185,2022-07-12 04:00:00
969,47.671,48.4,4381208,48.92,47.67,48.449,36694,2022-07-13 04:00:00
970,48.22,48.875,5582786,48.92,47.845,48.5967,41252,2022-07-14 04:00:00
971,48.985,48.575,12850512,49.475,48.14,48.6098,41993,2022-07-15 04:00:00
972,48.745,47.51,4577058,48.77,47.4475,48.0886,33811,2022-07-18 04:00:00
973,48,48.13,4869076,48.205,47.695,48.08,28470,2022-07-19 04:00:00
974,48.185,48.2,5166292,48.925,48.08,48.4248,31050,2022-07-20 04:00:00
975,48.3,47.885,4547498,48.495,47.4142,47.8021,28718,2022-07-21 04:00:00
976,47.955,47.535,3911154,48.05,47.08,47.4607,30139,2022-07-22 04:00:00
977,47.735,47.92,3755952,48.135,47.185,47.7806,28086,2022-07-25 04:00:00
978,47.955,47.945,3353226,48.135,47.67,47.9134,22527,2022-07-26 04:00:00
979,47.635,48.695,4548768,48.825,47.38,48.3054,34123,2022-07-27 04:00:00
980,48.75,49.455,3859772,49.545,48.47,49.1982,28060,2022-07-28 04:00:00
981,49.15,49.81,6023170,49.905,48.93,49.5197,32345,2022-07-29 04:00:00
982,49.28,49.245,6048052,49.51,48.835,49.2083,40224,2022-08-01 04:00:00
983,48.95,48.45,6194036,49.0425,48.025,48.4054,40802,2022-08-02 04:00:00
984,48.335,48.025,5958562,48.575,47.945,48.1826,37873,2022-08-03 04:00:00
985,47.885,48.18,6159270,48.21,47.555,47.9241,38274,2022-08-04 04:00:00
986,45.805,45.69,13870480,46.235,44.42,45.5706,83338,2022-08-05 04:00:00
987,45.86,44.715,5371260,46.01,44.5677,44.9073,42074,2022-08-08 04:00:00
988,44.39,44.405,12434440,44.49,43.6775,44.1524,63935,2022-08-09 04:00:00
989,44.94,44.91,7162038,45.775,44.7,45.0627,52488,2022-08-10 04:00:00
990,44.695,44.65,4177266,45.38,44.485,44.8898,32966,2022-08-11 04:00:00
991,44.685,45.01,5929768,45.07,44.4775,44.7687,39416,2022-08-12 04:00:00
992,45.08,45.895,3627578,46.09,45,45.8276,28393,2022-08-15 04:00:00
993,45.78,46.14,3047798,46.3775,45.5125,46.0362,27994,2022-08-16 04:00:00
994,45.88,45.755,2522484,46.055,45.565,45.7821,21351,2022-08-17 04:00:00
995,45.77,45.63,3331352,46.0878,45.52,45.8055,28887,2022-08-18 04:00:00
996,45.38,45.295,3818064,45.69,45.14,45.3815,25568,2022-08-19 04:00:00
997,45.005,44.795,4016626,45.19,44.69,44.8783,25875,2022-08-22 04:00:00
998,44.605,45.08,4434234,45.145,44.43,44.8807,33149,2022-08-23 04:00:00
999,45,45.215,2705362,45.33,44.88,45.1477,22635,2022-08-24 04:00:00
1000,45.205,45.59,3009044,45.65,45.115,45.4321,22596,2022-08-25 04:00:00
1001,45.545,44.575,4215568,45.665,44.53,44.8049,28819,2022-08-26 04:00:00
1002,44.3,44.295,3448872,44.675,43.945,44.3563,26562,2022-08-29 04:00:00
1003,44.375,44.265,4759128,44.445,43.79,44.1703,31432,2022-08-30 04:00:00
1004,44.545,44.415,6569134,44.8325,44.185,44.4752,34742,2022-08-31 04:00:00
1005,44.035,44.5,4628086,44.54,43.815,44.3098,31147,2022-09-01 04:00:00
1006,44.895,44.195,6926634,45.3475,43.9925,44.5317,41089,2022-09-02 04:00:00
1007,44.6825,44.295,4912734,45.345,44.205,44.614,39889,2022-09-06 04:00:00
1008,44.44,45.225,3490926,45.325,44.44,45.0024,24854,2022-09-07 04:00:00
1009,45.245,45.71,4455586,45.735,44.74,45.3803,28801,2022-09-08 04:00:00
1010,45.785,46.215,4955264,46.4675,45.7175,46.2013,38723,2022-09-09 04:00:00
1011,46.625,46.78,5500064,47.115,46.31,46.8275,38021,2022-09-12 04:00:00
1012,45.975,44.765,5612280,46.24,44.615,45.1735,40814,2022-09-13 04:00:00
1013,44.765,44.465,4387698,45,43.99,44.4023,36508,2022-09-14 04:00:00
1014,44.295,43.685,4034166,44.735,43.5525,43.9266,33380,2022-09-15 04:00:00
1015,43.62,43.62,8566744,43.82,43.215,43.5683,35334,2022-09-16 04:00:00
1016,43.535,43.925,3150166,44.085,43.335,43.8551,30265,2022-09-19 04:00:00
1017,43.68,43.85,2942366,44.045,43.345,43.7798,25292,2022-09-20 04:00:00
1018,44.08,43.52,4330538,44.8025,43.51,44.0204,34992,2022-09-21 04:00:00
1019,43.3375,43.385,3894352,43.75,43.33,43.4791,32674,2022-09-22 04:00:00
1020,43.235,43.545,4092040,43.585,43.075,43.3474,35426,2022-09-23 04:00:00
1021,43.555,43.955,5723622,44.45,43.535,43.9788,45566,2022-09-26 04:00:00
1022,44.175,43.675,5584750,44.785,43.5,43.9306,43521,2022-09-27 04:00:00
1023,43.885,44.7,5678422,44.99,43.585,44.3992,39977,2022-09-28 04:00:00
1024,44.58,44.005,5915258,44.965,43.54,43.9103,42459,2022-09-29 04:00:00
1025,44.23,43.48,5921594,44.515,43.41,43.9047,37170,2022-09-30 04:00:00
1026,43.76,44.535,4687570,44.77,43.56,44.3841,33656,2022-10-03 04:00:00
1027,45.075,45.825,4767550,45.87,45.0725,45.5381,34206,2022-10-04 04:00:00
1028,45.57,46.09,4270344,46.3075,45.275,45.9345,33237,2022-10-05 04:00:00
1029,46.035,45.87,4303102,46.565,45.76,46.026,31091,2022-10-06 04:00:00
1030,45.59,45.145,5551696,45.7125,44.97,45.1454,39974,2022-10-07 04:00:00
1031,45.325,45.51,4284964,45.7025,44.995,45.443,34972,2022-10-10 04:00:00
1032,45.3,44.73,7950712,45.505,44.685,44.9989,42999,2022-10-11 04:00:00
1033,45.12,44.785,5208412,45.365,44.765,44.9732,35675,2022-10-12 04:00:00
1034,43.885,45.04,8063462,45.4025,42.885,44.4921,50331,2022-10-13 04:00:00
1035,45.69,43.7,7404368,45.69,43.63,44.0998,46913,2022-10-14 04:00:00
1036,44.16,44.69,4544916,45.05,44.145,44.7032,35571,2022-10-17 04:00:00
1037,45.46,45.24,4377830,46.215,44.7325,45.2687,37158,2022-10-18 04:00:00
1038,45.045,44.12,4420460,45.165,44.0225,44.3529,32279,2022-10-19 04:00:00
1039,44.02,43.505,4407148,44.48,43.49,43.7485,35464,2022-10-20 04:00:00
1040,43.24,43.795,6638920,43.925,42.805,43.5911,46581,2022-10-21 04:00:00
1041,44.28,45.055,4304642,45.095,43.925,44.6924,31835,2022-10-24 04:00:00
1042,45.285,45.83,3277370,45.855,45.03,45.5771,27059,2022-10-25 04:00:00
1043,45.9,46.005,5018528,46.52,45.76,46.1342,34085,2022-10-26 04:00:00
1044,46.115,45.865,4959152,46.295,45.775,46.0028,37519,2022-10-27 04:00:00
1045,46,46.77,4341094,46.85,45.85,46.6243,35909,2022-10-28 04:00:00
1046,46.465,46.86,5903964,47.12,46.245,46.8388,40205,2022-10-31 04:00:00
1047,47.9,47.175,5388324,47.999,46.74,47.1387,38007,2022-11-01 04:00:00
1048,47.195,45.855,4571698,47.445,45.835,46.5587,38405,2022-11-02 04:00:00
1049,45.28,45.545,5182806,45.935,45.06,45.5519,42679,2022-11-03 04:00:00
1050,48.904,48.97,12367444,50.235,47.635,48.7674,88543,2022-11-04 04:00:00
1051,49.165,49.45,6082306,49.565,48.9075,49.2778,48885,2022-11-07 05:00:00
1052,49.25,48.93,5211410,49.675,48.51,49.1839,38095,2022-11-08 05:00:00
1053,48.855,48.115,3929326,48.955,48.05,48.4327,32282,2022-11-09 05:00:00
1054,49.35,49.65,6659294,49.765,48.495,49.3616,45532,2022-11-10 05:00:00
1055,49.5,49.06,5388758,49.655,48.11,48.8417,42361,2022-11-11 05:00:00
1056,49.255,48.46,3514644,49.295,48.38,48.8819,32619,2022-11-14 05:00:00
1057,49.225,49.07,6129804,49.41,48.46,48.9593,42348,2022-11-15 05:00:00
1058,49.395,49.595,4654442,49.71,49.2775,49.5554,29910,2022-11-16 05:00:00
1059,48.9651,49.48,3583180,49.72,48.75,49.4381,25182,2022-11-17 05:00:00
1060,49.7,49.85,4173568,49.94,49.1379,49.6065,26220,2022-11-18 05:00:00
1061,50,50.55,5098220,50.69,49.835,50.4367,38611,2022-11-21 05:00:00
1062,50.915,51.58,5983388,51.72,50.6351,51.3406,44978,2022-11-22 05:00:00
1063,51.86,51.965,3951982,52.21,51.725,51.9651,31234,2022-11-23 05:00:00
1064,51.945,51.685,1735152,51.975,51.65,51.7722,13516,2022-11-25 05:00:00
1065,51.865,50.94,4001482,52.2425,50.835,51.3434,31663,2022-11-28 05:00:00
1066,50.72,49.895,4698488,50.845,49.655,50.0531,37619,2022-11-29 05:00:00
1067,49.88,51.43,9048108,51.53,49.675,50.9922,49201,2022-11-30 05:00:00
1068,51.375,51.625,4230826,51.66,51.035,51.4922,37655,2022-12-01 05:00:00
1069,50.975,52.02,3374652,52.325,50.88,51.856,35605,2022-12-02 05:00:00
1070,51.39,51.085,3412938,51.51,50.84,51.1097,29910,2022-12-05 05:00:00
1071,51.275,50.72,3129836,51.6,50.5338,50.7718,29632,2022-12-06 05:00:00
1072,50.8,50.615,2356560,51.035,50.365,50.6393,20936,2022-12-07 05:00:00
1073,50.515,50.77,2147268,50.884,50.37,50.6957,19118,2022-12-08 05:00:00
1074,50.51,50.02,2733808,50.605,49.985,50.2037,26200,2022-12-09 05:00:00
1075,50.205,50.41,3051450,50.43,49.89,50.2691,26568,2022-12-12 05:00:00
1076,51.335,50.22,3328094,51.355,49.895,50.3443,32839,2022-12-13 05:00:00
1077,50.21,50.95,5544770,51.385,50.08,50.9091,45175,2022-12-14 05:00:00
1078,50.365,49.825,3933856,50.565,49.564,49.8563,33132,2022-12-15 05:00:00
1079,49.63,50.39,12221528,50.77,49.2077,50.228,40188,2022-12-16 05:00:00
1080,50.5,50.21,3345080,50.845,49.9527,50.3145,29554,2022-12-19 05:00:00
1081,50.25,50.58,3049848,50.795,50.1,50.537,23733,2022-12-20 05:00:00
1082,50.785,50.975,2477812,51.37,50.7736,51.0311,22438,2022-12-21 05:00:00
1083,50.595,50.405,3079264,50.73,49.665,50.2717,24546,2022-12-22 05:00:00
1084,50.73,50.63,1430634,50.76,50.235,50.5757,14906,2022-12-23 05:00:00
1085,50.895,51.005,3000262,51.215,50.5775,50.9987,21668,2022-12-27 05:00:00
1086,51.165,50.66,2243362,51.365,50.64,50.8581,20854,2022-12-28 05:00:00
1087,50.81,51.01,2207998,51.355,50.74,51.0794,20992,2022-12-29 05:00:00
1088,50.91,50.765,2288566,50.91,50.345,50.6546,21928,2022-12-30 05:00:00
1089,50.885,50.66,3013638,51.145,50.16,50.5969,25293,2023-01-03 05:00:00
1090,51.055,51.075,3488040,51.365,50.58,51.0374,29488,2023-01-04 05:00:00
1091,50.665,50.19,3698152,50.775,50.085,50.2992,27811,2023-01-05 05:00:00
1092,50.6,51.215,3881462,51.5725,50.505,51.2194,25076,2023-01-06 05:00:00
1093,51.13,50.575,3602024,51.54,50.435,50.9027,34576,2023-01-09 05:00:00
1094,50.54,50.265,4983664,51.1025,50.145,50.419,36821,2023-01-10 05:00:00
1095,50.48,50.845,3955254,50.895,50.03,50.6723,29574,2023-01-11 05:00:00
1096,50.81,50.02,4016644,50.81,49.9,50.2383,32689,2023-01-12 05:00:00
1097,49.766,51.04,4000434,51.09,49.766,50.7087,31125,2023-01-13 05:00:00
1098,51.375,51.085,5581716,51.855,51,51.2932,39264,2023-01-17 05:00:00
1099,51.425,50.37,6183932,51.575,50.225,50.7399,45054,2023-01-18 05:00:00
1100,50.62,49.93,4363702,50.68,49.78,50.0807,33135,2023-01-19 05:00:00
1101,49.67,50,4924228,50.05,49.3023,49.8363,33185,2023-01-20 05:00:00
1102,50.1,50.055,4096304,50.5275,49.785,50.0981,33000,2023-01-23 05:00:00
1103,50.095,51.51,4125034,51.55,50,51.196,36078,2023-01-24 05:00:00
1104,51,51.76,3646316,51.82,50.81,51.5093,32572,2023-01-25 05:00:00
1105,51.77,51.955,3764766,52.12,51.49,51.9226,29550,2023-01-26 05:00:00
1106,51.665,51.395,3150160,51.99,51.29,51.5095,27015,2023-01-27 05:00:00
1107,50.985,51.185,3318962,51.605,50.98,51.243,26911,2023-01-30 05:00:00
1108,51.38,52.04,3380696,52.105,51.245,51.801,26691,2023-01-31 05:00:00
1109,52,52.02,3991864,52.374,51.1475,51.81,34595,2023-02-01 05:00:00
1110,52.045,51.29,4698084,52.095,50.59,51.3079,41795,2023-02-02 05:00:00
1111,51.14,50.9,5191580,51.1775,50.05,50.6737,41964,2023-02-03 05:00:00
1112,50.905,51.41,2848602,51.6325,50.885,51.3777,26255,2023-02-06 05:00:00
1113,51.07,51.255,4249140,51.595,50.79,51.1897,29448,2023-02-07 05:00:00
1114,51.28,51.045,3241064,51.35,50.925,51.1019,25185,2023-02-08 05:00:00
1115,51.515,51.425,3070212,51.88,51.35,51.5534,29951,2023-02-09 05:00:00
1116,51.43,51.4,2346964,51.59,51.105,51.3939,23610,2023-02-10 05:00:00
1117,51.7,52.11,2208524,52.125,51.5158,51.9426,20566,2023-02-13 05:00:00
1118,52.145,52.125,3935180,52.21,51.405,51.9902,28986,2023-02-14 05:00:00
1119,52.095,52.5475,3826422,52.56,51.8,52.2854,30512,2023-02-15 05:00:00
1120,51.965,52.02,4245934,52.725,51.695,52.2351,34105,2023-02-16 05:00:00
1121,52.075,52.09,2722454,52.475,51.825,52.1469,28412,2023-02-17 05:00:00
1122,51.92,51.19,3536284,51.955,51.09,51.3388,30787,2023-02-21 05:00:00
1123,51.405,51.165,3713634,51.525,51.005,51.2304,30951,2023-02-22 05:00:00
1124,51.3,51.345,3449454,51.525,50.771,51.254,30540,2023-02-23 05:00:00
1125,50.83,50.615,4187168,50.83,50.1,50.5161,36633,2023-02-24 05:00:00
1126,50.995,51.16,3194240,51.305,50.82,51.094,28737,2023-02-27 05:00:00
1127,50.955,50.88,5956522,51.35,50.83,50.7253,38151,2023-02-28 05:00:00
1128,49.1,49.595,11352342,49.95,48.625,49.3973,80035,2023-03-01 05:00:00
1129,49.375,51.075,5594020,51.395,49.265,50.8128,44793,2023-03-02 05:00:00
1130,51.1,51.005,3823876,51.15,50.475,50.9515,36738,2023-03-03 05:00:00
1131,51.08,51.99,5485852,52.075,50.875,51.8426,41570,2023-03-06 05:00:00
1132,52.02,51.61,3454748,52.215,51.395,51.6386,27132,2023-03-07 05:00:00
1133,51.74,51.56,2479150,51.8525,51.3401,51.5466,22515,2023-03-08 05:00:00
1134,51.8,51,2774898,52.01,50.9025,51.3769,27845,2023-03-09 05:00:00
1135,51.27,50.085,3277784,51.325,49.905,50.335,32305,2023-03-10 05:00:00
1136,49.97,50.16,3854844,51.14,49.76,50.4478,33889,2023-03-13 04:00:00
1137,50.345,50.82,3232762,50.87,50.15,50.6365,30825,2023-03-14 04:00:00
1138,50.595,51.175,5184570,51.465,50.4204,51.0304,36466,2023-03-15 04:00:00
1139,51.075,51.7,4101506,51.815,50.975,51.5587,32020,2023-03-16 04:00:00
1140,51.675,51.495,9458594,52.04,51.285,51.6257,46257,2023-03-17 04:00:00
1141,51.77,52.275,4997728,52.2925,51.45,51.9168,31525,2023-03-20 04:00:00
1142,52.375,51.895,3468456,52.45,51.515,51.873,28765,2023-03-21 04:00:00
1143,51.925,51.175,2801178,52.1475,51.14,51.632,25600,2023-03-22 04:00:00
1144,51.305,51.195,4966622,51.675,50.995,51.2691,37231,2023-03-23 04:00:00
1145,51.4,52.04,2685024,52.175,51.1375,51.8547,23259,2023-03-24 04:00:00
1146,52.155,52.335,2990042,52.505,51.95,52.3181,26501,2023-03-27 04:00:00
1147,52.16,51.6,2917564,52.75,51.55,51.8922,34946,2023-03-28 04:00:00
1148,51.71,52.15,3507968,52.35,51.41,52.0704,34554,2023-03-29 04:00:00
1149,52.38,52.49,3487410,52.65,52.05,52.4068,31867,2023-03-30 04:00:00
1150,52.942,54.01,5497067,54.17,52.76,53.8193,54280,2023-03-31 04:00:00
1151,54.215,53.58,4845520,54.52,53.21,53.6078,52075,2023-04-03 04:00:00
1152,53.54,53.16,4088891,53.75,52.85,53.1772,43287,2023-04-04 04:00:00
1153,53.32,52.8,5061931,53.73,52.72,53.0393,54019,2023-04-05 04:00:00
1154,52.36,52.56,5512176,53.05,51.29,52.4577,61331,2023-04-06 04:00:00
1155,52.28,52.35,2823212,52.44,51.3,52.1397,33291,2023-04-10 04:00:00
1156,52.4,52.28,2815116,52.405,52.06,52.2686,32083,2023-04-11 04:00:00
1157,52.31,52.47,3571853,52.815,52.16,52.4959,32370,2023-04-12 04:00:00
1158,52.76,52.87,3620681,52.95,52.15,52.6618,27649,2023-04-13 04:00:00
1159,52.65,52.56,2578391,52.87,52.27,52.5425,26030,2023-04-14 04:00:00
1160,52.74,52.88,2644176,53.0292,52.52,52.8496,28823,2023-04-17 04:00:00
1161,52.88,52.68,3350857,53.15,52.04,52.5497,37260,2023-04-18 04:00:00
1162,52.75,52.49,1891707,52.935,52.33,52.5015,26979,2023-04-19 04:00:00
1163,52.486,52.9,3337750,53.235,52.29,52.856,38294,2023-04-20 04:00:00
1164,53.05,53.07,4484971,53.27,52.63,53.0517,36572,2023-04-21 04:00:00
1165,53.16,53.7,2932250,53.97,53.12,53.6359,42905,2023-04-24 04:00:00
1166,53.77,54.21,3252363,54.37,53.72,54.164,43644,2023-04-25 04:00:00
1167,53.75,54.26,3195641,54.63,53.75,54.3465,40771,2023-04-26 04:00:00
1168,54.27,55.28,4052632,55.34,54.22,55.0414,46439,2023-04-27 04:00:00
1169,55.32,56,3053826,56.125,55.29,55.8049,35339,2023-04-28 04:00:00
1170,55.82,56.84,3984377,56.91,55.79,56.7084,47361,2023-05-01 04:00:00
1171,56.84,57.54,4375119,57.675,56.39,57.1587,58717,2023-05-02 04:00:00
1172,57.78,58.36,6350272,58.8,57.55,58.2628,76534,2023-05-03 04:00:00
1173,58.58,57.82,7627679,58.73,57.61,57.929,91061,2023-05-04 04:00:00
1174,59.25,59.71,8246370,60.465,59.08,59.8758,83210,2023-05-05 04:00:00
1175,59.41,59.04,5761441,59.41,57.8,58.7533,66031,2023-05-08 04:00:00
1176,58.97,58.69,5573985,59.62,58.45,58.8801,58285,2023-05-09 04:00:00
1177,58.72,59.11,4261160,59.41,58.48,59.0952,46310,2023-05-10 04:00:00
1178,59.26,59.28,3718175,59.31,58.615,59.1032,40778,2023-05-11 04:00:00
1179,59.2,59.54,4105655,59.6981,59.2,59.47,51231,2023-05-12 04:00:00
1180,59.33,59.72,2739828,59.865,59.08,59.6607,37418,2023-05-15 04:00:00
1181,59.69,59.94,3015196,60.115,59.23,59.9107,38471,2023-05-16 04:00:00
1182,59.77,59.65,4241517,59.9,59.09,59.522,44281,2023-05-17 04:00:00
1183,59.43,59.85,3532420,59.92,59.27,59.6868,43386,2023-05-18 04:00:00
1184,60.24,59.68,6867272,60.25,59.31,59.6702,48893,2023-05-19 04:00:00
1185,60,59.12,3980082,60.23,59.05,59.3539,43029,2023-05-22 04:00:00
1186,59.05,57.94,5003419,59.05,57.67,58.1051,61939,2023-05-23 04:00:00
1187,57.85,57.57,4350241,57.915,57.48,57.6432,47797,2023-05-24 04:00:00
1188,57.21,57.33,4280189,57.59,56.81,57.3396,45089,2023-05-25 04:00:00
1189,57.33,57.61,3596704,57.865,57.15,57.6272,34181,2023-05-26 04:00:00
1190,57.55,57.75,3860390,57.885,57.32,57.6494,45538,2023-05-30 04:00:00
1191,58.125,58.62,7211374,58.73,57.82,58.4818,50333,2023-05-31 04:00:00
1192,58.57,59.36,4084695,59.555,58.56,59.2239,45920,2023-06-01 04:00:00
1193,59.02,59.48,4240927,59.809,59.02,59.4971,45179,2023-06-02 04:00:00
1194,59.48,59.26,3138095,59.805,59.05,59.3228,39590,2023-06-05 04:00:00
1195,59.21,58.33,3153777,59.365,58.07,58.4205,38306,2023-06-06 04:00:00
1196,58,56.9,5507181,58.32,56.88,57.2516,61221,2023-06-07 04:00:00
1197,56.61,57.53,3208725,57.59,56.489,57.3277,39001,2023-06-08 04:00:00
1198,57.33,57.25,4358618,57.55,57.01,57.3054,42122,2023-06-09 04:00:00
1199,57.39,57.91,4069071,58,56.885,57.6763,42384,2023-06-12 04:00:00
1200,58.16,58.18,2711267,58.31,57.855,58.1293,37743,2023-06-13 04:00:00
1201,58.335,58.48,2981689,58.56,57.89,58.35,36259,2023-06-14 04:00:00
1202,58.64,58.8,3789664,58.965,58.31,58.6996,47446,2023-06-15 04:00:00
1203,59.04,58.45,7692302,59.368,58.36,58.7004,55374,2023-06-16 04:00:00
1204,58.6,58.36,2895075,58.98,58.23,58.5068,38196,2023-06-20 04:00:00
1205,58.36,58.41,2840029,58.83,57.94,58.467,32711,2023-06-21 04:00:00
1206,58.7,59.69,2907003,59.805,58.69,59.5137,34728,2023-06-22 04:00:00
1207,59.8,59.11,6838843,60.03,58.76,59.1338,53108,2023-06-23 04:00:00
1208,58.905,57.71,5482897,58.98,57.67,58.0601,46857,2023-06-26 04:00:00
1209,57.89,58.13,3155986,58.37,57.64,58.1161,37353,2023-06-27 04:00:00
1210,57.97,57.15,4188993,58.01,57.02,57.3684,52019,2023-06-28 04:00:00
1211,57,57.42,4356122,57.92,56.8078,57.4393,47893,2023-06-29 04:00:00
1212,57.88,57.44,4124591,58,57.23,57.4775,41293,2023-06-30 04:00:00
1213,57,56.95,2650836,57.12,56.488,56.9146,29691,2023-07-03 04:00:00
1214,57.02,56.97,4582488,57.33,56.705,56.977,57647,2023-07-05 04:00:00
1215,56.548,56.61,5591515,57.02,56.51,56.6592,55608,2023-07-06 04:00:00
1216,56.6,55.87,5366198,56.67,55.8,56.0973,50270,2023-07-07 04:00:00
1217,56.15,56.38,4246417,57.01,56.07,56.5959,49228,2023-07-10 04:00:00
1218,56.33,55.53,5329480,56.52,55.28,55.5424,52216,2023-07-11 04:00:00
1219,56,56.21,5525772,56.486,55.71,56.205,52306,2023-07-12 04:00:00
1220,56.24,56.74,3023501,56.85,56.24,56.6557,37707,2023-07-13 04:00:00
1221,56.725,57.31,3069309,57.3823,56.59,57.1706,36466,2023-07-14 04:00:00
1222,57.06,57.29,4087895,57.84,57,57.3806,41776,2023-07-17 04:00:00
1223,57.27,56.55,5031968,57.4,55.9999,56.6134,52448,2023-07-18 04:00:00
1224,56.56,57.25,4206312,57.47,56.55,57.2183,53340,2023-07-19 04:00:00
1225,57.21,57.58,4900879,57.755,57.08,57.4477,55965,2023-07-20 04:00:00
1226,57.91,58.1,12346927,58.44,57.91,58.1333,64886,2023-07-21 04:00:00
1227,58.25,58.38,4062750,58.43,57.86,58.2228,47005,2023-07-24 04:00:00
1228,58.28,58.08,3756455,58.775,58.05,58.2829,43286,2023-07-25 04:00:00
1229,57.88,58.17,4622670,58.255,57.74,58.0623,42762,2023-07-26 04:00:00
1230,58.52,57.56,3427390,58.64,57.5,57.891,42735,2023-07-27 04:00:00
1231,58.22,58.15,3069288,58.425,57.95,58.1503,37518,2023-07-28 04:00:00
1232,57.88,57.49,3736164,58.025,57.05,57.4301,43761,2023-07-31 04:00:00
1233,57.6,57.71,3031320,57.96,57.44,57.6956,35772,2023-08-01 04:00:00
1234,57.49,57.63,4830528,57.97,57.3,57.6595,51618,2023-08-02 04:00:00
1235,57.44,57.98,7113987,58.3,57.405,57.9269,75922,2023-08-03 04:00:00
1236,56.9,55.11,9744368,57.09,54.99,55.753,96290,2023-08-04 04:00:00
1237,56.06,58.49,8387245,58.56,55.72,57.5677,97595,2023-08-07 04:00:00
1238,58.44,57.41,4825312,58.6059,56.96,57.3793,56128,2023-08-08 04:00:00
1239,57.64,57.51,4687242,57.74,57.02,57.4575,49870,2023-08-09 04:00:00
1240,58,58.1,3698705,58.82,57.84,58.3333,49410,2023-08-10 04:00:00
1241,58.39,58.18,2381164,58.47,57.92,58.1761,35755,2023-08-11 04:00:00
1242,58.5,59.01,3904846,59.235,58.165,58.899,48089,2023-08-14 04:00:00
1243,59,58.21,2949370,59.23,58.15,58.5036,42612,2023-08-15 04:00:00
1244,58.54,58.3,2776285,58.985,58.2401,58.5368,44234,2023-08-16 04:00:00
1245,58.29,57.25,3542663,58.33,57.195,57.6246,52246,2023-08-17 04:00:00
1246,57,57.36,3319823,57.56,56.79,57.2436,41279,2023-08-18 04:00:00
1247,57.29,57.42,3318127,57.87,57.07,57.4218,45925,2023-08-21 04:00:00
1248,57.42,57.35,2674942,57.54,57.07,57.3362,39690,2023-08-22 04:00:00
1249,57.57,57.91,3975053,58.295,57.56,57.9492,41911,2023-08-23 04:00:00
1250,58.08,57.03,5129117,58.33,56.93,57.2353,45009,2023-08-24 04:00:00
1251,57.22,57.34,2654896,57.525,56.81,57.2398,38474,2023-08-25 04:00:00
1252,57.74,57.71,2244928,57.95,57.4,57.6448,33620,2023-08-28 04:00:00
1253,57.71,58.49,3403945,58.6,57.6,58.2949,45761,2023-08-29 04:00:00
1254,58.5,58.15,3246440,58.895,58.079,58.3923,45201,2023-08-30 04:00:00
1255,58.06,57.41,4962714,58.17,57.25,57.5364,44828,2023-08-31 04:00:00
