NFLX,open_price,close_price,trading_volume,highest_price,lowest_price,volume_weighted_avg_price,transaction_amt,date_time
0,360,341.18,13092847,363.39,335.83,348.0608,150231,2018-09-05 04:00:00
1,347.44,346.46,13050156,356,341.99,347.4663,129726,2018-09-06 04:00:00
2,342.2,348.68,9105817,355.75,341.25,350.0823,95186,2018-09-07 04:00:00
3,352.27,348.41,5752184,352.5,343.08,347.047,73267,2018-09-10 04:00:00
4,344.67,355.93,6198063,356.15,343.9001,353.1424,76620,2018-09-11 04:00:00
5,359.08,369.95,10480769,370.43,356.24,363.7922,125558,2018-09-12 04:00:00
6,371.91,368.15,8366122,374.09,366.84,370.4477,108955,2018-09-13 04:00:00
7,368.55,364.56,4756426,371.09,363.46,366.9688,68982,2018-09-14 04:00:00
8,364.22,350.35,7064545,367.33,349.57,355.8913,97482,2018-09-17 04:00:00
9,353.67,367.65,10413981,368.15,351.56,361.8682,128745,2018-09-18 04:00:00
10,373.95,366.96,11876741,377.61,359.17,367.3911,143146,2018-09-19 04:00:00
11,370.26,365.36,6768086,370.26,363.17,366.194,89660,2018-09-20 04:00:00
12,366.59,361.19,11930568,372.22,360.74,364.7489,102059,2018-09-21 04:00:00
13,359,369.61,9322522,373.64,354.33,368.5987,121270,2018-09-24 04:00:00
14,370.23,369.43,6799816,371.34,364.492,368.2518,77100,2018-09-25 04:00:00
15,373.59,377.88,13646728,382,370.88,377.6628,158540,2018-09-26 04:00:00
16,379.87,380.71,7326246,383.2,376,380.0658,92017,2018-09-27 04:00:00
17,379.24,374.13,7114878,380.8,373.73,376.6626,93200,2018-09-28 04:00:00
18,375.85,381.43,8376560,386.11,375.59,382.4927,101876,2018-10-01 04:00:00
19,384.38,377.14,8638717,386.7999,373.83,380.2749,104531,2018-10-02 04:00:00
20,378.53,377.05,5798605,380.93,374.881,378.255,67786,2018-10-03 04:00:00
21,375.88,363.65,9074350,375.92,360.4,365.5705,120934,2018-10-04 04:00:00
22,359.77,351.35,13522957,363.5,343,351.2496,173653,2018-10-05 04:00:00
23,345.18,349.1,12375496,352.945,338.11,345.8871,140775,2018-10-08 04:00:00
24,348.48,355.71,8754990,358.72,347.09,354.3525,98575,2018-10-09 04:00:00
25,353.52,325.89,17181840,355.15,325.39,336.4209,205260,2018-10-10 04:00:00
26,324.94,321.1,16078156,334.2,315.81,324.7101,201919,2018-10-11 04:00:00
27,339.57,339.56,14870830,341.3,328.9,337.1136,172007,2018-10-12 04:00:00
28,337.63,333.13,11214956,339.2057,326.93,333.4326,124265,2018-10-15 04:00:00
29,337.24,346.4,20155578,347.95,330.555,353.0991,235713,2018-10-16 04:00:00
30,378.33,364.7,32610947,380,356.5,365.7819,341499,2018-10-17 04:00:00
31,360.673,346.71,18456420,362.2,346.05,351.5963,184549,2018-10-18 04:00:00
32,351,332.67,16717233,355.8,332.2,343.0493,162313,2018-10-19 04:00:00
33,333.1,329.54,17097175,335.8,320.34,329.0698,160601,2018-10-22 04:00:00
34,318,333.16,14907326,336.58,316.77,326.6478,178816,2018-10-23 04:00:00
35,332.28,301.83,19031697,333,300.73,313.8665,218429,2018-10-24 04:00:00
36,307.12,312.87,13336421,319.94,305.25,312.2607,152982,2018-10-25 04:00:00
37,300.51,299.83,19616041,313.99,292.3,301.1869,205708,2018-10-26 04:00:00
38,305.26,284.84,21698841,307.89,275.4,289.1889,230071,2018-10-29 04:00:00
39,275.57,285.81,23685702,290.525,271.2093,281.0852,243553,2018-10-30 04:00:00
40,297.77,301.78,20360342,311.5,295.05,304.19,199256,2018-10-31 04:00:00
41,304.59,317.38,15118950,318.45,296.67,309.746,156941,2018-11-01 04:00:00
42,318,309.1,13404646,321.88,308.33,314.0673,137528,2018-11-02 04:00:00
43,311.1,315.44,10283044,317.53,303.74,310.523,105997,2018-11-05 05:00:00
44,314.76,310.84,9702024,320.22,305.3,311.8051,98435,2018-11-06 05:00:00
45,312.9,327.5,13328328,328.56,311,323.4235,125322,2018-11-07 05:00:00
46,328,317.92,11023853,332.0499,316.6103,323.8446,116425,2018-11-08 05:00:00
47,311.07,303.47,13480792,312.98,298.01,304.7442,144546,2018-11-09 05:00:00
48,300,294.07,10924827,302.49,290.63,295.9465,126289,2018-11-12 05:00:00
49,295,294.4,12232162,303.55,289.1,295.4812,118305,2018-11-13 05:00:00
50,300.4,286.73,16853574,301.84,278.2969,287.2273,165006,2018-11-14 05:00:00
51,285.51,290.06,9967098,292.5,282.16,287.5327,112035,2018-11-15 05:00:00
52,287.14,286.21,9099485,291.72,281,286.277,92350,2018-11-16 05:00:00
53,283.79,270.6,12993797,285.09,269.15,273.7455,131905,2018-11-19 05:00:00
54,254.63,266.98,16693809,276.34,250,265.5911,195564,2018-11-20 05:00:00
55,274.42,262.13,11023037,275.34,261.51,266.504,119029,2018-11-21 05:00:00
56,260.11,258.82,5168323,265.5,256.84,260.2457,55103,2018-11-23 05:00:00
57,260.55,261.43,12498560,266.25,253.8,260.8835,128228,2018-11-26 05:00:00
58,259.24,266.63,11149501,269.08,256.14,264.9879,109704,2018-11-27 05:00:00
59,271.98,282.65,14801333,284,263.34,273.7315,158554,2018-11-28 05:00:00
60,282.32,288.75,15431538,290.49,275.5,284.6307,142892,2018-11-29 05:00:00
61,288,286.13,11860117,290.81,283.061,286.3824,100440,2018-11-30 05:00:00
62,293.19,290.3,14117370,298.72,284.58,292.0266,147018,2018-12-03 05:00:00
63,288.13,275.33,12800586,295.74,274.72,284.6779,135003,2018-12-04 05:00:00
64,268.33,282.88,13074324,283.22,267.14,275.36,138210,2018-12-06 05:00:00
65,282.48,265.14,12466711,284.209,263.38,270.5613,136984,2018-12-07 05:00:00
66,264.19,269.7,9605553,271.18,260.6094,266.8329,107966,2018-12-10 05:00:00
67,274.08,265.32,9843199,274.5,262.76,269.0256,101264,2018-12-11 05:00:00
68,267.66,274.88,11456716,281.7695,266.48,276.7116,119415,2018-12-12 05:00:00
69,277.64,276.02,8379292,279.32,271.85,275.2911,82347,2018-12-13 05:00:00
70,271.81,266.84,9915319,277.6665,265,271.7341,95659,2018-12-14 05:00:00
71,266.51,262.8,9634734,272.98,261.075,266.1504,106143,2018-12-17 05:00:00
72,263.3,270.94,10350079,275.75,263.29,270.2454,100381,2018-12-18 05:00:00
73,269.96,266.77,13788448,280.87,263.77,273.9764,129971,2018-12-19 05:00:00
74,264.64,260.58,16792928,269.9,251.88,259.986,155238,2018-12-20 05:00:00
75,263.83,246.39,21397595,264.5,241.29,249.4599,176417,2018-12-21 05:00:00
76,242,233.88,9547616,250.65,233.68,241.556,94164,2018-12-24 05:00:00
77,233.92,253.67,14402735,254.5,231.23,242.1845,145255,2018-12-26 05:00:00
78,250.11,255.565,12234413,255.59,240.1,247.6834,120580,2018-12-27 05:00:00
79,257.94,256.08,10887286,261.9144,249.8,255.6999,115245,2018-12-28 05:00:00
80,260.16,267.66,13508920,270.1001,260,265.5013,128440,2018-12-31 05:00:00
81,259.28,267.66,11679528,269.7499,256.58,264.199,127895,2019-01-02 05:00:00
82,270.2,271.2,14969647,275.79,264.43,271.2273,141476,2019-01-03 05:00:00
83,281.88,297.57,19330102,297.8,278.54,291.0526,196527,2019-01-04 05:00:00
84,302.1,315.34,18620116,316.8,301.65,311.3352,218518,2019-01-07 05:00:00
85,319.98,320.27,15359180,320.593,308.01,316.3458,154318,2019-01-08 05:00:00
86,317.71,319.96,13340652,323.3508,313.5,319.2626,132398,2019-01-09 05:00:00
87,314.57,324.66,13472475,325.37,312.5,321.6117,114870,2019-01-10 05:00:00
88,330.96,337.59,19500429,341.09,328.52,336.3294,194309,2019-01-11 05:00:00
89,334.24,332.94,10499582,335.48,329.13,333.1335,104278,2019-01-14 05:00:00
90,349.6,354.64,21155539,357.22,347,352.9554,210078,2019-01-15 05:00:00
91,354,351.39,15379048,358.85,348.11,352.7899,149391,2019-01-16 05:00:00
92,349.5,353.19,18871195,355.79,346.41,349.6668,217371,2019-01-17 05:00:00
93,351.97,339.1,26621040,353,336.73,342.8296,283759,2019-01-18 05:00:00
94,334.89,325.16,17941416,336.88,321.03,327.8033,178600,2019-01-22 05:00:00
95,328.25,321.99,13480138,331.75,318.6,323.5632,131058,2019-01-23 05:00:00
96,320.6,326.67,11131627,331.8,319,326.7364,111743,2019-01-24 05:00:00
97,328.72,338.05,11166609,340,328.51,335.9944,109605,2019-01-25 05:00:00
98,334.7,335.66,8652082,336.3,328.88,333.1399,80862,2019-01-28 05:00:00
99,335.87,328.9,7655189,338.22,328.151,331.383,69527,2019-01-29 05:00:00
100,332.75,340.66,9234530,341.78,330.8,336.264,89174,2019-01-30 05:00:00
101,339.68,339.5,8526967,345.99,338.0919,341.3623,86135,2019-01-31 05:00:00
102,337.18,339.85,9827760,346.84,336.5,342.2057,88958,2019-02-01 05:00:00
103,342.6,351.34,9051387,352,341.3,348.466,78289,2019-02-04 05:00:00
104,353.2,355.81,9026473,360,352.9,356.247,87386,2019-02-05 05:00:00
105,357,352.19,6717662,357.04,347.19,351.3952,65301,2019-02-06 05:00:00
106,347.9,344.71,7864529,348.75,339.02,344.0978,77171,2019-02-07 05:00:00
107,338,347.57,7561391,348,338,344.3002,72933,2019-02-08 05:00:00
108,350,345.73,5454863,352.87,344.81,348.1622,63496,2019-02-11 05:00:00
109,348.09,359.97,10429399,360,346.52,355.2871,108542,2019-02-12 05:00:00
110,357.3,351.77,10559146,359.6,350.28,355.3177,100792,2019-02-13 05:00:00
111,351.75,359.07,9289188,360.45,348.33,355.4787,86178,2019-02-14 05:00:00
112,358.47,356.87,9229980,364.4,355.5,359.2443,88525,2019-02-15 05:00:00
113,355.8,361.92,7396559,365,355.32,362.0806,74119,2019-02-19 05:00:00
114,364.85,359.91,8107641,366.71,356.7,361.6598,82602,2019-02-20 05:00:00
115,360.03,356.97,6227897,362.85,353.88,357.3489,69681,2019-02-21 05:00:00
116,360.34,363.02,7088214,366.13,360.05,363.0208,75299,2019-02-22 05:00:00
117,367.01,363.91,7569320,371.49,363.79,367.2911,72425,2019-02-25 05:00:00
118,362.98,364.97,4944593,365.7,359.33,363.1152,52631,2019-02-26 05:00:00
119,363.5,362.87,5629945,368.03,359.8,362.541,56593,2019-02-27 05:00:00
120,362.47,358.1,6186763,366.39,357.709,360.7514,55895,2019-02-28 05:00:00
121,362.26,357.32,5526539,362.87,354.6915,358.5426,57765,2019-03-01 05:00:00
122,359.72,351.04,7486996,362.25,348.0436,353.9066,75515,2019-03-04 05:00:00
123,351.46,354.3,5930716,356.17,348.25,352.9634,59420,2019-03-05 05:00:00
124,353.6,359.61,6211895,359.88,351.7,356.0887,62905,2019-03-06 05:00:00
125,360.16,352.6,6139141,362.86,350.5,355.705,66195,2019-03-07 05:00:00
126,345.75,349.6,6898838,349.92,342.47,346.2898,74978,2019-03-08 05:00:00
127,352,358.86,5387285,358.98,350.03,355.6737,55043,2019-03-11 04:00:00
128,359.37,356.27,5164571,360.13,353.8,356.7696,51375,2019-03-12 04:00:00
129,355.81,361.21,6444092,362.48,352.765,358.9815,63359,2019-03-13 04:00:00
130,360.5,358.82,5271429,363.84,358.1008,360.6615,55807,2019-03-14 04:00:00
131,361.02,361.46,8443210,364,358.89,361.7523,65155,2019-03-15 04:00:00
132,362.47,363.44,7194726,370.9705,361.86,366.4778,70529,2019-03-18 04:00:00
133,366.4,358.78,7541425,366.96,356.8,360.6937,72247,2019-03-19 04:00:00
134,358.91,375.22,10917165,375.9,357.01,368.591,106201,2019-03-20 04:00:00
135,374,377.87,8538792,379,370.61,375.5947,85521,2019-03-21 04:00:00
136,375.95,361.01,8661346,376.43,360.04,367.0085,95331,2019-03-22 04:00:00
137,359,366.23,8473845,367.0399,357.44,363.122,81294,2019-03-25 04:00:00
138,367.87,359.97,7666475,368.38,358.02,362.0328,71941,2019-03-26 04:00:00
139,361,353.37,7852370,362.47,350.37,354.8171,77815,2019-03-27 04:00:00
140,354.485,354.61,4360960,355.94,349.2,353.6446,46352,2019-03-28 04:00:00
141,357.16,356.56,4705636,358.25,353.71,356.0319,49711,2019-03-29 04:00:00
142,359,366.96,7036097,368.33,358.51,364.5889,73079,2019-04-01 04:00:00
143,366.25,367.72,5158742,368.42,362.22,365.8093,56245,2019-04-02 04:00:00
144,369.26,369.75,5376623,373.4105,366.19,370.3573,61573,2019-04-03 04:00:00
145,370.07,367.88,4616205,372.05,362.4,366.7731,50988,2019-04-04 04:00:00
146,369,365.49,3905493,369.8,364.66,366.5101,47824,2019-04-05 04:00:00
147,365.11,361.41,4653806,365.94,359.93,362.0042,49773,2019-04-08 04:00:00
148,360.54,364.71,5439228,366.74,359,364.0436,55766,2019-04-09 04:00:00
149,365.79,363.92,4545561,368.8481,362.25,365.0021,50760,2019-04-10 04:00:00
150,365,367.65,6526899,370.12,360.81,366.5938,68449,2019-04-11 04:00:00
151,360.69,351.14,15646199,361.75,349.36,354.0839,170911,2019-04-12 04:00:00
152,350.71,348.87,8828344,352.21,342.27,346.9904,98462,2019-04-15 04:00:00
153,355,359.46,18740232,364.4787,352.72,357.6383,203437,2019-04-16 04:00:00
154,365.05,354.74,18054101,368.764,350.6,357.8773,189617,2019-04-17 04:00:00
155,355,360.35,8353165,360.41,351.64,357.91,77074,2019-04-18 04:00:00
156,359.7,377.34,11980534,377.69,359,371.7616,118286,2019-04-22 04:00:00
157,375.45,381.89,10089820,384.8,374.7069,380.7954,105820,2019-04-23 04:00:00
158,381.07,374.23,6541872,381.9,373.2698,376.7618,72018,2019-04-24 04:00:00
159,374.49,368.33,6255496,374.76,365.7,369.0657,70743,2019-04-25 04:00:00
160,368.35,374.85,5621901,375.14,366.24,372.1962,56516,2019-04-26 04:00:00
161,373.68,371.83,3821703,374.5753,369.115,372.2306,44884,2019-04-29 04:00:00
162,369.56,370.54,3870095,374.5,368.348,371.673,45386,2019-04-30 04:00:00
163,374,378.81,9257284,385.99,373.1746,381.3905,101648,2019-05-01 04:00:00
164,378,379.06,5398167,383.5,374.51,378.6348,57497,2019-05-02 04:00:00
165,381.53,385.03,5130301,385.03,378.2717,382.3605,55333,2019-05-03 04:00:00
166,377.69,378.67,5793144,381.35,376,378.3372,66912,2019-05-06 04:00:00
167,377,370.46,6974924,379.91,365.81,371.2498,80011,2019-05-07 04:00:00
168,367.92,364.37,6571957,369,361.36,364.8513,72751,2019-05-08 04:00:00
169,360.9,362.75,5882572,364.2,352.75,359.6126,78482,2019-05-09 04:00:00
170,361.62,361.04,5657123,365.2578,353.06,358.986,79408,2019-05-10 04:00:00
171,352.29,345.26,8026697,354.26,343.1,346.3413,109036,2019-05-13 04:00:00
172,348.71,345.61,5353029,349.95,342.5,347.1628,73489,2019-05-14 04:00:00
173,343.34,354.99,6340118,356.5,341.39,351.6881,84193,2019-05-15 04:00:00
174,356.37,359.31,6441463,364,353.935,359.7002,79386,2019-05-16 04:00:00
175,356.39,354.45,4725448,359.62,353.785,356.6922,57215,2019-05-17 04:00:00
176,351.23,348.11,4621515,352.418,345.4,348.6008,64054,2019-05-20 04:00:00
177,350.95,354.27,4021469,356.425,349.93,354.1502,49558,2019-05-21 04:00:00
178,358.01,359.73,6229389,370.46,357.3,362.3229,74563,2019-05-22 04:00:00
179,355.5,352.21,5630443,357.42,347.7,351.7829,73770,2019-05-23 04:00:00
180,355.41,354.39,3830963,359.44,353.791,356.3315,52317,2019-05-24 04:00:00
181,354.39,354.78,4717144,361.2,353.64,357.3749,60335,2019-05-28 04:00:00
182,353.6,349.19,5658913,353.8476,345.9,349.6866,78108,2019-05-29 04:00:00
183,350.55,351.85,4008042,354.21,348.3,352.0257,44249,2019-05-30 04:00:00
184,347.22,343.28,5023449,349.34,342.92,345.2691,58022,2019-05-31 04:00:00
185,343.56,336.63,7849589,347.66,332.65,337.7141,93037,2019-06-03 04:00:00
186,345,353.4,7891632,353.61,343.25,349.5022,81783,2019-06-04 04:00:00
187,354.38,355.73,5020081,357.88,348.71,353.7647,56395,2019-06-05 04:00:00
188,354.84,357.13,3709955,358.21,352.09,355.1823,38829,2019-06-06 04:00:00
189,357.39,360.87,4777321,365.15,355.69,362.1225,52896,2019-06-07 04:00:00
190,363.65,352.01,7810261,367.1,349.285,356.9389,89668,2019-06-10 04:00:00
191,355,351.27,5396712,357.58,348.5,352.8684,66425,2019-06-11 04:00:00
192,351.82,345.56,4584704,353.61,343.23,345.8783,56299,2019-06-12 04:00:00
193,347.23,343.43,6202747,348.5,339.25,342.0821,73792,2019-06-13 04:00:00
194,341.63,339.73,5019011,343.4,336.155,339.137,62758,2019-06-14 04:00:00
195,342.69,350.62,5358219,351.77,342.06,349.174,60665,2019-06-17 04:00:00
196,355.57,357.12,5428542,361.5,353.75,358.1581,66396,2019-06-18 04:00:00
197,361.72,363.52,5667156,364.74,356.12,361.7079,65097,2019-06-19 04:00:00
198,365.91,365.21,5896347,370.12,361.215,366.2257,68508,2019-06-20 04:00:00
199,365,369.21,7448356,371.45,365,368.8597,66230,2019-06-21 04:00:00
200,370.27,371.04,4830240,375,370.2,372.7745,52107,2019-06-24 04:00:00
201,370.75,360.3,5750383,370.9994,358.29,363.2771,60211,2019-06-25 04:00:00
202,361.6,362.2,3669677,366.79,361.6,363.8765,42432,2019-06-26 04:00:00
203,363.2,370.02,4138575,370.85,363.2,368.2666,45654,2019-06-27 04:00:00
204,370.26,367.32,4592706,371.5448,364.87,367.3782,45878,2019-06-28 04:00:00
205,373.5,374.6,5001518,376.66,372,374.2959,59095,2019-07-01 04:00:00
206,374.89,375.43,3628962,376,370.31,373.3302,45735,2019-07-02 04:00:00
207,376.69,381.72,3799009,381.99,375.84,380.0508,45345,2019-07-03 04:00:00
208,378.29,380.55,3732162,381.4,375.555,378.6475,42871,2019-07-05 04:00:00
209,378.19,376.16,3113402,378.25,375.36,376.7625,36022,2019-07-08 04:00:00
210,379.06,379.93,6932822,384.76,377.5,381.6419,80652,2019-07-09 04:00:00
211,382.77,381,5878790,384.3399,377.4,380.688,62089,2019-07-10 04:00:00
212,381.1,379.5,4336287,384.54,378.8,381.7323,49568,2019-07-11 04:00:00
213,378.68,373.25,6636937,379.7375,372.7917,374.5113,72845,2019-07-12 04:00:00
214,372.94,366.6,7938680,373.68,362.3,366.0379,93740,2019-07-15 04:00:00
215,370.09,365.99,5863222,371.34,364.92,367.5675,65754,2019-07-16 04:00:00
216,366.25,362.44,13639536,366.5,361.75,347.9594,167240,2019-07-17 04:00:00
217,323.76,325.21,31305899,329.85,320.3,323.6306,355989,2019-07-18 04:00:00
218,323.4,315.1,16291632,325.85,314.23,320.1475,171467,2019-07-19 04:00:00
219,312,310.62,17696666,314.54,305.81,309.6125,176034,2019-07-22 04:00:00
220,311.44,307.3,9166068,313.5,306,308.5399,98136,2019-07-23 04:00:00
221,310.51,317.94,11961818,319.99,307.25,314.7447,124630,2019-07-24 04:00:00
222,318.86,326.46,10798496,327.69,316.3,323.4031,121529,2019-07-25 04:00:00
223,328.79,335.78,10847495,336,327.5,332.3283,122512,2019-07-26 04:00:00
224,335.98,332.7,5772817,336.4,328.77,331.655,63103,2019-07-29 04:00:00
225,329.2,325.93,6029320,329.65,323.23,325.8972,68797,2019-07-30 04:00:00
226,325.16,322.99,6259494,331.77,318.53,326.4525,70491,2019-07-31 04:00:00
227,324.25,319.5,6563156,328.58,318.735,322.7034,77966,2019-08-01 04:00:00
228,317.49,318.83,6280343,319.41,311.8,315.8371,76927,2019-08-02 04:00:00
229,310.96,307.63,8680485,313.4179,304.677,307.0621,102213,2019-08-05 04:00:00
230,310.58,310.1,6179090,311.88,305.3,308.4193,70012,2019-08-06 04:00:00
231,302.56,304.29,9322433,305,296.8126,301.2403,104032,2019-08-07 04:00:00
232,311.03,315.9,5905865,316.3648,306.63,312.5732,70863,2019-08-08 04:00:00
233,313.74,308.93,5349059,316.64,305.68,309.6971,63574,2019-08-09 04:00:00
234,305.46,310.83,6531722,312.89,303.24,310.1757,60438,2019-08-12 04:00:00
235,309.77,312.28,5338761,316.43,308.16,312.0587,56433,2019-08-13 04:00:00
236,308.01,299.11,7355753,308.41,298.005,301.0737,87270,2019-08-14 04:00:00
237,299.5,295.76,9683384,300.63,288,293.9129,108415,2019-08-15 04:00:00
238,298.86,302.8,7090757,303.55,296.27,301.3952,64419,2019-08-16 04:00:00
239,306.25,309.38,4951733,311.75,304.75,309.0948,61623,2019-08-19 04:00:00
240,304.57,298.99,7352162,305,297.6811,300.0429,77791,2019-08-20 04:00:00
241,301.61,297.81,5689746,302.88,296.2,299.2257,65695,2019-08-21 04:00:00
242,298.65,296.93,4977042,300.33,293.15,297.0656,53833,2019-08-22 04:00:00
243,295,291.44,6330724,299.01,290.32,293.6342,69884,2019-08-23 04:00:00
244,295.24,294.98,4696982,296.95,292.5,294.2747,47737,2019-08-26 04:00:00
245,294.54,291.03,6306559,296.77,287.1968,291.0232,67007,2019-08-27 04:00:00
246,289.47,291.77,3958043,292.82,287.75,290.789,45691,2019-08-28 04:00:00
247,295,296.78,4392532,299.93,294.99,297.8517,49295,2019-08-29 04:00:00
248,298.78,293.75,4447990,298.94,290.85,293.4448,51923,2019-08-30 04:00:00
249,290.82,289.29,3684177,293.9,288.06,290.3788,46044,2019-09-03 04:00:00
250,291.25,291.52,4653665,292.38,286.51,289.7492,56058,2019-09-04 04:00:00
251,285.32,293.25,8972356,293.97,282.785,289.2323,97269,2019-09-05 04:00:00
252,293.35,290.17,5166556,293.35,287.03,290.1036,58630,2019-09-06 04:00:00
253,294.81,294.34,8232744,301.55,290.6,295.7117,85115,2019-09-09 04:00:00
254,291.16,287.99,12320248,297.17,282.6629,288.2436,129598,2019-09-10 04:00:00
255,285.7,288.27,7405949,292.65,284.61,288.4976,84155,2019-09-11 04:00:00
256,288.1,288.86,5010927,292.73,286.6,289.8811,62470,2019-09-12 04:00:00
257,290.61,294.15,6583124,296.62,290.04,294.6132,98340,2019-09-13 04:00:00
258,294.23,294.29,5307386,297.43,289.78,293.314,88358,2019-09-16 04:00:00
259,294.5,298.6,4817119,299.15,291.79,296.5392,78282,2019-09-17 04:00:00
260,294.99,291.56,7840539,296.05,287.45,290.9344,97613,2019-09-18 04:00:00
261,291.56,286.6,8545761,293.81,283.4,286.9179,113915,2019-09-19 04:00:00
262,280.26,270.75,23941592,282.5,266,271.8485,273110,2019-09-20 04:00:00
263,268.345,265.92,13610294,273.39,261.89,266.1281,152131,2019-09-23 04:00:00
264,262.5,254.59,16385608,265,252.28,257.1975,186364,2019-09-24 04:00:00
265,255.71,264.75,11775348,266.6,253.7,260.455,124870,2019-09-25 04:00:00
266,266.42,263.31,7696858,268.05,260.2,263.4011,85538,2019-09-26 04:00:00
267,266.175,263.08,7367491,267.44,260.39,262.9168,91137,2019-09-27 04:00:00
268,264,267.62,6823100,268.88,262.78,266.6867,74759,2019-09-30 04:00:00
269,267.35,269.58,8786284,272.2,264.03,268.2752,108648,2019-10-01 04:00:00
270,263.61,268.03,7773299,269.35,262.19,266.8537,108917,2019-10-02 04:00:00
271,267.78,268.15,9068810,268.843,257.01,263.7576,98483,2019-10-03 04:00:00
272,268.2,272.79,9992774,275.4846,266.47,271.5727,108627,2019-10-04 04:00:00
273,271.99,274.46,6796811,276.68,271.28,274.3701,85000,2019-10-07 04:00:00
274,273.03,270.72,6302269,275.53,270.6427,273.2733,79683,2019-10-08 04:00:00
275,270.02,267.53,6843488,271,264.57,266.9917,89854,2019-10-09 04:00:00
276,265.97,280.48,10959601,280.53,265.0337,276.3788,125451,2019-10-10 04:00:00
277,284.8,282.93,8817301,287.87,282.3438,285.1375,112990,2019-10-11 04:00:00
278,283.93,285.53,5543120,286.93,282,284.9849,65150,2019-10-14 04:00:00
279,283.82,284.25,7710161,285.87,279.4,283.7999,95195,2019-10-15 04:00:00
280,283.12,286.28,18413335,288.17,280.7431,291.7855,222566,2019-10-16 04:00:00
281,304.49,293.35,38324093,308.75,288.3001,297.7404,393307,2019-10-17 04:00:00
282,289.36,275.3,23449638,290.9,273.36,279.1435,251507,2019-10-18 04:00:00
283,272.89,278.05,12633959,279.9399,269,275.6726,129149,2019-10-21 04:00:00
284,271.159,266.69,11865593,275.41,265.8,269.038,135012,2019-10-22 04:00:00
285,268.06,271.27,7154430,273.92,266.63,271.4074,86561,2019-10-23 04:00:00
286,271.81,271.5,4911033,274.02,268.8,271.437,60773,2019-10-24 04:00:00
287,270.68,276.82,4747829,277.77,270.18,275.4616,61590,2019-10-25 04:00:00
288,278.05,281.86,6248433,285.75,277.35,282.6959,74506,2019-10-28 04:00:00
289,281.87,281.21,4356181,284.41,277.545,280.9909,56562,2019-10-29 04:00:00
290,284.34,291.45,9345562,293.49,283,290.4914,109854,2019-10-30 04:00:00
291,291,287.41,5090021,291.45,284.78,287.3065,64654,2019-10-31 04:00:00
292,288.7,286.81,5594293,289.12,283.02,285.9607,67333,2019-11-01 04:00:00
293,288,292.86,5566213,295.39,287.16,292.2177,65268,2019-11-04 05:00:00
294,289.99,288.03,4062370,291.19,286.31,288.4114,50055,2019-11-05 05:00:00
295,288.19,288.59,3438257,290.56,285.84,288.521,42467,2019-11-06 05:00:00
296,290.7,289.57,5928471,298.19,288.2679,292.5552,70915,2019-11-07 05:00:00
297,288.73,291.57,4509588,293.99,287.505,291.5697,51168,2019-11-08 05:00:00
298,289.16,294.18,3945885,296.36,288.5,293.7307,47601,2019-11-11 05:00:00
299,295.32,292.01,5774833,295.345,288.7,291.8118,63930,2019-11-12 05:00:00
300,291.03,283.11,9233066,293.41,281.14,286.2198,103070,2019-11-13 05:00:00
301,283.25,289.62,6539771,290.63,283.22,287.9375,78591,2019-11-14 05:00:00
302,290.59,295.03,6337779,295.8186,287.568,293.6348,73414,2019-11-15 05:00:00
303,296,302.57,8621566,304.99,293.28,301.811,107315,2019-11-18 05:00:00
304,304.01,302.6,5819710,305.6699,298.5201,302.3365,66587,2019-11-19 05:00:00
305,301.01,305.16,5115546,308.25,301,305.2932,66645,2019-11-20 05:00:00
306,306,311.69,7482123,312.69,304.2622,309.6195,92079,2019-11-21 05:00:00
307,309.1,310.48,5970056,311.4,304.41,308.731,73024,2019-11-22 05:00:00
308,308.83,315.55,7878943,315.73,305.25,312.0086,89329,2019-11-25 05:00:00
309,315,312.49,5328348,316.5,311.69,313.4817,53185,2019-11-26 05:00:00
310,313.93,315.93,4100975,316.82,312.75,314.8738,48320,2019-11-27 05:00:00
311,315.78,314.66,2411749,316.62,313.34,314.779,30240,2019-11-29 05:00:00
312,314.39,309.99,6216710,314.39,303.75,308.1844,73106,2019-12-02 05:00:00
313,302.22,306.16,5227447,307.36,301.88,305.2986,61510,2019-12-03 05:00:00
314,308.43,304.32,3513551,308.43,303.2727,304.8589,47120,2019-12-04 05:00:00
315,305.27,302.86,4618867,306.48,298.81,301.8562,62482,2019-12-05 05:00:00
316,304.7,307.35,4459684,307.8495,302.6,305.7749,56023,2019-12-06 05:00:00
317,307.35,302.5,5766006,311.49,302.44,305.9454,66667,2019-12-09 05:00:00
318,296.12,293.12,10481239,298.94,292.02,295.4952,121964,2019-12-10 05:00:00
319,294.49,298.93,5604405,299.43,294.2,297.5327,68829,2019-12-11 05:00:00
320,295.67,298.44,4771404,299.165,295.06,297.1993,61152,2019-12-12 05:00:00
321,298.5,298.5,3883069,301.8,297.25,299.136,56244,2019-12-13 05:00:00
322,300.85,304.21,4660166,305.71,298.63,303.5668,63029,2019-12-16 05:00:00
323,307.36,315.48,10437127,316.8,306.6,314.3951,121011,2019-12-17 05:00:00
324,316.26,320.8,11205857,325.36,315.6,321.7683,133794,2019-12-18 05:00:00
325,324.5,332.22,9833355,332.83,324.18,330.4521,125201,2019-12-19 05:00:00
326,335,336.9,9914690,338,330.6,335.3727,100259,2019-12-20 05:00:00
327,337.76,333.1,5767937,337.95,331.0201,333.5382,73546,2019-12-23 05:00:00
328,334.01,333.2,2019322,335.7,331.6,333.4048,25805,2019-12-24 05:00:00
329,334.6,332.63,3587154,336.4623,332.01,333.5741,45359,2019-12-26 05:00:00
330,332.96,329.09,5037156,333.82,326.01,329.0305,61737,2019-12-27 05:00:00
331,329.08,323.31,4315267,329.185,322.86,325.5844,56181,2019-12-30 05:00:00
332,322,323.57,3714837,324.916,321.09,323.2673,45190,2019-12-31 05:00:00
333,326.1,329.81,4348493,329.98,324.78,327.995,59205,2020-01-02 05:00:00
334,326.78,325.9,3784966,329.8599,325.53,327.4322,52199,2020-01-03 05:00:00
335,323.12,335.83,5668577,336.36,321.2,331.8264,74751,2020-01-06 05:00:00
336,336.47,330.75,4742458,336.7,330.3,331.956,64781,2020-01-07 05:00:00
337,331.49,339.26,7059117,342.7,331.05,337.8414,87231,2020-01-08 05:00:00
338,342,335.66,4717430,343.4196,334.6101,337.892,61538,2020-01-09 05:00:00
339,337.13,329.05,4720540,338.5,327.27,331.1981,64502,2020-01-10 05:00:00
340,331.8,338.92,6296174,340.85,331.51,337.8378,77073,2020-01-13 05:00:00
341,344.4,338.69,7201544,345.38,335.52,339.0834,83697,2020-01-14 05:00:00
342,338.68,339.07,5158035,343.17,336.6,340.2185,55939,2020-01-15 05:00:00
343,343.5,338.62,5008572,343.555,335.85,338.4364,57413,2020-01-16 05:00:00
344,341,339.67,6066547,341.57,337.38,339.4428,60712,2020-01-17 05:00:00
345,340,338.11,14339122,341,332.59,337.3602,174590,2020-01-21 05:00:00
346,332.55,326,21729959,336.3,323.6,329.154,246481,2020-01-22 05:00:00
347,326.04,349.6,18197793,349.88,325.01,340.4609,209927,2020-01-23 05:00:00
348,348.46,353.16,17939681,359.85,345.88,352.8722,196926,2020-01-24 05:00:00
349,345.95,342.88,7709482,351.9,341.02,343.8744,90996,2020-01-27 05:00:00
350,345.88,348.52,6821581,352.4,342.78,349.003,74612,2020-01-28 05:00:00
351,349,343.16,7649183,349.4,338.55,343.3065,93026,2020-01-29 05:00:00
352,341.1,347.74,5328136,348.2,339.25,344.8465,66766,2020-01-30 05:00:00
353,347.39,345.09,5230001,347.39,340.98,344.3281,68005,2020-01-31 05:00:00
354,347.24,358,6674885,359.63,346.28,356.5737,83797,2020-02-03 05:00:00
355,361,369.01,7161451,369.57,356.0964,365.5663,91637,2020-02-04 05:00:00
356,375.125,369.67,6437026,375.25,362.3,368.5468,82201,2020-02-05 05:00:00
357,369.6,366.95,3920428,371.5499,362.505,367.1922,57303,2020-02-06 05:00:00
358,365.04,366.77,4385227,371.8,363.57,367.9582,55294,2020-02-07 05:00:00
359,365,371.07,5294138,374.8,362.52,370.7586,63071,2020-02-10 05:00:00
360,373.75,373.69,4772870,378.11,369.72,375.0092,60003,2020-02-11 05:00:00
361,377.18,380.01,4624772,380.62,375.88,378.7521,62002,2020-02-12 05:00:00
362,376.96,381.4,4485383,385.37,376.51,382.5903,65191,2020-02-13 05:00:00
363,381.47,380.4,3736266,385.15,379.4342,381.8657,53252,2020-02-14 05:00:00
364,379.3,387.78,5180400,389.54,379.19,386.9044,68910,2020-02-18 05:00:00
365,388.12,386.19,4896368,392.95,384.9,388.3109,70289,2020-02-19 05:00:00
366,386.56,386,4079425,389.7,376.68,384.4017,60534,2020-02-20 05:00:00
367,385.33,380.07,3935618,387.32,377.9008,381.4722,58296,2020-02-21 05:00:00
368,364.76,368.7,6936418,372.82,361,368.131,97262,2020-02-24 05:00:00
369,372,360.09,6481243,375.65,357.72,363.8596,101699,2020-02-25 05:00:00
370,366.31,379.24,8947926,382,365,375.9525,124636,2020-02-26 05:00:00
371,371.46,371.71,10967699,391.5624,370.5962,381.9602,161337,2020-02-27 05:00:00
372,364.21,369.03,11178572,376.77,356.8,364.5135,165096,2020-02-28 05:00:00
373,373.11,381.05,6997891,381.36,364.502,373.481,111212,2020-03-02 05:00:00
374,381.03,368.77,8364623,393.52,367.4,379.0281,136633,2020-03-03 05:00:00
375,377.77,383.79,5487340,384.01,370.51,378.7804,79708,2020-03-04 05:00:00
376,381,372.78,8746985,391.4,368.6401,379.1772,126794,2020-03-05 05:00:00
377,367.7,368.97,8141765,371.31,356.85,364.5356,123663,2020-03-06 05:00:00
378,343.86,346.49,7405458,357.47,341.7209,348.6189,117721,2020-03-09 04:00:00
379,356.425,364.13,7604444,364.54,347.85,357.3706,111309,2020-03-10 04:00:00
380,358.92,349.92,6058782,362.98,344.79,353.4409,99723,2020-03-11 04:00:00
381,326.5,315.25,12071591,335.72,307.32,320.5378,181442,2020-03-12 04:00:00
382,330.51,336.295,9458197,336.42,307.39,321.6716,142723,2020-03-13 04:00:00
383,306.63,298.84,10559940,334.35,294.75,312.8916,158014,2020-03-16 04:00:00
384,306.19,319.75,10013913,322.9,290.25,312.8372,141852,2020-03-17 04:00:00
385,302.395,315.47,12593647,331.5794,300,315.9525,167452,2020-03-18 04:00:00
386,324.33,332.03,10608397,348.51,316.82,336.0858,148565,2020-03-19 04:00:00
387,342.31,332.83,10853846,350.49,332,340.5442,145008,2020-03-20 04:00:00
388,347.89,360.27,13449378,366.11,340.8838,356.1457,183845,2020-03-23 04:00:00
389,369.99,357.32,11638683,372.93,353.0301,359.9486,166034,2020-03-24 04:00:00
390,361.02,342.39,8767171,362,339.17,349.5649,142833,2020-03-25 04:00:00
391,344,362.99,7235016,363.84,341.73,354.4587,107516,2020-03-26 04:00:00
392,359.09,357.12,7948775,368.56,353,361.259,119469,2020-03-27 04:00:00
393,363,370.96,8621964,377.8,361.17,371.015,121963,2020-03-30 04:00:00
394,367.93,375.5,9366464,383.01,366.44,375.58,112381,2020-03-31 04:00:00
395,376.05,364.08,6672454,380.233,361.02,367.7298,105815,2020-04-01 04:00:00
396,364.08,370.08,4592477,370.99,360.06,365.8976,73655,2020-04-02 04:00:00
397,367.47,361.76,4860768,370.9,357.51,361.9268,69781,2020-04-03 04:00:00
398,365.22,379.96,8183921,380.29,361.71,373.7711,107069,2020-04-06 04:00:00
399,380,372.28,7046438,381.33,369.34,375.2249,108895,2020-04-07 04:00:00
400,374.01,371.12,6908879,378.39,368.31,371.8355,95747,2020-04-08 04:00:00
401,371.06,370.72,7711296,372.1,363.03,368.6877,103585,2020-04-09 04:00:00
402,371.31,396.72,11692922,400.51,367.72,391.0643,179975,2020-04-13 04:00:00
403,397.5,413.55,11580983,417.82,394.8468,408.7187,168314,2020-04-14 04:00:00
404,413,426.75,13561222,434.98,412.25,426.6111,202637,2020-04-15 04:00:00
405,437,439.17,16128666,449.52,431.61,440.7664,245968,2020-04-16 04:00:00
406,431,422.96,12616258,432,414.695,422.2881,217210,2020-04-17 04:00:00
407,435.17,437.49,12655818,444.49,430.56,438.4624,209708,2020-04-20 04:00:00
408,444.77,433.83,23177550,447,425.6,438.5773,377198,2020-04-21 04:00:00
409,429.725,421.42,21123773,433,413,422.9948,284037,2020-04-22 04:00:00
410,419.26,426.7,13952330,438.413,419.26,430.2502,184869,2020-04-23 04:00:00
411,425,424.99,8670362,427.17,415.88,422.8391,122963,2020-04-24 04:00:00
412,425,421.38,6277480,429,420.84,424.4244,101637,2020-04-27 04:00:00
413,419.99,403.83,10101233,421,402.9101,408.0702,174004,2020-04-28 04:00:00
414,399.53,411.89,9693137,415.86,393.6,408.4455,148089,2020-04-29 04:00:00
415,410.31,419.85,7953975,424.44,408,418.8615,120045,2020-04-30 04:00:00
416,415.1,415.27,8299858,427.97,411.73,418.7707,125532,2020-05-01 04:00:00
417,417.78,428.15,7799058,428.54,414.87,424.8057,111584,2020-05-04 04:00:00
418,427.555,424.68,6286293,431,421.56,426.7573,99878,2020-05-05 04:00:00
419,429.3,434.26,6660737,439.77,426.385,434.8339,109416,2020-05-06 04:00:00
420,436.89,436.53,5650281,438.88,430.66,435.3586,88599,2020-05-07 04:00:00
421,434.14,435.55,5054308,442,433.6389,437.8377,81859,2020-05-08 04:00:00
422,436.33,440.52,5436037,444.8899,435.56,441.5786,80735,2020-05-11 04:00:00
423,442,431.82,4598211,444.17,431.36,439.4751,80083,2020-05-12 04:00:00
424,435.69,438.27,7008063,447,427.27,437.6689,107086,2020-05-13 04:00:00
425,444.9,441.95,9007467,452.38,432.82,441.6555,129485,2020-05-14 04:00:00
426,440.7,454.19,7243998,455,437.51,446.1518,103313,2020-05-15 04:00:00
427,451.16,452.58,7780309,456.36,443.35,451.1165,124585,2020-05-18 04:00:00
428,453.3965,451.04,4810487,458.97,450.465,453.8117,77161,2020-05-19 04:00:00
429,454.25,447.67,5607257,455.81,444,448.777,95675,2020-05-20 04:00:00
430,448.56,436.25,9117325,448.96,430.25,435.3965,145078,2020-05-21 04:00:00
431,437,429.32,5422334,439.09,427.18,431.9564,90756,2020-05-22 04:00:00
432,427.77,414.77,7881115,428.5,413.14,418.2934,147982,2020-05-26 04:00:00
433,410.38,419.89,10446339,420.02,397.86,408.6164,174290,2020-05-27 04:00:00
434,417.24,413.44,5660160,422.3717,411.5,417.5453,98285,2020-05-28 04:00:00
435,417.46,419.73,5270484,420.295,411.85,416.4361,83673,2020-05-29 04:00:00
436,418.83,425.92,3748573,426.72,415.98,422.1787,68863,2020-06-01 04:00:00
437,425.87,427.31,3494801,427.59,419.46,424.5662,60708,2020-06-02 04:00:00
438,426.95,421.97,4316044,427.1,418.05,421.6962,78790,2020-06-03 04:00:00
439,422.39,414.33,5410529,428.71,410.03,417.5977,95210,2020-06-04 04:00:00
440,407.29,419.6,5099561,420.2392,404.25,415.4659,90386,2020-06-05 04:00:00
441,416,419.49,5851453,420.8,406.5,413.5397,106807,2020-06-08 04:00:00
442,421.65,434.05,6787649,434.73,420.31,430.2067,110902,2020-06-09 04:00:00
443,436,434.48,4896893,439.69,430.55,435.0151,87129,2020-06-10 04:00:00
444,428.2,425.56,7462868,445.57,424.1601,435.5019,129438,2020-06-11 04:00:00
445,429,418.07,6461127,434.06,412.45,420.8343,107106,2020-06-12 04:00:00
446,421.4,425.5,4471499,426.49,415.4238,422.5178,72834,2020-06-15 04:00:00
447,425.76,436.13,5514016,437.96,425.18,433.7272,93025,2020-06-16 04:00:00
448,441.82,447.77,6529568,450.46,439.22,446.7099,100597,2020-06-17 04:00:00
449,448.73,449.87,4277627,452.76,442.8,446.8076,72456,2020-06-18 04:00:00
450,449.12,453.72,5928751,453.97,445.6,451.0473,78093,2020-06-19 04:00:00
451,455.01,468.04,6272105,468.59,454.21,463.3444,105538,2020-06-22 04:00:00
452,466.5,466.26,5948436,474.01,464.5,469.187,90418,2020-06-23 04:00:00
453,468.54,457.85,4826191,472.36,454,460.277,84662,2020-06-24 04:00:00
454,458.86,465.91,4134513,467.01,454,463.3336,70232,2020-06-25 04:00:00
455,466.39,443.4,6804726,468.03,442.24,450.6152,114421,2020-06-26 04:00:00
456,445.23,447.24,4843978,447.67,432.14,443.0295,79234,2020-06-29 04:00:00
457,450.02,455.04,4198545,457.59,447,453.6098,76015,2020-06-30 04:00:00
458,454,485.64,9660020,488.23,454,476.2427,158794,2020-07-01 04:00:00
459,485.64,476.89,6351485,492.28,475.5258,481.5028,115339,2020-07-02 04:00:00
460,480.77,493.81,7838990,499.5,479.8,492.0924,122126,2020-07-06 04:00:00
461,497.3105,493.16,5669770,504.82,490.83,495.8146,98768,2020-07-07 04:00:00
462,498.5755,502.78,5691682,505.1,493.81,500.2725,92702,2020-07-08 04:00:00
463,508.4,507.76,5840541,510,495.78,504.0141,100685,2020-07-09 04:00:00
464,519.73,548.73,21605587,555.8799,511.28,537.9897,320911,2020-07-10 04:00:00
465,567.98,525.5,18399020,575.37,520.96,555.6295,320095,2020-07-13 04:00:00
466,517.08,524.88,15083300,525.5,490.49,513.4644,247134,2020-07-14 04:00:00
467,516.3,523.26,10016652,529,510.18,519.6148,160687,2020-07-15 04:00:00
468,526.48,527.39,24498994,535.54,504.3627,513.4094,411932,2020-07-16 04:00:00
469,494.87,492.99,24986277,503.59,484.14,491.2902,422367,2020-07-17 04:00:00
470,489.14,502.41,11940306,504.5,484.2001,496.4623,205420,2020-07-20 04:00:00
471,506,490.1,9127218,506.22,488.61,494.5856,153629,2020-07-21 04:00:00
472,492.19,489.82,6954078,497.2,487.2,491.0824,112624,2020-07-22 04:00:00
473,491.13,477.58,7722034,491.9,472.0201,481.0631,143469,2020-07-23 04:00:00
474,468.77,480.45,7746247,487.17,467.54,480.116,138233,2020-07-24 04:00:00
475,484.51,495.65,7863069,496.92,482.31,490.5149,141311,2020-07-27 04:00:00
476,496.02,488.51,5986727,497.7927,487.7601,491.6608,103121,2020-07-28 04:00:00
477,492.25,484.48,6611769,494.92,484.13,488.2205,119337,2020-07-29 04:00:00
478,480.7072,485.8,6608569,488.35,477.5101,484.7544,113873,2020-07-30 04:00:00
479,488.29,488.88,5924310,494.8,484.5,488.9812,116603,2020-07-31 04:00:00
480,490.86,498.62,5876190,503.09,490.23,498.0795,125781,2020-08-03 04:00:00
481,498.65,509.64,5607968,510.4436,498.65,506.8251,107214,2020-08-04 04:00:00
482,508.68,502.11,4313526,510.1021,501.2,504.8146,89506,2020-08-05 04:00:00
483,504.11,509.08,3725861,510.82,498.7,505.4988,78557,2020-08-06 04:00:00
484,505.45,494.73,5910348,508.29,486.68,495.2382,126800,2020-08-07 04:00:00
485,493.35,483.38,4691185,497.4584,478.6269,485.0989,101920,2020-08-10 04:00:00
486,479.75,466.93,7329226,480.92,466.55,472.9465,148818,2020-08-11 04:00:00
487,471.34,475.47,5441243,482.49,470.18,477.3606,104653,2020-08-12 04:00:00
488,478.4,481.33,3008933,484.45,476.45,480.9777,71750,2020-08-13 04:00:00
489,482.82,482.68,2943487,488.325,480.21,483.0537,63878,2020-08-14 04:00:00
490,484.19,482.35,2423545,486.24,479.1,482.622,60311,2020-08-17 04:00:00
491,484.35,491.87,3505518,495.3,482.8,490.9105,76591,2020-08-18 04:00:00
492,493.93,484.53,3156218,494.4985,483.5,487.4674,71691,2020-08-19 04:00:00
493,484.69,497.9,4806380,498.94,483.89,495.143,96747,2020-08-20 04:00:00
494,496.46,492.31,3921293,498.13,490,492.9382,73881,2020-08-21 04:00:00
495,495.4383,488.81,4762183,501,483.16,489.5418,86352,2020-08-24 04:00:00
496,488.19,490.58,4347721,492.47,485.09,489.134,60858,2020-08-25 04:00:00
497,492.5,547.53,20373681,549.04,492.075,532.6947,347444,2020-08-26 04:00:00
498,537.775,526.27,9062912,541,521.2471,530.7995,160633,2020-08-27 04:00:00
499,532,523.89,4417517,539,522,527.123,90522,2020-08-28 04:00:00
500,521.16,529.56,4941409,531.99,517.58,525.8592,99906,2020-08-31 04:00:00
501,532.6,556.55,9581907,557.3895,532.45,549.6847,162363,2020-09-01 04:00:00
502,553.78,552.84,5886930,556.5,537.369,549.0856,119803,2020-09-02 04:00:00
503,545,525.75,9071089,554,521.32,530.5574,171583,2020-09-03 04:00:00
504,520.18,516.05,8270118,527.36,485.98,506.7053,179579,2020-09-04 04:00:00
505,498.4,507.02,5572684,522,495,510.1163,111574,2020-09-08 04:00:00
506,519.21,500.19,6848127,520,492.5743,502.6351,138597,2020-09-09 04:00:00
507,503.35,480.67,6240181,506.29,478.84,492.0206,132810,2020-09-10 04:00:00
508,486.485,482.03,5035200,493.73,476.81,483.8983,104130,2020-09-11 04:00:00
509,480.62,476.26,7359126,488.99,471.3001,477.9914,130268,2020-09-14 04:00:00
510,484,495.99,5336992,497.47,481.63,492.9665,107539,2020-09-15 04:00:00
511,499.99,483.86,4401412,504.66,483.31,491.6747,94468,2020-09-16 04:00:00
512,475.16,470.2,5379301,478.4,463.27,470.3544,119615,2020-09-17 04:00:00
513,472.51,469.96,6717711,479.4,458.6,468.8778,109939,2020-09-18 04:00:00
514,467.6923,487.35,5457539,487.775,466.32,478.1164,109020,2020-09-21 04:00:00
515,489.01,491.17,3482324,491.82,479.26,487.1997,74933,2020-09-22 04:00:00
516,491.04,470.61,3686423,491.04,469,477.0571,76738,2020-09-23 04:00:00
517,470.53,473.08,3727201,477,467.82,473.1101,71380,2020-09-24 04:00:00
518,474.39,482.88,3769436,484.87,468.0258,479.4422,62929,2020-09-25 04:00:00
519,489.1094,490.65,4773497,492,477.88,486.85,89000,2020-09-28 04:00:00
520,489.5,493.48,3543193,496.2868,486.53,492.333,65180,2020-09-29 04:00:00
521,492.57,500.03,4634111,504.63,489.2704,499.46,88835,2020-09-30 04:00:00
522,506.03,527.51,8148905,529.55,503.6,517.0307,145643,2020-10-01 04:00:00
523,516.43,503.06,6071165,526.3714,502.7,512.792,131073,2020-10-02 04:00:00
524,506.8,520.65,4088069,520.99,501.6997,514.6626,79533,2020-10-05 04:00:00
525,518.72,505.87,4199034,521.82,504.16,511.1769,82044,2020-10-06 04:00:00
526,518,534.66,7988683,536.49,515.815,530.1778,146592,2020-10-07 04:00:00
527,533.48,531.79,5386238,535,524.15,529.4165,95533,2020-10-08 04:00:00
528,537.8339,539.44,4761259,544.28,535,539.019,93547,2020-10-09 04:00:00
529,548.81,539.81,5391074,551.81,538.24,544.2153,106026,2020-10-12 04:00:00
530,540.56,554.09,5602498,557.65,537.2,549.9991,99923,2020-10-13 04:00:00
531,562.61,541.45,9510081,572.49,541,553.7535,166057,2020-10-14 04:00:00
532,545.52,541.94,5110576,551.22,535.1,541.1513,101492,2020-10-15 04:00:00
533,549.5,530.79,6347363,554.33,530.03,540.0693,120586,2020-10-16 04:00:00
534,537.07,530.72,7567506,541.8,525.38,533.5779,126309,2020-10-19 04:00:00
535,528.14,525.42,10047175,533.78,522.26,520.17,205242,2020-10-20 04:00:00
536,501.03,489.05,17339708,506.85,488.25,494.6589,341364,2020-10-21 04:00:00
537,494.69,485.23,6979682,495.14,482,485.9947,153399,2020-10-22 04:00:00
538,488.11,488.28,4927862,490.06,481.35,486.0458,96941,2020-10-23 04:00:00
539,487.025,488.24,6086087,496.82,478.9,486.7335,121971,2020-10-26 04:00:00
540,490.01,488.93,3627175,490.49,482.93,486.4422,79651,2020-10-27 04:00:00
541,486.36,486.24,5992731,494,483.28,488.931,120185,2020-10-28 04:00:00
542,488.5,504.21,10930689,513.8999,479.34,500.2495,198720,2020-10-29 04:00:00
543,502.01,475.74,7813897,505.88,472.21,481.8318,170128,2020-10-30 04:00:00
544,478.87,484.12,4408193,486.3,475,481.94,94616,2020-11-02 05:00:00
545,484.93,487.22,3689997,495.305,478.76,489.1089,77721,2020-11-03 05:00:00
546,495.36,496.95,5137330,507.73,493.98,499.3614,115507,2020-11-04 05:00:00
547,506.56,513.76,5372781,518.7337,503.45,512.796,102809,2020-11-05 05:00:00
548,515,514.73,4236349,515.21,502.51,511.2059,73328,2020-11-06 05:00:00
549,485.54,470.5,10409926,495.85,467.26,480.7744,262245,2020-11-09 05:00:00
550,470.95,480.24,8306142,484.6,463.41,476.1367,159339,2020-11-10 05:00:00
551,483,490.76,5460532,491.68,478.26,485.8983,107242,2020-11-11 05:00:00
552,491,486.77,5071155,496.52,480.4255,487.0177,100743,2020-11-12 05:00:00
553,486.77,482.84,3006510,488.94,477.8,482.4349,72319,2020-11-13 05:00:00
554,480,479.1,3953563,485.58,477.3,480.1761,81492,2020-11-16 05:00:00
555,480.12,480.63,3690082,487.51,479.18,481.8099,72760,2020-11-17 05:00:00
556,481.95,481.79,3629237,488.61,477.7212,482.9919,84318,2020-11-18 05:00:00
557,482,484.67,2254653,487.8,480.47,485.0074,56400,2020-11-19 05:00:00
558,485.22,488.24,4255924,494.76,481.57,488.6515,94860,2020-11-20 05:00:00
559,490.46,476.62,5416571,491.15,475.84,481.2255,124760,2020-11-23 05:00:00
560,478.84,482.88,3557894,484.05,475.89,480.5754,87679,2020-11-24 05:00:00
561,485.13,485,3587154,486.9,478.919,483.7081,76839,2020-11-25 05:00:00
562,486.58,491.36,2805762,493.25,481.845,487.6541,61590,2020-11-27 05:00:00
563,490.08,490.7,3530940,492.55,481.2678,488.4017,77805,2020-11-30 05:00:00
564,492.3404,504.58,5063234,509.47,491.9812,503.3595,121086,2020-12-01 05:00:00
565,501.62,503.38,3028358,506.795,493.5,501.4672,76007,2020-12-02 05:00:00
566,502.99,497.52,2826116,508.77,496.04,500.6627,69894,2020-12-03 05:00:00
567,497.5,498.31,3666243,504.5,493.64,499.1611,57593,2020-12-04 05:00:00
568,500.01,515.78,4289293,517.76,497.77,512.5728,98624,2020-12-07 05:00:00
569,517.9,512.66,4228950,521.4909,505.55,511.4552,76922,2020-12-08 05:00:00
570,510.53,493.6,4178768,514.5,491.29,498.9368,99791,2020-12-09 05:00:00
571,494.56,501.09,3018203,503.77,492.91,500.0482,66158,2020-12-10 05:00:00
572,495,503.22,3160928,503.34,494.85,499.9147,64719,2020-12-11 05:00:00
573,505.44,522.42,5770424,524.1603,501.18,518.6447,118311,2020-12-14 05:00:00
574,518.5,519.78,3398209,524.7,513.56,518.7242,73284,2020-12-15 05:00:00
575,520.11,524.83,3676992,527.38,517.69,523.2331,68049,2020-12-16 05:00:00
576,529,532.9,3193377,535.49,526.44,531.4132,74032,2020-12-17 05:00:00
577,533.2,534.45,4502692,536.37,526.02,532.8245,66884,2020-12-18 05:00:00
578,530.05,528.91,3893964,532.62,521.15,527.5169,84004,2020-12-21 05:00:00
579,527.69,527.33,1908529,530.4,520.5,524.9744,53898,2020-12-22 05:00:00
580,524.76,514.48,2393187,526.32,514.2,518.2046,58686,2020-12-23 05:00:00
581,515.12,513.97,1143952,519.345,512.2104,514.7065,31153,2020-12-24 05:00:00
582,516.43,519.12,2891867,523.66,507.13,516.5566,71623,2020-12-28 05:00:00
583,519.9,530.87,4022358,536.5478,515.4801,530.2715,93049,2020-12-29 05:00:00
584,530.13,524.59,1876286,533.2575,523.69,526.3734,52090,2020-12-30 05:00:00
585,525.53,540.73,5392322,545.5,523.1502,539.1279,107116,2020-12-31 05:00:00
586,539,522.86,4444407,540.8,515.085,524.4913,116975,2021-01-04 05:00:00
587,521.55,520.8,3133872,526.78,515.89,521.3267,75276,2021-01-05 05:00:00
588,511.97,500.49,5346210,513.0998,499.5,506.5528,139366,2021-01-06 05:00:00
589,508.28,508.89,3686448,516.44,506.42,510.2571,81399,2021-01-07 05:00:00
590,511.31,510.4,2973949,513.24,504.51,509.7236,76258,2021-01-08 05:00:00
591,507.84,499.1,3812720,510.725,497.95,502.3004,87872,2021-01-11 05:00:00
592,500,494.25,5990425,501.09,485.6701,491.3245,132914,2021-01-12 05:00:00
593,495.5012,507.79,5032099,512.3542,493.01,505.8444,107603,2021-01-13 05:00:00
594,507.35,500.86,4177357,514.5,499.58,503.7044,85812,2021-01-14 05:00:00
595,500,497.98,5865788,506.32,495.1,499.7406,96491,2021-01-15 05:00:00
596,501,501.77,12308313,509.25,493.5427,523.2123,242871,2021-01-19 05:00:00
597,565.42,586.34,32631330,593.2877,556.86,577.3294,523949,2021-01-20 05:00:00
598,582.45,579.84,11840634,588.75,570.4,578.3304,211595,2021-01-21 05:00:00
599,582.1,565.17,7541822,583.99,564.35,571.7243,138668,2021-01-22 05:00:00
600,567,556.78,7207329,569.75,548.65,557.7797,165980,2021-01-25 05:00:00
601,554.73,561.93,5023847,567.99,554.06,562.6837,96159,2021-01-26 05:00:00
602,550.71,523.28,8670277,556.4187,515.73,535.8861,190779,2021-01-27 05:00:00
603,535.88,538.6,5968978,553.1482,530.74,542.738,136115,2021-01-28 05:00:00
604,538,532.39,4325264,541,530.18,534.0761,102682,2021-01-29 05:00:00
605,536.79,539.04,3547507,545.06,531.73,539.0619,85149,2021-02-01 05:00:00
606,542.01,548.16,3765969,555.48,538.935,550.4306,97616,2021-02-02 05:00:00
607,550.17,539.45,3172288,550.48,538.243,541.9835,80360,2021-02-03 05:00:00
608,539.81,552.16,5164537,559.48,537.51,550.0153,118019,2021-02-04 05:00:00
609,552.26,550.79,2376175,554.44,545.4778,549.8677,68339,2021-02-05 05:00:00
610,555,547.92,2791721,555,543.7,548.6415,72998,2021-02-08 05:00:00
611,546,559.07,3703499,566,543,559.0124,89791,2021-02-09 05:00:00
612,562.5,563.59,3991264,566.65,553.463,560.3401,83993,2021-02-10 05:00:00
613,564.442,557.59,2728987,565.93,554.22,558.228,67092,2021-02-11 05:00:00
614,556.94,556.52,2197128,561.2499,550.85,555.2952,53960,2021-02-12 05:00:00
615,557.286,557.28,2624097,563.63,552.73,557.5631,64057,2021-02-16 05:00:00
616,550.99,551.34,2071590,555.25,543.03,548.9768,59332,2021-02-17 05:00:00
617,549,548.22,2457604,550,538.2265,544.9653,66700,2021-02-18 05:00:00
618,548,540.22,2841457,548.99,538.8132,541.5335,69427,2021-02-19 05:00:00
619,534.99,533.78,3078594,541.79,530.79,535.3188,83103,2021-02-22 05:00:00
620,525.0035,546.15,4136532,548.54,518.28,536.6996,114864,2021-02-23 05:00:00
621,539.8,553.41,3245038,556.8499,539.065,550.5275,82957,2021-02-24 05:00:00
622,550.27,546.7,4252879,556.48,535.75,545.3631,106532,2021-02-25 05:00:00
623,546.51,538.85,3755274,553.09,538,543.8061,93825,2021-02-26 05:00:00
624,545.5734,550.64,3042180,552.14,542,548.5747,77661,2021-03-01 05:00:00
625,553.34,547.82,3042226,556.99,546.02,550.5171,74914,2021-03-02 05:00:00
626,545.93,520.7,5062443,548.005,517.81,526.8703,134220,2021-03-03 05:00:00
627,521.5,511.29,5034792,531.5,507.68,517.0925,129314,2021-03-04 05:00:00
628,511.98,516.39,5069973,517.76,498.7901,509.4464,138313,2021-03-05 05:00:00
629,514.46,493.33,3981758,518.84,492.85,502.8353,110213,2021-03-08 05:00:00
630,507.31,506.44,3470042,513.11,503.8221,507.6213,85122,2021-03-09 05:00:00
631,513.5,504.54,3771484,518.97,504.25,508.6241,80628,2021-03-10 05:00:00
632,512.2048,523.06,4710719,530.235,510.71,519.6489,98117,2021-03-11 05:00:00
633,512.5,518.02,3981743,526.51,506.59,513.8987,111108,2021-03-12 05:00:00
634,516.32,520.25,3483319,520.729,508.03,513.9393,90208,2021-03-15 04:00:00
635,524.47,524.03,3238888,533.42,523.21,527.5793,78776,2021-03-16 04:00:00
636,522,524.44,2817376,528.3654,514.3,520.8504,72474,2021-03-17 04:00:00
637,516.3959,504.79,4093206,517.9,503.85,509.9204,102982,2021-03-18 04:00:00
638,504.96,512.18,4382790,513.19,501.63,509.4965,81462,2021-03-19 04:00:00
639,509.13,523.11,3356762,529.31,509.13,523.5737,83693,2021-03-22 04:00:00
640,529.87,535.09,5583461,543.12,529.4,537.2008,125712,2021-03-23 04:00:00
641,533.78,520.81,4067211,534.42,520,525.4103,83662,2021-03-24 04:00:00
642,516.99,502.86,4916664,518.53,497,505.7211,128579,2021-03-25 04:00:00
643,502.82,508.05,3437797,508.72,496.68,503.4595,94864,2021-03-26 04:00:00
644,505.66,513.95,3330049,518,504.4,511.6929,88606,2021-03-29 04:00:00
645,510.505,513.39,2418129,514.41,506.91,511.3048,61680,2021-03-30 04:00:00
646,515.675,521.66,3503111,528.13,515.44,523.0297,87112,2021-03-31 04:00:00
647,529.93,539.42,3938637,540.5,527.03,535.3244,102554,2021-04-01 04:00:00
648,540.01,540.67,3355904,542.85,529.23,538.9181,80603,2021-04-05 04:00:00
649,544.81,544.53,3474205,554.165,543.3,547.605,82955,2021-04-06 04:00:00
650,543.5,546.99,2151319,549.64,541.45,546.5137,52911,2021-04-07 04:00:00
651,551.13,554.58,4289829,556.899,547.57,552.7538,89844,2021-04-08 04:00:00
652,552.69,555.31,2894034,556.9,547.11,553.021,74156,2021-04-09 04:00:00
653,551.05,552.78,2944060,557.98,549.58,553.3519,73893,2021-04-12 04:00:00
654,557,553.73,2720344,559.75,550.3,554.5506,75168,2021-04-13 04:00:00
655,554.87,540.02,3740294,554.87,538.53,543.4696,99435,2021-04-14 04:00:00
656,544.17,549.22,3139050,553.49,542.66,549.2883,89635,2021-04-15 04:00:00
657,550.54,546.54,3209075,551.98,539.51,545.3053,81239,2021-04-16 04:00:00
658,546.9,554.44,4272215,556.44,545.53,551.3053,106195,2021-04-19 04:00:00
659,554.42,549.57,11257648,563.56,546.3,527.4844,240986,2021-04-20 04:00:00
660,508,508.9,22897446,515.46,503.6001,509.0515,448664,2021-04-21 04:00:00
661,513.82,508.78,9048312,513.96,500.55,505.0684,219964,2021-04-22 04:00:00
662,509.01,505.55,7274459,509.7,500.7,504.5842,156549,2021-04-23 04:00:00
663,506.76,510.3,4388839,510.48,503,507.4542,108267,2021-04-26 04:00:00
664,512.62,505.55,3761327,512.99,504.5808,507.5174,97620,2021-04-27 04:00:00
665,505.2,506.52,3192983,508.395,503.34,506.2857,86952,2021-04-28 04:00:00
666,507.6,509,5127792,509.29,499,504.7645,127282,2021-04-29 04:00:00
667,505,513.47,4388242,514.55,505,512.0498,104473,2021-04-30 04:00:00
668,512.65,509.11,4091895,518.95,505.2,509.8204,107072,2021-05-03 04:00:00
669,510.78,503.18,4249502,511.63,496.79,501.9354,117197,2021-05-04 04:00:00
670,504.99,496.08,3121866,507.7843,494.63,500.1151,95292,2021-05-05 04:00:00
671,495.99,499.55,3783698,499.55,491.37,495.7677,97465,2021-05-06 04:00:00
672,504.62,503.84,3132786,508.55,501.12,504.523,91287,2021-05-07 04:00:00
673,502,486.69,5131632,503.15,486.11,491.5356,122384,2021-05-10 04:00:00
674,479.75,495.08,4401000,497.99,478.63,491.2964,126115,2021-05-11 04:00:00
675,486.83,484.98,4011540,493.54,482.7,486.7091,106645,2021-05-12 04:00:00
676,489.13,486.66,2716561,490.775,482.71,486.941,83487,2021-05-13 04:00:00
677,487.86,493.37,2823964,494.85,486.59,492.0715,80240,2021-05-14 04:00:00
678,485.59,488.94,2705249,492.71,482.81,487.2399,79829,2021-05-17 04:00:00
679,488.395,486.28,2350496,493.4778,486.1895,489.0275,73478,2021-05-18 04:00:00
680,481.625,487.7,3349180,488.57,478.54,484.6058,87703,2021-05-19 04:00:00
681,489.55,501.67,3677018,502.7,488.975,500.2903,95124,2021-05-20 04:00:00
682,503.12,497.89,3318965,505.4,497.26,500.1757,73369,2021-05-21 04:00:00
683,501.05,502.9,2412595,504.25,499.51,502.4631,70829,2021-05-24 04:00:00
684,506,501.34,2699459,506.365,499.22,501.543,72530,2021-05-25 04:00:00
685,502.34,502.36,2465303,504.14,500.5,502.5753,61964,2021-05-26 04:00:00
686,501.8,503.86,3253773,505.1,498.54,502.9357,70310,2021-05-27 04:00:00
687,504.4,502.81,2911297,511.76,502.53,506.3149,86465,2021-05-28 04:00:00
688,504.01,499.08,2482555,505.41,497.7443,500.5701,72931,2021-06-01 04:00:00
689,499.82,499.24,2268979,503.22,495.82,499.0878,73625,2021-06-02 04:00:00
690,495.19,489.43,3778915,496.66,487.25,490.4376,104678,2021-06-03 04:00:00
691,492,494.74,3160487,501.86,490.95,496.2666,79688,2021-06-04 04:00:00
692,492.9169,494.66,2791932,496.7,490.55,493.2271,73541,2021-06-07 04:00:00
693,497,492.39,2374037,498.82,489.37,492.958,68297,2021-06-08 04:00:00
694,494.5,485.81,3055029,496.09,484.65,489.0389,81224,2021-06-09 04:00:00
695,487.165,487.27,4353428,490.21,482.14,486.8589,112351,2021-06-10 04:00:00
696,490,488.77,3123969,491.41,487.78,489.4804,71926,2021-06-11 04:00:00
697,489.68,499.89,4400222,503.5,486.91,498.7135,116816,2021-06-14 04:00:00
698,501.23,491.9,3099523,501.23,490.4,493.4669,91421,2021-06-15 04:00:00
699,495,492.41,3458206,496.46,486.28,492.2067,91523,2021-06-16 04:00:00
700,490.25,498.34,3195673,501.8,490.15,498.2101,95941,2021-06-17 04:00:00
701,496.4,500.77,5197576,504.49,495.24,500.7688,103712,2021-06-18 04:00:00
702,501.64,497,5277297,502.05,492.28,495.8148,106679,2021-06-21 04:00:00
703,498.54,508.82,5809271,513.55,495.795,505.2946,130136,2021-06-22 04:00:00
704,508.48,512.74,3935752,516.63,508.2,512.7534,94744,2021-06-23 04:00:00
705,517.96,518.06,3325502,520.96,514.4001,517.6207,93825,2021-06-24 04:00:00
706,528.84,527.07,5299072,533.06,525,528.3894,120705,2021-06-25 04:00:00
707,528.12,533.03,2820227,533.9399,524.56,530.4717,86150,2021-06-28 04:00:00
708,533.55,533.5,2314647,536.13,528.57,532.4617,71690,2021-06-29 04:00:00
709,534.0551,528.21,2773445,534.38,526.82,529.8674,75860,2021-06-30 04:00:00
710,525.72,533.54,2805402,537.04,525.72,533.367,73700,2021-07-01 04:00:00
711,535.5,533.98,1980316,538.5351,529.39,533.2821,59145,2021-07-02 04:00:00
712,533,541.64,2774226,542.86,533,539.2459,85488,2021-07-06 04:00:00
713,544.24,535.96,2722498,544.64,531.66,537.0775,84277,2021-07-07 04:00:00
714,530.93,530.76,3266428,535.5,529.09,531.5462,77732,2021-07-08 04:00:00
715,531,535.98,2777231,538.26,528.58,534.977,69349,2021-07-09 04:00:00
716,540.3,537.31,1780738,540.6497,532.92,536.1625,57048,2021-07-12 04:00:00
717,535.76,540.68,2751593,545.33,535.76,541.3152,74911,2021-07-13 04:00:00
718,541.01,547.95,4659535,554.1,541.01,550.1749,118096,2021-07-14 04:00:00
719,553.97,542.95,5713873,557.5399,538.2,546.4525,138326,2021-07-15 04:00:00
720,541.81,530.31,3442101,544.06,527.05,533.3587,87665,2021-07-16 04:00:00
721,526.05,532.28,3885764,534.913,522.2401,529.8626,102554,2021-07-19 04:00:00
722,526.07,531.05,6930440,536.64,520.3,527.6655,165288,2021-07-20 04:00:00
723,526.13,513.63,11906793,530.99,505.61,512.8797,248108,2021-07-21 04:00:00
724,510.2059,511.77,4320825,513.68,507,509.8511,114115,2021-07-22 04:00:00
725,512.16,515.41,3820478,517.41,504.66,511.8426,98076,2021-07-23 04:00:00
726,514.38,516.49,2254538,521.13,509.0101,516.7476,69016,2021-07-26 04:00:00
727,518.08,518.91,2759037,521.95,512.05,517.3321,79846,2021-07-27 04:00:00
728,521.82,519.3,2390466,524.47,516.98,520.4081,68834,2021-07-28 04:00:00
729,519.96,514.25,1736014,520.7799,513.7927,516.7032,61554,2021-07-29 04:00:00
730,512.69,517.57,2537107,519.79,510.9642,516.9862,66443,2021-07-30 04:00:00
731,519,515.15,2096632,519.85,510.51,515.894,61642,2021-08-02 04:00:00
732,514.39,510.82,2579427,515.63,505.37,510.0444,73854,2021-08-03 04:00:00
733,513,517.35,2039374,517.98,510.37,515.0138,67708,2021-08-04 04:00:00
734,517.13,524.89,2556687,525.41,514.02,522.5057,71577,2021-08-05 04:00:00
735,524,520.55,1919798,526.84,519.39,522.0436,57210,2021-08-06 04:00:00
736,521.1469,519.97,1367782,522.6699,517.99,519.81,48106,2021-08-09 04:00:00
737,520,515.84,1960544,520.79,512.965,515.9847,59839,2021-08-10 04:00:00
738,517,512.4,1673904,519.57,509.77,512.9736,55258,2021-08-11 04:00:00
739,511.86,510.72,1685120,513,507.2014,510.4896,47637,2021-08-12 04:00:00
740,512.64,515.92,2177736,521.44,511.51,517.1571,65533,2021-08-13 04:00:00
741,515.24,517.92,2033176,523.38,512.3,516.7897,57321,2021-08-16 04:00:00
742,515.465,518.91,2309803,520.79,514.2,517.8912,64120,2021-08-17 04:00:00
743,520,521.87,2582046,526.38,518.65,522.8904,73868,2021-08-18 04:00:00
744,522.74,543.71,7468042,548.39,521.87,541.1802,184224,2021-08-19 04:00:00
745,545.09,546.88,3776429,551.3883,539.1,547.0013,97400,2021-08-20 04:00:00
746,545.98,553.33,2602010,555.55,543.74,552.2405,77894,2021-08-23 04:00:00
747,551.484,553.41,2109525,555.3141,549.27,552.4183,69738,2021-08-24 04:00:00
748,550.16,547.58,2065621,552.84,545.45,548.0494,62882,2021-08-25 04:00:00
749,546.16,550.12,1595499,552.604,545.9,549.7421,54249,2021-08-26 04:00:00
750,551.6,558.92,3252595,564.17,549.25,558.6966,86538,2021-08-27 04:00:00
751,557.25,566.18,2434839,567.1648,556.45,564.6782,75174,2021-08-30 04:00:00
752,566.12,569.19,2411886,569.48,561.611,566.7351,69955,2021-08-31 04:00:00
753,569,582.07,5626214,591,569,581.9703,143636,2021-09-01 04:00:00
754,583.68,588.55,6159782,598.7567,583.68,592.4883,145947,2021-09-02 04:00:00
755,585.8,590.53,2684005,591.8783,583.14,588.6179,81545,2021-09-03 04:00:00
756,594.69,606.71,5900136,613.85,593.99,606.7961,152633,2021-09-07 04:00:00
757,603.84,606.05,5424503,615.6,595.71,605.3937,149729,2021-09-08 04:00:00
758,606.47,597.54,2954214,609.44,596.55,601.4763,78175,2021-09-09 04:00:00
759,598.16,598.72,3950764,609.45,593.67,600.8392,99234,2021-09-10 04:00:00
760,598.57,589.29,3116997,598.57,582.775,588.095,101477,2021-09-13 04:00:00
761,584.89,577.76,3527940,587.28,575.56,579.5217,107138,2021-09-14 04:00:00
762,578.17,582.87,2804288,584.62,575.37,580.7227,87942,2021-09-15 04:00:00
763,584.3,586.5,1832028,587.48,577.72,583.4838,60051,2021-09-16 04:00:00
764,587.85,589.35,4139145,590.28,580.8501,586.9623,78280,2021-09-17 04:00:00
765,586.79,575.43,3732227,591.53,568.08,576.7605,111116,2021-09-20 04:00:00
766,578.31,573.14,2250884,581.88,569.37,575.0733,82123,2021-09-21 04:00:00
767,579.69,590.65,4021845,595.65,579.69,591.1701,121713,2021-09-22 04:00:00
768,590.79,593.26,2523496,599.32,589.1301,594.5124,77454,2021-09-23 04:00:00
769,592.5,592.39,2126246,592.98,583.64,588.9109,71978,2021-09-24 04:00:00
770,587.95,592.64,2504738,593.58,576.93,586.6835,92797,2021-09-27 04:00:00
771,589,583.85,4431051,599.5353,580.16,588.2454,130669,2021-09-28 04:00:00
772,589.01,599.06,6221026,609.8799,588.01,602.7646,166341,2021-09-29 04:00:00
773,608.05,610.34,6717011,619,608.05,613.2484,179335,2021-09-30 04:00:00
774,604.24,613.15,4090847,614.99,597.505,606.8706,108608,2021-10-01 04:00:00
775,613.39,603.35,4995932,626.125,594.68,604.067,133849,2021-10-04 04:00:00
776,606.94,634.81,9514293,640.39,606.89,630.6554,195866,2021-10-05 04:00:00
777,628.18,639.1,4580434,639.8699,626.36,634.2759,111119,2021-10-06 04:00:00
778,642.2252,631.85,3556886,646.84,630.45,636.9168,104037,2021-10-07 04:00:00
779,634.165,632.66,3313314,643.8,630.86,636.8256,85963,2021-10-08 04:00:00
780,633.195,627.04,2862470,639.42,626.78,632.924,81636,2021-10-11 04:00:00
781,633.02,624.94,3177349,637.655,621.99,627.396,85445,2021-10-12 04:00:00
782,632.1791,629.76,2424638,632.1791,622.1,626.98,67683,2021-10-13 04:00:00
783,632.23,633.8,2672535,636.88,626.79,633.3077,79933,2021-10-14 04:00:00
784,638,628.29,4116874,639.42,625.16,631.0733,105464,2021-10-15 04:00:00
785,632.1,637.97,4669071,638.41,620.5901,632.2481,120266,2021-10-18 04:00:00
786,636.969,639,7608147,641,632.3,638.5975,187581,2021-10-19 04:00:00
787,625.5728,625.14,10621997,637.4,617.15,626.9502,223860,2021-10-20 04:00:00
788,628.89,653.16,8437070,654.01,628.65,646.3872,197277,2021-10-21 04:00:00
789,651.81,664.78,6186016,665.46,651.81,659.8642,153614,2021-10-22 04:00:00
790,663.74,671.66,3833526,675.88,657.07,667.5177,117527,2021-10-25 04:00:00
791,673.76,668.52,2904840,676.4899,662.77,669.1539,95472,2021-10-26 04:00:00
792,669,662.92,2276914,671.41,661.85,665.7112,76860,2021-10-27 04:00:00
793,670.9493,674.05,2809409,676.8,668.03,673.3802,83508,2021-10-28 04:00:00
794,673.06,690.31,3825279,690.9699,671.24,684.3728,111320,2021-10-29 04:00:00
795,689.06,681.17,3110911,689.97,676.54,682.3217,106544,2021-11-01 04:00:00
796,683.11,677.72,3888597,687.68,673.82,679.8913,110179,2021-11-02 04:00:00
797,677.27,688.29,2334852,689.39,677.27,684.8633,77913,2021-11-03 04:00:00
798,685.89,668.4,4865023,685.94,665.5,671.4656,152711,2021-11-04 04:00:00
799,663.97,645.72,5283488,665.64,645.01,652.9705,158087,2021-11-05 04:00:00
800,650.29,651.45,2887523,656,643.79,650.6352,101922,2021-11-08 05:00:00
801,653.7,655.99,2415630,660.5,650.52,655.2477,89504,2021-11-09 05:00:00
802,653.01,646.91,2403885,660.3306,642.11,649.3321,86338,2021-11-10 05:00:00
803,650.24,657.58,2868311,665.82,649.705,660.1624,91294,2021-11-11 05:00:00
804,660.01,682.61,4198410,683.34,653.82,674.5088,118861,2021-11-12 05:00:00
805,681.235,679.33,2872186,685.2599,671.49,678.6871,98752,2021-11-15 05:00:00
806,678.27,687.4,2077387,688.3599,676.9,684.083,76867,2021-11-16 05:00:00
807,690,691.69,2732831,700.9894,686.09,692.8763,86150,2021-11-17 05:00:00
808,691.61,682.02,2014992,691.74,679.735,684.1867,71313,2021-11-18 05:00:00
809,692.35,678.8,2614852,694.16,675,683.5015,90629,2021-11-19 05:00:00
810,676.02,659.2,2765318,679.48,656.47,665.475,99464,2021-11-22 05:00:00
811,658.18,654.06,2320917,666.43,646.05,653.7608,83528,2021-11-23 05:00:00
812,658.01,658.29,1867282,661.44,651.1,658.0139,65567,2021-11-24 05:00:00
813,675,665.64,2872513,676.405,660.67,668.1421,82997,2021-11-26 05:00:00
814,663.2,663.84,2529364,667.99,658.29,663.2454,89311,2021-11-29 05:00:00
815,668.1975,641.9,5488919,675.38,640.01,649.1245,120646,2021-11-30 05:00:00
816,649.48,617.77,3897019,654.52,617.07,631.3374,131760,2021-12-01 05:00:00
817,617.1,616.47,3331131,625.36,612.88,617.6013,106531,2021-12-02 05:00:00
818,622.75,602.13,4829282,625.5,594,601.5676,150231,2021-12-03 05:00:00
819,606.01,612.69,3075672,617.29,601,611.2145,100148,2021-12-06 05:00:00
820,619.83,625.58,3125190,628.89,611.4,621.3392,97200,2021-12-07 05:00:00
821,630,628.08,2220308,632.455,623.2,628.7527,64087,2021-12-08 05:00:00
822,627.58,611,2375446,630.24,610.44,615.801,78510,2021-12-09 05:00:00
823,616.78,611.66,2743699,617.74,605.88,610.5622,75882,2021-12-10 05:00:00
824,612,604.56,2517915,612.64,599.52,604.5004,81687,2021-12-13 05:00:00
825,598.71,597.99,2984536,602.29,588.13,594.7987,91190,2021-12-14 05:00:00
826,598.18,605.04,2866196,605.69,584.51,596.0374,93823,2021-12-15 05:00:00
827,597.09,591.06,3143217,602.8308,588,593.9419,96689,2021-12-16 05:00:00
828,591.61,586.73,4433706,593.25,581.74,587.8555,92857,2021-12-17 05:00:00
829,586.43,593.74,3358404,602.8847,584.26,593.9432,113597,2021-12-20 05:00:00
830,597.5434,604.92,2319390,607.82,593.8611,602.0139,80992,2021-12-21 05:00:00
831,603.36,614.24,2335745,614.82,602.63,611.697,75873,2021-12-22 05:00:00
832,616.4,614.09,1621146,616.88,607.57,613.6915,56603,2021-12-23 05:00:00
833,615,613.12,2062233,615,609.25,612.9368,63446,2021-12-27 05:00:00
834,614.95,610.71,1884116,618.41,609.69,613.0725,74645,2021-12-28 05:00:00
835,610.71,610.54,1287513,613.98,604.68,609.128,52559,2021-12-29 05:00:00
836,612.99,612.09,1625093,620.61,611.2401,615.6539,59908,2021-12-30 05:00:00
837,610.01,602.44,1995918,614.075,602.05,605.2859,63554,2021-12-31 05:00:00
838,605.61,597.37,3065008,609.99,590.56,597.6652,104197,2022-01-03 05:00:00
839,599.91,591.15,4393135,600.4099,581.6,588.7572,136108,2022-01-04 05:00:00
840,592,567.52,4148749,592.84,566.88,575.5821,130362,2022-01-05 05:00:00
841,554.34,553.29,5711795,563.36,542.01,553.6506,165529,2022-01-06 05:00:00
842,549.46,541.06,3382873,553.43,538.2175,542.8876,107101,2022-01-07 05:00:00
843,538.49,539.85,4486145,543.69,526.32,535.7491,124186,2022-01-10 05:00:00
844,536.99,540.84,3077836,543.91,530.07,538.8113,103291,2022-01-11 05:00:00
845,544.27,537.22,3787372,544.27,532.02,537.5672,114573,2022-01-12 05:00:00
846,537.06,519.2,4475063,540.79,518.26,525.3403,127812,2022-01-13 05:00:00
847,517.6,525.69,7861109,538.37,511.88,525.5745,191413,2022-01-14 05:00:00
848,520.08,510.8,4840043,521.75,508.68,513.1059,146017,2022-01-18 05:00:00
849,515,515.86,4353508,523.21,510.51,516.4826,121458,2022-01-19 05:00:00
850,517.7498,508.25,12658993,526.64,506.93,465.8039,321269,2022-01-20 05:00:00
851,400.425,397.5,58830866,409.1499,379.99,395.0306,1095351,2022-01-21 05:00:00
852,383.91,387.15,32377182,387.26,351.46,369.1202,610328,2022-01-24 05:00:00
853,379.14,366.42,15139316,387.71,365.13,372.1868,337909,2022-01-25 05:00:00
854,378.27,359.7,12678131,382.66,356.62,371.7943,290347,2022-01-26 05:00:00
855,382.06,386.7,24313347,394.8,378.1,386.6002,437256,2022-01-27 05:00:00
856,386.76,384.36,11894305,387,372.08,379.8432,262462,2022-01-28 05:00:00
857,401.97,427.14,20034702,427.7,398.2,417.6651,405080,2022-01-31 05:00:00
858,432.96,457.13,22228099,458.48,425.5401,444.1371,401430,2022-02-01 05:00:00
859,448.25,429.48,14346010,451.98,426.48,435.5684,327767,2022-02-02 05:00:00
860,421.44,405.6,9905210,429.26,404.28,413.4559,236146,2022-02-03 05:00:00
861,407.31,410.17,7789798,412.77,396.6391,406.4529,197693,2022-02-04 05:00:00
862,410.17,402.1,8158859,412.35,393.55,401.3745,200734,2022-02-07 05:00:00
863,398.18,403.53,6818543,406.61,395.83,402.1151,154934,2022-02-08 05:00:00
864,408.65,412.89,7732897,412.98,398.79,407.3955,184921,2022-02-09 05:00:00
865,402.1,406.27,8452915,408,396.36,403.4225,215246,2022-02-10 05:00:00
866,405.33,391.31,7558939,411.6103,387.65,396.0924,187457,2022-02-11 05:00:00
867,387.59,396.57,7202155,409.36,386.891,400.2318,153624,2022-02-14 05:00:00
868,403.79,407.46,5395641,409.1619,401.01,405.5445,117921,2022-02-15 05:00:00
869,401.53,398.08,5277650,401.56,390.3842,396.0488,132005,2022-02-16 05:00:00
870,394.235,386.67,4669222,399.11,385.7,391.0769,122821,2022-02-17 05:00:00
871,392.53,391.29,6801668,402.87,389.0466,394.1564,168098,2022-02-18 05:00:00
872,388.95,377.38,6668515,392.42,373.02,381.1013,187341,2022-02-22 05:00:00
873,382.72,367.46,4614290,386,366.66,372.1211,125123,2022-02-23 05:00:00
874,355.09,390.03,7068724,390.73,354.72,375.9055,189499,2022-02-24 05:00:00
875,386.61,390.8,4841636,391.29,375.58,386.1093,134247,2022-02-25 05:00:00
876,387.33,394.52,5035046,397.75,382.13,391.9541,126831,2022-02-28 05:00:00
877,391.6,386.24,3290439,395,383.705,388.811,106753,2022-03-01 05:00:00
878,388.93,380.03,5356809,389.22,375.21,379.8237,131500,2022-03-02 05:00:00
879,386,368.07,6059836,386.12,364.65,370.1987,148163,2022-03-03 05:00:00
880,368,361.73,5329180,374.8186,357.17,361.9986,146864,2022-03-04 05:00:00
881,360.41,350.26,5708383,361.995,350.2,355.4569,149354,2022-03-07 05:00:00
882,349.8,341.76,6428655,358.86,340.67,346.8772,157164,2022-03-08 05:00:00
883,357.685,358.79,6485186,364.14,350.5089,358.5485,144777,2022-03-09 05:00:00
884,356.2,356.77,4807767,367.02,353.3,358.9168,121317,2022-03-10 05:00:00
885,361.19,340.32,4819925,363.36,340,346.3833,121622,2022-03-11 05:00:00
886,338.72,331.01,5607817,341.32,329.82,333.5401,139902,2022-03-14 04:00:00
887,335.1,343.75,5460640,345.36,332.36,340.586,112121,2022-03-15 04:00:00
888,348.2,357.53,6982469,359.99,343.06,353.3494,143517,2022-03-16 04:00:00
889,359.7,371.4,5818348,373.31,354.88,367.4357,127268,2022-03-17 04:00:00
890,372,380.6,8324825,381.8,368.47,378.0981,149956,2022-03-18 04:00:00
891,378.02,374.59,4812363,381.82,368.94,374.1247,124375,2022-03-21 04:00:00
892,371.14,382.92,4242762,386.66,366.76,381.8097,112431,2022-03-22 04:00:00
893,379.77,374.49,3728954,382.46,374.49,377.6937,96703,2022-03-23 04:00:00
894,379.76,375.71,3888461,379.76,368.9,374.1352,98401,2022-03-24 04:00:00
895,377.07,373.85,3575953,377.64,366.43,371.6558,101860,2022-03-25 04:00:00
896,375.23,378.51,4323435,380.28,366.73,374.3525,111378,2022-03-28 04:00:00
897,384.39,391.82,5880723,396.5,380.33,390.242,151424,2022-03-29 04:00:00
898,389.55,381.47,4023301,392.7,378.625,384.3949,111477,2022-03-30 04:00:00
899,383.59,374.59,4134720,384,373.61,376.6021,103603,2022-03-31 04:00:00
900,376.8,373.47,4644237,380.87,368.5,373.8007,111371,2022-04-01 04:00:00
901,373.55,391.5,7009235,396.02,373.13,389.628,145683,2022-04-04 04:00:00
902,389.3,380.15,4234508,390,377.305,381.6537,110762,2022-04-05 04:00:00
903,374.15,368.35,4350785,376.4699,362.73,367.4293,134607,2022-04-06 04:00:00
904,365,362.15,4948909,368.54,353.6897,361.3157,125219,2022-04-07 04:00:00
905,361.96,355.88,4025183,362.5,354.865,357.7303,98147,2022-04-08 04:00:00
906,350,348,3775896,354.78,345.2,349.586,105365,2022-04-11 04:00:00
907,355.91,344.1,3824261,359.41,342.25,349.1845,111789,2022-04-12 04:00:00
908,343.92,350.43,3015950,352,341.155,348.5373,86963,2022-04-13 04:00:00
909,350.95,341.13,4343837,352,339.86,343.168,104395,2022-04-14 04:00:00
910,340,337.86,5096441,342.36,331.615,336.5072,132372,2022-04-18 04:00:00
911,333.22,348.61,20906885,351.68,333.22,301.223,428014,2022-04-19 04:00:00
912,245.2,226.19,133331080,248.7,212.51,226.5458,2175366,2022-04-20 04:00:00
913,220,218.22,53501603,227.68,211.52,217.6368,875158,2022-04-21 04:00:00
914,220.18,215.52,37047427,226.27,210.05,216.4688,588616,2022-04-22 04:00:00
915,213.81,209.91,28152045,216.66,204.51,208.7182,435647,2022-04-25 04:00:00
916,208.8,198.4,20303089,209.15,198.2773,201.7521,341905,2022-04-26 04:00:00
917,194.005,188.54,22298394,200.19,187.77,191.8247,363098,2022-04-27 04:00:00
918,191.56,199.52,21363162,201.48,185.6,194.1274,306827,2022-04-28 04:00:00
919,198.68,190.36,16387969,204.71,190,196.8656,249736,2022-04-29 04:00:00
920,191.71,199.46,14591602,200.2141,190.01,196.5764,230397,2022-05-02 04:00:00
921,198.29,199.87,11839431,203.2,194.77,199.468,175313,2022-05-03 04:00:00
922,197.65,204.01,12218781,204.38,191.01,197.1341,211871,2022-05-04 04:00:00
923,200.45,188.32,13971326,200.71,186,190.642,249035,2022-05-05 04:00:00
924,186.75,180.97,17183475,187.21,175.81,181.309,271206,2022-05-06 04:00:00
925,177.655,173.1,14031327,183.2,172.3,176.273,247952,2022-05-09 04:00:00
926,176.01,177.66,13883905,181.8712,170.57,176.7868,225146,2022-05-10 04:00:00
927,176.09,166.37,12595518,180.92,165.55,171.6418,214219,2022-05-11 04:00:00
928,163.96,174.31,17662118,177.58,162.71,171.2774,267750,2022-05-12 04:00:00
929,177.16,187.64,13136334,187.77,176.01,183.2407,206898,2022-05-13 04:00:00
930,193.3,186.51,16125811,195.89,185.7,190.0231,222855,2022-05-16 04:00:00
931,189.17,190.56,9876685,191.4,185.17,189.1663,145301,2022-05-17 04:00:00
932,186.72,177.19,9665632,187.7,176.27,181.3059,166431,2022-05-18 04:00:00
933,178.045,183.48,10448513,186.3,175.71,182.7465,156382,2022-05-19 04:00:00
934,185.8665,186.35,10410196,190.19,179.77,184.6084,148550,2022-05-20 04:00:00
935,186.15,187.44,9182027,187.66,177.89,184.2209,131680,2022-05-23 04:00:00
936,182,180.34,7636372,184,177.17,179.7172,126431,2022-05-24 04:00:00
937,180.28,187.83,8522092,188.87,180.17,185.5355,134132,2022-05-25 04:00:00
938,186.49,191.4,8049933,192.3402,183.0916,189.9915,127565,2022-05-26 04:00:00
939,193.19,195.19,8585987,195.25,190.3722,193.8657,137070,2022-05-27 04:00:00
940,196.18,197.44,11398460,199.95,190.8,196.5705,143862,2022-05-31 04:00:00
941,198.7,192.91,8416151,202.74,191.6606,195.5845,138965,2022-06-01 04:00:00
942,192.02,205.09,9593521,205.47,191.72,200.9868,155049,2022-06-02 04:00:00
943,200.14,198.98,7185175,202.95,198.05,199.9643,115677,2022-06-03 04:00:00
944,202.09,197.14,5372043,203.87,195.38,198.3323,95530,2022-06-06 04:00:00
945,194.87,198.61,4839491,199.6,193,196.9433,80931,2022-06-07 04:00:00
946,197.95,202.83,7244121,207.38,197.64,203.407,119691,2022-06-08 04:00:00
947,200.65,192.77,6948967,201.69,192.54,195.7517,116193,2022-06-09 04:00:00
948,182.64,182.94,13074280,185.86,180.85,183.6175,201531,2022-06-10 04:00:00
949,177.07,169.69,10214607,179.09,168.9571,171.5887,181287,2022-06-13 04:00:00
950,169.75,167.54,11555323,172.0622,164.28,167.4423,179824,2022-06-14 04:00:00
951,169.258,180.11,12396041,183.845,168.53,178.1988,177721,2022-06-15 04:00:00
952,174,173.35,8201306,176.27,171.56,173.3342,137143,2022-06-16 04:00:00
953,173.63,175.51,12133372,179.65,173.34,176.017,121181,2022-06-17 04:00:00
954,177.6,170.91,12177592,178.6189,169.8,172.9195,161883,2022-06-21 04:00:00
955,170.75,178.89,12010615,182.82,170.2,178.414,143557,2022-06-22 04:00:00
956,180.5,181.71,9538226,182.76,175.87,179.666,120031,2022-06-23 04:00:00
957,183.5,190.85,12423974,191.19,181.84,189.4535,145555,2022-06-24 04:00:00
958,191.77,189.14,8363879,191.78,182.39,187.4931,116894,2022-06-27 04:00:00
959,189.2,179.6,7170897,192.2,179.37,183.5962,108253,2022-06-28 04:00:00
960,179.55,178.36,5766847,180.665,175.1,177.562,90618,2022-06-29 04:00:00
961,177.07,174.87,7894710,179.45,170.3,174.8005,106995,2022-06-30 04:00:00
962,176.49,179.95,5201583,180.1,174.27,177.9032,85743,2022-07-01 04:00:00
963,176.28,185.88,7339023,185.92,172.6801,181.704,120595,2022-07-05 04:00:00
964,185.2,184.06,5753385,186.22,180.82,183.5411,97448,2022-07-06 04:00:00
965,184.27,189.27,6334545,190.21,183.5,188.0118,101577,2022-07-07 04:00:00
966,186.02,186.975,5835680,189.91,182.75,186.692,88439,2022-07-08 04:00:00
967,184.73,177.34,6048447,184.99,176.89,179.2796,104561,2022-07-11 04:00:00
968,177.33,174.45,6845264,179.7839,173.42,175.5517,114823,2022-07-12 04:00:00
969,170.5,176.56,12734421,179.18,169.702,175.2435,163793,2022-07-13 04:00:00
970,175.56,174.78,9039457,177.52,171.82,174.4345,117051,2022-07-14 04:00:00
971,175.58,189.11,16319116,189.22,174.56,185.0134,205063,2022-07-15 04:00:00
972,192.5,190.92,16322845,199.67,189.8,195.1331,211843,2022-07-18 04:00:00
973,193.02,201.63,28160566,201.97,188.4,201.8532,361461,2022-07-19 04:00:00
974,208.17,216.44,53920266,216.9699,200.1,210.3985,568024,2022-07-20 04:00:00
975,214.3,223.88,23430117,224.32,211.5,218.7175,279851,2022-07-21 04:00:00
976,222.38,220.44,17805452,229.35,218.44,222.2076,215351,2022-07-22 04:00:00
977,221.31,218.51,10935247,225.23,216.35,220.6008,145404,2022-07-25 04:00:00
978,216.66,213.91,9508532,219.39,211.64,214.7099,120770,2022-07-26 04:00:00
979,216.48,226.75,10454385,227.78,214.58,222.6091,154238,2022-07-27 04:00:00
980,224.6,226.02,8972738,228.1,219.67,224.3379,142928,2022-07-28 04:00:00
981,223.29,224.9,9064937,230.75,222.4,226.3575,138975,2022-07-29 04:00:00
982,223.095,226.21,5525044,228.39,221,225.4131,105639,2022-08-01 04:00:00
983,222.76,221.42,6361327,228.2,220.88,223.6742,112638,2022-08-02 04:00:00
984,224.79,226.73,6400701,228.1,222.42,226.0636,105686,2022-08-03 04:00:00
985,227.68,229.91,7142741,232.07,225.05,229.2143,120313,2022-08-04 04:00:00
986,225.3,226.78,5472233,228.62,222.87,225.864,100652,2022-08-05 04:00:00
987,227.49,233.49,10997409,241.9599,226.41,235.8124,187715,2022-08-08 04:00:00
988,231.62,229.94,6179038,232.1999,224.65,228.4772,107334,2022-08-09 04:00:00
989,236.99,244.11,9254760,244.54,236.5958,241.7908,153066,2022-08-10 04:00:00
990,244.68,242.7,8780062,251.62,241.51,246.0759,146214,2022-08-11 04:00:00
991,244.81,249.3,6098531,249.41,243.76,246.9937,99855,2022-08-12 04:00:00
992,248.11,249.11,6527391,251.99,247.51,249.5343,106795,2022-08-15 04:00:00
993,247.16,245.69,5136806,249.29,244.03,246.5029,93485,2022-08-16 04:00:00
994,241.18,241.15,5627224,244.24,237.56,240.753,101377,2022-08-17 04:00:00
995,241.96,245.17,5280387,246.4794,239.2801,244.199,100811,2022-08-18 04:00:00
996,240.95,241.16,7504707,243.29,235.68,239.026,129072,2022-08-19 04:00:00
997,232.55,226.54,8630094,233.475,224.59,227.1664,140771,2022-08-22 04:00:00
998,226.46,224.55,5276945,229.9,224.3,226.067,85178,2022-08-23 04:00:00
999,225.66,229.61,5426316,234.1,223.94,230.6372,88402,2022-08-24 04:00:00
1000,230.24,233.98,3766617,234.16,229,232.0623,71647,2022-08-25 04:00:00
1001,233.625,223.28,5349848,236.95,223.15,226.9874,91760,2022-08-26 04:00:00
1002,221.93,224.57,7109397,229.87,221.52,226.2699,112054,2022-08-29 04:00:00
1003,226.66,220.65,5633634,229.79,218.74,222.2188,99045,2022-08-30 04:00:00
1004,227,223.56,8615906,233.8787,223.43,227.669,126827,2022-08-31 04:00:00
1005,220.72,230.04,7292917,230.37,219.47,224.822,123512,2022-09-01 04:00:00
1006,231.03,226.11,8164883,233.8814,225.04,229.0169,128955,2022-09-02 04:00:00
1007,225.59,218.39,7469016,226.85,214.69,218.4857,129824,2022-09-06 04:00:00
1008,220.21,228.96,8149329,229.33,218.2681,224.6908,115095,2022-09-07 04:00:00
1009,224.16,227.44,6737436,228.735,221.3,225.6195,99018,2022-09-08 04:00:00
1010,229.62,233.57,6702060,234.7799,229.62,232.824,99969,2022-09-09 04:00:00
1011,233.61,236.53,6047425,239.49,233.37,236.0446,96391,2022-09-12 04:00:00
1012,226.5,218.13,8000128,227.69,217.72,222.0541,134942,2022-09-13 04:00:00
1013,219.82,224.12,8230340,228,215.8,221.3167,127289,2022-09-14 04:00:00
1014,230.47,235.38,19454122,242.2871,229.1,236.2453,258533,2022-09-15 04:00:00
1015,231.22,240.13,18894177,241.355,227.83,236.6254,224824,2022-09-16 04:00:00
1016,245.05,243.63,17912370,245.25,235.75,240.4185,222794,2022-09-19 04:00:00
1017,240.37,242.85,16032681,250.49,239.66,245.4874,196346,2022-09-20 04:00:00
1018,242.67,236.87,9153572,248.2999,236.68,241.734,128581,2022-09-21 04:00:00
1019,235.35,237.05,10017965,240.5,231.66,237.0776,132949,2022-09-22 04:00:00
1020,235.14,226.41,11207228,236.4499,221.43,228.0934,176258,2022-09-23 04:00:00
1021,225.6,224.07,8234285,232.7,223.01,226.8499,131729,2022-09-26 04:00:00
1022,228.63,224.36,7762223,230.64,220.72,225.1664,124650,2022-09-27 04:00:00
1023,229.69,245.2,17579670,246.65,227.38,239.7225,227594,2022-09-28 04:00:00
1024,241.61,239.71,18994943,246.98,235.68,241.2434,252472,2022-09-29 04:00:00
1025,237,235.44,11848607,242.44,233.26,238.0581,158213,2022-09-30 04:00:00
1026,237.85,239.04,8657443,241.54,232.85,237.6725,132993,2022-10-03 04:00:00
1027,244.84,240.74,13925854,245.7999,233.25,238.9809,183919,2022-10-04 04:00:00
1028,238.76,236.73,10675633,241.59,227.38,233.8053,149028,2022-10-05 04:00:00
1029,236.68,240.02,9188940,244.28,233.9101,239.4166,128310,2022-10-06 04:00:00
1030,235.77,224.75,9806128,237.33,224.28,229.2009,152782,2022-10-07 04:00:00
1031,225.64,229.98,9991145,233.83,224.23,229.3206,151551,2022-10-10 04:00:00
1032,226.05,214.29,15282411,230.44,213.7,218.3654,207001,2022-10-11 04:00:00
1033,214.3,220.87,12952643,223.67,212.64,219.6989,162507,2022-10-12 04:00:00
1034,212.69,232.51,17505012,234.47,211.73,225.7166,235829,2022-10-13 04:00:00
1035,237.8,230,15293400,238.8,229.51,232.5806,198736,2022-10-14 04:00:00
1036,234.41,245.1,21057824,249.9221,234.4,244.5709,264103,2022-10-17 04:00:00
1037,249.8,240.86,25776731,250.37,237.73,249.8388,359438,2022-10-18 04:00:00
1038,265,272.38,46680835,279.3,262.66,272.8601,584892,2022-10-19 04:00:00
1039,272.78,268.16,17207104,278.3755,266.38,272.1012,222490,2022-10-20 04:00:00
1040,268.95,289.57,24887315,290.75,265.68,282.6096,305098,2022-10-21 04:00:00
1041,290.23,282.45,13326418,290.49,280.36,284.2932,193393,2022-10-24 04:00:00
1042,286.95,291.02,15091918,297.59,285.5501,292.4588,206773,2022-10-25 04:00:00
1043,290.04,298.62,15749252,305.63,288.04,299.9675,226805,2022-10-26 04:00:00
1044,298.33,296.94,14612586,305.21,294.78,300.0956,201793,2022-10-27 04:00:00
1045,297.7,295.72,9948047,301.19,292.2924,295.6644,147662,2022-10-28 04:00:00
1046,295.13,291.88,7505133,297.6199,289.5,292.1372,116719,2022-10-31 04:00:00
1047,296.17,286.75,6916424,299.7,286.42,290.3235,113127,2022-11-01 04:00:00
1048,286.4,273,10367620,287.33,272.84,279.417,174619,2022-11-02 04:00:00
1049,271.25,269.06,7057350,276.29,268.8,272.2566,121945,2022-11-03 04:00:00
1050,272.02,260.79,11124694,274.97,255.32,261.9374,188752,2022-11-04 04:00:00
1051,261.06,258.6,7927033,261.155,252.09,256.3793,144162,2022-11-07 05:00:00
1052,259.92,263.46,7683826,266.08,256.8801,262.5399,138655,2022-11-08 05:00:00
1053,259.66,254.66,7263082,260.9,254.2202,257.2062,121442,2022-11-09 05:00:00
1054,265.99,274.97,9667323,275.36,260.0901,270.0344,162398,2022-11-10 05:00:00
1055,274.47,290.13,9573834,290.66,271.5577,284.7034,161002,2022-11-11 05:00:00
1056,290,299.27,17973398,311,288.19,301.9829,278001,2022-11-14 05:00:00
1057,309.2,310.2,14626932,312.71,302.55,309.6387,208664,2022-11-15 05:00:00
1058,309.94,306.02,8038556,310.49,303.61,306.6542,130775,2022-11-16 05:00:00
1059,294.72,295.28,9838220,299.82,291,295.1827,160023,2022-11-17 05:00:00
1060,297.33,287.98,8390108,298,287,289.9302,124180,2022-11-18 05:00:00
1061,291,285.05,7256507,291.87,282.66,285.8992,123855,2022-11-21 05:00:00
1062,284.99,286.69,6220119,286.98,277.34,283.6583,101905,2022-11-22 05:00:00
1063,285.91,291.5,5918988,292.47,283.76,288.4167,98486,2022-11-23 05:00:00
1064,289,285.54,3235953,289.21,284.17,286.2049,59667,2022-11-25 05:00:00
1065,284,281.17,4707049,289.55,280.53,284.1618,93044,2022-11-28 05:00:00
1066,282.5,280.96,5786874,282.96,275.94,279.9187,98097,2022-11-29 05:00:00
1067,281.37,305.53,16070120,308.26,280.41,298.5126,226556,2022-11-30 05:00:00
1068,303.99,316.95,14664866,319.8,303.03,315.7958,244694,2022-12-01 05:00:00
1069,310.49,320.41,12690602,321.99,310,318.1587,200018,2022-12-02 05:00:00
1070,316.46,312.59,8415829,322.77,310.92,316.4992,152406,2022-12-05 05:00:00
1071,311,305.56,7192964,313.2231,303.13,306.264,125467,2022-12-06 05:00:00
1072,306.5,308.42,7821634,309.61,302.1,306.3752,125357,2022-12-07 05:00:00
1073,309.11,310.26,7205326,312.38,304.8098,309.1794,122885,2022-12-08 05:00:00
1074,321.45,320.01,14364032,329,319.52,323.876,240859,2022-12-09 05:00:00
1075,320,315.18,10148614,323.18,308.85,313.233,162472,2022-12-12 05:00:00
1076,328,320.34,10756428,332.7236,317.199,325.6826,197885,2022-12-13 05:00:00
1077,318.97,317.83,7539291,324.71,314.42,320.4955,127309,2022-12-14 05:00:00
1078,302.12,290.41,17720656,303.39,286.55,292.8404,293417,2022-12-15 05:00:00
1079,288.76,290.71,14076845,294.7199,288.7,291.2837,164920,2022-12-16 05:00:00
1080,289.73,288.3,6163667,292.25,286.13,288.8656,109229,2022-12-19 05:00:00
1081,281.24,288.19,6918114,289.28,280.81,286.4723,115408,2022-12-20 05:00:00
1082,289.99,297.96,6376173,300.66,286.5,296.2549,120355,2022-12-21 05:00:00
1083,298.09,297.75,7856192,298.88,290.8131,295.5804,130549,2022-12-22 05:00:00
1084,296.18,294.965,4251108,298.4614,291.91,294.7743,91573,2022-12-23 05:00:00
1085,293.19,284.17,5778098,293.57,282.13,286.8337,115469,2022-12-27 05:00:00
1086,281.92,276.88,5939369,285.19,273.41,277.9958,120141,2022-12-28 05:00:00
1087,283.18,291.12,9588527,295.4999,281.01,290.5858,155603,2022-12-29 05:00:00
1088,285.53,294.88,7566892,295.01,283.22,290.2027,141698,2022-12-30 05:00:00
1089,298.06,294.95,6763964,298.39,288.7,293.9222,129813,2023-01-03 05:00:00
1090,298.24,309.41,9305454,311.135,295.51,305.4959,172350,2023-01-04 05:00:00
1091,307,309.7,8328390,314.18,304.545,310.3685,149794,2023-01-05 05:00:00
1092,311.57,315.55,8959839,316.77,303.69,311.5998,161602,2023-01-06 05:00:00
1093,316.83,315.17,6766628,321.7,313.22,317.0744,141744,2023-01-09 05:00:00
1094,311.07,327.54,13072286,329.35,311.07,324.2457,214470,2023-01-10 05:00:00
1095,326.5,327.26,9579681,328.88,321.35,325.3126,165549,2023-01-11 05:00:00
1096,332.5,330.13,10856246,332.95,323.14,329.6678,159639,2023-01-12 05:00:00
1097,329.97,332.82,8286816,336.65,328.885,333.0999,156111,2023-01-13 05:00:00
1098,331.08,326.22,9246987,332.5,323.6,326.3935,171890,2023-01-17 05:00:00
1099,326.75,326.33,7814115,330.08,321.25,325.0245,144977,2023-01-18 05:00:00
1100,322.57,315.78,17991995,324.89,313.39,324.5061,294560,2023-01-19 05:00:00
1101,336.79,342.5,28430114,344,332.625,338.7615,419463,2023-01-20 05:00:00
1102,341.715,357.42,15646853,362.2453,340.6329,355.3977,269400,2023-01-23 05:00:00
1103,357.53,363.83,11786028,365.65,355.1401,362.0592,192471,2023-01-24 05:00:00
1104,360.57,367.96,7764807,368.8999,358.501,363.684,158128,2023-01-25 05:00:00
1105,368.77,364.87,8256844,369.02,361.7,365.1663,143277,2023-01-26 05:00:00
1106,363.2,360.77,6703548,365.92,360.59,362.7176,130305,2023-01-27 05:00:00
1107,358.44,353.11,5127593,360.95,352.855,355.752,115332,2023-01-30 05:00:00
1108,349.98,353.86,5660738,355.95,348.71,352.8294,104152,2023-01-31 05:00:00
1109,353.86,361.99,8005170,365.385,349.91,358.8417,149434,2023-02-01 05:00:00
1110,365.16,366.89,7856952,368.32,358.43,364.3749,160951,2023-02-02 05:00:00
1111,359.08,365.9,9402034,379.4301,359,369.7111,169516,2023-02-03 05:00:00
1112,363.642,361.48,4994942,368.45,360.68,363.5007,102913,2023-02-06 05:00:00
1113,358.51,362.95,6289368,364.1799,354.18,359.6807,105259,2023-02-07 05:00:00
1114,360.02,366.83,6253179,368.193,358.31,364.5313,110262,2023-02-08 05:00:00
1115,372.41,362.5,6901100,373.83,361.7444,367.9848,118607,2023-02-09 05:00:00
1116,359.16,347.36,7291096,362.14,347.14,352.2904,137480,2023-02-10 05:00:00
1117,349.5,358.57,7126245,359.7034,344.25,354.7786,121617,2023-02-13 05:00:00
1118,357.55,359.96,4624758,363.75,353.4,358.7927,91209,2023-02-14 05:00:00
1119,356.63,361.42,3969945,362.88,354.24,358.7658,80333,2023-02-15 05:00:00
1120,355,350.71,5215726,361.5,350.31,354.8956,95445,2023-02-16 05:00:00
1121,347.905,347.96,5294727,349,342.44,346.3914,91251,2023-02-17 05:00:00
1122,342.85,337.5,5698292,344.1253,336.4177,339.7212,112142,2023-02-21 05:00:00
1123,337.5,334.88,4546249,341.91,332.82,336.367,93812,2023-02-22 05:00:00
1124,331.23,323.65,13238673,331.28,314.3,321.7894,220121,2023-02-23 05:00:00
1125,319.3,317.15,6830692,321.5,314.52,316.7276,124347,2023-02-24 05:00:00
1126,323.87,323.03,6138380,330,322.121,325.3813,115579,2023-02-27 05:00:00
1127,323.7,322.13,3675300,327.62,321.17,323.7689,78816,2023-02-28 05:00:00
1128,321.55,313.48,4911311,326.6,312.36,316.9691,99791,2023-03-01 05:00:00
1129,310.96,311.88,4921053,315.57,310.38,312.5286,91780,2023-03-02 05:00:00
1130,315.45,315.18,5953319,317.49,310.82,315.2149,109850,2023-03-03 05:00:00
1131,317,312.03,5660743,323.3,311.8412,317.4939,103025,2023-03-06 05:00:00
1132,312.675,308.47,4553082,314.3,306.6226,310.1017,98956,2023-03-07 05:00:00
1133,309.29,311.79,3479474,311.83,305.75,309.4682,68415,2023-03-08 05:00:00
1134,312.08,297.78,7443350,312.51,294.88,301.4259,141916,2023-03-09 05:00:00
1135,297.905,292.76,5759315,298.79,289,293.5892,114010,2023-03-10 05:00:00
1136,287.34,293.51,6292385,299.24,285.3301,294.0953,118795,2023-03-13 04:00:00
1137,295.97,294.94,5956692,297.45,290.31,293.9979,112813,2023-03-14 04:00:00
1138,292.51,303.79,9215340,306.31,292.28,301.044,154741,2023-03-15 04:00:00
1139,304.75,310.06,7912371,316.6,301.71,310.8122,150926,2023-03-16 04:00:00
1140,310.06,303.5,6918777,310.76,300,304.1572,118389,2023-03-17 04:00:00
1141,299.79,305.13,5113430,307.5,296,303.3766,94800,2023-03-20 04:00:00
1142,306.32,305.79,4886279,307.92,300.43,304.6565,98160,2023-03-21 04:00:00
1143,306.31,293.9,5808035,306.45,293.54,300.1852,115490,2023-03-22 04:00:00
1144,304.68,320.37,15653347,322.78,304.14,317.5219,261497,2023-03-23 04:00:00
1145,320.63,328.39,13004085,331.83,320.63,327.6302,210303,2023-03-24 04:00:00
1146,327.55,327.66,8623263,336.44,324.41,330.3946,147789,2023-03-27 04:00:00
1147,326.06,323.52,6489388,333.32,321.28,326.4249,111626,2023-03-28 04:00:00
1148,326.29,332.03,6287336,332.85,325.73,329.8678,94531,2023-03-29 04:00:00
1149,340.2699,338.43,7131468,343.29,335.3,338.8625,125257,2023-03-30 04:00:00
1150,340.05,345.48,5610161,345.84,337.2001,342.5335,108308,2023-03-31 04:00:00
1151,341.83,348.28,4413650,348.58,340.4001,345.3861,95668,2023-04-03 04:00:00
1152,348.49,346.75,3298072,349.8,343.95,346.4442,71594,2023-04-04 04:00:00
1153,345.3,342.35,4205545,345.43,336.2526,340.479,89971,2023-04-05 04:00:00
1154,339.34,339.33,4660542,340.48,332.63,337.4835,93472,2023-04-06 04:00:00
1155,335.27,338.99,2657898,339.88,333.36,337.3686,74148,2023-04-10 04:00:00
1156,343.45,338.21,4044778,347.14,337.635,340.9415,91451,2023-04-11 04:00:00
1157,340.81,331.03,3965440,342.8,330.04,334.7539,95019,2023-04-12 04:00:00
1158,339.99,346.19,7406437,346.43,338.75,343.8165,147319,2023-04-13 04:00:00
1159,342.94,338.63,5350508,344.853,336.41,339.414,125185,2023-04-14 04:00:00
1160,338,332.72,6134507,338.39,327.5,331.8916,147443,2023-04-17 04:00:00
1161,335,333.7,17935276,337.19,330.5,328.5913,302786,2023-04-18 04:00:00
1162,324.21,323.12,22128267,325.75,316.1,321.8313,341366,2023-04-19 04:00:00
1163,320.39,325.35,9947800,331.4298,318.33,326.3865,160778,2023-04-20 04:00:00
1164,323,327.98,6347320,328.29,319.5,325.0809,104656,2023-04-21 04:00:00
1165,330.2,329.02,5584427,334.66,326.75,330.1512,102342,2023-04-24 04:00:00
1166,328.5,322.55,5426642,328.655,321.1,323.1455,96164,2023-04-25 04:00:00
1167,321.36,321.15,4623238,325.9,320.47,322.615,95775,2023-04-26 04:00:00
1168,324.3,325.85,5618768,327.45,317.44,323.861,112611,2023-04-27 04:00:00
1169,325.24,329.93,4228374,330.8077,324,328.7421,82981,2023-04-28 04:00:00
1170,329.435,324.12,5338904,331.23,318.09,323.3214,104850,2023-05-01 04:00:00
1171,325,317.55,4315212,326.07,315.62,318.9257,94227,2023-05-02 04:00:00
1172,317.55,319.3,5064057,324.62,315.85,321.039,101597,2023-05-03 04:00:00
1173,319.01,320.78,3879657,323.61,317.95,320.8772,84943,2023-05-04 04:00:00
1174,323.61,322.76,3990637,324.15,319.4401,322.1993,87620,2023-05-05 04:00:00
1175,322.99,331.21,5488593,332.56,322.03,330.2694,120010,2023-05-08 04:00:00
1176,330.67,332.14,5544852,336.32,329.7401,333.1924,109937,2023-05-09 04:00:00
1177,335.21,335.42,4281397,337.11,329.51,333.987,92176,2023-05-10 04:00:00
1178,334.98,344.76,8033531,345.47,331.84,341.019,135685,2023-05-11 04:00:00
1179,344.76,339.89,6082360,348.1664,337.3637,341.5829,136098,2023-05-12 04:00:00
1180,340.62,335.89,3652970,341.9,335.54,336.9422,91187,2023-05-15 04:00:00
1181,334,333.75,3334863,335.17,331.91,333.4579,79710,2023-05-16 04:00:00
1182,331.76,339.96,3958807,341.38,329.615,338.3763,91929,2023-05-17 04:00:00
1183,347.25,371.29,20925235,375.87,346.37,367.3313,350403,2023-05-18 04:00:00
1184,369.86,365.36,7822203,369.99,363.81,365.9727,150827,2023-05-19 04:00:00
1185,365.36,363.01,5406420,372.01,362.5,365.8064,111940,2023-05-22 04:00:00
1186,360.24,355.99,6866078,364.17,354.31,358.4336,144887,2023-05-23 04:00:00
1187,356.93,364.85,7973316,367.151,356.625,362.6293,160262,2023-05-24 04:00:00
1188,359.61,359,6263105,367.4499,357.42,361.4353,126897,2023-05-25 04:00:00
1189,361.1,378.88,9360436,383.76,356,375.0748,177028,2023-05-26 04:00:00
1190,397.48,392.98,10864990,405.11,385.79,394.156,225741,2023-05-30 04:00:00
1191,391.89,395.23,6988047,396.26,388.91,393.7853,136118,2023-05-31 04:00:00
1192,397.41,403.13,7160145,407.52,393.08,402.5871,152842,2023-06-01 04:00:00
1193,402.89,400.47,5902381,406.58,395.9,401.2752,139004,2023-06-02 04:00:00
1194,400.47,403.54,7247413,413.86,400.15,406.9958,158019,2023-06-05 04:00:00
1195,405,399.29,4991532,405.12,396.93,399.9227,117609,2023-06-06 04:00:00
1196,410.43,399.77,11932392,418.95,399.23,405.9687,213501,2023-06-07 04:00:00
1197,399.77,409.37,5991087,409.54,396.34,405.5546,122032,2023-06-08 04:00:00
1198,424.5,420.02,12372827,425.9,414.76,420.4452,231792,2023-06-09 04:00:00
1199,418.83,423.97,5967712,424.7,416.5669,420.9793,127039,2023-06-12 04:00:00
1200,430.01,435.73,7820535,437.27,428.4,433.9223,167193,2023-06-13 04:00:00
1201,434.99,440.86,8387679,447.33,433.5,441.2036,174815,2023-06-14 04:00:00
1202,444.1,445.27,7099915,448.65,439.5,444.3332,144231,2023-06-15 04:00:00
1203,446.15,431.96,8753740,447.51,430.9,437.359,163692,2023-06-16 04:00:00
1204,430.18,434.7,4752113,440,430,434.7439,121767,2023-06-20 04:00:00
1205,432.65,424.45,5146441,434.55,422.54,426.7332,123255,2023-06-21 04:00:00
1206,422.93,422.48,4872246,424.71,418.6801,421.2826,116065,2023-06-22 04:00:00
1207,418.59,424.02,8298600,425.82,417.73,422.6689,116279,2023-06-23 04:00:00
1208,422.435,415.94,4640022,430.9599,414.9,420.3299,107363,2023-06-26 04:00:00
1209,417.39,417.08,4818068,420.8789,411.5,417.2685,107514,2023-06-27 04:00:00
1210,423.1,429.84,8811342,437.2915,422.89,431.0291,173572,2023-06-28 04:00:00
1211,434.33,428.24,4926910,437.85,426.15,430.68,107596,2023-06-29 04:00:00
1212,431.1,440.49,7330394,444.12,431.1,440.1889,147509,2023-06-30 04:00:00
1213,439.76,441.44,3719607,441.545,431.62,436.6968,93096,2023-07-03 04:00:00
1214,444.91,445.9,6875414,450.97,439.6244,445.0062,145336,2023-07-05 04:00:00
1215,440,438.84,4944892,442.7999,430.72,435.9087,118435,2023-07-06 04:00:00
1216,438.6,438.1,4165144,442.325,435.8354,439.604,96695,2023-07-07 04:00:00
1217,438.52,441.71,4251737,444.41,436.82,440.5671,102799,2023-07-10 04:00:00
1218,438.65,440.21,4574559,440.8,431.0415,436.443,108315,2023-07-11 04:00:00
1219,444.55,444.05,5731657,445.4085,437.7494,442.6461,128542,2023-07-12 04:00:00
1220,447,450.38,6155875,451.67,441.177,447.6038,132667,2023-07-13 04:00:00
1221,452.785,441.91,7192532,456.48,439.7,446.7854,163376,2023-07-14 04:00:00
1222,445.57,450.05,6901141,456.68,445.1053,450.9804,153237,2023-07-17 04:00:00
1223,451,474.8,13195127,478.15,448.78,466.2313,254502,2023-07-18 04:00:00
1224,476.86,477.59,20983431,485,470,472.2269,425215,2023-07-19 04:00:00
1225,447,437.42,23989711,448.5,432,438.037,458169,2023-07-20 04:00:00
1226,437.37,427.5,17340028,438.24,423.19,428.2255,259416,2023-07-21 04:00:00
1227,425,428.37,8282369,428.64,419.19,425.4546,165184,2023-07-24 04:00:00
1228,427.18,427.7,4859843,430.8799,426.13,428.6423,119164,2023-07-25 04:00:00
1229,424.2,422.67,6007892,425.26,415.59,419.9834,146922,2023-07-26 04:00:00
1230,426.9,413.17,6594466,427.52,411.88,419.5378,148167,2023-07-27 04:00:00
1231,415.56,425.78,6428073,427.47,413.76,423.4765,128657,2023-07-28 04:00:00
1232,426.51,438.97,6584739,439.13,426.3,435.7938,137360,2023-07-31 04:00:00
1233,437.37,438.62,5725544,445.2499,431.4,440.4098,126258,2023-08-01 04:00:00
1234,435.23,429.7,4921781,435.56,426.56,430.3118,114693,2023-08-02 04:00:00
1235,427.8,431,6259309,441.93,427.19,435.9874,129146,2023-08-03 04:00:00
1236,433.06,431.6,5441811,436.5,426.27,432.1736,114677,2023-08-04 04:00:00
1237,436.455,440.76,4779703,441.11,428.9057,436.796,102352,2023-08-07 04:00:00
1238,440.36,438.3,3767195,443.57,435.1,438.0447,89936,2023-08-08 04:00:00
1239,439.74,428.9,3846639,440.62,427.59,431.7998,94393,2023-08-09 04:00:00
1240,431.12,429.98,5467607,438.12,428.69,433.1999,118229,2023-08-10 04:00:00
1241,428.98,421.66,3924944,430.6317,421.3277,424.2496,101871,2023-08-11 04:00:00
1242,421.99,427.78,3965963,428.845,418.78,425.6167,98255,2023-08-14 04:00:00
1243,424.41,423.7,3367998,429.12,421.04,425.3643,87531,2023-08-15 04:00:00
1244,423.73,415.45,3967021,424.51,415.25,418.3241,91946,2023-08-16 04:00:00
1245,415,403,6031469,415.24,401.5818,406.5011,132283,2023-08-17 04:00:00
1246,399.33,404.53,4312096,406.52,398.15,403.2774,105088,2023-08-18 04:00:00
1247,402.23,408.29,3861579,409.61,399.5,405.6565,92474,2023-08-21 04:00:00
1248,409,413.17,3603273,415.74,407.4,412.544,96173,2023-08-22 04:00:00
1249,418.4,427.55,8174732,437.02,417.71,429.6002,163498,2023-08-23 04:00:00
1250,425.41,406.93,5687799,427.59,406.165,412.3945,132868,2023-08-24 04:00:00
1251,412,416.03,5390933,419.25,407.5641,414.6103,113989,2023-08-25 04:00:00
1252,418.04,418.06,2928613,419.83,413.27,416.7779,69919,2023-08-28 04:00:00
1253,416,429.99,4481303,432.17,414.5,426.3246,96287,2023-08-29 04:00:00
1254,430.85,434.67,3625380,438.16,428.35,434.5455,92069,2023-08-30 04:00:00
1255,431.23,433.68,3802952,437.15,431.23,434.4711,77529,2023-08-31 04:00:00
