NVDA,open_price,close_price,trading_volume,highest_price,lowest_price,volume_weighted_avg_price,transaction_amt,date_time
0,70.7475,69.605,39315676,71.105,68.7875,69.6746,107545,2018-09-05 04:00:00
1,69.44,68.18,32279556,69.465,67.8478,68.3891,85287,2018-09-06 04:00:00
2,67.25,67.965,29541872,69.2325,66.7975,68.2857,83297,2018-09-07 04:00:00
3,68.1925,68.6825,22013828,68.9825,67.75,68.5434,60563,2018-09-10 04:00:00
4,68.215,68.2,24311272,69.1,68.005,68.4018,60134,2018-09-11 04:00:00
5,67.7975,67.05,41909036,67.995,65.48,66.6108,114568,2018-09-12 04:00:00
6,67.715,67.835,30553548,68.75,67.5403,68.1227,85178,2018-09-13 04:00:00
7,68.7475,69.1075,38693520,69.775,68.375,69.189,90813,2018-09-14 04:00:00
8,68.8505,68.4825,20552756,69.345,68.2875,68.8175,58982,2018-09-17 04:00:00
9,68.5225,67.755,29952092,69.56,67.6875,68.497,75206,2018-09-18 04:00:00
10,67.5681,67.995,22485860,68.1748,67.0625,67.7089,60571,2018-09-19 04:00:00
11,66.7625,66.57,43058276,67.19,66.025,66.586,109740,2018-09-20 04:00:00
12,66.69,65.8625,43512628,67.15,65.5275,66.1868,83297,2018-09-21 04:00:00
13,65.55,66.425,29391304,66.46,64.67,66.0263,66667,2018-09-24 04:00:00
14,67.0925,67.1025,28038984,67.355,66.2275,66.9487,70516,2018-09-25 04:00:00
15,67.1525,66.73,26854752,67.56,66.57,66.9344,62823,2018-09-26 04:00:00
16,67.085,66.85,21442868,67.3,66.5324,66.8708,55427,2018-09-27 04:00:00
17,68.1825,70.255,70939656,70.4788,67.9,69.644,183230,2018-09-28 04:00:00
18,71.04,72.34,62205812,73.015,70.65,72.1924,170439,2018-10-01 04:00:00
19,72.0625,71.62,38396472,73.19,71.395,72.3069,109898,2018-10-02 04:00:00
20,72.33,71.6825,32055076,72.405,70.6325,71.6064,85700,2018-10-03 04:00:00
21,71.3175,69.8225,39078756,71.5625,69.045,69.9794,118686,2018-10-04 04:00:00
22,69.5725,67.465,42663444,70.2,66.885,67.9638,129837,2018-10-05 04:00:00
23,66.625,66.4425,40861060,67.79,65.02,66.31,126963,2018-10-08 04:00:00
24,66.235,66.385,27349972,67.19,65.7,66.3702,80072,2018-10-09 04:00:00
25,65.315,61.4225,68493816,65.7775,61.4,63.126,214620,2018-10-10 04:00:00
26,60.5425,58.7825,72543716,61.89,58.5653,60.0453,234749,2018-10-11 04:00:00
27,61.3767,61.635,60823668,62.3853,59.9125,61.3168,173261,2018-10-12 04:00:00
28,61.5,58.845,44942528,61.5,58.835,59.7595,120986,2018-10-15 04:00:00
29,59.9825,61.4575,40871180,61.57,59.485,60.5811,112102,2018-10-16 04:00:00
30,62.085,60.765,32966804,62.47,60.27,61.0031,86320,2018-10-17 04:00:00
31,61.465,59.8825,52402192,61.8525,59.2725,60.2952,163056,2018-10-18 04:00:00
32,60.44,57.2925,61360996,60.6375,56.925,58.1552,167831,2018-10-19 04:00:00
33,57.82,57.805,36884364,58.83,56.7675,57.7196,103675,2018-10-22 04:00:00
34,55.1075,55.265,62643780,56.0475,54.1775,55.1427,183427,2018-10-23 04:00:00
35,54.8775,49.8525,88428796,55.3475,49.7125,52.2321,235184,2018-10-24 04:00:00
36,48.8675,51.96,95172160,52.4375,48.4204,50.3271,216097,2018-10-25 04:00:00
37,49.5775,49.5725,66478512,51.2105,48.28,49.6868,189433,2018-10-26 04:00:00
38,50.9975,46.405,75801764,51.0325,44.0025,47.8122,189889,2018-10-29 04:00:00
39,46.6375,50.75,80719072,50.85,46.405,48.6688,187364,2018-10-30 04:00:00
40,52.4125,52.7075,74524544,53.1475,51.0025,52.3472,167253,2018-10-31 04:00:00
41,53.075,54.5275,56652832,54.6225,51.7975,53.5886,133071,2018-11-01 04:00:00
42,54.4325,53.73,45233608,55.5,52.5527,53.8288,112030,2018-11-02 04:00:00
43,53.5975,52.9425,37894640,53.8325,51.32,52.3265,91901,2018-11-05 05:00:00
44,52.8625,52.765,29901036,53.7125,52.3912,53.1069,70205,2018-11-06 05:00:00
45,53.4375,53.4475,48364964,54.3525,52.795,53.5815,114596,2018-11-07 05:00:00
46,52.85,51.4975,51135292,52.8575,50.9575,51.7529,115009,2018-11-08 05:00:00
47,50.6,51.4175,41324196,52.33,50.26,51.3393,100395,2018-11-09 05:00:00
48,50.495,47.385,61711788,50.7175,47.165,48.0311,166729,2018-11-12 05:00:00
49,48.3725,49.8275,64471100,51.0525,48.3092,49.7504,151764,2018-11-13 05:00:00
50,51.575,49.2975,52657884,51.72,48.2076,49.8395,127084,2018-11-14 05:00:00
51,49.2375,50.5975,84070864,51.325,48.875,47.7804,193726,2018-11-15 05:00:00
52,40.83,41.1075,196351608,42.665,40.4025,41.3943,419740,2018-11-16 05:00:00
53,40.4475,36.175,169740020,40.455,36.1575,38.0215,345496,2018-11-19 05:00:00
54,33.515,37.27,169203312,38.565,33.3275,36.5732,343344,2018-11-20 05:00:00
55,38.655,36.1775,102549400,38.825,35.9025,36.8208,216033,2018-11-21 05:00:00
56,35.8275,36.25,41145244,37.3975,35.6973,36.7217,84775,2018-11-23 05:00:00
57,37.4725,38.2625,81483224,38.3675,36.64,37.4559,163595,2018-11-26 05:00:00
58,38,38.4325,73806024,39.2525,37.6375,38.4228,136628,2018-11-27 05:00:00
59,39.62,40.0175,80452548,40.07,38.2813,39.2803,163792,2018-11-28 05:00:00
60,40,39.34,54917360,40.375,39.035,39.5732,110208,2018-11-29 05:00:00
61,39.4375,40.8575,72956456,40.965,38.93,40.4176,138734,2018-11-30 05:00:00
62,43.15,42.51,89080436,43.67,41.835,42.6268,180173,2018-12-03 05:00:00
63,42.06,39.2775,81211148,42.11,39.125,40.3758,179823,2018-12-04 05:00:00
64,37.86,39.5725,69134964,39.623,37.7025,38.7027,163854,2018-12-06 05:00:00
65,39.615,36.9025,68167796,39.7175,36.404,37.5408,167553,2018-12-07 05:00:00
66,36.45,37.965,62947340,38.215,36.4125,37.7063,156335,2018-12-10 05:00:00
67,38.89,37.0475,67191328,38.9725,36.25,37.4429,162731,2018-12-11 05:00:00
68,37.105,37.225,65413592,38.195,36.205,37.4025,148115,2018-12-12 05:00:00
69,37.6975,37.2225,47138496,38.345,36.86,37.4434,106697,2018-12-13 05:00:00
70,36.8025,36.6125,47182124,37.6475,36.375,36.969,109598,2018-12-14 05:00:00
71,36.31,35.895,66286732,37.0375,35.31,36.1705,145372,2018-12-17 05:00:00
72,36.3375,36.735,56437004,37.5825,36.0625,37.0151,142790,2018-12-18 05:00:00
73,36.395,34.6275,74536588,36.9361,34.1075,35.4931,183962,2018-12-19 05:00:00
74,34.5425,33.775,74958788,35.45,33.172,34.1241,208710,2018-12-20 05:00:00
75,34.0425,32.3925,86374100,34.375,32.115,32.9018,191169,2018-12-21 05:00:00
76,31.6225,31.77,46383912,32.495,31.125,31.9215,113763,2018-12-24 05:00:00
77,32.235,33.275,69509936,33.285,31.115,32.1835,168724,2018-12-26 05:00:00
78,32.7475,32.7925,63704320,33.095,31.295,32.2118,155841,2018-12-27 05:00:00
79,33,33.4125,62849276,34.3475,32.5775,33.5038,146003,2018-12-28 05:00:00
80,33.85,33.375,46046012,34.1775,33.065,33.4398,99153,2018-12-31 05:00:00
81,32.66,34.055,50875360,34.62,32.5125,33.8933,114058,2019-01-02 05:00:00
82,33.4475,31.9975,70555144,33.79,31.9233,32.378,151601,2019-01-03 05:00:00
83,32.735,34.0475,58561932,34.4325,32.425,33.6403,141753,2019-01-04 05:00:00
84,34.625,35.85,70915920,36.2225,34.1075,35.4697,172630,2019-01-07 05:00:00
85,36.6725,34.9575,78601716,36.695,34.225,34.9708,186453,2019-01-08 05:00:00
86,35.475,35.645,61724136,36.1225,34.965,35.5589,138098,2019-01-09 05:00:00
87,35.45,36.3075,52315624,36.395,34.84,35.9022,111376,2019-01-10 05:00:00
88,36.0825,37.2075,87476264,37.4375,35.8025,36.9232,158071,2019-01-11 05:00:00
89,36.68,37.61,73016996,37.865,36.4425,37.4118,150119,2019-01-14 05:00:00
90,37.94,37.4675,61701004,38.3375,37.2825,37.7916,125673,2019-01-15 05:00:00
91,37.7425,37.21,47010368,38.075,37.1538,37.523,102245,2019-01-16 05:00:00
92,36.8775,37.93,49343620,38.3325,36.6025,37.524,106365,2019-01-17 05:00:00
93,38.4325,39.2325,65133692,39.495,37.9125,38.9499,132371,2019-01-18 05:00:00
94,38.9275,37.1925,66155104,39.045,36.8877,37.6013,148034,2019-01-22 05:00:00
95,37.75,37.3225,59034980,38.645,37.0075,37.6583,116813,2019-01-23 05:00:00
96,38.175,39.46,70846644,39.6375,38.1275,39.1572,140979,2019-01-24 05:00:00
97,38.86,40.0375,115522188,40.22,37.825,39.0516,187150,2019-01-25 05:00:00
98,34.1375,34.5025,251152676,35.41,32.75,34.2518,475656,2019-01-28 05:00:00
99,34.0375,32.9,115393388,34.525,32.7525,33.4119,242365,2019-01-29 05:00:00
100,33.6675,34.3475,97422956,34.4925,32.865,33.768,192215,2019-01-30 05:00:00
101,34.315,35.9375,84285352,36.2975,34.0958,35.6167,178301,2019-01-31 05:00:00
102,36.125,36.1825,62504700,36.6975,35.645,36.2904,127966,2019-02-01 05:00:00
103,36.3425,37.295,52860072,37.67,36.12,37.1807,106520,2019-02-04 05:00:00
104,37.415,37.4875,54242500,37.8575,37.075,37.4377,98981,2019-02-05 05:00:00
105,37.8225,38.25,70246588,38.9,37.7675,38.3687,138602,2019-02-06 05:00:00
106,37.782,36.855,63712000,37.805,36.4225,36.9482,130496,2019-02-07 05:00:00
107,36.1775,37.0425,46160548,37.15,36.0325,36.5828,93019,2019-02-08 05:00:00
108,36.5975,36.6125,49518060,37.145,36.125,36.6478,94557,2019-02-11 05:00:00
109,37,37.7925,59106052,37.95,36.855,37.5903,102023,2019-02-12 05:00:00
110,38.09,38.22,60537208,38.9575,37.9525,38.4061,105234,2019-02-13 05:00:00
111,38.21,38.6325,82726296,38.9163,37.775,39.1912,170299,2019-02-14 05:00:00
112,40.7375,39.335,151674936,40.9675,39.105,39.7686,267421,2019-02-15 05:00:00
113,39.2275,39.16,55189264,39.9725,39.035,39.5604,98327,2019-02-19 05:00:00
114,39.455,39.6375,54098948,40.315,39.3425,39.8955,106320,2019-02-20 05:00:00
115,39.765,38.9425,44854672,40.0125,38.795,39.2435,96101,2019-02-21 05:00:00
116,39.465,39.7975,40174124,39.9875,39.3275,39.7375,86803,2019-02-22 05:00:00
117,40.64,39.6725,65601924,41.32,39.585,40.3316,137443,2019-02-25 05:00:00
118,39.625,39.275,48846284,40.19,38.9375,39.4554,116735,2019-02-26 05:00:00
119,39.13,38.8525,50025524,39.3975,38.2775,38.8958,110710,2019-02-27 05:00:00
120,38.75,38.565,32494260,38.975,38.34,38.6336,73971,2019-02-28 05:00:00
121,39.0675,39.1125,35718712,39.5372,38.48,39.0797,80061,2019-03-01 05:00:00
122,39.5,39.195,40977000,39.73,38.625,39.1862,92726,2019-03-04 05:00:00
123,39.0375,39.13,36292476,39.5143,38.49,39.1118,74824,2019-03-05 05:00:00
124,39.04,38.0125,40352596,39.125,37.985,38.3716,78917,2019-03-06 05:00:00
125,37.775,37.315,45010492,37.8725,36.85,37.3525,86123,2019-03-07 05:00:00
126,36.415,37.66,42241484,37.7675,36.2,37.2613,75246,2019-03-08 05:00:00
127,37.8975,40.285,85972600,40.515,37.4225,39.7567,145516,2019-03-11 04:00:00
128,40.565,40.63,57957472,41.0975,39.7975,40.6117,111525,2019-03-12 04:00:00
129,41.0075,42.155,76890072,42.45,40.9325,42.0038,137719,2019-03-13 04:00:00
130,42.2475,41.39,51938520,42.3675,41.3125,41.7852,91842,2019-03-14 04:00:00
131,41.825,42.4525,66145928,42.8825,41.79,42.4917,103703,2019-03-15 04:00:00
132,42.77,42.2375,48699316,43.3125,41.9644,42.5543,91331,2019-03-18 04:00:00
133,43.19,43.9275,85497240,44.375,43.02,43.8812,155611,2019-03-19 04:00:00
134,44.22,43.6,71914860,44.7575,43.25,43.8213,125546,2019-03-20 04:00:00
135,43.8325,45.985,82431068,46.25,43.7825,45.3799,143238,2019-03-21 04:00:00
136,45.71,44.375,74764348,46.1999,44.235,44.9223,130300,2019-03-22 04:00:00
137,43.965,43.445,52521204,44.6125,42.7775,43.3885,101481,2019-03-25 04:00:00
138,44.8723,44.2175,70350712,45.4375,43.6492,44.5344,124457,2019-03-26 04:00:00
139,44.475,44.125,47437176,44.9425,43.425,44.033,84820,2019-03-27 04:00:00
140,44.3875,44.3125,48026408,44.975,43.7775,44.3708,76707,2019-03-28 04:00:00
141,44.985,44.89,45689516,45.135,44.4775,44.7896,74064,2019-03-29 04:00:00
142,45.815,45.57,48382448,45.875,45.0936,45.5259,83449,2019-04-01 04:00:00
143,45.8125,45.75,44091984,46.1972,45.38,45.7556,79800,2019-04-02 04:00:00
144,46.25,47.155,78877872,47.75,46.2,47.1858,179433,2019-04-03 04:00:00
145,47,47.065,45737676,47.4925,46.4325,46.9757,115324,2019-04-04 04:00:00
146,47.5,47.7375,47871996,47.9125,47.1325,47.6186,88364,2019-04-05 04:00:00
147,47.43,47.9475,42419368,48.2,47.1875,47.699,78951,2019-04-08 04:00:00
148,47.61,47.315,43833280,47.7225,46.89,47.2703,86535,2019-04-09 04:00:00
149,47.3075,48.025,44477228,48.285,47.2625,47.9265,100629,2019-04-10 04:00:00
150,48.05,47.885,37460148,48.3675,47.3875,47.8874,85484,2019-04-11 04:00:00
151,48.275,47.5025,47170656,48.315,47.415,47.7145,77459,2019-04-12 04:00:00
152,47.425,46.175,44009380,47.475,45.775,46.2789,105506,2019-04-15 04:00:00
153,46.57,47.0525,39496364,47.2425,46.241,46.8735,82793,2019-04-16 04:00:00
154,47.405,46.8225,35003072,47.615,46.5975,47.0118,81732,2019-04-17 04:00:00
155,46.89,46.575,37972816,47.2325,46.295,46.6639,71897,2019-04-18 04:00:00
156,46.3375,47.1175,27993552,47.275,46.02,46.851,60842,2019-04-22 04:00:00
157,47.25,47.6675,34685524,47.9825,47.1525,47.7322,80589,2019-04-23 04:00:00
158,47.7725,47.7925,31820480,48.2025,47.16,47.7632,71832,2019-04-24 04:00:00
159,47.3875,46.7275,49929748,47.6125,45.925,46.6346,118228,2019-04-25 04:00:00
160,45.1775,44.5225,86898916,45.2219,43.325,44.2125,203236,2019-04-26 04:00:00
161,44.6025,44.8325,39191932,45.1125,43.875,44.6576,80007,2019-04-29 04:00:00
162,44.5075,45.25,36292160,45.5075,44.315,45.1072,86534,2019-04-30 04:00:00
163,45.7775,45.1175,35428124,46.2025,45.115,45.6908,81488,2019-05-01 04:00:00
164,45.215,45.7975,39468540,46.2175,44.7788,45.6469,92486,2019-05-02 04:00:00
165,45.8825,45.7525,33682348,45.9825,45.1325,45.6293,81761,2019-05-03 04:00:00
166,43.875,44.9625,42217780,45.085,43.5,44.4929,104297,2019-05-06 04:00:00
167,44.475,43.2775,55291732,44.475,42.7925,43.5033,159322,2019-05-07 04:00:00
168,43,43.48,41916616,44.2875,42.88,43.7959,108189,2019-05-08 04:00:00
169,42.785,42.5475,66024656,42.8825,41.35,42.224,177987,2019-05-09 04:00:00
170,42.2375,42.205,56949804,42.8975,41,41.9144,183395,2019-05-10 04:00:00
171,40.875,39.6125,65691276,41.1075,39.4525,40.1835,207123,2019-05-13 04:00:00
172,40.0125,40.51,52487888,40.865,39.6226,40.41,137244,2019-05-14 04:00:00
173,39.95,39.895,50232004,40.2625,39.3525,39.9537,123035,2019-05-15 04:00:00
174,39.84,40.0475,78108816,40.4763,39.4125,40.3943,176215,2019-05-16 04:00:00
175,39.625,39.1325,102130792,40.9275,38.735,39.9132,199006,2019-05-17 04:00:00
176,38.1375,37.9375,57206536,38.6925,37.6875,38.1361,124527,2019-05-20 04:00:00
177,38.55,38.765,36141868,38.925,38.16,38.6443,73266,2019-05-21 04:00:00
178,38.375,38.05,32586960,38.6375,37.94,38.2021,72636,2019-05-22 04:00:00
179,37.4225,36.83,59184436,37.4225,36.2278,36.6902,141962,2019-05-23 04:00:00
180,37.02,36.2875,35758528,37.375,36.22,36.6838,86522,2019-05-24 04:00:00
181,36.465,35.8325,42835408,36.795,35.8125,36.1375,100324,2019-05-28 04:00:00
182,35.3525,35.085,55965148,35.705,34.735,35.1594,127152,2019-05-29 04:00:00
183,35.0775,34.7775,39429960,35.4375,34.3925,34.917,86152,2019-05-30 04:00:00
184,34.285,33.865,38971968,34.6123,33.8475,34.2064,82908,2019-05-31 04:00:00
185,33.9775,33.445,47744320,34.3675,33.15,33.7246,103140,2019-06-03 04:00:00
186,34.09,35.75,64183540,35.8025,33.8669,35.1414,118428,2019-06-04 04:00:00
187,36.4925,35.32,51161540,36.5475,34.955,35.4016,100071,2019-06-05 04:00:00
188,35.3625,35.945,40813848,36.1925,35.3375,35.762,78007,2019-06-06 04:00:00
189,36.005,36.375,34885752,36.72,35.8125,36.4053,68343,2019-06-07 04:00:00
190,36.94,37.1075,40278088,37.7975,36.94,37.379,81985,2019-06-10 04:00:00
191,37.71,37.6875,38387004,38.09,37.29,37.6966,71171,2019-06-11 04:00:00
192,37.25,36.55,35889192,37.3125,36.3975,36.6863,67834,2019-06-12 04:00:00
193,36.7725,37.065,30808108,37.25,36.595,36.945,55021,2019-06-13 04:00:00
194,36.1275,36.16,39090624,36.3725,35.709,36.0217,76790,2019-06-14 04:00:00
195,36.1425,36.2575,27563348,36.6302,35.9125,36.378,51829,2019-06-17 04:00:00
196,36.875,38.22,58191800,38.7775,36.765,38.184,113944,2019-06-18 04:00:00
197,38.575,38.28,33164396,38.6892,38.0185,38.2722,66554,2019-06-19 04:00:00
198,39.1925,38.525,35016728,39.3325,38.3795,38.7349,68666,2019-06-20 04:00:00
199,38.375,37.94,43442688,38.87,37.875,38.2102,68676,2019-06-21 04:00:00
200,38.155,38.165,28294872,38.4625,37.68,38.1719,51868,2019-06-24 04:00:00
201,38.215,37.87,31186644,38.97,37.8425,38.3549,62513,2019-06-25 04:00:00
202,39.1525,39.815,58407300,40.43,39.0225,39.9551,125813,2019-06-26 04:00:00
203,40.6775,40.8075,44544152,41,40.315,40.7125,83543,2019-06-27 04:00:00
204,41.25,41.0575,39766636,41.3425,40.5875,41.0022,65882,2019-06-28 04:00:00
205,43.1425,41.5425,71153308,43.4875,41.165,42.0237,129523,2019-07-01 04:00:00
206,41.375,40.5575,40022752,41.5873,40.425,40.8618,77145,2019-07-02 04:00:00
207,40.7925,40.6875,24663424,40.85,40.0854,40.4525,50989,2019-07-03 04:00:00
208,40.1,40.0575,39655388,40.145,39.42,39.8529,74699,2019-07-05 04:00:00
209,39.4575,39.3025,32978676,39.6475,39,39.2814,66058,2019-07-08 04:00:00
210,38.8775,39.3275,34286048,39.61,38.75,39.2579,64364,2019-07-09 04:00:00
211,39.765,40.015,45207596,40.5922,39.625,40.1021,83670,2019-07-10 04:00:00
212,40.75,41.57,68255856,41.98,40.375,41.3866,117970,2019-07-11 04:00:00
213,41.85,41.9025,50639264,42.6175,41.85,42.1532,93539,2019-07-12 04:00:00
214,42.115,41.8175,28983972,42.2764,41.5325,41.786,54329,2019-07-15 04:00:00
215,41.6675,41.77,34144392,42.0425,41.2106,41.6925,70201,2019-07-16 04:00:00
216,41.7875,42.4275,34820428,42.4975,41.4935,42.2346,61831,2019-07-17 04:00:00
217,42.5313,42.545,44317896,43.1775,41.9625,42.4355,75810,2019-07-18 04:00:00
218,42.93,42.11,34489580,42.995,42.05,42.5678,64479,2019-07-19 04:00:00
219,42.325,42.83,31593992,42.96,42.25,42.7017,60548,2019-07-22 04:00:00
220,43.225,43.915,42817656,43.935,43.0675,43.5677,77444,2019-07-23 04:00:00
221,44.35,44.665,36623748,44.7225,43.585,44.3025,81072,2019-07-24 04:00:00
222,44.2475,43.345,39269812,44.375,43.11,43.5873,73652,2019-07-25 04:00:00
223,43.6175,43.7675,27415988,44.2375,43.6175,43.9239,55230,2019-07-26 04:00:00
224,43.695,43.705,24811196,43.8674,42.8175,43.4827,48903,2019-07-29 04:00:00
225,43.2375,43.8625,19777044,43.985,43.0925,43.6032,43779,2019-07-30 04:00:00
226,43.545,42.18,35941564,43.5538,41.755,42.7382,80830,2019-07-31 04:00:00
227,42.285,41.23,42121256,43.195,40.7051,41.8274,100455,2019-08-01 04:00:00
228,40.2975,40.2975,42769328,40.995,39.82,40.2665,99472,2019-08-02 04:00:00
229,38.45,37.6975,58915744,38.4625,37.225,37.7912,139138,2019-08-05 04:00:00
230,38.45,38.0875,36127068,38.9075,37.6075,38.0837,79885,2019-08-06 04:00:00
231,37.475,38.4725,37256180,38.5925,37.3,38.1482,74943,2019-08-07 04:00:00
232,39.0525,39.565,30929888,39.5775,38.475,39.2219,69838,2019-08-08 04:00:00
233,39.1525,38.545,34181672,39.1875,38.0375,38.5095,75027,2019-08-09 04:00:00
234,38.02,37.8625,27919496,38.545,37.6425,38.0223,58084,2019-08-12 04:00:00
235,37.8475,39.0125,36051244,39.475,37.455,38.8929,81958,2019-08-13 04:00:00
236,38.1259,37.5175,41988132,38.2375,37.0778,37.6004,90246,2019-08-14 04:00:00
237,37.7075,37.1925,55446204,37.9075,36.8485,37.7147,129760,2019-08-15 04:00:00
238,39.8375,39.89,101538512,40.385,39.22,39.7845,183062,2019-08-16 04:00:00
239,41.03,42.695,81632244,42.855,40.8675,42.1841,156440,2019-08-19 04:00:00
240,42.64,41.9675,46082160,42.645,41.755,42.0438,91680,2019-08-20 04:00:00
241,42.6325,42.8075,42791092,43.3625,42.415,42.9631,88488,2019-08-21 04:00:00
242,42.905,42.87,30375672,43.3325,42.4761,42.9263,67842,2019-08-22 04:00:00
243,42.1,40.61,56949732,42.6475,40.41,41.1726,123128,2019-08-23 04:00:00
244,41.4025,41.3625,31859416,41.645,40.9775,41.3394,66871,2019-08-26 04:00:00
245,41.7475,40.45,28894956,41.775,40.155,40.7289,68002,2019-08-27 04:00:00
246,40.145,40.305,25582812,40.835,39.75,40.368,57015,2019-08-28 04:00:00
247,41.225,41.75,35837304,42.075,41.19,41.7559,75124,2019-08-29 04:00:00
248,42.215,41.8775,29090848,42.715,41.695,42.0953,65582,2019-08-30 04:00:00
249,41.145,41.0425,29651080,41.4775,40.813,41.0636,62147,2019-09-03 04:00:00
250,41.6525,42.19,22812036,42.265,41.6525,42.0563,57904,2019-09-04 04:00:00
251,43.2163,44.935,69648500,44.9975,43.2,44.5072,152781,2019-09-05 04:00:00
252,44.7,44.6625,37697676,45.2725,44.28,44.7137,81201,2019-09-06 04:00:00
253,44.975,45.125,41752532,45.995,44.96,45.3912,89655,2019-09-09 04:00:00
254,44.795,45.795,35281220,46.0625,44.6975,45.4791,86987,2019-09-10 04:00:00
255,45.9425,46.0825,36151128,46.5675,45.6501,46.1715,80637,2019-09-11 04:00:00
256,46.55,46.0675,32784100,47.1,45.9875,46.5245,73601,2019-09-12 04:00:00
257,45.3975,45.485,32459148,45.77,45.045,45.4364,82472,2019-09-13 04:00:00
258,44.73,45.0525,23183184,45.4,44.625,45.0969,62799,2019-09-16 04:00:00
259,45.12,45.2675,22847312,45.3089,44.6525,45.0306,63878,2019-09-17 04:00:00
260,45.1975,44.995,26403768,45.355,44.125,44.8383,72581,2019-09-18 04:00:00
261,45.055,44.235,25634276,45.24,44.1275,44.5911,57770,2019-09-19 04:00:00
262,44.225,43.1725,35725180,44.4625,43.07,43.6389,79103,2019-09-20 04:00:00
263,43.175,43.71,25561788,44.1675,43.1375,43.786,85298,2019-09-23 04:00:00
264,44.025,43.1325,32124180,44.3225,42.775,43.3826,89737,2019-09-24 04:00:00
265,43.1275,44.5575,31227488,44.755,42.6775,44.0327,85595,2019-09-25 04:00:00
266,44.46,44.335,23782592,44.5475,43.8225,44.2032,62246,2019-09-26 04:00:00
267,43.915,42.94,36595896,44.425,42.33,43.3043,97345,2019-09-27 04:00:00
268,43.2,43.5175,19319908,43.62,42.885,43.3496,60080,2019-09-30 04:00:00
269,43.75,43.5,36756600,45.25,43.4525,44.2371,104499,2019-10-01 04:00:00
270,43.28,43.26,29566176,43.4,42.5325,42.9837,88154,2019-10-02 04:00:00
271,43.305,45.3275,46273060,45.39,43,44.5112,135981,2019-10-03 04:00:00
272,45.35,45.4925,26796020,45.7875,44.695,45.349,86183,2019-10-04 04:00:00
273,46.145,46.0825,48831356,47.085,46.0575,46.5453,121781,2019-10-07 04:00:00
274,45.16,44.3075,44934264,45.16,44.125,44.5448,110821,2019-10-08 04:00:00
275,45.08,45.1775,30788328,45.675,44.79,45.2133,78574,2019-10-09 04:00:00
276,45.155,45.7575,32751556,46.27,45.1025,45.7933,79304,2019-10-10 04:00:00
277,46.6025,46.4975,45086672,47.335,46.4125,46.9154,113322,2019-10-11 04:00:00
278,46.41,46.6325,21033576,46.8425,46.0963,46.4997,50957,2019-10-14 04:00:00
279,47.54,49.0925,66798532,49.8225,47.4,48.9041,158154,2019-10-15 04:00:00
280,48.75,48.5525,43275312,49.805,48.4375,49.0555,104524,2019-10-16 04:00:00
281,49,48.5725,26431696,49.4536,48.025,48.5744,69065,2019-10-17 04:00:00
282,48.5775,47.6225,30762420,48.905,46.875,47.8158,81018,2019-10-18 04:00:00
283,48.24,49.0025,26696684,49.1375,48.05,48.7806,60461,2019-10-21 04:00:00
284,49.575,48.9025,33736912,50.6325,48.825,49.4143,87216,2019-10-22 04:00:00
285,48.0775,48.7725,28577000,48.915,47.7575,48.5183,63517,2019-10-23 04:00:00
286,49.1875,49.215,23903732,49.5525,48.845,49.2761,57845,2019-10-24 04:00:00
287,50.025,51.135,42309152,51.3451,49.9475,50.8592,109434,2019-10-25 04:00:00
288,51.575,51.6975,33079164,52.225,51.2792,51.7546,81367,2019-10-28 04:00:00
289,51.5575,50.73,21123680,51.6225,50.535,50.9112,57121,2019-10-29 04:00:00
290,51,50.75,20596152,51.0575,50.065,50.5739,55456,2019-10-30 04:00:00
291,50.54,50.255,20973260,50.75,49.4525,50.0604,58690,2019-10-31 04:00:00
292,49.9,50.6475,28363824,50.9725,49.6481,50.5543,71245,2019-11-01 04:00:00
293,51.4625,52.625,37671620,52.75,51.2301,51.9979,92240,2019-11-04 05:00:00
294,52.6225,52.4025,30086848,52.885,51.92,52.5417,77152,2019-11-05 05:00:00
295,52.16,51.9075,26901340,52.4175,51.0275,51.6755,67156,2019-11-06 05:00:00
296,52.7765,52.085,28033952,52.925,51.635,52.3989,77396,2019-11-07 05:00:00
297,51.915,51.945,18940748,52.2625,51.5375,51.9061,52197,2019-11-08 05:00:00
298,51.9375,52.045,24378944,52.2775,51.07,51.8469,62299,2019-11-11 05:00:00
299,52.43,52.4025,28383884,52.965,52.0775,52.5325,73307,2019-11-12 05:00:00
300,52.0875,52.1425,30236496,52.365,51.475,51.9343,74297,2019-11-13 05:00:00
301,52.2325,52.4475,52686540,52.47,51.629,52.241,149066,2019-11-14 05:00:00
302,52.425,51.0475,105364636,52.945,50.1594,51.2594,240723,2019-11-15 05:00:00
303,50.9725,53.07,57531852,53.3375,50.9425,52.6416,156698,2019-11-18 05:00:00
304,52.758,51.9975,41538024,52.995,51.4125,52.0402,111742,2019-11-19 05:00:00
305,51.7675,52.795,47301752,53.6375,51.6411,52.7188,125296,2019-11-20 05:00:00
306,52.75,52.545,28838920,53.31,52.3275,52.7597,76537,2019-11-21 05:00:00
307,52.7725,52.7225,22398380,53.2408,52.485,52.8103,60264,2019-11-22 05:00:00
308,54.01,55.3025,50734744,55.3525,53.88,54.9893,135665,2019-11-25 05:00:00
309,55.125,54.25,38568092,55.1724,54.185,54.4827,88848,2019-11-26 05:00:00
310,54.6675,54.56,21642872,55.0125,54.295,54.5532,58856,2019-11-27 05:00:00
311,54.25,54.185,14155696,54.535,53.945,54.2164,40028,2019-11-29 05:00:00
312,54.115,52.3125,37386968,54.25,52.16,52.7448,110156,2019-12-02 05:00:00
313,50.4675,51.915,47414612,51.955,50.0925,51.0995,131314,2019-12-03 05:00:00
314,52.755,52.355,27361836,52.98,52.0675,52.5121,76000,2019-12-04 05:00:00
315,52.575,52.185,18513776,52.7325,51.8771,52.2444,57101,2019-12-05 05:00:00
316,52.88,53.0425,23241828,53.3725,52.78,53.0814,67657,2019-12-06 05:00:00
317,52.8125,53.0425,21513280,53.5925,52.725,53.2134,63830,2019-12-09 05:00:00
318,53.345,53.495,25428912,54.015,52.815,53.5984,68543,2019-12-10 05:00:00
319,53.6,54.335,23376988,54.39,53.575,54.0899,61139,2019-12-11 05:00:00
320,54.045,56.0175,40608336,56.2,53.955,55.449,115212,2019-12-12 05:00:00
321,56.0475,55.9975,45496732,57.245,55.455,56.2335,122516,2019-12-13 05:00:00
322,56.475,56.2875,32130736,57.0161,56.1925,56.5703,74057,2019-12-16 05:00:00
323,56.475,57.0725,32326392,57.3,56.38,56.9635,85876,2019-12-17 05:00:00
324,57.4225,57.3775,34427876,57.985,57.3375,57.6473,92444,2019-12-18 05:00:00
325,57.725,58.865,45310696,59,57.675,58.65,121824,2019-12-19 05:00:00
326,59.5325,59.8425,60338428,60.0975,59.3388,59.7831,116747,2019-12-20 05:00:00
327,60.13,59.705,35473500,60.4525,59.5975,59.9147,86947,2019-12-23 05:00:00
328,59.55,59.655,13886388,59.8275,59.205,59.5053,36181,2019-12-24 05:00:00
329,59.69,59.7975,18321804,60.08,59.5,59.788,47502,2019-12-26 05:00:00
330,59.95,59.2175,25465004,60.085,58.9525,59.3147,63152,2019-12-27 05:00:00
331,58.9975,58.08,25824712,59.05,57.765,58.1781,72280,2019-12-30 05:00:00
332,57.725,58.825,23121132,58.9188,57.5325,58.6215,58663,2019-12-31 05:00:00
333,59.6875,59.9775,23767876,59.9775,59.18,59.6808,67912,2020-01-02 05:00:00
334,58.775,59.0175,20567872,59.4575,58.525,59.0961,63604,2020-01-03 05:00:00
335,58.08,59.265,26291248,59.3175,57.8275,58.8672,73912,2020-01-06 05:00:00
336,59.55,59.9825,31920576,60.4425,59.0975,59.9638,81624,2020-01-07 05:00:00
337,59.94,60.095,27724068,60.51,59.5373,60.0783,70240,2020-01-08 05:00:00
338,60.9625,60.755,25544212,61.4824,60.2138,60.9001,74146,2020-01-09 05:00:00
339,61.8325,61.08,31646240,62.1375,60.9375,61.5329,88189,2020-01-10 05:00:00
340,61.915,62.995,32033804,63.2471,61.6875,62.6724,94771,2020-01-13 05:00:00
341,62.565,61.82,35957932,62.82,61.6875,62.1112,100708,2020-01-14 05:00:00
342,61.9475,61.3925,26291544,62.1723,61.1325,61.5568,84672,2020-01-15 05:00:00
343,61.93,62.2325,28419164,62.2925,61.6938,62.0025,70540,2020-01-16 05:00:00
344,62.425,62.32,25376896,62.5,61.8425,62.1975,66857,2020-01-17 05:00:00
345,61.9513,61.985,21791700,62.3225,61.6426,62.0224,59103,2020-01-21 05:00:00
346,62.44,62.5125,23923868,63.3975,62.25,62.8473,76132,2020-01-22 05:00:00
347,62.93,63.215,24451444,63.3,62.0375,62.8502,70145,2020-01-23 05:00:00
348,64.375,62.62,37351356,64.875,62.075,63.2694,102729,2020-01-24 05:00:00
349,59.56,60.05,47053376,60.5625,58.0575,59.9144,127191,2020-01-27 05:00:00
350,60.7125,61.9925,31097604,62.3175,60.1786,61.4535,80343,2020-01-28 05:00:00
351,61.8475,61.385,25945116,62.21,60.985,61.5002,70764,2020-01-29 05:00:00
352,60.4025,61.4525,29050360,61.5875,59.85,60.7886,80282,2020-01-30 05:00:00
353,60.9925,59.1075,37041972,61.1125,58.6875,59.5259,108600,2020-01-31 05:00:00
354,58.925,60.0825,25592820,60.2778,58.8625,59.9151,73518,2020-02-03 05:00:00
355,61.5075,61.7825,27154356,61.975,61.005,61.5528,86750,2020-02-04 05:00:00
356,62.9975,62.69,20822008,63.1,61.8525,62.5252,75461,2020-02-05 05:00:00
357,63.035,63.5613,21828204,63.5625,62.22,63.0668,65483,2020-02-06 05:00:00
358,63.16,62.8975,18975212,63.3825,62.643,62.9864,57213,2020-02-07 05:00:00
359,63.125,65.7425,52960776,65.75,63.075,64.8963,138957,2020-02-10 05:00:00
360,66.83,66.9725,63855688,68.125,66.2075,67.3011,167142,2020-02-11 05:00:00
361,67.5025,68.135,37464472,68.2,67.1119,67.7806,113755,2020-02-12 05:00:00
362,67.5525,67.695,52724012,68.37,67.2775,68.6844,160103,2020-02-13 05:00:00
363,71.815,72.4475,104192372,73.7425,71.5,72.5455,289382,2020-02-14 05:00:00
364,71.4109,74.1425,62188100,74.3275,71.215,73.095,164870,2020-02-18 05:00:00
365,75.3725,78.675,69426124,78.8525,75.3714,77.5812,204299,2020-02-19 05:00:00
366,78.1913,77.175,81005036,79.08,74.0875,77.1314,216245,2020-02-20 05:00:00
367,76.0475,73.5175,76929324,76.3,72.665,74.1014,221330,2020-02-21 05:00:00
368,67.5475,68.32,85691132,70.4681,67,68.9624,284113,2020-02-24 05:00:00
369,69.0759,65.5125,105549768,69.6975,64.49,66.1359,301960,2020-02-25 05:00:00
370,65.515,66.9125,74654144,68.8625,65.5,67.3775,210168,2020-02-26 05:00:00
371,63.725,63.15,90641492,66.75,62.2225,64.4323,268430,2020-02-27 05:00:00
372,60.6138,67.5175,113467528,68.115,60.4475,64.9108,346145,2020-02-28 05:00:00
373,69.225,69.1075,89074556,69.3975,65.25,67.713,256780,2020-03-02 05:00:00
374,69.6666,66.4725,64963312,70.2675,65.615,67.842,201045,2020-03-03 05:00:00
375,67.55,71.1275,59740736,71.2225,66.8,69.2165,157582,2020-03-04 05:00:00
376,69.125,68.3225,53990748,70.8,67.875,69.0474,151150,2020-03-05 05:00:00
377,66.52,66.51,51519276,67.0975,64.5,65.8108,167821,2020-03-06 05:00:00
378,59.975,61.36,61415840,64.85,59.545,62.3294,202729,2020-03-09 04:00:00
379,64.135,65.27,57896872,65.27,61.4975,63.6765,170330,2020-03-10 04:00:00
380,63.8638,61.6175,50206772,64.15,60.6425,62.4889,158640,2020-03-11 04:00:00
381,56.365,54.0775,81654140,59.0298,53.95,56.2535,254309,2020-03-12 04:00:00
382,57.625,60.21,63483772,60.255,54.9025,57.2502,202928,2020-03-13 04:00:00
383,53.1025,49.1,72697212,56.525,48.5,52.8915,226369,2020-03-16 04:00:00
384,50.2275,54.3175,83363196,55.215,47.75,52.472,265490,2020-03-17 04:00:00
385,50.0238,50.705,87426628,52.485,45.1702,49.0445,263397,2020-03-18 04:00:00
386,50.49,53.2425,76520388,54.1825,48.3475,51.9944,206906,2020-03-19 04:00:00
387,54.75,51.4375,80463416,57.58,51.2825,54.4319,219531,2020-03-20 04:00:00
388,51.4275,53.1725,64387464,54.12,49.63,52.2397,185001,2020-03-23 04:00:00
389,57.25,62.295,110164380,63.165,57.0125,61.2085,317558,2020-03-24 04:00:00
390,63.45,61.405,79343068,65.455,60.915,63.503,232153,2020-03-25 04:00:00
391,63.485,64.31,69758768,65.555,62.5,64.0048,196883,2020-03-26 04:00:00
392,62.5,63.1825,63882976,65.7794,62.17,63.8306,176081,2020-03-27 04:00:00
393,63.84,66.3975,60225012,66.49,63.3975,65.5545,174110,2020-03-30 04:00:00
394,66.8,65.9,94996056,68.85,64.4375,66.633,239233,2020-03-31 04:00:00
395,63.9125,60.7675,65691312,65.3825,60.32,62.8363,185913,2020-04-01 04:00:00
396,61.06,63.8675,67576452,64,60.5775,62.5731,176064,2020-04-02 04:00:00
397,63.49,60.9775,65881384,63.9075,59.5975,61.1507,182525,2020-04-03 04:00:00
398,63.81,67.1,72788248,67.47,63.2325,65.5856,196482,2020-04-06 04:00:00
399,69.325,64.7575,78452188,69.5625,64.325,66.4768,212499,2020-04-07 04:00:00
400,65.8525,66.7375,54244452,66.9875,65.15,66.2906,130946,2020-04-08 04:00:00
401,68,65.7375,52624780,68.23,65.105,66.2375,152436,2020-04-09 04:00:00
402,65.1375,67.4625,39840728,67.55,64.25,66.2767,114702,2020-04-13 04:00:00
403,68.75,70.9875,53094668,71.33,68.4723,70.3864,157288,2020-04-14 04:00:00
404,69.3,70.21,36614884,71.0418,68.845,70.0216,108687,2020-04-15 04:00:00
405,71.77,73.675,74562040,74.75,71.6375,73.3012,215924,2020-04-16 04:00:00
406,74.5,73.08,53912196,74.715,71.735,73.0174,174594,2020-04-17 04:00:00
407,71.81,71.7625,44938820,73.375,71.3175,72.3432,128255,2020-04-20 04:00:00
408,70.5775,67.3775,73515984,71.1925,66.7775,68.3216,240374,2020-04-21 04:00:00
409,69.3075,71.5375,48472912,71.9675,68.85,70.86,133252,2020-04-22 04:00:00
410,71.96,71.0025,42415952,73.2844,70.75,71.9887,119135,2020-04-23 04:00:00
411,70.9,72.3975,35264548,72.4175,70.15,71.5361,104571,2020-04-24 04:00:00
412,73.7475,74.27,47938796,75.875,73.5,74.6379,144898,2020-04-27 04:00:00
413,75.75,72.84,44290412,76.05,72.785,73.9869,134429,2020-04-28 04:00:00
414,74.1925,74.615,37916188,75.145,73.4375,74.5084,113579,2020-04-29 04:00:00
415,74.0732,73.07,37591772,74.615,72.93,73.5126,110160,2020-04-30 04:00:00
416,71.0875,70.695,34209780,72.225,70.2108,70.9641,120222,2020-05-01 04:00:00
417,70.22,72.8213,31755520,72.96,70.22,72.0502,107878,2020-05-04 04:00:00
418,73.8675,73.435,36889564,75.0675,72.8225,73.9979,113024,2020-05-05 04:00:00
419,74.2325,74.4475,32346556,75.5,73.8525,74.8414,96677,2020-05-06 04:00:00
420,75.845,76.2175,37373052,76.8525,75.3308,76.185,116008,2020-05-07 04:00:00
421,76.9375,78.125,33990712,78.1875,76.5975,77.7051,107204,2020-05-08 04:00:00
422,78.075,80.655,46866016,81.125,77.7875,80.2151,149129,2020-05-11 04:00:00
423,81.235,78.025,49305928,81.725,77.9275,80.161,150466,2020-05-12 04:00:00
424,79.175,77.8,62585008,80.785,75.9475,78.3706,197482,2020-05-13 04:00:00
425,78.4163,80.305,60231236,80.36,76.875,78.5965,169937,2020-05-14 04:00:00
426,78.8975,84.9075,98766172,85.005,78.74,81.8615,260232,2020-05-15 04:00:00
427,87.605,87.5025,77640344,89.165,86.805,87.7755,228489,2020-05-18 04:00:00
428,87.9025,88.055,71732196,90.875,87.6275,89.6938,209348,2020-05-19 04:00:00
429,89.91,89.7,58753620,90.43,88.8875,89.5767,168722,2020-05-20 04:00:00
430,90.515,87.7525,76106964,90.5241,87.375,88.5967,262332,2020-05-21 04:00:00
431,88.2525,90.2625,103876500,90.93,87.1325,89.8511,300892,2020-05-22 04:00:00
432,91.5675,87.1775,77077904,91.8175,86.72,88.546,241417,2020-05-26 04:00:00
433,86.25,85.2525,117589224,86.3275,79.9675,83.2087,371141,2020-05-27 04:00:00
434,84.1225,84.87,73612816,87.605,83.7925,86.2837,205734,2020-05-28 04:00:00
435,85.545,88.755,74591976,88.755,84.85,86.8081,187898,2020-05-29 04:00:00
436,88.3325,88.0625,39051100,88.4075,86.895,87.7467,128505,2020-06-01 04:00:00
437,87.9625,88.2525,39132056,88.3725,86.58,87.5055,128872,2020-06-02 04:00:00
438,88.2225,87.695,35943888,88.6625,87,87.7044,125197,2020-06-03 04:00:00
439,87.28,87.665,42427840,89.4325,86.775,88.0033,129274,2020-06-04 04:00:00
440,87.945,89.2,48174604,89.97,87.0798,88.8548,150315,2020-06-05 04:00:00
441,88.7725,88.05,38773564,88.8963,86.8575,87.6298,136408,2020-06-08 04:00:00
442,88,90.46,46848884,91.0975,87.5125,90.0896,159775,2020-06-09 04:00:00
443,91.6775,93.6675,63218148,95,91.535,93.7855,200559,2020-06-10 04:00:00
444,91.5,87.9625,58365024,92.6125,87.86,90.1794,205587,2020-06-11 04:00:00
445,91.625,89.325,57090816,91.8725,87.0335,89.4548,187984,2020-06-12 04:00:00
446,88.1525,91.7375,40000216,91.8225,87.4375,90.3501,132750,2020-06-15 04:00:00
447,92.25,90.685,53571500,92.6675,88.3875,90.4548,181694,2020-06-16 04:00:00
448,91.1375,92.36,40830564,92.99,90.7025,91.9609,123939,2020-06-17 04:00:00
449,92.27,92.18,25440952,92.825,91.145,91.91,81883,2020-06-18 04:00:00
450,92.425,92.6125,52016052,94.45,92.2734,93.221,131391,2020-06-19 04:00:00
451,93,95.2675,39846648,95.3125,92.733,94.4634,119418,2020-06-22 04:00:00
452,95.51,94.5,37510740,96.425,94.075,95.3351,124560,2020-06-23 04:00:00
453,94.7625,92.355,44937088,95.5638,91.4451,93.1608,153893,2020-06-24 04:00:00
454,93.5575,94.9,37607200,95.05,91.8225,93.599,122742,2020-06-25 04:00:00
455,95,91.55,59168576,95,91.25,92.2197,182376,2020-06-26 04:00:00
456,91.6975,92,34224812,92.045,89,90.9805,120571,2020-06-29 04:00:00
457,93.1399,94.9775,36789200,95.2625,92.665,94.5759,121657,2020-06-30 04:00:00
458,95.2075,95.3,32664680,95.7567,94.13,95.1746,110086,2020-07-01 04:00:00
459,96.39,96.1225,36405408,97.375,95.7825,96.5832,109997,2020-07-02 04:00:00
460,97.4175,98.3925,31589372,99.0875,97.125,98.1964,113781,2020-07-06 04:00:00
461,99.4625,98.7175,35768552,100.7,98.5075,99.7078,133284,2020-07-07 04:00:00
462,99.9375,102.16,36448052,102.25,99.655,100.9995,132464,2020-07-08 04:00:00
463,103.8025,105.09,49454720,105.7,102.335,104.1692,181733,2020-07-09 04:00:00
464,105.8875,104.7925,49767476,106.5525,103.7875,105.0333,168505,2020-07-10 04:00:00
465,105.95,100.5225,45707496,107.9225,100.25,104.7188,212170,2020-07-13 04:00:00
466,100.75,103.77,54267420,104.0275,97.855,101.3166,213622,2020-07-14 04:00:00
467,104.1425,102.2725,40398492,104.33,100.5575,102.3332,158922,2020-07-15 04:00:00
468,100.15,101.3475,34496472,102.0675,98.955,100.5707,135573,2020-07-16 04:00:00
469,102.255,102.015,26628464,102.485,100.8775,101.8262,98528,2020-07-17 04:00:00
470,102.7425,105.1075,28485084,105.3125,101.5675,103.8629,111208,2020-07-20 04:00:00
471,105.13,103.285,27766684,105.5993,102.8675,103.8351,116592,2020-07-21 04:00:00
472,103.675,104.3875,36729084,106.025,102.9156,104.5417,122212,2020-07-22 04:00:00
473,104.5,101.2975,41166128,105.47,100.3125,102.7,168387,2020-07-23 04:00:00
474,98.75,101.945,47329200,103.6475,97.77,101.4907,167184,2020-07-24 04:00:00
475,102.3225,104.215,29213020,104.4175,102.1775,103.6182,113233,2020-07-27 04:00:00
476,103.7425,102.155,27163604,103.82,102.0925,102.9203,98070,2020-07-28 04:00:00
477,103.908,104.655,28450768,105.1625,103.47,104.5524,105809,2020-07-29 04:00:00
478,103.75,106.14,30888016,106.2305,102.9525,104.93,128521,2020-07-30 04:00:00
479,105.6325,106.1475,38628600,107.665,104.33,105.5648,146105,2020-07-31 04:00:00
480,107.325,110.1025,41301824,110.9875,107.1525,109.5162,161658,2020-08-03 04:00:00
481,110.5,112.2775,31033560,112.2775,109.06,111.1767,124858,2020-08-04 04:00:00
482,112.44,112.8675,25049972,113.7168,111.6625,112.8374,106191,2020-08-05 04:00:00
483,113.4975,113.355,24431568,113.58,111.7875,112.8606,101819,2020-08-06 04:00:00
484,113.125,111.995,34251596,115.0475,110.375,112.7093,142332,2020-08-07 04:00:00
485,113.3425,111.65,42779592,114.0825,108.565,111.6116,166774,2020-08-10 04:00:00
486,110.7375,108.5,35451052,111.3675,107.9575,109.765,149485,2020-08-11 04:00:00
487,109.9075,114.4025,46494292,114.67,109.5825,112.9743,170506,2020-08-12 04:00:00
488,115.46,114.43,37445956,117.2175,113.5575,115.2892,152576,2020-08-13 04:00:00
489,115.3,115.64,36643616,117.0475,114.405,115.4991,136902,2020-08-14 04:00:00
490,118.5125,123.37,62130092,124.0975,118.1719,122.2789,247055,2020-08-17 04:00:00
491,124.5,122.6075,50335020,124.96,120.8625,122.6664,236050,2020-08-18 04:00:00
492,122.965,121.385,62262232,123.15,120.98,121.7868,283322,2020-08-19 04:00:00
493,119.75,121.41,91338624,123.75,118.7875,121.773,332775,2020-08-20 04:00:00
494,122.0175,126.835,99968552,128.087,121.9516,125.6623,350541,2020-08-21 04:00:00
495,128.8375,127.2025,49056420,129.125,125.075,127.0079,238711,2020-08-24 04:00:00
496,126.3075,127.5,28907680,127.6125,125.7375,126.7935,126162,2020-08-25 04:00:00
497,127.9924,127.73,32124292,128.6849,126.7775,127.6789,156761,2020-08-26 04:00:00
498,127.815,126.2825,31760292,128.5,125.6643,127.1038,163428,2020-08-27 04:00:00
499,126.7491,131.4775,53715852,131.48,126.425,129.9516,215369,2020-08-28 04:00:00
500,131.8279,133.745,50075620,135.75,130.3775,133.3341,222896,2020-08-31 04:00:00
501,134.8,138.21,51247396,139.9375,134.365,137.7684,263262,2020-09-01 04:00:00
502,147.0375,143.465,87401288,147.2675,139,143.3813,410533,2020-09-02 04:00:00
503,138.2864,130.155,94512604,138.845,128.7875,132.6082,556268,2020-09-03 04:00:00
504,127.8375,126.225,146368284,131.75,117.0475,123.6607,679917,2020-09-04 04:00:00
505,117.345,119.13,79572948,125.5,117.0425,121.5987,349241,2020-09-08 04:00:00
506,124,127.15,73619828,128.0925,122.3175,125.8923,314977,2020-09-09 04:00:00
507,129.8925,123.1175,69868444,130.6525,121.67,126.1066,308767,2020-09-10 04:00:00
508,124.855,121.645,63692688,126.525,118.9575,122.4548,261667,2020-09-11 04:00:00
509,130.81,128.7225,120174496,133.15,126.3114,129.6249,457458,2020-09-14 04:00:00
510,132.8,129.91,72755656,132.9875,128.2775,130.0484,294887,2020-09-15 04:00:00
511,129.5725,125.145,55759940,130.9275,125.1375,127.4068,253822,2020-09-16 04:00:00
512,121.3224,124.635,79251176,125.8975,120.3475,123.6745,267177,2020-09-17 04:00:00
513,125.9375,121.8925,69846192,126.325,119.8875,122.4645,266958,2020-09-18 04:00:00
514,119.25,125.1725,72104244,125.225,119.045,122.0178,275248,2020-09-21 04:00:00
515,125.75,126.3775,64645208,126.48,121.5555,124.0888,229295,2020-09-22 04:00:00
516,125.755,121.2375,64701232,127.27,120.7925,124.2535,215515,2020-09-23 04:00:00
517,120.7225,123.48,73060032,125.695,120.14,123.8321,246823,2020-09-24 04:00:00
518,124.475,128.7375,58787768,128.835,122.4575,126.3028,224072,2020-09-25 04:00:00
519,130.4025,130.35,57380912,130.5175,127.5,129.1054,215011,2020-09-28 04:00:00
520,129.375,132.2575,62300496,134.4275,129.3325,132.1716,233567,2020-09-29 04:00:00
521,131.575,135.305,68918412,136.225,131.5025,135.0664,236401,2020-09-30 04:00:00
522,137.58,136.145,52500236,137.6274,134.6075,135.9875,194419,2020-10-01 04:00:00
523,132.25,130.6225,55249588,135.195,130.51,132.6547,246685,2020-10-02 04:00:00
524,132.36,136.425,47981828,136.4425,132.2277,135.316,183516,2020-10-05 04:00:00
525,138.3,137.365,78441984,141.42,136.65,139.3943,315842,2020-10-06 04:00:00
526,139.9975,139.64,41808516,141.1925,138.635,139.7752,169547,2020-10-07 04:00:00
527,140.75,138.3875,37890088,140.845,137.58,138.5025,166640,2020-10-08 04:00:00
528,137.67,137.6275,34689092,138.2425,136.6075,137.2997,170245,2020-10-09 04:00:00
529,139.895,142.26,43474380,143.47,139.125,141.8007,196656,2020-10-12 04:00:00
530,142.965,142.4825,34460312,143.485,140.1863,142.0849,150879,2020-10-13 04:00:00
531,142.905,140.9525,27664712,143.4275,139.6,141.3122,134495,2020-10-14 04:00:00
532,138.1068,139.7,26722512,140.0575,137.6775,139.0773,131593,2020-10-15 04:00:00
533,140.3675,138.115,24263960,141.215,137.925,139.276,119724,2020-10-16 04:00:00
534,139.0288,134.9775,29806856,139.835,134.0675,136.8341,152394,2020-10-19 04:00:00
535,135.835,136.455,22821204,137.9975,135.07,136.5813,114885,2020-10-20 04:00:00
536,136.25,135.2475,21959732,137.915,134.775,136.0077,109560,2020-10-21 04:00:00
537,135.225,133.61,29047944,136.1175,132.3175,133.8775,143481,2020-10-22 04:00:00
538,134.5,135.9025,23348428,135.9325,132.9125,134.7862,111026,2020-10-23 04:00:00
539,134.27,131.4125,33689432,136.9279,130.385,132.5283,179872,2020-10-26 04:00:00
540,133.06,133.9675,25051968,134.42,131.915,133.3803,109950,2020-10-27 04:00:00
541,131.98,126.27,37651808,132.6,126.09,128.3834,215693,2020-10-28 04:00:00
542,128.385,130.24,32008184,131.9275,127.5,130.0878,141285,2020-10-29 04:00:00
543,128.5,125.34,41739600,129.3638,123,125.0373,225671,2020-10-30 04:00:00
544,126.5775,125.8075,29965264,128.3666,123.95,125.996,139712,2020-11-02 05:00:00
545,127.085,130.195,27289368,131.05,126.0275,129.3622,126328,2020-11-03 05:00:00
546,133.8925,137.9425,41022928,138.275,133.3688,136.4601,193753,2020-11-04 05:00:00
547,141.625,141.6,31902832,143.39,139.91,141.5576,156833,2020-11-05 05:00:00
548,141.0975,145.62,38334860,145.8875,138.95,143.4693,167898,2020-11-06 05:00:00
549,145.525,136.3075,58297788,146.915,136.1075,141.5799,264038,2020-11-09 05:00:00
550,136.065,127.7,64406720,136.065,126.2825,129.553,318488,2020-11-10 05:00:00
551,130.5375,134.18,40474344,134.3488,129.4825,132.5377,176907,2020-11-11 05:00:00
552,134.7892,134.5675,36663500,137.66,133.16,135.462,157990,2020-11-12 05:00:00
553,136.2728,132.97,34676232,136.6875,130.5925,133.0672,161559,2020-11-13 05:00:00
554,131.725,135.1525,41377480,136.495,131.56,134.6897,165791,2020-11-16 05:00:00
555,135.525,134.2225,31196636,135.9625,133.0387,134.2897,150742,2020-11-17 05:00:00
556,134.6525,134.2875,50996532,136.0575,131.85,134.0265,242625,2020-11-18 05:00:00
557,132.1275,134.4025,55493420,134.875,131,133.1654,273734,2020-11-19 05:00:00
558,134.54,130.8775,33708980,134.945,130.65,132.468,197336,2020-11-20 05:00:00
559,131.7113,131.4,36100220,133.825,130.155,131.6094,179880,2020-11-23 05:00:00
560,131.425,129.5775,34569996,131.62,128.85,129.8108,205406,2020-11-24 05:00:00
561,130.325,132.3475,25991640,132.6939,130.2,131.8846,144816,2020-11-25 05:00:00
562,133.75,132.6125,16727520,134.075,131.7055,132.9988,95406,2020-11-27 05:00:00
563,132.65,134.015,28695200,134.125,129.7235,132.6383,157460,2020-11-30 05:00:00
564,134.9225,133.9,29757128,135.2875,132.2825,134.0213,154818,2020-12-01 05:00:00
565,133.505,135.445,28316920,136.7344,132.3425,135.2125,138783,2020-12-02 05:00:00
566,135.875,133.96,19952064,136.6,133.29,134.4767,123961,2020-12-03 05:00:00
567,134.485,135.5825,20224340,135.6,133.8869,135.0027,105304,2020-12-04 05:00:00
568,136.0125,136.0675,22324012,137.3125,135,136.1038,113022,2020-12-07 05:00:00
569,135.85,133.5,27192088,135.9875,132.815,133.9589,147129,2020-12-08 05:00:00
570,133.005,129.3075,38530120,134.14,128.6824,131.0065,219773,2020-12-09 05:00:00
571,128.69,129.7225,20776472,130.6875,128.4938,129.7377,124842,2020-12-10 05:00:00
572,129.6725,130.1325,20926564,130.2,128.23,129.4327,118921,2020-12-11 05:00:00
573,130.8788,133.0875,27015788,133.8875,130.775,132.623,133785,2020-12-14 05:00:00
574,134.3975,133.605,19148592,134.64,131.8675,133.1712,102848,2020-12-15 05:00:00
575,134.225,132.425,22311468,134.3725,132.125,132.7024,110539,2020-12-16 05:00:00
576,133.6675,133.4125,23138388,133.795,131.785,133.0015,108787,2020-12-17 05:00:00
577,133.79,132.72,34183664,134.05,130.705,132.466,127545,2020-12-18 05:00:00
578,130.7475,133.3225,30212816,133.7,129.675,132.1354,139209,2020-12-21 05:00:00
579,133.1925,132.7825,18631488,133.3725,130.5388,132.255,112738,2020-12-22 05:00:00
580,132.56,130.0925,17914276,132.75,130.05,130.9524,108178,2020-12-23 05:00:00
581,130.3725,129.9375,9788352,131.325,129.3875,130.1728,65316,2020-12-24 05:00:00
582,130.625,129,21256564,130.625,127.6318,129.0884,128634,2020-12-28 05:00:00
583,129.25,129.4325,17037216,130.725,128.4225,129.4909,100194,2020-12-29 05:00:00
584,129.9031,131.4575,22539716,132.1375,128.9675,130.7343,120660,2020-12-30 05:00:00
585,131.365,130.55,19242440,131.5113,129.15,130.2855,97584,2020-12-31 05:00:00
586,131.0425,131.135,56064180,136.525,129.625,132.684,248451,2021-01-04 05:00:00
587,130.9975,134.0475,32275992,134.435,130.87,133.3812,139711,2021-01-05 05:00:00
588,132.225,126.145,58009300,132.45,125.86,129.2466,319135,2021-01-06 05:00:00
589,129.675,133.44,46148148,133.7775,128.865,131.942,212255,2021-01-07 05:00:00
590,133.625,132.7675,29252860,134.21,130.42,132.1986,159775,2021-01-08 05:00:00
591,134.1875,136.215,51902880,139.61,133.625,137.5214,260352,2021-01-11 05:00:00
592,137.525,134.8475,29147772,137.545,133.45,135.1852,156296,2021-01-12 05:00:00
593,134.8997,135.3175,21002844,136.25,133.85,135.1628,109320,2021-01-13 05:00:00
594,135.75,132.0025,28312028,135.9975,131.805,133.4148,148260,2021-01-14 05:00:00
595,132.28,128.595,27717328,133.2525,128.485,129.9766,162218,2021-01-15 05:00:00
596,130.1625,130.2525,22618688,130.9398,128.44,129.7834,126122,2021-01-19 05:00:00
597,131.1175,133.6575,25857088,134.305,130.5675,133.0839,128366,2021-01-20 05:00:00
598,134.1861,138.675,33833960,139.9936,132.53,136.6232,176882,2021-01-21 05:00:00
599,137.4009,137.125,24681856,138.4173,136.2725,137.3508,126239,2021-01-22 05:00:00
600,137.8175,136.5325,25085376,138.285,132.3648,135.8611,154350,2021-01-25 05:00:00
601,135.8044,134.3525,16398040,136.4475,133.875,134.9586,98427,2021-01-26 05:00:00
602,132.3,129.1775,36955284,132.3275,127.9375,129.8747,235941,2021-01-27 05:00:00
603,129.9625,130.51,22831596,133.3975,129.605,131.3551,145286,2021-01-28 05:00:00
604,130.75,129.8975,27138404,133.3475,129.1151,130.5891,167051,2021-01-29 05:00:00
605,130.5334,132.37,21720432,132.7075,129.0275,131.4479,132035,2021-02-01 05:00:00
606,133.9875,135.5675,22043828,135.72,132.855,134.5329,130079,2021-02-02 05:00:00
607,136.36,135.305,24336128,139.3175,135.165,136.8434,146998,2021-02-03 05:00:00
608,135.31,136.6425,19898848,136.735,133.3786,135.4274,104511,2021-02-04 05:00:00
609,137.25,135.91,16915364,137.3725,135.4575,136.0248,88704,2021-02-05 05:00:00
610,137.2722,144.3875,43446484,144.7375,137.2722,142.3873,240644,2021-02-08 05:00:00
611,143.4063,142.6325,28756012,145.8325,142.225,143.7797,160095,2021-02-09 05:00:00
612,144.6325,147.6425,48471232,149.05,143.4138,146.8193,247307,2021-02-10 05:00:00
613,149.8025,152.5075,45073572,152.7225,149.25,151.4688,240506,2021-02-11 05:00:00
614,150.5,149.6125,37475748,152.9114,147.75,150.4228,191592,2021-02-12 05:00:00
615,150.6425,153.3025,32195952,153.725,149.5,152.1842,176562,2021-02-16 05:00:00
616,151.71,149.06,27369828,152.2352,147.8,149.4907,160782,2021-02-17 05:00:00
617,147.29,148.29,23408080,148.7325,145.75,147.4022,141249,2021-02-18 05:00:00
618,150.245,149.265,27172412,151.77,148.467,149.8942,134849,2021-02-19 05:00:00
619,147.7475,143.5575,32588556,151.3325,143.25,146.9365,190067,2021-02-22 05:00:00
620,140.7525,141.42,39022932,142.3875,133.895,138.8023,271874,2021-02-23 05:00:00
621,141.2275,144.99,44822308,145.0675,137.56,142.8629,243437,2021-02-24 05:00:00
622,140.4542,133.075,80835604,143.7475,132.1625,136.6204,491322,2021-02-25 05:00:00
623,137.525,137.145,50093040,138.545,133.61,136.857,278162,2021-02-26 05:00:00
624,138.75,138.4175,35316700,139.25,135.5325,137.1921,206080,2021-03-01 05:00:00
625,139,134.0625,26411412,139.205,133.96,136.1715,167280,2021-03-02 05:00:00
626,134.2625,128.0475,37759028,134.515,127.9875,130.0062,287640,2021-03-03 05:00:00
627,128.0075,123.7025,57329896,129.75,120.8375,124.5798,397127,2021-03-04 05:00:00
628,125.5,124.615,54283884,125.5,116.7925,121.9668,372750,2021-03-05 05:00:00
629,124.5,115.9325,54235168,124.7125,115.665,119.102,363950,2021-03-08 05:00:00
630,121.3025,125.2025,49580152,126.1675,120.5925,123.9708,266825,2021-03-09 05:00:00
631,128.405,124.6825,38288056,129.8,124.575,126.6996,206747,2021-03-10 05:00:00
632,129.5,129.935,29991428,130.4625,127.345,129.4268,178000,2021-03-11 05:00:00
633,126.4825,128.56,24396396,128.8875,125.9,127.8625,141654,2021-03-12 05:00:00
634,128.6475,131.9125,22252044,132.0675,127.6713,130.5512,136811,2021-03-15 04:00:00
635,133.565,132.9125,27212960,135.125,131.1675,133.5283,147621,2021-03-16 04:00:00
636,130.3975,133.4125,24366580,134.5325,129.895,132.2081,140768,2021-03-17 04:00:00
637,131.365,127.225,29418808,131.84,127.1704,129.2453,183218,2021-03-18 04:00:00
638,127.5,128.4575,29920696,129.215,126.125,128.1179,144288,2021-03-19 04:00:00
639,129.1275,131.8625,29780308,133.945,129.0675,132.1156,156738,2021-03-22 04:00:00
640,132.5425,130.7075,22204608,133.445,130.2125,131.8766,136285,2021-03-23 04:00:00
641,131.5125,126.43,24583852,131.5913,126.3675,128.6557,153593,2021-03-24 04:00:00
642,124.995,125.3525,29514456,127.1475,122.72,124.8678,201278,2021-03-25 04:00:00
643,125.545,128.3925,36396896,128.5625,123.735,126.1306,185160,2021-03-26 04:00:00
644,128.2025,129.4825,27317588,130.625,127,128.9524,155112,2021-03-29 04:00:00
645,128.4195,128.7175,20020248,129.7525,127.05,128.5262,118025,2021-03-30 04:00:00
646,130.155,133.4825,31477752,134.705,129.825,133.2495,160470,2021-03-31 04:00:00
647,135.7225,138.1175,30796260,138.7,135.1125,137.3306,178497,2021-04-01 04:00:00
648,138.675,139.875,25413140,140.1396,137.33,139.0991,136580,2021-04-05 04:00:00
649,139.9968,138.615,19174596,140.5413,137.7362,139.1914,107251,2021-04-06 04:00:00
650,138.8075,141.435,25128436,142.435,137.115,140.6926,133517,2021-04-07 04:00:00
651,142.5275,143.17,24441492,144.715,142.4894,143.4485,133982,2021-04-08 04:00:00
652,142.14,144,19517088,144.08,141.75,143.2737,97078,2021-04-09 04:00:00
653,142.8975,152.09,86932200,153.525,141.3925,149.3983,389498,2021-04-12 04:00:00
654,152.315,156.795,67621188,157,151.2575,155.0891,318192,2021-04-13 04:00:00
655,156.25,152.77,38550192,157.2046,152.275,154.5743,209317,2021-04-14 04:00:00
656,156.625,161.3725,59848068,162.1415,156.315,160.2701,307749,2021-04-15 04:00:00
657,160.5309,159.125,33520756,161.6575,158.6525,159.7178,173695,2021-04-16 04:00:00
658,155.3654,153.6175,40241808,158.075,152.33,154.6744,221143,2021-04-19 04:00:00
659,153.2325,151.7125,33389304,154.97,149.63,151.7125,185859,2021-04-20 04:00:00
660,151.1875,153.605,21677704,153.625,151.0225,152.6489,122942,2021-04-21 04:00:00
661,153.75,148.5025,27778628,154.3857,147.835,150.3585,176153,2021-04-22 04:00:00
662,149.3436,152.6525,22777220,153.3488,149.0025,151.8173,128406,2021-04-23 04:00:00
663,151.8505,154.78,19772908,154.79,151.25,153.4517,109580,2021-04-26 04:00:00
664,155.785,153.8175,16457300,156.705,153.545,154.4177,102504,2021-04-27 04:00:00
665,153.645,152.7675,20941620,155.3225,152.1552,153.3681,115219,2021-04-28 04:00:00
666,154,153.2475,17301648,154.365,150.715,152.5244,117227,2021-04-29 04:00:00
667,151.745,150.095,20191008,153.65,149.97,151.1484,113412,2021-04-30 04:00:00
668,151.25,148.3675,20391184,152.4675,147.875,149.2958,131821,2021-05-03 04:00:00
669,146.3725,143.5125,40532480,146.375,140.1025,142.5269,240615,2021-05-04 04:00:00
670,147.09,144.585,29202304,148.135,143.875,146.099,164006,2021-05-05 04:00:00
671,144.9525,145.23,19338092,145.7125,142.1809,144.1238,122188,2021-05-06 04:00:00
672,148.0825,148.1225,22932732,149.7075,146.7171,148.2804,128334,2021-05-07 04:00:00
673,147.8725,142.6575,26863980,148.06,142.5,143.8093,160398,2021-05-10 04:00:00
674,138.25,143.0625,28558536,143.5475,137.5,141.1821,199413,2021-05-11 04:00:00
675,140.095,137.585,30330932,142.6025,137.0925,138.8177,193320,2021-05-12 04:00:00
676,140.3375,136.6525,28572748,140.8075,134.59,137.5225,170199,2021-05-13 04:00:00
677,138.9,142.43,25711900,143.2811,137.485,141.3365,152040,2021-05-14 04:00:00
678,141.57,141.655,21672084,141.6925,138.535,140.3337,124115,2021-05-17 04:00:00
679,142.67,140.1575,18625424,144.0425,140.04,141.9642,109147,2021-05-18 04:00:00
680,135.665,140.6575,34399936,140.795,135.4325,138.553,184579,2021-05-19 04:00:00
681,143.025,146.125,32159192,146.8379,142.705,145.4178,192748,2021-05-20 04:00:00
682,151.6375,149.9175,67299200,152.22,148.6939,150.3741,368812,2021-05-21 04:00:00
683,152.125,156.12,55481620,157.45,151.76,155.5349,321369,2021-05-24 04:00:00
684,157.66,156.4775,43420688,158.185,154.825,156.2248,238330,2021-05-25 04:00:00
685,157.3425,157,37043864,157.9375,155.8625,156.6508,239664,2021-05-26 04:00:00
686,156.9975,154.88,57847520,157.5,154.6,155.706,306195,2021-05-27 04:00:00
687,155.01,162.445,64253560,162.7748,155.01,160.7926,381545,2021-05-28 04:00:00
688,162.7,162.645,47280300,163.8813,159.0325,161.5926,266765,2021-06-01 04:00:00
689,162.5225,167.7825,59380756,169.1887,162.355,166.8704,337829,2021-06-02 04:00:00
690,167.0075,169.6975,58000680,172.59,165.83,169.7834,320882,2021-06-03 04:00:00
691,171.125,175.7825,60632028,176.61,170.955,175.1196,332764,2021-06-04 04:00:00
692,175.7114,176.19,57201492,178.125,171.9275,175.06,311325,2021-06-07 04:00:00
693,175.2725,174.57,32384676,176.2159,172.51,174.2261,202454,2021-06-08 04:00:00
694,175.1575,173.5825,38163008,175.75,172.5575,174.1057,190435,2021-06-09 04:00:00
695,173.5,174.25,28777044,174.92,171.76,173.8297,180357,2021-06-10 04:00:00
696,174.795,178.2525,41517864,179.3923,174.4375,177.6428,244393,2021-06-11 04:00:00
697,179.06,180.1875,32127028,180.395,176.6275,178.9562,203209,2021-06-14 04:00:00
698,179.15,177.885,24303044,180.1625,177.2795,178.6775,153669,2021-06-15 04:00:00
699,177.9075,178.1025,30712260,179.5468,175.8442,178.0592,179899,2021-06-16 04:00:00
700,177.7457,186.5725,80963568,188.35,177.5625,185.6054,375324,2021-06-17 04:00:00
701,187.84,186.3875,96885428,193.75,185.84,189.824,487963,2021-06-18 04:00:00
702,184.3525,184.2725,67023036,185.365,178.2265,181.6915,352579,2021-06-21 04:00:00
703,184.715,188.8675,57014556,189.6375,183.8587,187.5503,278330,2021-06-22 04:00:00
704,190.0775,190.5725,33221304,191.5275,189.0775,190.5644,196572,2021-06-23 04:00:00
705,192.2775,192.055,32092240,194.2,190.8825,192.6086,198152,2021-06-24 04:00:00
706,192.805,190.31,27836592,193.455,188.9438,190.4721,176504,2021-06-25 04:00:00
707,193.6125,199.85,49543656,200.7875,193.19,198.7517,286743,2021-06-28 04:00:00
708,198.825,200.2675,36763384,200.9875,196.5688,198.8286,240001,2021-06-29 04:00:00
709,199.9913,200.025,32656616,201.625,198.6375,200.0155,192750,2021-06-30 04:00:00
710,201.25,202.12,48013496,204.56,200.19,202.299,287825,2021-07-01 04:00:00
711,204.4013,204.87,34339668,205.0525,202.8775,204.0459,214640,2021-07-02 04:00:00
712,207.375,206.985,44668892,208.42,203.5025,206.6157,266974,2021-07-06 04:00:00
713,208.535,203.7175,41842724,208.75,203.3205,204.9745,253606,2021-07-07 04:00:00
714,198.565,199.0275,50329924,201.33,197.0075,199.1005,347220,2021-07-08 04:00:00
715,199.625,200.5025,29619068,200.8013,197.5425,199.325,202957,2021-07-09 04:00:00
716,202.4,205.125,32198476,205.3275,201.8775,203.814,211975,2021-07-12 04:00:00
717,204.005,202.5,29070632,204.6125,201.14,203.0901,187253,2021-07-13 04:00:00
718,203.5775,198.415,38009920,204.1775,197.5275,199.9294,234104,2021-07-14 04:00:00
719,198.1175,189.6625,55056452,198.47,188.585,191.9773,384019,2021-07-15 04:00:00
720,190.305,181.61,68822264,191.5711,180.73,184.8878,435643,2021-07-16 04:00:00
721,179.1525,187.7975,74905816,190.42,178.655,186.3995,462970,2021-07-19 04:00:00
722,187.3,186.12,42688654,188.38,181.64,185.0057,665272,2021-07-20 04:00:00
723,188.82,194.1,37101736,195.27,187.42,192.4914,477891,2021-07-21 04:00:00
724,196.42,195.94,32382595,198.87,192.76,195.2839,395149,2021-07-22 04:00:00
725,196.5635,195.58,19567198,197,192.5,194.6176,267224,2021-07-23 04:00:00
726,193.11,192.94,20394316,194.42,189.14,192.3744,290156,2021-07-26 04:00:00
727,192.65,192.08,24886258,196.22,187.41,190.9913,342414,2021-07-27 04:00:00
728,193.192,195.03,20219115,196.46,189.95,194.3867,248924,2021-07-28 04:00:00
729,195.19,196.62,19078088,198.53,193.2803,197.0035,232382,2021-07-29 04:00:00
730,194.18,194.99,18349746,196.3,192.63,194.5656,221596,2021-07-30 04:00:00
731,197,197.5,21714793,199.61,193.61,197.3819,272457,2021-08-02 04:00:00
732,197.4,198.15,30181074,202.22,192.2,197.4827,360238,2021-08-03 04:00:00
733,199.9,202.74,23130939,203.18,198.28,201.3277,303959,2021-08-04 04:00:00
734,205,206.37,21128287,207.33,203.42,205.7013,288609,2021-08-05 04:00:00
735,205.24,203.66,17810461,205.7,202.1,204.1787,218498,2021-08-06 04:00:00
736,204.46,202.95,14644310,205.0799,201.43,203.3649,197621,2021-08-09 04:00:00
737,203.22,199.36,17923778,204.3,198.3454,200.6161,239515,2021-08-10 04:00:00
738,200.43,196.99,18592484,200.49,194.3,196.9303,270245,2021-08-11 04:00:00
739,198.7,199.05,15186155,200.2899,196.2,198.7386,207809,2021-08-12 04:00:00
740,199.05,201.88,18306286,202.1381,198.51,200.7023,194753,2021-08-13 04:00:00
741,201.35,199.5,21115280,202.87,194.53,198.1002,263027,2021-08-16 04:00:00
742,196.85,194.58,20441895,197.7,192.67,194.7025,275621,2021-08-17 04:00:00
743,195,190.4,28591348,196.3365,190,193.1448,328620,2021-08-18 04:00:00
744,194.94,197.98,75455477,204.95,187.62,197.8137,700169,2021-08-19 04:00:00
745,199.91,208.16,66942631,208.6506,199.33,205.1553,575909,2021-08-20 04:00:00
746,209.71,219.58,57580658,219.97,209.5,216.8491,559162,2021-08-23 04:00:00
747,217.53,217.93,29729892,219.59,215.35,217.8336,365714,2021-08-24 04:00:00
748,217.37,222.13,34695104,224.7,217.22,222.7887,403539,2021-08-25 04:00:00
749,222,220.68,23794042,223.4,217.9,220.8407,261080,2021-08-26 04:00:00
750,221.84,226.36,30463719,227.22,221.67,225.0005,332136,2021-08-27 04:00:00
751,228.2997,226.88,26257990,230.43,225.51,227.5209,346849,2021-08-30 04:00:00
752,226.95,223.85,25984968,226.95,221.2,223.8245,298561,2021-08-31 04:00:00
753,224.85,224.41,20164795,226.97,223.565,225.105,267370,2021-09-01 04:00:00
754,225.18,223.96,18810957,225.9299,222.945,224.3431,242172,2021-09-02 04:00:00
755,223.25,228.43,28083198,229.86,222,227.6902,303457,2021-09-03 04:00:00
756,228.33,226.62,20010285,228.99,225.224,226.69,282153,2021-09-07 04:00:00
757,225.13,223.39,25409821,226.1,219.77,222.5692,323135,2021-09-08 04:00:00
758,223.12,221.77,19685601,225.38,221.31,223.0825,255118,2021-09-09 04:00:00
759,223.4831,224.78,24837574,226.26,222.7,224.7374,308606,2021-09-10 04:00:00
760,226.84,221.52,30099643,229.64,218.58,221.1073,392191,2021-09-13 04:00:00
761,222.75,222.42,20247198,224.1,220.86,222.6001,253851,2021-09-14 04:00:00
762,223.09,223.41,16888796,223.6699,219.66,221.6792,233146,2021-09-15 04:00:00
763,221.8345,222.42,15603344,222.77,219.27,221.1032,206277,2021-09-16 04:00:00
764,223,219,29450284,223.21,218.3,220.2597,247228,2021-09-17 04:00:00
765,211.46,211.13,34944045,214.33,206.62,210.2718,500533,2021-09-20 04:00:00
766,214.165,212.46,20468810,214.25,209.5,212.4155,271953,2021-09-21 04:00:00
767,213.655,219.41,26872556,219.6,211.96,217.1001,309083,2021-09-22 04:00:00
768,221.4,224.82,24790491,225.345,218.9,223.3782,307951,2021-09-23 04:00:00
769,220.7,220.81,21765545,221.49,218.61,220.2027,278639,2021-09-24 04:00:00
770,217.1035,216.6,24521514,217.99,213.25,215.9019,305290,2021-09-27 04:00:00
771,212.135,206.99,34306895,214.19,206.51,208.5703,499213,2021-09-28 04:00:00
772,209.395,205.17,21839363,210.17,204.67,207.0408,330728,2021-09-29 04:00:00
773,207.684,207.16,22408570,210.66,206.88,208.413,309315,2021-09-30 04:00:00
774,207.5,207.42,24089696,208.59,202.03,205.2651,309951,2021-10-01 04:00:00
775,205.04,197.32,34563497,205.4179,195.55,198.2016,577850,2021-10-04 04:00:00
776,199.5,204.51,27928165,206.48,198.54,203.7871,342061,2021-10-05 04:00:00
777,201.2,207,29720175,207.2,200.8,205.2271,303788,2021-10-06 04:00:00
778,210.92,210.75,25691893,213.22,209.72,211.5082,297614,2021-10-07 04:00:00
779,211.01,208.31,15324730,212.06,207.75,209.5426,205198,2021-10-08 04:00:00
780,205.75,206.95,16338754,210.63,205.11,208.5965,193920,2021-10-11 04:00:00
781,208.275,206.71,16202954,210.57,205.28,207.4779,208156,2021-10-12 04:00:00
782,209.18,209.39,17265188,209.9,207.13,208.7033,227908,2021-10-13 04:00:00
783,212.88,217.46,24358881,217.55,211.2201,215.3607,297971,2021-10-14 04:00:00
784,218.1,218.62,22109401,219.31,216.62,218.214,256832,2021-10-15 04:00:00
785,217.49,222.22,18949356,222.91,216.44,221.1787,237365,2021-10-18 04:00:00
786,222.76,222.9,16136929,223.79,220.37,222.4279,204629,2021-10-19 04:00:00
787,223.045,221.03,14627594,224.33,219.82,221.883,206699,2021-10-20 04:00:00
788,220.97,226.92,18759032,227.11,220.83,225.0571,222100,2021-10-21 04:00:00
789,228.23,227.26,24934379,231.3,225.61,228.243,315482,2021-10-22 04:00:00
790,229.73,231.66,22902983,233.5499,227.7,230.8808,285800,2021-10-25 04:00:00
791,239.89,247.17,48583385,252.59,239.24,247.2036,612818,2021-10-26 04:00:00
792,244.74,244.51,24598399,250.9,242.8201,247.0335,340964,2021-10-27 04:00:00
793,248.78,249.41,23420431,249.5,245.23,247.6093,285445,2021-10-28 04:00:00
794,250.005,255.67,29250284,257.09,250,254.5433,373036,2021-10-29 04:00:00
795,256.49,258.27,26568256,258.94,252.27,256.7118,370125,2021-11-01 04:00:00
796,258.22,264.01,29411239,266.78,258,263.0081,382509,2021-11-02 04:00:00
797,266.7,265.98,23991033,267.84,262.35,264.7091,311276,2021-11-03 04:00:00
798,272.29,298.01,115330295,313.65,271.18,294.8862,1277707,2021-11-04 04:00:00
799,301.87,297.52,85109014,314,294.1,304.5735,1046559,2021-11-05 04:00:00
800,301.49,308.04,50304913,311,299.07,306.4512,629647,2021-11-08 05:00:00
801,322.82,306.57,64647621,323.1,299.64,310.7142,873107,2021-11-09 05:00:00
802,293.56,294.59,63360249,308.5,287.78,297.8235,797033,2021-11-10 05:00:00
803,304.68,303.9,33217211,305.9,297.7701,302.1882,437878,2021-11-11 05:00:00
804,300.1,303.9,41305428,306.8,296.3,302.3968,485766,2021-11-12 05:00:00
805,305.52,300.25,38490900,306.44,292.47,298.6675,529302,2021-11-15 05:00:00
806,297.59,302.03,26448367,303.9,297.0587,300.6269,380712,2021-11-16 05:00:00
807,304.18,292.61,42850799,305.09,288,296.5563,704248,2021-11-17 05:00:00
808,323.67,316.75,78171075,327.6,313.21,319.9792,1040094,2021-11-18 05:00:00
809,322.43,329.85,53386665,330.88,319.05,326.9167,700715,2021-11-19 05:00:00
810,335.17,319.56,75333524,346.47,319,331.9149,966658,2021-11-22 05:00:00
811,315.35,317.46,53091270,323.6,308.8,315.1414,686592,2021-11-23 05:00:00
812,314.61,326.74,43516226,328.55,309.28,321.688,580932,2021-11-24 05:00:00
813,326,315.03,28306886,327.1,313.5,318.4502,463715,2021-11-26 05:00:00
814,323.66,333.76,45496398,334.12,320.36,328.1011,585597,2021-11-29 05:00:00
815,331.69,326.76,62206647,333.53,318.6401,325.6744,768934,2021-11-30 05:00:00
816,332.1947,314.35,48580204,332.8934,313.8,324.5611,656203,2021-12-01 05:00:00
817,312.14,321.26,47289033,324.7799,310.25,319.7899,600648,2021-12-02 05:00:00
818,320,306.93,54432505,321.29,301.3,306.9438,871691,2021-12-03 05:00:00
819,298.8,300.37,65893845,302.41,280.38,293.3645,956873,2021-12-06 05:00:00
820,309.57,324.27,59305348,324.49,306.51,317.8194,724066,2021-12-07 05:00:00
821,319.99,318.26,47538645,322.9,314.2101,318.7979,605987,2021-12-08 05:00:00
822,317.34,304.9,48850716,322.05,304.28,311.5274,624166,2021-12-09 05:00:00
823,311.5,301.98,48882509,313.05,298.61,302.9636,622703,2021-12-10 05:00:00
824,302.49,281.61,59827670,302.94,281.16,290.5867,825531,2021-12-13 05:00:00
825,276.99,283.37,66703537,286.78,272.5,279.966,816291,2021-12-14 05:00:00
826,284,304.59,69829688,305,278.38,290.7433,844140,2021-12-15 05:00:00
827,311.52,283.87,70736595,311.6,280.93,290.6543,1045379,2021-12-16 05:00:00
828,279.85,278.01,71662239,289.22,277.6,281.6221,755845,2021-12-17 05:00:00
829,273.05,277.19,46184676,281.44,271.45,275.7703,673856,2021-12-20 05:00:00
830,283.74,290.75,52438494,291.2,274.01,284.1813,694153,2021-12-21 05:00:00
831,288.91,294,39518438,295.55,284.49,291.5437,528708,2021-12-22 05:00:00
832,297.55,296.4,34252174,300.59,294.3101,297.3798,493093,2021-12-23 05:00:00
833,296.6,309.45,40368587,310.865,296.4,307.2269,594623,2021-12-27 05:00:00
834,313.12,303.22,41899120,313.3,300.1181,304.6235,629323,2021-12-28 05:00:00
835,302.725,300.01,34313928,305.48,293.66,298.6315,495859,2021-12-29 05:00:00
836,298.27,295.86,30886422,304.57,295.4,300.5143,408147,2021-12-30 05:00:00
837,296.74,294.11,26652991,300.3,293.3057,295.7364,361184,2021-12-31 05:00:00
838,298.15,301.21,39240294,307.11,297.85,302.2089,585469,2022-01-03 05:00:00
839,302.77,292.9,52715440,304.68,283.49,290.8154,894297,2022-01-04 05:00:00
840,289.49,276.04,49806388,294.16,275.33,282.8943,836624,2022-01-05 05:00:00
841,276.4,281.78,45418636,284.3799,270.65,279.5098,725603,2022-01-06 05:00:00
842,281.41,272.47,40993851,284.22,270.57,275.1844,639610,2022-01-07 05:00:00
843,265.81,274,59461560,274.69,256.4384,263.8937,991811,2022-01-10 05:00:00
844,273.225,278.17,40408929,280.65,268.39,275.4607,572165,2022-01-11 05:00:00
845,280.665,279.99,38341346,285.95,276.08,280.7656,562208,2022-01-12 05:00:00
846,283.79,265.75,53857879,284.8,264.98,271.4338,845316,2022-01-13 05:00:00
847,263,269.42,39583233,271.969,262.1001,267.8048,620045,2022-01-14 05:00:00
848,262.6,259.03,42530617,266.38,257.7,261.2819,672210,2022-01-18 05:00:00
849,260.79,250.67,48831451,265.4317,250.52,256.1988,738208,2022-01-19 05:00:00
850,253.04,241.5,43518073,255.7904,240.78,249.4445,742834,2022-01-20 05:00:00
851,235.07,233.74,71895784,248.23,232.63,238.1255,1074672,2022-01-21 05:00:00
852,223.3,233.72,91581063,233.8,208.88,221.4189,1421722,2022-01-24 05:00:00
853,225.46,223.24,66458403,229.43,220,224.3052,990557,2022-01-25 05:00:00
854,232.4,227.72,75595872,240.57,223,232.3575,1068933,2022-01-26 05:00:00
855,235.68,219.44,57321272,239.95,216.75,224.2345,871286,2022-01-27 05:00:00
856,220.1215,228.4,54353925,228.58,212.96,221.1099,758751,2022-01-28 05:00:00
857,231.82,244.86,56417968,245.09,230.52,239.3301,754762,2022-01-31 05:00:00
858,251.04,246.38,51891167,251.45,238.9001,244.1687,699901,2022-02-01 05:00:00
859,257.94,252.42,54241941,258.17,245.5301,251.5912,787625,2022-02-02 05:00:00
860,244.58,239.48,41017778,250.77,237.8,244.0767,589412,2022-02-03 05:00:00
861,239.72,243.19,35482850,246.35,236.32,242.2771,488979,2022-02-04 05:00:00
862,243.72,247.28,37686750,251.82,242.02,247.6307,500319,2022-02-07 05:00:00
863,243.59,251.08,41035864,252.3,239.8,247.3463,573659,2022-02-08 05:00:00
864,256.22,267.05,52428166,267.25,253.53,262.1008,834600,2022-02-09 05:00:00
865,259.95,258.24,51319972,269.2499,256,263.0375,757005,2022-02-10 05:00:00
866,259.16,239.49,60364498,261.52,237.73,246.9625,876127,2022-02-11 05:00:00
867,239.34,242.67,44022692,248.75,237.55,243.4797,642000,2022-02-14 05:00:00
868,249.49,264.95,70175280,265.45,247.84,259.8881,938421,2022-02-15 05:00:00
869,262.59,265.11,73262383,265.82,255.52,261.3675,1135446,2022-02-16 05:00:00
870,256.3,245.07,81059508,257.85,241.65,246.9708,1119837,2022-02-17 05:00:00
871,246.675,236.42,75725491,249.86,231,237.3343,1038519,2022-02-18 05:00:00
872,230.35,233.9,63323244,240.6399,230,234.4209,831891,2022-02-22 05:00:00
873,238.02,223.87,56651077,241.5499,223.01,230.3268,806736,2022-02-23 05:00:00
874,210.15,237.48,73577363,238,208.9,224.8749,985716,2022-02-24 05:00:00
875,237.21,241.57,52886551,242.17,233.81,238.7851,709315,2022-02-25 05:00:00
876,239.92,243.85,47731861,246.65,237.0701,241.8091,590306,2022-02-28 05:00:00
877,242.91,234.77,41205598,243.77,231.32,236.3823,604807,2022-03-01 05:00:00
878,237.56,242.2,38964185,244.09,234.15,240.2761,516755,2022-03-02 05:00:00
879,242.615,237.14,36503879,243.2599,234.69,238.5637,501439,2022-03-03 05:00:00
880,233.84,229.36,43201070,236.8,224.82,229.4047,619723,2022-03-04 05:00:00
881,228.17,213.52,45082089,230.33,213.3,219.3648,701458,2022-03-07 05:00:00
882,213.09,215.14,55746719,223.7299,206.5,215.3547,722737,2022-03-08 05:00:00
883,223.87,230.14,49274195,232.2,222.47,227.8595,610239,2022-03-09 05:00:00
884,225.31,226.58,42806565,227.88,218.82,223.6303,568264,2022-03-10 05:00:00
885,230.22,221,36695857,231.45,220.46,224.9843,554584,2022-03-11 05:00:00
886,218.69,213.3,38535424,222.62,211.5901,216.0595,556360,2022-03-14 04:00:00
887,215.18,229.73,49199569,230.38,213.2201,225.2202,643180,2022-03-15 04:00:00
888,235,244.96,66716474,245.97,231.72,239.9899,796764,2022-03-16 04:00:00
889,241.2,247.66,47194119,248.42,239.06,244.4553,593846,2022-03-17 04:00:00
890,247.99,264.53,73033856,265.6899,246.24,260.2692,769519,2022-03-18 04:00:00
891,265.07,267.34,59120358,271.5199,259.67,265.1678,735243,2022-03-21 04:00:00
892,267.27,265.24,54700710,272.38,260.72,267.3988,726980,2022-03-22 04:00:00
893,261.26,256.34,50211986,266.115,255.7501,260.3209,648445,2022-03-23 04:00:00
894,261.66,281.5,87737914,283.1999,259.07,275.4653,1123832,2022-03-24 04:00:00
895,278.86,276.92,57901618,283.58,272.71,277.3748,756932,2022-03-25 04:00:00
896,277.555,282.19,42549392,282.5,272.06,278.1882,600917,2022-03-28 04:00:00
897,286.945,286.56,48848440,289.46,279.8,284.5976,687062,2022-03-29 04:00:00
898,283.04,276.9,46348713,284.955,275.03,279.87,625543,2022-03-30 04:00:00
899,277.82,272.86,52339022,282.48,272.7,277.2384,650064,2022-03-31 04:00:00
900,273.75,267.12,51723511,274.96,262.67,266.6257,693982,2022-04-01 04:00:00
901,267.28,273.6,39770782,275.58,266.13,272.5287,499185,2022-04-04 04:00:00
902,272.54,259.31,43654352,273.19,258.2,262.9166,639993,2022-04-05 04:00:00
903,249.34,244.07,70076148,253,240.03,245.2649,988183,2022-04-06 04:00:00
904,244.41,242.08,55799236,247.22,234.78,241.549,714654,2022-04-07 04:00:00
905,239.17,231.19,52478064,239.23,230.6201,233.2497,671401,2022-04-08 04:00:00
906,222.14,219.17,57483434,223.1994,216.6,219.556,883230,2022-04-11 04:00:00
907,225.37,215.04,65771807,227.25,212.8204,218.7215,926864,2022-04-12 04:00:00
908,217.28,222.03,51667344,225,214.55,220.6315,655301,2022-04-13 04:00:00
909,225.05,212.58,56909685,227.77,211.63,217.2758,789247,2022-04-14 04:00:00
910,212,217.83,52570061,220.88,210.79,216.403,603364,2022-04-18 04:00:00
911,217.2,221.98,51270658,223.73,213.14,220.426,590022,2022-04-19 04:00:00
912,225.171,214.82,46897444,226.7037,212,216.4164,639623,2022-04-20 04:00:00
913,217.0915,201.83,65610344,223.92,200,208.5471,939649,2022-04-21 04:00:00
914,203.03,195.15,62416343,204.86,195,198.8925,995921,2022-04-22 04:00:00
915,192.02,199.02,64147821,199.45,190.96,194.9388,719523,2022-04-25 04:00:00
916,197.18,187.88,65314250,197.88,186.7,189.8777,760878,2022-04-26 04:00:00
917,185.98,184.15,49946017,191.67,182.9,186.4271,618285,2022-04-27 04:00:00
918,189.67,197.82,57032671,200.37,184.8957,193.4997,635751,2022-04-28 04:00:00
919,194.02,185.47,50043491,201.2848,185.17,191.3596,612471,2022-04-29 04:00:00
920,185.405,195.33,57204868,195.74,183.91,189.7449,595324,2022-05-02 04:00:00
921,194,196.02,47575084,198.25,191.33,195.2825,502553,2022-05-03 04:00:00
922,199.23,203.34,64885463,204,187.51,195.0596,751637,2022-05-04 04:00:00
923,198.67,188.44,62583141,199.25,185,189.5077,763625,2022-05-05 04:00:00
924,187.36,186.75,62803672,195.12,179.9,187.5339,702413,2022-05-06 04:00:00
925,180.34,169.5,64445451,182.55,168.27,174.0198,822227,2022-05-09 04:00:00
926,176.89,175.95,75140229,181.98,170.25,176.0605,806185,2022-05-10 04:00:00
927,173.47,166.3,66971139,177.53,165.68,171.1927,778025,2022-05-11 04:00:00
928,162.191,161.75,70863837,167.88,155.67,160.72,903255,2022-05-12 04:00:00
929,167.88,177.06,67023651,179.2843,165.925,174.8465,719347,2022-05-13 04:00:00
930,175.09,172.64,52144598,177.88,171.06,174.449,483480,2022-05-16 04:00:00
931,180.74,181.77,58582971,183.71,176.34,180.0808,563506,2022-05-17 04:00:00
932,177.05,169.38,54516106,181.18,168.64,173.659,536759,2022-05-18 04:00:00
933,169.37,171.24,62130959,176.87,167.3405,172.781,549159,2022-05-19 04:00:00
934,173.32,166.94,73910526,174.1,157.55,163.8915,722854,2022-05-20 04:00:00
935,162.74,168.98,63988869,169.15,161.7901,166.4595,546192,2022-05-23 04:00:00
936,165.1,161.54,58855002,165.97,157.8,161.2397,558878,2022-05-24 04:00:00
937,160.2,169.75,77979990,171.1099,160,165.7176,768374,2022-05-25 04:00:00
938,160.36,178.51,99612452,180.92,160.22,174.6776,914404,2022-05-26 04:00:00
939,181.86,188.11,73838014,188.81,181,185.5112,701004,2022-05-27 04:00:00
940,189.8,186.72,66409951,192,183.5,187.4639,615021,2022-05-31 04:00:00
941,187.24,183.2,54451390,190.5318,181.22,185.4384,535015,2022-06-01 04:00:00
942,182.92,195.92,64865580,196.19,181.98,191.9757,624105,2022-06-02 04:00:00
943,190.815,187.2,59865470,193.323,185.2156,188.6417,548127,2022-06-03 04:00:00
944,191.39,187.86,42240615,193.37,185.642,189.1265,412946,2022-06-06 04:00:00
945,184.72,189.26,38891411,190,181.88,187.2802,398018,2022-06-07 04:00:00
946,187.99,186.48,36325246,191.8,185.35,188.1114,373184,2022-06-08 04:00:00
947,184.81,180.48,39547379,189.33,180.41,185.1376,392445,2022-06-09 04:00:00
948,176,169.74,46564966,176.97,168.69,171.4428,532029,2022-06-10 04:00:00
949,160,156.47,60415338,163.12,156.06,158.6814,698922,2022-06-13 04:00:00
950,157.31,158.36,46953452,160.66,154.12,157.64,479628,2022-06-14 04:00:00
951,160.95,165.27,56393565,168.68,159.26,163.4682,560818,2022-06-15 04:00:00
952,158.6,156.01,54484867,159.4232,154.01,155.9775,568658,2022-06-16 04:00:00
953,156.48,158.8,63033397,159.95,153.28,157.816,496529,2022-06-17 04:00:00
954,164.745,165.66,48307138,170.08,164.07,167.5516,518114,2022-06-21 04:00:00
955,162.26,163.6,43799744,166.62,161.8,164.4195,436479,2022-06-22 04:00:00
956,165.185,162.25,46367959,165.85,158.53,161.5169,489644,2022-06-23 04:00:00
957,165,171.26,47215283,171.4,163.1,168.6261,459976,2022-06-24 04:00:00
958,173.12,168.69,42796788,173.3,166.255,169.3179,402904,2022-06-27 04:00:00
959,169,159.82,46167336,172.0199,159.45,163.5043,491605,2022-06-28 04:00:00
960,158.14,155.42,48235228,158.2,151.7,154.4985,545550,2022-06-29 04:00:00
961,153.61,151.59,68607003,155.67,148.62,152.0443,671450,2022-06-30 04:00:00
962,148.99,145.23,57761008,150.6291,143.92,146.2097,624513,2022-07-01 04:00:00
963,141.75,149.64,65220761,149.71,140.55,146.2807,619576,2022-07-05 04:00:00
964,150.1,151.3,52906586,153.1899,147.89,150.7677,466923,2022-07-06 04:00:00
965,154.555,158.58,49290276,159.45,153.89,157.0558,464641,2022-07-07 04:00:00
966,154.3,158.38,46797176,160.3699,153.89,157.1472,415842,2022-07-08 04:00:00
967,155.26,151.52,43838873,155.2699,150.3801,152.0903,414812,2022-07-11 04:00:00
968,152.68,150.82,45843810,154.31,148.77,151.5294,399442,2022-07-12 04:00:00
969,145.9,151.64,52191834,153.75,144.65,150.6321,517679,2022-07-13 04:00:00
970,151.08,153.72,45523484,154.7299,147.28,151.1113,430332,2022-07-14 04:00:00
971,156.59,157.62,38593547,157.82,154.45,156.2451,397233,2022-07-15 04:00:00
972,163.02,161.01,67051745,168.97,160.02,164.3309,668752,2022-07-18 04:00:00
973,164.86,169.92,70236608,171.1,161.7201,167.3451,637964,2022-07-19 04:00:00
974,169.47,178.07,76053779,179.325,168.01,175.9136,703718,2022-07-20 04:00:00
975,178.85,180.5,55704928,181.44,175.4456,179.0061,553632,2022-07-21 04:00:00
976,178.93,173.19,53665518,179.67,171.365,174.1549,537435,2022-07-22 04:00:00
977,170.19,170.24,48074751,171.24,166.49,168.7532,470922,2022-07-25 04:00:00
978,168.89,165.33,39786491,169.19,164.78,166.495,384814,2022-07-26 04:00:00
979,170.32,177.9,56977623,179.36,169.1301,174.9971,546410,2022-07-27 04:00:00
980,179.75,179.84,47464628,181.4,174.4,178.4303,485291,2022-07-28 04:00:00
981,178.13,181.63,43546042,182.44,176.92,180.212,437252,2022-07-29 04:00:00
982,181.82,184.41,47646904,188.46,179.9,184.8265,523246,2022-08-01 04:00:00
983,181.22,185.26,48952692,189.3753,180.92,185.3283,494502,2022-08-02 04:00:00
984,181.84,188.93,41814557,189.68,181.37,186.1885,430816,2022-08-03 04:00:00
985,188.49,192.15,40965227,192.74,187.6,190.425,422007,2022-08-04 04:00:00
986,188.1,189.89,38584329,192.2892,186.66,189.3228,385808,2022-08-05 04:00:00
987,175.02,177.93,98365198,182.39,172.42,176.7445,1094594,2022-08-08 04:00:00
988,172.52,170.86,66826265,174.4719,167.24,170.5396,679606,2022-08-09 04:00:00
989,176.98,180.97,59742246,181.18,173.1701,177.9889,583568,2022-08-10 04:00:00
990,181.31,179.42,50932655,187.07,178.76,182.4185,493486,2022-08-11 04:00:00
991,181.6,187.09,47809415,187.18,179.53,184.6201,438153,2022-08-12 04:00:00
992,187.01,190.32,45766556,191.64,186.13,188.6867,424078,2022-08-15 04:00:00
993,189.195,188.79,45123964,191.42,185.01,188.4225,417452,2022-08-16 04:00:00
994,185.23,183.35,44640311,186.88,181.45,183.5016,435130,2022-08-17 04:00:00
995,183.01,187.73,41544656,188.6499,181.83,186.4667,394486,2022-08-18 04:00:00
996,184.06,178.49,44158833,185.2,177.7,179.9591,434782,2022-08-19 04:00:00
997,174.9,170.34,40959271,175.58,169.66,171.9719,410700,2022-08-22 04:00:00
998,169.885,171.81,36998577,174.65,169.7,172.3525,350212,2022-08-23 04:00:00
999,170.12,172.22,52264621,174.06,168.95,171.3975,506724,2022-08-24 04:00:00
1000,168.44,179.13,77069133,179.47,168.33,175.4236,675925,2022-08-25 04:00:00
1001,178.57,162.6,76906493,179.24,162.37,168.9392,780250,2022-08-26 04:00:00
1002,160.2,158.01,49593194,163.38,157.67,159.6805,505827,2022-08-29 04:00:00
1003,159.6,154.68,53010269,160.39,151.82,154.8136,514581,2022-08-30 04:00:00
1004,153.84,150.94,57370986,155.4,149.5851,151.2874,586642,2022-08-31 04:00:00
1005,142.09,139.37,117766964,143.8,132.7021,137.1145,1297073,2022-09-01 04:00:00
1006,141,136.47,74158846,141.71,135.91,138.4285,703848,2022-09-02 04:00:00
1007,137.31,134.65,53550118,137.79,133.51,135.5297,501363,2022-09-06 04:00:00
1008,135.63,137.14,51195746,138.38,133.46,135.8789,432484,2022-09-07 04:00:00
1009,134.59,139.9,62487312,140.08,133.69,137.8042,479836,2022-09-08 04:00:00
1010,141.57,143.87,48712842,144.74,141.26,143.418,434106,2022-09-09 04:00:00
1011,143.69,145.05,48397124,145.47,141.98,143.8276,417969,2022-09-12 04:00:00
1012,138.02,131.31,71481163,139.22,130.99,134.3595,791618,2022-09-13 04:00:00
1013,132.54,131.28,58814654,132.8999,129.13,130.7642,578985,2022-09-14 04:00:00
1014,130.152,129.29,52362516,132.3299,127.9,129.9572,501744,2022-09-15 04:00:00
1015,127.415,131.98,67075140,132.12,126.17,129.7238,528754,2022-09-16 04:00:00
1016,130.12,133.82,56855528,134.63,130.1,132.9342,443331,2022-09-19 04:00:00
1017,132.145,131.76,52481775,134.8276,130.57,132.661,419546,2022-09-20 04:00:00
1018,132.13,132.61,80751440,140.31,131.1,134.8581,632826,2022-09-21 04:00:00
1019,130.7,125.61,75916216,131.4897,124.28,126.7495,659380,2022-09-22 04:00:00
1020,124.2,125.16,66255831,126.11,122.57,124.0735,565372,2022-09-23 04:00:00
1021,124.91,122.28,54734269,126.59,122.14,123.8566,454184,2022-09-26 04:00:00
1022,125.07,124.13,55332406,127.36,122.58,124.8429,452229,2022-09-27 04:00:00
1023,124.1,127.36,54241388,128.23,123.5386,126.2959,437464,2022-09-28 04:00:00
1024,124.48,122.2,53249912,125,119.4601,121.685,485217,2022-09-29 04:00:00
1025,120.87,121.39,56563842,126.33,120.75,123.5119,460956,2022-09-30 04:00:00
1026,123.47,125.12,54733847,126.78,121.05,124.8233,423055,2022-10-03 04:00:00
1027,128.79,131.67,58418167,132.2,128.79,130.7202,460386,2022-10-04 04:00:00
1028,129.107,132.09,50713073,133.21,126.21,129.733,397041,2022-10-05 04:00:00
1029,132.2,131.3,64384939,136.56,131.03,132.9546,466962,2022-10-06 04:00:00
1030,125.05,120.76,67247816,126.7,120.22,122.9627,564662,2022-10-07 04:00:00
1031,120.37,116.7,69855425,121.2432,114.0812,116.6006,585104,2022-10-10 04:00:00
1032,115.61,115.86,66748163,118.46,112.83,115.7046,513890,2022-10-11 04:00:00
1033,115.79,115,49259019,117.35,113.45,115.2724,367403,2022-10-12 04:00:00
1034,109.71,119.6,85010301,120.7799,108.13,116.1974,627985,2022-10-13 04:00:00
1035,120.57,112.27,71323399,121.11,112.04,114.3589,527041,2022-10-14 04:00:00
1036,115.18,118.88,58055917,119.48,115.17,118.1683,457339,2022-10-17 04:00:00
1037,123.44,119.67,65895206,124.92,116.18,119.5755,464990,2022-10-18 04:00:00
1038,118.79,120.51,52313061,123.5,118.34,120.5244,353213,2022-10-19 04:00:00
1039,121.13,121.94,65239761,127.69,121.05,124.1102,478080,2022-10-20 04:00:00
1040,120.982,124.66,60949441,124.98,118.87,122.7857,423472,2022-10-21 04:00:00
1041,125.08,125.99,51745740,127.1,120.64,124.453,413721,2022-10-24 04:00:00
1042,126.935,132.61,50548233,133,126.64,131.2806,423344,2022-10-25 04:00:00
1043,128.69,128.96,53553329,133.88,127.08,130.6552,450250,2022-10-26 04:00:00
1044,136.3,131.76,58311308,138.38,131.22,133.6741,529598,2022-10-27 04:00:00
1045,131.04,138.34,52079993,138.5,130.61,135.8819,457504,2022-10-28 04:00:00
1046,137.78,134.97,48634099,138.38,132.97,135.1831,402621,2022-10-31 04:00:00
1047,138.11,135.43,43281690,139.25,135.19,136.8732,374869,2022-11-01 04:00:00
1048,138.5,132.19,67262784,142.1,132.1124,137.7722,574395,2022-11-02 04:00:00
1049,130.43,134.21,50006486,137.81,129.56,134.2709,409161,2022-11-03 04:00:00
1050,139.86,141.56,61257591,142.29,136.97,139.8445,509022,2022-11-04 04:00:00
1051,142.28,143.01,41006095,144.12,139.54,141.8555,352055,2022-11-07 05:00:00
1052,148.01,146.02,59529199,148.9101,142.16,146.13,535637,2022-11-08 05:00:00
1053,141.615,137.76,45429910,142.11,137.5901,139.2313,425251,2022-11-09 05:00:00
1054,148,157.5,70081925,157.73,145.47,152.464,660098,2022-11-10 05:00:00
1055,158.075,163.27,65548747,163.89,154.82,160.5989,594839,2022-11-11 05:00:00
1056,162.18,162.95,52785245,165.4,159.22,163.1484,455947,2022-11-14 05:00:00
1057,167.215,166.66,54587550,169.98,163.82,167.3694,480284,2022-11-15 05:00:00
1058,161.615,159.1,64954684,163.62,158.73,160.9187,559750,2022-11-16 05:00:00
1059,157.15,156.77,71089356,162.66,155.35,158.6715,609687,2022-11-17 05:00:00
1060,159.66,154.09,49207165,160.02,151.2001,154.1394,407362,2022-11-18 05:00:00
1061,151.47,153.17,40456931,154.77,150.8,153.0061,331835,2022-11-21 05:00:00
1062,153.28,160.38,47286607,160.5757,151.216,157.2556,379050,2022-11-22 05:00:00
1063,160.98,165.19,42724093,165.27,160.4801,163.5297,375319,2022-11-23 05:00:00
1064,163.18,162.7,16793430,164.87,161.72,163.4959,150015,2022-11-25 05:00:00
1065,160.26,158.27,30415201,163.57,157.25,160.1555,281581,2022-11-28 05:00:00
1066,158.27,156.39,29838449,159.32,155.2,157.0726,258547,2022-11-29 05:00:00
1067,156.97,169.23,56517822,169.3,155.97,163.0898,452393,2022-11-30 05:00:00
1068,169.99,171.35,47097657,172.65,166.35,170.6046,508850,2022-12-01 05:00:00
1069,166.59,168.76,37138858,169.3257,164.45,166.9409,476275,2022-12-02 05:00:00
1070,166.79,166.1,35225517,169.95,164.7201,167.1449,437686,2022-12-05 05:00:00
1071,165.3,159.87,35269427,165.73,158.19,160.6742,449699,2022-12-06 05:00:00
1072,157.72,161.2,37238758,161.86,156.67,160.0415,353119,2022-12-07 05:00:00
1073,162.73,171.69,51545554,171.79,159.59,167.7012,471681,2022-12-08 05:00:00
1074,171.6,170.01,46533819,175.83,169.75,172.8808,458765,2022-12-09 05:00:00
1075,170.37,175.35,45732780,175.38,167.97,172.1357,423422,2022-12-12 05:00:00
1076,185.31,180.72,65658876,187.9,177.11,181.8451,833115,2022-12-13 05:00:00
1077,179.87,176.74,49679010,182.52,174.2,178.752,479673,2022-12-14 05:00:00
1078,171.46,169.52,47854210,173.2,167,169.2925,564108,2022-12-15 05:00:00
1079,168.642,165.71,47693193,170.41,164.1,166.2998,442324,2022-12-16 05:00:00
1080,165.72,162.54,35403877,166.09,161.45,162.8778,368765,2022-12-19 05:00:00
1081,160.64,160.85,40325979,163.1,158.52,161.16,363590,2022-12-20 05:00:00
1082,161.14,165.01,32502538,166.27,161.02,164.6841,316062,2022-12-21 05:00:00
1083,160.935,153.39,56447527,161.38,148.82,153.1022,517229,2022-12-22 05:00:00
1084,151.96,152.06,34932563,153.39,148.83,151.3102,317423,2022-12-23 05:00:00
1085,150.74,141.21,46490226,151,140.56,144.0736,425861,2022-12-27 05:00:00
1086,139.27,140.36,35106645,142.62,138.84,140.6279,314623,2022-12-28 05:00:00
1087,144.02,146.03,35492324,146.83,142.27,145.3539,306269,2022-12-29 05:00:00
1088,143.34,146.14,31048983,146.2899,142.33,144.4701,303775,2022-12-30 05:00:00
1089,148.51,143.15,40127658,149.96,140.96,143.6812,424974,2023-01-03 05:00:00
1090,145.67,147.49,43132360,148.53,142.41,146.1524,367769,2023-01-04 05:00:00
1091,144.91,142.65,38916811,145.64,141.4795,143.1404,365497,2023-01-05 05:00:00
1092,144.74,148.59,40504362,150.1,140.34,145.9824,357261,2023-01-06 05:00:00
1093,152.84,156.28,50418056,160.56,151.41,157.8773,518396,2023-01-09 05:00:00
1094,155.07,159.09,38410126,159.6199,154.72,157.4696,360974,2023-01-10 05:00:00
1095,158.3951,160.01,35319493,160.28,155.63,158.2371,339154,2023-01-11 05:00:00
1096,161,165.11,55127706,166.37,154.92,162.0318,531717,2023-01-12 05:00:00
1097,162.78,168.99,44728706,169.22,161.65,166.757,426243,2023-01-13 05:00:00
1098,168.99,177.02,51110216,177.28,168.99,175.1305,499106,2023-01-17 05:00:00
1099,176.67,173.77,43958330,178.73,172.82,175.2401,407659,2023-01-18 05:00:00
1100,170.36,167.65,45293160,171.97,167.31,169.3119,378368,2023-01-19 05:00:00
1101,170.11,178.39,56496712,178.56,168.25,174.2425,451870,2023-01-20 05:00:00
1102,180.64,191.93,65516259,192.45,178.175,188.2019,586657,2023-01-23 05:00:00
1103,188.27,192.65,49620410,194.95,188.2,191.4972,427820,2023-01-24 05:00:00
1104,189.125,193.23,44953711,193.7,185.8,189.9094,401046,2023-01-25 05:00:00
1105,197.01,198.02,48953542,201.66,192.78,196.4206,461621,2023-01-26 05:00:00
1106,194.62,203.65,54214198,206.28,194.05,201.6987,519572,2023-01-27 05:00:00
1107,199.5,191.62,48861115,201.4,191.5,195.5432,500091,2023-01-30 05:00:00
1108,191.695,195.37,49801658,196.87,189.5,194.0487,459639,2023-01-31 05:00:00
1109,196.91,209.43,66047704,211.92,196.11,203.6415,622701,2023-02-01 05:00:00
1110,210,217.09,56427580,219.49,207,214.5515,643708,2023-02-02 05:00:00
1111,210,211,42936595,217.4499,207.89,213.1264,468823,2023-02-03 05:00:00
1112,208.06,210.89,45206508,215.7,207.86,211.9847,432986,2023-02-06 05:00:00
1113,213.82,221.73,66299961,222.59,211.5,216.974,638402,2023-02-07 05:00:00
1114,223.87,222.05,55965122,228.78,220.0801,223.8165,597057,2023-02-08 05:00:00
1115,226.06,223.37,52387578,230.2,221.2,226.6652,569278,2023-02-09 05:00:00
1116,216.9,212.65,55073675,220.7764,208.11,213.1517,606404,2023-02-10 05:00:00
1117,215.38,217.88,47491862,220.48,209.62,216.9398,463567,2023-02-13 05:00:00
1118,215.78,229.71,67543590,230.488,213.66,225.6824,697353,2023-02-14 05:00:00
1119,225.49,227.64,42114866,228.55,221.06,225.4679,471919,2023-02-15 05:00:00
1120,221.33,220.02,41202628,225.5,219.268,222.4622,473577,2023-02-16 05:00:00
1121,216.31,213.88,46588764,217.4,209.75,213.416,552526,2023-02-17 05:00:00
1122,210,206.55,41001455,214.938,206.18,209.4047,427159,2023-02-21 05:00:00
1123,207.07,207.54,51308832,211.04,204.21,210.0205,542700,2023-02-22 05:00:00
1124,234.4,236.64,111799541,238.88,230.25,235.2053,1259505,2023-02-23 05:00:00
1125,232.25,232.86,58967271,234.74,229.47,232.0858,671466,2023-02-24 05:00:00
1126,236.7,235.01,45299367,238.7994,234.54,236.4985,508293,2023-02-27 05:00:00
1127,233.72,232.16,45596280,238.25,232.06,234.7115,451107,2023-02-28 05:00:00
1128,231.92,226.98,46002562,232.5557,225.08,228.149,502260,2023-03-01 05:00:00
1129,224.88,233.14,39007465,233.804,224.32,229.3511,426251,2023-03-02 05:00:00
1130,233.2,238.9,41239330,239,231.3,235.3452,512060,2023-03-03 05:00:00
1131,238.91,235.54,43742923,242.48,234.87,238.433,475730,2023-03-06 05:00:00
1132,236,232.88,51465388,241.25,232.41,236.7638,556617,2023-03-07 05:00:00
1133,234.87,241.81,51326339,242,234.235,238.7258,513049,2023-03-08 05:00:00
1134,241.75,234.36,50125699,244.54,233.8284,239.3429,522390,2023-03-09 05:00:00
1135,234.09,229.65,47486565,236.27,227.26,231.0408,530827,2023-03-10 05:00:00
1136,227.52,229.66,42189032,232.98,222.97,229.2781,489154,2023-03-13 04:00:00
1137,234.96,240.63,47483813,242.19,234.6,239.1892,495073,2023-03-14 04:00:00
1138,237.61,242.28,52448574,242.86,233.6,238.1165,598895,2023-03-15 04:00:00
1139,240.27,255.41,58494626,255.88,238.94,249.7195,664556,2023-03-16 04:00:00
1140,259.82,257.25,84849656,263.99,256.68,259.2577,735489,2023-03-17 04:00:00
1141,256.15,259,43274719,260.24,251.2983,256.9262,511401,2023-03-20 04:00:00
1142,261.8,261.99,54740776,263.92,253.81,260.3504,607792,2023-03-21 04:00:00
1143,264.25,264.68,79729511,275.89,262.37,269.8192,885256,2023-03-22 04:00:00
1144,271.155,271.91,56488876,274.99,266.9,271.8803,675334,2023-03-23 04:00:00
1145,270.31,267.79,45541407,271.67,263.55,266.5343,558717,2023-03-24 04:00:00
1146,268.37,265.31,36102574,270,263.65,266.5464,407677,2023-03-27 04:00:00
1147,264.47,264.1,35610378,265.13,258.5,261.7624,411937,2023-03-28 04:00:00
1148,268.25,269.84,39369387,270.78,265.97,268.9943,451117,2023-03-29 04:00:00
1149,272.29,273.83,36451574,274.99,271.02,273.2914,441761,2023-03-30 04:00:00
1150,271.4,277.77,43393277,278.3431,271.05,275.789,496292,2023-03-31 04:00:00
1151,275.09,279.65,39868260,280,273.36,276.9826,497824,2023-04-03 04:00:00
1152,279.66,274.53,36840953,280,273.07,276.189,446179,2023-04-04 04:00:00
1153,268.29,268.81,51470274,269.98,263.95,266.858,641366,2023-04-05 04:00:00
1154,265.84,270.37,39751038,270.8,264.27,268.6784,467409,2023-04-06 04:00:00
1155,268.23,275.79,39527855,276.2099,266.69,273.008,495662,2023-04-10 04:00:00
1156,277.235,271.69,31425817,277.9,271.26,273.2171,379216,2023-04-11 04:00:00
1157,273.7,264.95,44625895,274.6799,264.475,267.8441,527270,2023-04-12 04:00:00
1158,267.34,264.63,35361528,268.869,263.29,266.5253,426497,2023-04-13 04:00:00
1159,265.04,267.58,39557433,268.83,262.2,265.7433,453492,2023-04-14 04:00:00
1160,265.655,270.02,32147130,270.06,264.3318,267.4631,378507,2023-04-17 04:00:00
1161,275.335,276.67,60481154,281.1,273.57,277.5131,662463,2023-04-18 04:00:00
1162,273.61,279.31,35866041,280,272.32,277.4383,400911,2023-04-19 04:00:00
1163,276.71,271.04,42771326,280.3,270,275.1355,484423,2023-04-20 04:00:00
1164,269.52,271.19,34289637,271.83,267.22,269.9928,371002,2023-04-21 04:00:00
1165,270.13,270.42,33928186,273.6599,266.7101,270.0815,333115,2023-04-24 04:00:00
1166,270.78,262.41,37852716,272.47,262.25,265.5894,398024,2023-04-25 04:00:00
1167,270.02,269.56,40633681,273.3,267.051,270.4464,462353,2023-04-26 04:00:00
1168,273.63,272.26,37693119,274.95,266.2501,269.7867,449755,2023-04-27 04:00:00
1169,272.25,277.49,29221614,277.58,270.7148,274.712,368916,2023-04-28 04:00:00
1170,278.4,289.1,56942853,290.5844,277.8,286.2384,647575,2023-05-01 04:00:00
1171,286.8,282.1,40122057,288.3599,280.83,283.5504,486629,2023-05-02 04:00:00
1172,278.4,278.02,38338740,283.67,274.72,279.0823,460852,2023-05-03 04:00:00
1173,276.51,275.62,32184806,278.59,272.4,275.7099,399679,2023-05-04 04:00:00
1174,278.255,286.8,36147908,287.55,277.31,284.0831,448027,2023-05-05 04:00:00
1175,285.22,291.51,34497890,292.2,283.5,288.5788,402862,2023-05-08 04:00:00
1176,288.99,285.71,31486946,289.73,284.5,286.3035,373192,2023-05-09 04:00:00
1177,290.05,288.85,36934048,291.13,284.6128,288.5426,445394,2023-05-10 04:00:00
1178,288.96,285.78,32158903,289.5,282.46,285.5985,403949,2023-05-11 04:00:00
1179,285.29,283.4,27406335,287.8,280.46,283.2889,363082,2023-05-12 04:00:00
1180,285.085,289.53,29346499,289.69,281.52,286.7348,356291,2023-05-15 04:00:00
1181,288.41,292.13,44940494,298.7,288.32,294.2693,540152,2023-05-16 04:00:00
1182,295.84,301.78,43253491,301.99,294.3001,298.8554,527650,2023-05-17 04:00:00
1183,304.1,316.78,74864821,318.28,303.2,313.4127,858947,2023-05-18 04:00:00
1184,315.36,312.64,47390717,315.8,309.16,312.5319,568070,2023-05-19 04:00:00
1185,309.01,311.76,37013367,315.2,306.8,312.0914,461564,2023-05-22 04:00:00
1186,310,306.88,35620126,312.88,306.31,309.0675,463665,2023-05-23 04:00:00
1187,302.1,305.38,72141851,306.07,298.06,321.5948,1002242,2023-05-24 04:00:00
1188,385.23,379.8,154383377,394.8,366.35,383.018,2225510,2023-05-25 04:00:00
1189,378.9,389.46,71386076,391.7,375.5,385.3114,960826,2023-05-26 04:00:00
1190,405.95,401.11,92335810,419.38,399.49,406.589,1318463,2023-05-30 04:00:00
1191,394.88,378.34,100258020,402.95,378.22,385.7564,1111105,2023-05-31 04:00:00
1192,384.89,397.7,63587095,400.5,383.4,393.1411,902290,2023-06-01 04:00:00
1193,400.97,393.27,48258421,405,390.5801,395.5843,696884,2023-06-02 04:00:00
1194,389.09,391.71,39573651,395.6503,387.07,390.9822,554607,2023-06-05 04:00:00
1195,388.3,386.54,38872914,391.6,381.48,387.1346,538129,2023-06-06 04:00:00
1196,389.15,374.75,51162829,394.99,373.56,383.6278,697455,2023-06-07 04:00:00
1197,377.24,385.1,41777240,388.64,375.05,383.5363,595408,2023-06-08 04:00:00
1198,390.37,387.7,42671747,397.11,385.67,390.7545,586699,2023-06-09 04:00:00
1199,392,394.82,38967335,395.2999,386.18,390.5193,533506,2023-06-12 04:00:00
1200,401.86,410.22,61320816,411.01,397.4,405.3232,853507,2023-06-13 04:00:00
1201,408.24,429.97,74046502,430,405.52,419.7257,1012970,2023-06-14 04:00:00
1202,426.02,426.53,56849004,432.89,421.47,427.8338,762864,2023-06-15 04:00:00
1203,434.5,426.92,65569741,437.21,426.605,432.0286,735549,2023-06-16 04:00:00
1204,429.98,438.08,45113911,439.9,426.74,432.741,631515,2023-06-20 04:00:00
1205,435.01,430.45,55160291,436.15,420.8,428.6582,738161,2023-06-21 04:00:00
1206,422.53,430.25,41750733,434.255,422.34,429.6708,542373,2023-06-22 04:00:00
1207,424.64,422.09,35810734,428.09,420.15,423.9136,504325,2023-06-23 04:00:00
1208,424.61,406.32,59432192,427.64,401,411.3687,799358,2023-06-26 04:00:00
1209,407.99,418.76,46223256,419.4,404.48,412.4728,609804,2023-06-27 04:00:00
1210,406.6,411.17,58263790,418.45,405.18,411.7707,793329,2023-06-28 04:00:00
1211,415.58,408.22,38051430,416,406,409.7244,496354,2023-06-29 04:00:00
1212,416.8,423.02,50112495,425.5,415.01,422.1864,630368,2023-06-30 04:00:00
1213,425.17,424.13,19820919,428.98,422.02,425.1058,323138,2023-07-03 04:00:00
1214,421.35,423.17,32361756,431.77,420.85,426.6446,468057,2023-07-05 04:00:00
1215,418.44,421.03,30413879,421.79,413.46,418.1578,448028,2023-07-06 04:00:00
1216,423.22,425.03,35585147,432.14,421.8,427.6419,465971,2023-07-07 04:00:00
1217,426.57,421.8,35379411,428.11,416.49,421.3067,501330,2023-07-10 04:00:00
1218,424.81,424.05,29681506,427.58,420.67,423.7534,410728,2023-07-11 04:00:00
1219,430.33,439.02,48127702,439.35,427.7728,435.979,632871,2023-07-12 04:00:00
1220,445.18,459.77,47788389,461.55,444.92,451.9371,678697,2023-07-13 04:00:00
1221,465.8281,454.69,77161098,480.88,450.6,466.484,1061060,2023-07-14 04:00:00
1222,462.89,464.61,51038262,464.96,452.6241,459.0124,677693,2023-07-17 04:00:00
1223,467.01,474.94,57007342,478.9599,457.34,469.0057,752333,2023-07-18 04:00:00
1224,474.64,470.77,42750179,478.18,467.42,471.5943,639866,2023-07-19 04:00:00
1225,465.07,455.2,53779791,470.87,450.62,459.3795,767370,2023-07-20 04:00:00
1226,457.88,443.09,96376863,458.66,441,446.0691,742182,2023-07-21 04:00:00
1227,447.31,446.12,38310339,451.09,440.4,446.3135,496277,2023-07-24 04:00:00
1228,449.41,456.79,34808091,461.825,449.23,457.727,487298,2023-07-25 04:00:00
1229,460.21,454.52,36423726,460.53,446.3,453.1749,507434,2023-07-26 04:00:00
1230,465.19,459,45585202,473.95,457.5,466.6117,642024,2023-07-27 04:00:00
1231,466.68,467.5,33113054,470.27,463.81,467.0534,449390,2023-07-28 04:00:00
1232,467.54,467.29,25105528,471.3,465.0601,467.5436,388051,2023-07-31 04:00:00
1233,464.595,465.07,23924397,469,460.27,464.9565,381049,2023-08-01 04:00:00
1234,458.31,442.69,53011746,458.4,433.87,444.4011,806783,2023-08-02 04:00:00
1235,438,445.15,32504460,451.18,438,446.257,460736,2023-08-03 04:00:00
1236,449.85,446.8,36266618,456.42,443.93,450.115,504074,2023-08-04 04:00:00
1237,451.11,454.165,32215354,455.4,445.6345,451.1569,441347,2023-08-07 04:00:00
1238,448.53,446.64,35384343,452.42,440.5601,446.18,502467,2023-08-08 04:00:00
1239,442.74,425.54,58620257,443.12,421.34,429.7717,801122,2023-08-09 04:00:00
1240,421.6,423.88,49263030,435.74,418.35,426.1625,646072,2023-08-10 04:00:00
1241,417.51,408.55,53302806,420.18,406.39,411.8281,721161,2023-08-11 04:00:00
1242,404.86,437.53,69017543,438,403.11,426.9081,870254,2023-08-14 04:00:00
1243,445.6,439.4,67605151,452.68,437.1,443.8066,881673,2023-08-15 04:00:00
1244,445.2,434.86,51395068,446.75,434.06,439.3663,666112,2023-08-16 04:00:00
1245,439.7,433.435,45235532,440.62,430.01,435.1021,557770,2023-08-17 04:00:00
1246,426.35,432.99,58374261,435.7799,416.6,427.0608,724999,2023-08-18 04:00:00
1247,444.94,469.67,69255837,470.65,442.22,457.9433,906839,2023-08-21 04:00:00
1248,481.35,456.68,75595821,481.87,453.331,462.6975,1075656,2023-08-22 04:00:00
1249,458.66,471.16,77856508,472,452.08,474.7534,1210341,2023-08-23 04:00:00
1250,502.16,471.63,115588734,502.66,471.59,483.8834,1721414,2023-08-24 04:00:00
1251,470.12,460.18,92531152,478.05,450.24,460.9434,1289231,2023-08-25 04:00:00
1252,464.82,468.35,68499743,469.8,448.88,461.4866,908306,2023-08-28 04:00:00
1253,466.66,487.84,70139699,490.81,463.9101,483.4246,886677,2023-08-29 04:00:00
1254,490.44,492.64,73489798,499.27,484.25,493.0923,922411,2023-08-30 04:00:00
1255,493.8,493.55,52957876,497.44,489.58,494.3689,649589,2023-08-31 04:00:00
