PEP,open_price,close_price,trading_volume,highest_price,lowest_price,volume_weighted_avg_price,transaction_amt,date_time
0,110.76,113.12,4392105,113.17,110.7,112.5565,37245,2018-09-05 04:00:00
1,112,113.5,4808260,113.53,111.44,112.5589,41594,2018-09-06 04:00:00
2,112.85,112.74,3834064,113.5,111.51,112.6613,31964,2018-09-07 04:00:00
3,112.92,113.57,3289725,113.99,112.7,113.6143,28726,2018-09-10 04:00:00
4,111.85,113.33,2807253,113.745,111.85,113.4128,26354,2018-09-11 04:00:00
5,113.31,113.85,3651358,114.2311,113.04,113.7771,34652,2018-09-12 04:00:00
6,114.49,114.99,3808143,115.01,113.694,114.6961,28377,2018-09-13 04:00:00
7,114.89,114.57,2698325,114.89,113.722,114.349,23365,2018-09-14 04:00:00
8,114.6,115.4,3092582,115.45,114.22,115.1829,27456,2018-09-17 04:00:00
9,115.475,113.98,4081437,115.475,113.69,114.2295,34724,2018-09-18 04:00:00
10,113.95,113.77,2844869,114.24,113.46,113.8457,27468,2018-09-19 04:00:00
11,114.23,115.22,3375863,115.51,114.11,115.1039,28167,2018-09-20 04:00:00
12,115.26,114.91,6989548,115.52,114.835,115.0825,24787,2018-09-21 04:00:00
13,114.1,112.27,3387617,114.72,112.2,112.6162,28546,2018-09-24 04:00:00
14,112.64,111.97,3538656,112.75,111.76,112.1233,30250,2018-09-25 04:00:00
15,112.27,111.5,4053521,112.86,111.31,111.922,27750,2018-09-26 04:00:00
16,111.43,111.05,3841618,112.4,110.91,111.4384,31326,2018-09-27 04:00:00
17,111.54,111.8,5945256,112.05,110.91,111.504,41252,2018-09-28 04:00:00
18,112.15,110.71,5064669,112.48,110.67,111.1832,40519,2018-10-01 04:00:00
19,110.45,108.72,6702152,111.11,107.7,108.9928,59171,2018-10-02 04:00:00
20,109.21,107.52,6107483,109.71,107.17,108.2,45873,2018-10-03 04:00:00
21,106.85,106.61,4930274,107.4,105.8,106.4377,46011,2018-10-04 04:00:00
22,106.25,106.49,3438074,107.01,105.98,106.4187,32165,2018-10-05 04:00:00
23,106.36,108.19,3994129,108.34,106.31,107.9502,31786,2018-10-08 04:00:00
24,108.68,108.12,4105678,108.94,107.52,108.3115,33812,2018-10-09 04:00:00
25,107.59,107.34,5796166,109.35,107.2,108.0735,48223,2018-10-10 04:00:00
26,108.21,105.06,5755112,108.48,104.9,106.0392,54401,2018-10-11 04:00:00
27,105.3,105.28,4543011,105.76,104.53,105.152,38901,2018-10-12 04:00:00
28,105.2,105.63,3805689,106.65,105.17,105.8974,26326,2018-10-15 04:00:00
29,106.31,107.39,4061579,107.69,105.8401,107.1562,35181,2018-10-16 04:00:00
30,107.21,108.31,4495857,108.7785,107.19,108.1544,36700,2018-10-17 04:00:00
31,108.48,107.93,4094033,109.3457,107.55,108.1914,35209,2018-10-18 04:00:00
32,108.59,110.29,5109005,110.6,108.49,109.9726,44060,2018-10-19 04:00:00
33,110.09,109.4,5477714,110.89,109.2438,109.7318,38677,2018-10-22 04:00:00
34,108.93,110.13,4484123,110.53,108.32,109.4095,45446,2018-10-23 04:00:00
35,110.2,112.96,8222879,114.16,109.95,112.9497,73566,2018-10-24 04:00:00
36,112.96,112.85,6712939,113.27,111.4222,112.5707,57705,2018-10-25 04:00:00
37,111.62,110.45,5872775,112.06,109.69,110.6335,54460,2018-10-26 04:00:00
38,111.29,112.89,5705997,113.31,111.1432,112.6686,45400,2018-10-29 04:00:00
39,113.75,113.77,4900399,114.23,112.6,113.4332,45852,2018-10-30 04:00:00
40,113.49,112.38,6449473,113.49,111.19,112.465,45252,2018-10-31 04:00:00
41,112,111.51,5736715,113.14,110.98,111.7965,46772,2018-11-01 04:00:00
42,111.49,111.17,6705770,112.1,109.63,110.8332,54995,2018-11-02 04:00:00
43,111.69,114.39,5270360,114.44,111.28,113.9557,41170,2018-11-05 05:00:00
44,114.03,115.21,3913449,115.35,113.86,114.7072,34720,2018-11-06 05:00:00
45,115.45,115.61,4219594,115.77,114.44,115.4466,35199,2018-11-07 05:00:00
46,115.38,116.06,2925092,116.5,115.25,115.8505,27657,2018-11-08 05:00:00
47,116.08,117.48,5026306,117.71,116.08,117.0862,44173,2018-11-09 05:00:00
48,117,116.97,4781899,118.32,116.71,117.4699,43067,2018-11-12 05:00:00
49,117.75,117.14,3609927,117.75,116.21,117.0121,35503,2018-11-13 05:00:00
50,117.44,116.65,4423812,117.48,116.27,116.824,40135,2018-11-14 05:00:00
51,116.43,116.8,4045746,116.99,115.6,116.442,36158,2018-11-15 05:00:00
52,117.05,118.35,4484333,118.48,116.84,117.9775,33409,2018-11-16 05:00:00
53,118.08,119.01,4673935,119.52,117.965,118.9557,38345,2018-11-19 05:00:00
54,119.8,116,5088238,120.28,115.78,117.18,46616,2018-11-20 05:00:00
55,115.89,115.28,3245054,116.89,114.92,115.5919,30874,2018-11-21 05:00:00
56,114.78,115.41,1444727,116.57,114.78,115.6744,13425,2018-11-23 05:00:00
57,115.88,115.86,2972459,116.4303,114.99,115.7941,27640,2018-11-26 05:00:00
58,115.37,116.44,2884749,116.5269,114.9,115.9871,30446,2018-11-27 05:00:00
59,115.98,118.5,3989365,118.52,115.57,117.6763,34952,2018-11-28 05:00:00
60,118.4,118.27,2878675,118.87,117.44,118.3417,29507,2018-11-29 05:00:00
61,118.13,121.94,8051115,122,118.13,120.7726,48034,2018-11-30 05:00:00
62,120.48,118.98,6112959,120.91,117.51,118.6005,53378,2018-12-03 05:00:00
63,119.37,117.8,7018210,120.61,117.45,118.795,52856,2018-12-04 05:00:00
64,116.31,116.84,5191681,117.38,114.1,115.8302,50614,2018-12-06 05:00:00
65,116.37,115.82,4615881,116.98,115.38,115.9722,36819,2018-12-07 05:00:00
66,116.4,116.19,4150858,116.6197,114.46,115.9278,33237,2018-12-10 05:00:00
67,116.9,117.29,5545054,118.19,116.68,117.2847,38679,2018-12-11 05:00:00
68,118.34,117,4889715,118.59,116.41,117.1649,42306,2018-12-12 05:00:00
69,117.14,118.35,6181237,118.89,117.11,118.181,54402,2018-12-13 05:00:00
70,117.32,113.95,7404239,117.55,113.67,114.6975,59397,2018-12-14 05:00:00
71,114.37,112.87,6015296,115.07,112.2,113.3839,49161,2018-12-17 05:00:00
72,113.22,111.84,5846156,113.53,110.75,112.0309,48351,2018-12-18 05:00:00
73,112.63,110.04,6915432,113.19,109.63,110.9741,58437,2018-12-19 05:00:00
74,110.2,110.21,8468311,111.93,109.2,110.5338,68141,2018-12-20 05:00:00
75,110.96,109.42,13263615,114.16,108.81,110.5033,62653,2018-12-21 05:00:00
76,110.13,106.03,3354049,111.09,105.96,107.0877,30232,2018-12-24 05:00:00
77,106.22,108.33,4537048,108.44,105.03,107.0696,42457,2018-12-26 05:00:00
78,107.77,109.42,5175858,109.47,106.03,108.2031,40549,2018-12-27 05:00:00
79,110.09,110.36,5410371,111.1,109.22,110.1603,45475,2018-12-28 05:00:00
80,110.58,110.48,5002673,111.09,109.32,110.1824,38569,2018-12-31 05:00:00
81,109.15,109.28,4835357,110.0197,108.23,109.1423,39250,2019-01-02 05:00:00
82,108.91,108.26,5975925,110.15,108.05,108.7382,49105,2019-01-03 05:00:00
83,109.54,110.48,6293898,110.6,108.24,109.9308,48211,2019-01-04 05:00:00
84,110.01,109.53,5220490,110.38,108.65,109.6138,44033,2019-01-07 05:00:00
85,110.14,110.58,6407745,110.8,109.42,110.2892,48975,2019-01-08 05:00:00
86,110.33,107.49,8521291,110.87,107.49,108.0204,67227,2019-01-09 05:00:00
87,107.41,108.15,7905010,108.34,107.3565,108.0242,53057,2019-01-10 05:00:00
88,107.86,108.16,5939031,108.5,107.64,108.0206,42051,2019-01-11 05:00:00
89,107.85,107.32,5804597,107.96,106.96,107.4313,43972,2019-01-14 05:00:00
90,107.46,108.99,4508119,109.07,106.73,108.5493,43734,2019-01-15 05:00:00
91,108.99,108.34,4953505,109.05,107.7,108.294,41703,2019-01-16 05:00:00
92,108.14,109.22,4612249,109.47,108.09,108.9988,34731,2019-01-17 05:00:00
93,109.97,110.07,5114734,110.295,109.17,109.9612,35913,2019-01-18 05:00:00
94,109.86,109.91,5298239,110.23,108.78,109.5417,43961,2019-01-22 05:00:00
95,109.68,110.73,5197388,110.79,109.51,110.2438,44429,2019-01-23 05:00:00
96,110.31,109.5,4477466,110.31,108.41,109.342,36972,2019-01-24 05:00:00
97,110.15,109.35,5071205,110.59,109.04,109.5826,44877,2019-01-25 05:00:00
98,108.96,108.82,4055919,109.6,108,108.5804,42405,2019-01-28 05:00:00
99,108.93,109,4301528,109.62,108.51,108.9395,36466,2019-01-29 05:00:00
100,108.94,110.82,5023824,111.24,108.54,110.4443,45439,2019-01-30 05:00:00
101,110.97,112.67,6183408,112.9,110.21,112.162,45140,2019-01-31 05:00:00
102,112.95,112.19,5010479,113.28,111.45,112.1074,37029,2019-02-01 05:00:00
103,112.21,113.09,3664960,113.4,111.85,112.873,30953,2019-02-04 05:00:00
104,113.03,112.9,4593360,113.54,112.49,112.9847,35834,2019-02-05 05:00:00
105,113.41,113.05,4209394,113.58,112.3,112.9378,33980,2019-02-06 05:00:00
106,112.82,113.09,4227677,113.16,112.16,112.8052,33896,2019-02-07 05:00:00
107,112.93,113.015,3868255,113.04,111.93,112.4998,33775,2019-02-08 05:00:00
108,113.16,112.97,4851068,113.58,112.6443,112.9841,31504,2019-02-11 05:00:00
109,113.23,113.79,6765311,114.5,112.22,113.5705,49544,2019-02-12 05:00:00
110,114.11,114.12,5528030,114.73,113.63,113.9803,43898,2019-02-13 05:00:00
111,113,112.59,6359154,113,111.88,112.5309,56850,2019-02-14 05:00:00
112,115.85,115.91,8889504,116.28,114.11,115.5782,63798,2019-02-15 05:00:00
113,116.8,115.93,5596052,116.97,115.2,115.8609,49735,2019-02-19 05:00:00
114,115.75,115.83,6038940,116.64,115.41,115.8816,45895,2019-02-20 05:00:00
115,115.5,116.1,4825945,116.93,115.47,116.1078,40695,2019-02-21 05:00:00
116,116.11,116.76,4865412,116.77,115.59,116.4421,42258,2019-02-22 05:00:00
117,117.17,116.06,3755910,117.3,115.71,116.2363,35343,2019-02-25 05:00:00
118,116.37,115.97,4074651,116.5,115.43,115.9926,33938,2019-02-26 05:00:00
119,115.54,115.37,4175511,115.7,114.41,115.1188,35311,2019-02-27 05:00:00
120,114.74,115.64,5586296,116.22,114.21,115.567,46359,2019-02-28 05:00:00
121,115.86,116.18,3629189,116.37,115.23,115.8773,32710,2019-03-01 05:00:00
122,116.55,116.17,4383080,116.93,115.5,116.0973,35425,2019-03-04 05:00:00
123,115.98,116.03,3785396,116.82,115.6632,116.1595,32607,2019-03-05 05:00:00
124,115.78,116.66,4770682,116.83,115.58,116.4051,41666,2019-03-06 05:00:00
125,116.21,116.1,4858309,117.33,115.7,116.1261,38879,2019-03-07 05:00:00
126,115.83,115.23,5003286,116.26,114.26,114.9443,46148,2019-03-08 05:00:00
127,115.3,116.59,4821824,116.705,114.98,116.1949,41757,2019-03-11 04:00:00
128,116.75,116.57,4356442,117.21,116.01,116.4544,41644,2019-03-12 04:00:00
129,116.88,116.58,5967706,117.56,116.455,116.8717,41549,2019-03-13 04:00:00
130,116.86,115.5,8986684,116.98,115.45,115.991,57254,2019-03-14 04:00:00
131,115.68,115.66,18194180,116.53,115.37,115.7899,66959,2019-03-15 04:00:00
132,116.17,117.27,9475999,117.3885,116.05,117.1102,49277,2019-03-18 04:00:00
133,117.36,118.09,6751664,118.745,117.25,117.9851,47877,2019-03-19 04:00:00
134,118.07,118.32,5733516,119.48,117.35,118.4296,55223,2019-03-20 04:00:00
135,118.01,119.44,4305586,119.665,118.01,119.2712,39636,2019-03-21 04:00:00
136,119.5,120.72,6668099,121.29,119.4467,120.6648,60329,2019-03-22 04:00:00
137,120.26,120.85,4275527,121.29,120.08,120.8269,46056,2019-03-25 04:00:00
138,121.46,122.02,4583158,122.16,121.26,121.8357,48227,2019-03-26 04:00:00
139,122.46,121.89,5318490,123.19,121.19,121.8777,46606,2019-03-27 04:00:00
140,121.89,121.84,3694740,122.47,121.585,121.8639,27887,2019-03-28 04:00:00
141,122.29,122.55,5758805,122.755,121.27,122.3141,35869,2019-03-29 04:00:00
142,122.59,122,5025662,122.89,121.59,122.1121,40191,2019-04-01 04:00:00
143,121.9,121.68,3242608,122.255,121.56,121.7467,35092,2019-04-02 04:00:00
144,121.68,121.56,4534426,122.23,120.74,121.6079,39612,2019-04-03 04:00:00
145,121.81,121.47,3022470,122.125,121.169,121.6294,31345,2019-04-04 04:00:00
146,121.35,121.62,3971535,121.67,120.82,121.3946,31558,2019-04-05 04:00:00
147,121.72,122,3140147,122.04,121.21,121.8542,28746,2019-04-08 04:00:00
148,121.74,122.17,3864363,122.2,120.85,121.8097,39327,2019-04-09 04:00:00
149,122.35,122.04,2673290,122.7,121.66,122.0582,27585,2019-04-10 04:00:00
150,122.36,121.67,3399742,122.75,121.17,121.7125,35331,2019-04-11 04:00:00
151,121.53,122.23,3501129,122.33,121.15,121.881,33129,2019-04-12 04:00:00
152,122.44,123.66,4419849,124,122.36,123.357,41907,2019-04-15 04:00:00
153,123.22,122.41,5263742,123.82,121.89,122.3745,52685,2019-04-16 04:00:00
154,125,127.01,7318172,127.11,123.84,126.3647,64076,2019-04-17 04:00:00
155,128.23,127.09,6331152,128.26,126.7282,127.3389,52680,2019-04-18 04:00:00
156,126.77,126.44,3707004,127.24,125.88,126.4837,35820,2019-04-22 04:00:00
157,126.68,127.09,4464139,127.54,126.12,126.8744,41071,2019-04-23 04:00:00
158,127.41,126.92,3517173,127.98,126.67,127.0847,32034,2019-04-24 04:00:00
159,125.65,126.13,4433718,126.3999,125.18,125.8672,40949,2019-04-25 04:00:00
160,126.52,126.4,3033876,127.245,126.115,126.5261,31060,2019-04-26 04:00:00
161,126.14,126.69,2793384,126.96,126.02,126.5812,27890,2019-04-29 04:00:00
162,127.05,128.05,4963611,128.39,126.34,127.9219,39349,2019-04-30 04:00:00
163,127.85,127.24,3810811,128,127.01,127.4472,33129,2019-05-01 04:00:00
164,127.24,126.83,2875936,127.55,126.17,126.8062,30304,2019-05-02 04:00:00
165,127.1,127.67,2854949,128.18,126.92,127.6628,26214,2019-05-03 04:00:00
166,127.3,127.27,2883946,127.6253,126.76,127.1816,25617,2019-05-06 04:00:00
167,126.64,125.98,3558887,126.95,125.18,126.0253,36451,2019-05-07 04:00:00
168,125.8,126.02,3844711,126.74,124.95,125.9524,29600,2019-05-08 04:00:00
169,125.77,126.05,3127153,126.54,124.85,125.8882,35534,2019-05-09 04:00:00
170,126.14,128.01,3720445,128.28,125.62,127.1244,43362,2019-05-10 04:00:00
171,127.02,127.16,4297336,127.94,126.63,127.11,47669,2019-05-13 04:00:00
172,127.56,127.41,5150328,128.51,127.285,127.6975,41277,2019-05-14 04:00:00
173,127.1,129.35,3751936,129.87,127.1,129.1759,40300,2019-05-15 04:00:00
174,129.37,130.27,4812909,130.745,128.76,130.2894,37540,2019-05-16 04:00:00
175,129.92,130.51,4011704,130.87,129.65,130.3905,37106,2019-05-17 04:00:00
176,130.04,129.99,3965560,130.45,129.55,130.016,38643,2019-05-20 04:00:00
177,130.58,129.05,4080776,130.58,128.855,129.2114,37939,2019-05-21 04:00:00
178,129.1,130.07,3588006,130.64,128.9483,130.0522,34693,2019-05-22 04:00:00
179,129.6,129.97,3901599,130.9,129.51,130.1327,39864,2019-05-23 04:00:00
180,130.33,129.5,2702733,130.48,128.96,129.6372,31421,2019-05-24 04:00:00
181,129.5,127.63,8805969,129.9,127.36,127.9013,42237,2019-05-28 04:00:00
182,127.58,128.17,5502814,128.31,126.84,127.8408,54723,2019-05-29 04:00:00
183,128.15,128.61,2710688,128.91,127.78,128.3742,30742,2019-05-30 04:00:00
184,128,128,4191171,128.45,126.99,127.9141,38789,2019-05-31 04:00:00
185,127.86,128.98,3588681,129.155,127.49,128.6916,38422,2019-06-03 04:00:00
186,129.75,129.07,4242361,129.81,128.02,128.7374,42426,2019-06-04 04:00:00
187,129.22,131.39,5084169,131.605,128.8625,131.0368,48594,2019-06-05 04:00:00
188,131.08,131.98,5427984,132.2703,130.56,131.8762,41293,2019-06-06 04:00:00
189,132.84,133.47,6332717,134.71,132.59,133.8052,47169,2019-06-07 04:00:00
190,133.18,133.59,2957855,133.68,132.36,133.2528,30783,2019-06-10 04:00:00
191,134.06,133.2,3553620,134.3392,132.69,133.3842,36089,2019-06-11 04:00:00
192,134.01,133.14,3302751,134.44,132.66,133.2505,36442,2019-06-12 04:00:00
193,133.45,132.94,2851536,133.79,131.85,132.6713,28873,2019-06-13 04:00:00
194,133.01,132.73,3291805,133.54,132.555,132.9021,28158,2019-06-14 04:00:00
195,132.72,132.52,2725751,133.235,131.885,132.4344,27898,2019-06-17 04:00:00
196,134.42,132.06,4378222,134.42,131.8625,132.464,42615,2019-06-18 04:00:00
197,132.06,132.85,4349918,133.29,131.33,132.4912,37026,2019-06-19 04:00:00
198,133.87,134.16,3847549,134.45,133.34,134.0239,37538,2019-06-20 04:00:00
199,134.16,133.96,7696290,134.56,133.63,134.042,34881,2019-06-21 04:00:00
200,134.65,134.14,3685771,135.242,133.94,134.2998,33260,2019-06-24 04:00:00
201,133.98,133.81,4176399,134.48,133.54,133.9376,40758,2019-06-25 04:00:00
202,133.06,132.32,6024090,133.77,132.3,132.7832,48866,2019-06-26 04:00:00
203,132.25,131.69,4750934,132.44,131.38,131.7443,41113,2019-06-27 04:00:00
204,132.28,131.13,6318523,132.41,130.76,131.2145,41070,2019-06-28 04:00:00
205,131.99,131.87,3548924,132.29,131.07,131.681,38316,2019-07-01 04:00:00
206,132.09,132.43,3233403,132.65,131.35,132.1325,36034,2019-07-02 04:00:00
207,132.98,133.99,2859168,134.09,132.77,133.7016,28471,2019-07-03 04:00:00
208,132.89,133.02,3356086,133.4899,131.55,132.6281,34724,2019-07-05 04:00:00
209,133.1,132.56,5854533,133.39,132.04,132.6538,54684,2019-07-08 04:00:00
210,133,131.74,8233230,133.4,130.72,131.5959,67612,2019-07-09 04:00:00
211,132.4,134.41,6141500,134.46,131.87,133.5035,54201,2019-07-10 04:00:00
212,134.21,134.35,3944397,134.74,133.35,134.0053,39376,2019-07-11 04:00:00
213,134,133.28,4481150,134.43,132.61,133.4111,42271,2019-07-12 04:00:00
214,133.6,134.15,3077887,134.16,132.55,133.791,32332,2019-07-15 04:00:00
215,134.08,133.8,4019662,135.24,133.05,133.8463,42801,2019-07-16 04:00:00
216,133.92,132.78,4105122,134.28,132.47,133.0388,36020,2019-07-17 04:00:00
217,132.61,132.88,3698643,133.2,131.52,132.39,38802,2019-07-18 04:00:00
218,133.17,130.09,5022155,133.19,130.01,131.0093,49209,2019-07-19 04:00:00
219,130.49,130.28,4412036,130.813,129.63,130.2872,34941,2019-07-22 04:00:00
220,131.13,130.74,4145846,132.24,130.41,130.9867,39538,2019-07-23 04:00:00
221,131.2,129.21,4669749,131.2,128.62,129.3767,42756,2019-07-24 04:00:00
222,128.63,128.99,3335188,129.525,128.39,128.9256,37045,2019-07-25 04:00:00
223,129.44,131.22,4581001,131.42,128.71,130.9049,40030,2019-07-26 04:00:00
224,131.5,131.53,4533441,132.06,131.1755,131.5127,34682,2019-07-29 04:00:00
225,131.34,130.48,3367872,132.08,130.23,130.9727,34671,2019-07-30 04:00:00
226,130.48,127.81,5757555,130.48,126.24,128.496,57020,2019-07-31 04:00:00
227,128.96,127.14,6199379,129.4,126.77,127.984,60693,2019-08-01 04:00:00
228,127.1,127.92,5573328,128.82,126.5049,127.8517,55208,2019-08-02 04:00:00
229,128.35,124.4,6192794,129.15,123.88,125.3057,58944,2019-08-05 04:00:00
230,124.78,126.45,6258660,127,124.38,126.1382,55741,2019-08-06 04:00:00
231,126.4,127.78,6148983,128.34,124.63,127.1655,58489,2019-08-07 04:00:00
232,128.1,129.47,3702122,129.75,127.0005,128.9846,34005,2019-08-08 04:00:00
233,129.71,128.6,2929485,129.74,127.32,128.5282,30547,2019-08-09 04:00:00
234,128.45,128.35,2920857,129.15,127.87,128.4456,28998,2019-08-12 04:00:00
235,128.28,129.93,4168535,130.38,127.94,129.7881,42926,2019-08-13 04:00:00
236,129.52,129.12,6232736,130.53,128.8,129.4061,54450,2019-08-14 04:00:00
237,129.66,130.72,3782454,131.22,129.4,130.5314,44237,2019-08-15 04:00:00
238,131.42,131.76,3609658,132.32,130.64,131.648,30357,2019-08-16 04:00:00
239,132.07,132.57,3101259,132.85,131.94,132.4729,30760,2019-08-19 04:00:00
240,132.8,132.06,3160263,133.1,131.93,132.341,32985,2019-08-20 04:00:00
241,132.91,132.34,2936911,133.64,131.6236,132.229,28395,2019-08-21 04:00:00
242,131.75,132.66,2484691,132.93,131.32,132.4403,24856,2019-08-22 04:00:00
243,132.45,130.27,4239733,133.35,129.54,131.0277,42832,2019-08-23 04:00:00
244,130.82,133.74,3954641,133.75,130.586,132.9063,38294,2019-08-26 04:00:00
245,134.2,134.76,7187846,135.3597,133.68,134.7025,47057,2019-08-27 04:00:00
246,134.5,135.19,3972645,135.34,134.28,134.8782,36886,2019-08-28 04:00:00
247,135.61,136.02,3045711,136.44,134.52,135.8297,32517,2019-08-29 04:00:00
248,136.11,136.73,3743235,137.11,135.76,136.5521,33445,2019-08-30 04:00:00
249,136.35,137.46,2989834,137.67,135.88,137.1144,33554,2019-09-03 04:00:00
250,137.81,139.15,3201744,139.18,137.25,138.5487,35492,2019-09-04 04:00:00
251,138.8,135.98,4994610,138.8,135.55,136.8044,51559,2019-09-05 04:00:00
252,136.93,137.37,3051948,137.42,136.02,136.8426,35377,2019-09-06 04:00:00
253,136.4,136.4,4062076,136.68,135.4275,136.1594,39989,2019-09-09 04:00:00
254,135.74,135.86,4175107,136.515,134.68,135.5142,44813,2019-09-10 04:00:00
255,135.27,136.36,5005115,136.79,134.88,135.9168,54053,2019-09-11 04:00:00
256,136.74,137.29,4146873,138.29,136.74,137.4369,46997,2019-09-12 04:00:00
257,136.08,136.44,4008193,136.95,135.68,136.2838,38234,2019-09-13 04:00:00
258,136.39,134.88,2953553,136.5,134.38,135.0171,30679,2019-09-16 04:00:00
259,134.96,135.7,4026765,136.31,134.51,135.5941,34694,2019-09-17 04:00:00
260,135.81,135.5,2695692,135.9999,134.1,135.3487,31335,2019-09-18 04:00:00
261,135.41,135.48,2830949,135.84,135.08,135.4983,29700,2019-09-19 04:00:00
262,135,134.71,6765445,135.76,134.48,135.0019,39591,2019-09-20 04:00:00
263,134.96,135.44,3501488,135.75,134.96,135.4641,32852,2019-09-23 04:00:00
264,136.25,135.36,4885280,136.445,134.58,135.4907,45242,2019-09-24 04:00:00
265,135.21,135.09,3472062,135.66,134.51,135.1194,36248,2019-09-25 04:00:00
266,135.87,135.72,4479586,136.33,135.01,135.804,39682,2019-09-26 04:00:00
267,136.24,135.6,3559446,136.24,134.67,135.4143,29376,2019-09-27 04:00:00
268,136.07,137.1,3911466,137.73,135.87,137.0488,34323,2019-09-30 04:00:00
269,136.93,137.37,3712057,137.94,136.09,137.1565,43404,2019-10-01 04:00:00
270,136.89,133.94,5804773,137.38,133.485,134.495,58252,2019-10-02 04:00:00
271,138.44,137.93,9742607,139.75,136.5,138.3386,78770,2019-10-03 04:00:00
272,137.84,140.28,5319752,140.45,137.62,139.6025,53927,2019-10-04 04:00:00
273,139.29,138.34,4377580,139.61,137.97,138.8263,45053,2019-10-07 04:00:00
274,137.65,137.24,4848087,138.45,137.08,137.5783,44806,2019-10-08 04:00:00
275,137.32,137.85,3089472,138.17,136.83,137.5463,30812,2019-10-09 04:00:00
276,137.11,137.89,2303335,138.25,136.64,137.7351,26353,2019-10-10 04:00:00
277,138.08,137.64,2779534,138.7,137.09,137.8818,31047,2019-10-11 04:00:00
278,137.84,137.45,2386269,138.3,137.24,137.6042,26157,2019-10-14 04:00:00
279,137.48,136.33,3395335,137.945,136.16,136.564,34342,2019-10-15 04:00:00
280,136.14,136.42,2812979,136.49,135.5756,136.2215,30447,2019-10-16 04:00:00
281,137.07,136.96,2457795,137.6153,136.6,137.1013,24977,2019-10-17 04:00:00
282,137.27,136.25,3630795,137.37,136.23,136.6637,30728,2019-10-18 04:00:00
283,136.34,136.12,3170699,136.74,135.66,136.1923,26886,2019-10-21 04:00:00
284,136.65,136.66,3395610,137.35,136.31,136.7599,30252,2019-10-22 04:00:00
285,136.61,137.45,2332068,137.5,136.61,137.1454,24819,2019-10-23 04:00:00
286,137.7,137.89,2311103,138.11,136.79,137.7673,24443,2019-10-24 04:00:00
287,137.78,136.64,2520038,137.92,136.23,136.681,25779,2019-10-25 04:00:00
288,136.55,136.57,3212595,137.55,136.15,136.6761,30105,2019-10-28 04:00:00
289,136.83,136.08,2550254,137.12,135.94,136.3701,26847,2019-10-29 04:00:00
290,135.86,136.9,2653724,137.285,135.41,136.7093,30167,2019-10-30 04:00:00
291,136.8,137.17,4492250,137.53,136.1,136.9012,27863,2019-10-31 04:00:00
292,137.55,136.93,3054900,138.34,136.7,137.2623,32315,2019-11-01 04:00:00
293,136.8,135.16,3202380,137.1,134.73,135.5979,32445,2019-11-04 05:00:00
294,134.83,134.01,4300812,135.1001,132.6,134.0226,45455,2019-11-05 05:00:00
295,134.5,134.44,3645614,134.88,133.55,134.2843,34070,2019-11-06 05:00:00
296,134.41,133.32,3338757,134.5,133.12,133.5098,32801,2019-11-07 05:00:00
297,133.29,133.13,2603954,134.13,132.57,133.051,27563,2019-11-08 05:00:00
298,133.03,132.39,2227544,133.03,131.965,132.4039,28598,2019-11-11 05:00:00
299,132.68,131.98,3246698,132.68,131.59,131.9892,27716,2019-11-12 05:00:00
300,132.63,133.29,3194724,133.57,132.01,133.1198,30066,2019-11-13 05:00:00
301,133.6,133.33,2142100,133.91,132.73,133.3218,25400,2019-11-14 05:00:00
302,133.66,133.81,3648701,133.92,132.8,133.4895,28784,2019-11-15 05:00:00
303,134,134.06,3619873,135.69,133.91,134.5583,35240,2019-11-18 05:00:00
304,134.65,134.57,3019092,135.06,134.0692,134.5401,27088,2019-11-19 05:00:00
305,134.31,133.74,3047718,135.2,133.4,134.0375,29900,2019-11-20 05:00:00
306,133.43,133.91,3391228,134.21,133.086,133.725,33431,2019-11-21 05:00:00
307,133.92,134.07,3014865,134.53,133.02,133.9137,25451,2019-11-22 05:00:00
308,134.66,133.83,3612786,134.78,133.2101,133.7752,31133,2019-11-25 05:00:00
309,134.29,135.7,4947826,135.865,133.8703,135.4226,32691,2019-11-26 05:00:00
310,135.7,135.91,2476283,136.52,135.33,135.9801,23489,2019-11-27 05:00:00
311,136.06,135.83,2978437,136.42,135.26,135.8003,18072,2019-11-29 05:00:00
312,136.65,135.88,3866346,136.65,134.44,135.3922,36581,2019-12-02 05:00:00
313,136.66,135.46,5119578,136.66,134.32,135.2733,43965,2019-12-03 05:00:00
314,134.95,137.3,4228878,137.37,134.54,136.7046,43278,2019-12-04 05:00:00
315,136.19,136.34,3351990,136.54,135.27,136.0253,33040,2019-12-05 05:00:00
316,136.67,137.36,3216924,137.69,136.3397,137.3123,31269,2019-12-06 05:00:00
317,137.15,137.16,3927667,138.04,137,137.3982,32217,2019-12-09 05:00:00
318,137.61,136.27,2940212,137.61,136.17,136.5609,32630,2019-12-10 05:00:00
319,137.05,137.1,3339278,137.54,136.32,137.0041,26730,2019-12-11 05:00:00
320,136.8,137.18,3502138,137.9,136.75,137.2707,34088,2019-12-12 05:00:00
321,136.93,137.94,3558062,138.25,136.19,137.5095,34939,2019-12-13 05:00:00
322,136.95,137.06,4701155,137.52,136.16,136.9912,36914,2019-12-16 05:00:00
323,137.05,136.17,5491845,137.44,135.685,136.2454,38770,2019-12-17 05:00:00
324,137.05,135.97,5370538,137.3,135.625,136.0169,37909,2019-12-18 05:00:00
325,136.22,136.47,3921726,136.74,135.95,136.3747,23543,2019-12-19 05:00:00
326,137.41,137.92,10311283,138.13,135.16,137.7181,39976,2019-12-20 05:00:00
327,137.69,137.04,2992896,138.13,136.84,137.3301,24829,2019-12-23 05:00:00
328,137.09,136.89,1220629,137.38,136.27,136.8396,13852,2019-12-24 05:00:00
329,136.86,136.69,2935081,137.34,136.1,136.668,19220,2019-12-26 05:00:00
330,136.88,137.54,2554025,137.58,136.63,137.3225,22831,2019-12-27 05:00:00
331,136.7,136.81,3024941,137.97,136.48,136.8746,23681,2019-12-30 05:00:00
332,136.69,136.67,3229369,137.2625,136.03,136.5479,27258,2019-12-31 05:00:00
333,136.87,135.82,3596407,137.23,135.14,135.8716,37378,2020-01-02 05:00:00
334,135.46,135.63,4000070,136.79,135.125,135.7897,37311,2020-01-03 05:00:00
335,135.3,136.15,4085432,136.32,135.2012,135.9629,34736,2020-01-06 05:00:00
336,136,134.01,5722453,136.07,133.95,134.3225,43487,2020-01-07 05:00:00
337,134.46,134.7,3681357,135.36,134.07,134.7147,31338,2020-01-08 05:00:00
338,135.29,134.79,3954737,135.38,134.53,134.8284,29302,2020-01-09 05:00:00
339,135.17,134.53,3100675,135.42,134.39,134.8364,30724,2020-01-10 05:00:00
340,134.65,136.53,5127511,136.59,134.63,136.1926,36842,2020-01-13 05:00:00
341,136.18,136.85,4161493,136.94,135.695,136.6768,34186,2020-01-14 05:00:00
342,137.04,139.2,5002877,139.25,136.8,138.7591,39693,2020-01-15 05:00:00
343,139.35,139.61,4977937,140.16,138.91,139.5438,38357,2020-01-16 05:00:00
344,140.1,141.26,6909002,141.32,139.9,140.979,45240,2020-01-17 05:00:00
345,140.61,141.86,4439998,142.12,140.34,141.5881,40342,2020-01-21 05:00:00
346,141.81,143.38,5366139,143.57,141.72,143.0775,43699,2020-01-22 05:00:00
347,143.09,143.65,3916109,143.85,142.37,143.2798,35546,2020-01-23 05:00:00
348,143.83,142.915,2791516,144.15,142.45,143.0298,30822,2020-01-24 05:00:00
349,141.65,142.14,3895268,143.36,141.05,142.3954,36187,2020-01-27 05:00:00
350,142.13,142.44,2908401,142.92,141.76,142.5084,29802,2020-01-28 05:00:00
351,142,141.73,3263305,142.45,141.17,141.8764,30975,2020-01-29 05:00:00
352,142.32,143.83,4058489,143.96,141.52,143.2161,37811,2020-01-30 05:00:00
353,143.81,142.02,4753380,144.65,141.575,142.286,45172,2020-01-31 05:00:00
354,142.77,142.51,3978171,143.075,141.84,142.441,38130,2020-02-03 05:00:00
355,143.2,143.22,3494609,144.06,142.1,143.3663,36375,2020-02-04 05:00:00
356,143.68,144.3,3504869,144.59,143.43,144.1468,36120,2020-02-05 05:00:00
357,144.64,144.33,3571487,145.2977,144.0702,144.4845,34080,2020-02-06 05:00:00
358,144.26,145.37,3138839,145.72,143.83,145.1249,37506,2020-02-07 05:00:00
359,145.93,145.66,3775732,146.42,145.13,145.706,34762,2020-02-10 05:00:00
360,146.21,146.08,3870894,146.36,144.87,145.824,40923,2020-02-11 05:00:00
361,146.68,146.08,4217415,146.74,145.35,145.997,44228,2020-02-12 05:00:00
362,145.25,146.47,5041366,147.13,143.52,145.6908,50731,2020-02-13 05:00:00
363,146.57,146.99,3555977,147.15,145.94,146.6173,32930,2020-02-14 05:00:00
364,147.11,145.6,4938697,147.2,145.4,145.8644,37070,2020-02-18 05:00:00
365,145.62,145.53,2978831,146.48,145.49,145.721,30414,2020-02-19 05:00:00
366,145.77,145.16,2806193,145.8,143.95,144.8533,33305,2020-02-20 05:00:00
367,145.06,145.85,4271865,145.92,144.805,145.5382,34857,2020-02-21 05:00:00
368,145.86,142.64,5027743,147.15,142.56,143.7728,55093,2020-02-24 05:00:00
369,142.59,141.1,7586027,144.38,140.57,141.9234,65722,2020-02-25 05:00:00
370,142.435,141.98,6159262,143.75,141.16,142.186,60579,2020-02-26 05:00:00
371,141.41,136.37,8604968,143.14,136.31,138.8184,89429,2020-02-27 05:00:00
372,133.24,132.03,14169964,133.75,128.35,131.1847,157006,2020-02-28 05:00:00
373,132,137.58,8504547,137.77,131.72,135.5504,90098,2020-03-02 05:00:00
374,137.19,135.58,8728649,139.67,134.74,136.755,97312,2020-03-03 05:00:00
375,136.19,142.39,7635948,142.71,136.05,140.5151,74825,2020-03-04 05:00:00
376,138.81,138.1,6579119,141.42,136.67,138.1329,67630,2020-03-05 05:00:00
377,131.56,137.26,6755028,138.17,131.4532,135.6624,83279,2020-03-06 05:00:00
378,130.18,130.16,8716252,133.35,128.18,130.8673,108373,2020-03-09 04:00:00
379,132.05,134.14,8258624,134.57,126.86,131.3189,100770,2020-03-10 04:00:00
380,130.58,129.75,7468850,132.54,127.63,130.1503,89634,2020-03-11 04:00:00
381,122.1,115.34,12808252,125,113.59,118.9944,136272,2020-03-12 04:00:00
382,120.68,127.45,12007673,127.59,115.07,120.9516,133255,2020-03-13 04:00:00
383,114.69,113.09,10733314,123.82,112,117.5932,114645,2020-03-16 04:00:00
384,116.7,127.72,14242319,127.86,116.39,123.229,158401,2020-03-17 04:00:00
385,120.84,120.92,15250774,127.72,113.7701,119.8292,161666,2020-03-18 04:00:00
386,121.43,117.34,9393486,122.09,116.06,118.2242,97426,2020-03-19 04:00:00
387,118.24,103.93,13093153,118.45,101.42,109.9408,119463,2020-03-20 04:00:00
388,106,105.18,13926832,112.87,102.87,106.3933,134667,2020-03-23 04:00:00
389,109.93,113.84,11446957,114.43,109.365,112.4958,103281,2020-03-24 04:00:00
390,112.74,112.5,9485483,116.36,111.04,113.555,95009,2020-03-25 04:00:00
391,112.71,120.26,10377946,121.8,112.58,117.819,94773,2020-03-26 04:00:00
392,118.57,120.46,9852459,124.65,117.99,120.9613,102278,2020-03-27 04:00:00
393,121.61,125.48,6917153,125.84,121.51,123.9614,69072,2020-03-30 04:00:00
394,124.94,120.1,7093100,125.695,119.5267,122.0218,74720,2020-03-31 04:00:00
395,117.27,118.12,6872957,122.3,115.665,118.9256,71916,2020-04-01 04:00:00
396,117.215,123.86,6181755,125.177,116.48,122.4769,65836,2020-04-02 04:00:00
397,123.19,124.59,5552050,125.37,122.44,124.0719,56391,2020-04-03 04:00:00
398,128.66,131.16,8242235,132.13,125.29,129.7636,77493,2020-04-06 04:00:00
399,132.71,130.48,6254249,135.08,130.29,132.4466,73984,2020-04-07 04:00:00
400,129.64,132.61,5241109,133.295,129.13,131.7489,61141,2020-04-08 04:00:00
401,132.09,133.63,5502555,135.08,131.51,133.6593,68372,2020-04-09 04:00:00
402,131.69,130.89,3785013,133.3499,129.43,130.8718,43490,2020-04-13 04:00:00
403,133.22,138.4,6278696,138.63,132.35,136.8367,65509,2020-04-14 04:00:00
404,137.14,135.03,5773136,137.56,133.7,135.1965,62339,2020-04-15 04:00:00
405,136.9662,135.64,4563973,136.9662,133.85,135.419,46213,2020-04-16 04:00:00
406,137.73,137.55,4866512,138,134.91,136.824,48101,2020-04-17 04:00:00
407,136.9355,134.55,3995378,137.38,134.51,135.7815,48383,2020-04-20 04:00:00
408,132.14,130.94,4359534,132.94,130.59,131.5067,53926,2020-04-21 04:00:00
409,132.44,132.62,4085122,133.67,131.22,132.4295,42661,2020-04-22 04:00:00
410,132.5,130.26,5527717,134.14,130.03,131.5023,48104,2020-04-23 04:00:00
411,130.87,134.36,4065533,134.82,130.65,133.4586,41509,2020-04-24 04:00:00
412,134.42,134.46,4009205,135.21,133.89,134.5437,46559,2020-04-27 04:00:00
413,136.78,136.32,6674220,137.68,134.66,136.2042,63703,2020-04-28 04:00:00
414,136.77,133.36,6706841,136.98,132.9,133.959,76031,2020-04-29 04:00:00
415,132.41,132.29,6782989,133.17,130.42,132.1998,65143,2020-04-30 04:00:00
416,131.12,130.14,4488160,132.225,129.52,130.3694,49381,2020-05-01 04:00:00
417,130.17,130.92,5245315,131.35,129.325,130.414,58115,2020-05-04 04:00:00
418,131.64,131.67,3580084,133.33,130.77,132.1627,45672,2020-05-05 04:00:00
419,131.58,130.78,4192492,132.23,130.69,131.1885,40471,2020-05-06 04:00:00
420,131.55,131.55,5529573,132,130.12,131.148,57856,2020-05-07 04:00:00
421,133.07,134.23,4209378,135.16,132.46,134.2137,48170,2020-05-08 04:00:00
422,133.43,134.38,3591078,136.2,133.17,134.7563,40736,2020-05-11 04:00:00
423,134.755,132.94,3914614,136.38,132.86,134.4446,49136,2020-05-12 04:00:00
424,133.18,132.96,5168826,134.47,131.45,132.7878,61723,2020-05-13 04:00:00
425,132.71,133.08,5522343,133.56,130.15,132.2635,68466,2020-05-14 04:00:00
426,133.77,135.95,20338620,137.66,132.787,135.6834,117242,2020-05-15 04:00:00
427,136.85,135.52,8480600,137.99,135.06,135.7969,75995,2020-05-18 04:00:00
428,134.43,131.73,6640343,134.76,131.4,132.5746,78449,2020-05-19 04:00:00
429,132.54,131.26,8213135,132.6841,130.34,131.1383,88867,2020-05-20 04:00:00
430,130.98,130.21,4886277,131.44,129.61,130.2981,56293,2020-05-21 04:00:00
431,129.61,130.48,3429228,130.63,129.17,130.0317,50384,2020-05-22 04:00:00
432,131.94,129.75,5579269,132.05,129.4,130.496,64832,2020-05-26 04:00:00
433,129.72,130.81,5686547,130.84,128.58,130.0721,63311,2020-05-27 04:00:00
434,131.21,132.29,4976408,132.73,130.11,132.0572,59353,2020-05-28 04:00:00
435,132.01,131.55,13338796,132.24,130.32,131.4222,82821,2020-05-29 04:00:00
436,131.6,132.99,4050410,133.9461,131.19,132.9696,54265,2020-06-01 04:00:00
437,133.05,132.63,5327465,133.81,131.12,132.0211,62844,2020-06-02 04:00:00
438,133.24,132.82,5421190,134.275,132.6,133.0833,56397,2020-06-03 04:00:00
439,131.59,130.57,5229737,133.56,130.18,131.5193,62435,2020-06-04 04:00:00
440,131,132.44,7075650,133.52,130.77,132.3333,70183,2020-06-05 04:00:00
441,131.38,132.21,5613020,132.465,131.235,132.0108,51659,2020-06-08 04:00:00
442,131.83,132.97,6447278,133.15,131.05,132.467,59126,2020-06-09 04:00:00
443,133.28,134.13,7069852,135.16,133.17,134.181,60101,2020-06-10 04:00:00
444,134.22,127.84,8540975,135.14,127.46,129.3063,87377,2020-06-11 04:00:00
445,129.15,129,7039513,129.93,127.43,128.7991,78778,2020-06-12 04:00:00
446,128.29,130.48,5482111,130.96,126.53,129.5304,56534,2020-06-15 04:00:00
447,132.68,131.67,5198806,133.06,130.12,131.8174,63867,2020-06-16 04:00:00
448,131.89,131.76,3309878,133.04,131.49,132.2283,42407,2020-06-17 04:00:00
449,131.42,132.78,3417168,133.13,130.63,132.2466,36983,2020-06-18 04:00:00
450,134.41,131.28,8296892,134.82,131.22,132.4949,52439,2020-06-19 04:00:00
451,130.55,131.05,3379894,131.76,129.95,130.9639,39441,2020-06-22 04:00:00
452,131.62,131.36,3625580,132.68,130.98,131.8294,40360,2020-06-23 04:00:00
453,130.52,129.56,4853490,131.07,128.68,129.6034,55267,2020-06-24 04:00:00
454,129.14,131.41,4442112,131.73,128.05,130.3089,47234,2020-06-25 04:00:00
455,131.68,128.93,7372682,132.37,128.06,129.6265,56074,2020-06-26 04:00:00
456,130.18,131.08,4173863,131.4,129.43,130.8672,37857,2020-06-29 04:00:00
457,131.83,132.26,4626817,132.82,130.855,131.9519,43263,2020-06-30 04:00:00
458,132.53,132.36,3633043,133.62,131.94,132.6502,46205,2020-07-01 04:00:00
459,133.54,132.85,2769248,134.17,132.54,133.2236,34456,2020-07-02 04:00:00
460,133.08,133.3,4221605,133.95,132.31,133.1538,44145,2020-07-06 04:00:00
461,132.27,133.57,4424469,134.62,132.17,133.4164,46272,2020-07-07 04:00:00
462,134.16,134.22,3798259,134.69,133.16,134.0574,43937,2020-07-08 04:00:00
463,132.9,132.71,4005220,133.94,131.7272,132.825,45458,2020-07-09 04:00:00
464,132.37,134.46,5932824,134.89,131.2835,133.6645,50246,2020-07-10 04:00:00
465,136.77,134.91,8960022,138.07,134.47,136.1833,89574,2020-07-13 04:00:00
466,134.59,135.52,6766836,136.9515,134.25,135.6361,66343,2020-07-14 04:00:00
467,135.35,133.69,5561264,136.19,133.25,134.4037,59608,2020-07-15 04:00:00
468,134.0556,133.88,3788127,134.36,133.05,133.8056,45766,2020-07-16 04:00:00
469,134.65,134.66,3229486,135.06,133.55,134.5541,34240,2020-07-17 04:00:00
470,134.6136,133.11,3620256,134.6136,132.18,133.014,42634,2020-07-20 04:00:00
471,134.0045,134.43,5435487,136.41,133.79,134.8529,59000,2020-07-21 04:00:00
472,135.56,136.01,3522313,136.25,133.68,135.245,39248,2020-07-22 04:00:00
473,136.59,137.08,5011384,137.25,135.49,136.5969,46499,2020-07-23 04:00:00
474,136.99,136.06,3300145,138.64,135.39,136.5845,42451,2020-07-24 04:00:00
475,135.53,137.67,3607669,137.76,134.85,137.0449,37112,2020-07-27 04:00:00
476,137.98,137.38,3787724,138.59,137.09,137.7193,33918,2020-07-28 04:00:00
477,137.38,137.93,3179281,139,137.04,138.0939,38204,2020-07-29 04:00:00
478,137.24,137.69,2817632,138.22,136.48,137.4024,36142,2020-07-30 04:00:00
479,137.26,137.66,4304080,137.7,135.2,136.9201,42901,2020-07-31 04:00:00
480,137.11,136.7,2819273,137.5,136,136.7386,40856,2020-08-03 04:00:00
481,137.52,137.47,2553613,137.59,136.02,137.2054,31108,2020-08-04 04:00:00
482,138.15,136.25,2924634,138.15,135.77,136.5105,34544,2020-08-05 04:00:00
483,135.2735,135.86,2693058,136.29,135.2735,135.8191,39225,2020-08-06 04:00:00
484,135.94,136.74,3692151,136.76,135.37,136.4094,34198,2020-08-07 04:00:00
485,136.32,135.98,3052091,136.88,135.38,135.9935,40111,2020-08-10 04:00:00
486,136.97,135.12,3301552,137.45,134.62,135.7749,43208,2020-08-11 04:00:00
487,135.34,137.8,4425182,138.68,135.25,137.8006,39559,2020-08-12 04:00:00
488,137.1,138.1,2393520,138.61,137.1,138.0531,35950,2020-08-13 04:00:00
489,138.11,137.56,2461687,138.172,137.2,137.6619,28472,2020-08-14 04:00:00
490,137.5,137.92,2862635,138.89,137.05,138.0348,30793,2020-08-17 04:00:00
491,138.61,138.11,2638555,138.61,137.04,137.9608,34462,2020-08-18 04:00:00
492,138.69,136.45,3682226,138.795,136.1,136.9798,38066,2020-08-19 04:00:00
493,135.66,136.72,2263090,137.15,135.63,136.5521,32817,2020-08-20 04:00:00
494,136.37,136.46,4295630,136.66,135.25,136.179,34157,2020-08-21 04:00:00
495,136.46,137.64,3177925,137.68,136.11,137.2114,41489,2020-08-24 04:00:00
496,138.26,137.3,2579448,138.38,136.7,137.2045,31451,2020-08-25 04:00:00
497,136.5753,138.47,6019737,138.66,136.38,138.0957,44589,2020-08-26 04:00:00
498,138.71,138.4,4159270,139.9284,137.91,138.5285,47177,2020-08-27 04:00:00
499,138.52,139.94,3355482,139.96,137.24,139.0718,42952,2020-08-28 04:00:00
500,139.32,140.06,3828697,141.02,139,140.1194,41516,2020-08-31 04:00:00
501,140.25,139.19,3422807,140.48,138.505,139.2058,46723,2020-09-01 04:00:00
502,139.52,143.29,4918523,143.82,139.35,142.5171,57927,2020-09-02 04:00:00
503,142.7663,139.37,6639867,144.035,138.12,140.2429,64244,2020-09-03 04:00:00
504,139.66,138.76,4836833,140.31,136.94,138.6458,51074,2020-09-04 04:00:00
505,138.31,135.55,4901536,138.6295,134.41,135.6556,58773,2020-09-08 04:00:00
506,135.5,137.11,4282289,138.46,135.4,137.0556,42557,2020-09-09 04:00:00
507,136.6,134.76,6050544,137.55,133.88,135.2913,50508,2020-09-10 04:00:00
508,135.22,135.81,3404714,136.38,134.23,135.4737,44180,2020-09-11 04:00:00
509,136.5275,136.67,2779316,137.5,135.8,136.8221,31949,2020-09-14 04:00:00
510,136.48,135.62,4080783,137.24,135.41,136.0687,49866,2020-09-15 04:00:00
511,136.28,134.98,3353726,136.6,134.78,135.6419,48865,2020-09-16 04:00:00
512,133.39,133.2,5186417,134.55,131.69,132.8548,68365,2020-09-17 04:00:00
513,133.71,131.47,8472958,134.79,130.01,132.0946,64027,2020-09-18 04:00:00
514,130.37,131.24,4402723,131.31,129.36,130.4085,61168,2020-09-21 04:00:00
515,131,132.15,3950959,132.89,130.445,132.2026,49426,2020-09-22 04:00:00
516,132.7,131,5909940,132.82,129.85,130.8168,51960,2020-09-23 04:00:00
517,131.437,131.58,4316594,132.31,129.92,131.463,57194,2020-09-24 04:00:00
518,130.89,133.55,4575979,133.83,130.515,132.5864,56583,2020-09-25 04:00:00
519,136.04,137.97,7487509,138.58,135.67,137.6217,76339,2020-09-28 04:00:00
520,138.66,137.16,4333805,139.54,137.13,137.9228,58059,2020-09-29 04:00:00
521,137.99,138.6,7060713,139.19,136.9,138.4127,70657,2020-09-30 04:00:00
522,139.44,140.8,6483894,140.85,137.4866,139.6497,87603,2020-10-01 04:00:00
523,139.28,138.06,5130582,139.91,136.2,138.2337,64565,2020-10-02 04:00:00
524,138.11,137.93,4519821,138.38,136.98,137.6526,48318,2020-10-05 04:00:00
525,138,135.7,5031019,138.82,135.15,136.8318,60839,2020-10-06 04:00:00
526,135.94,137.01,4347287,137.52,135.76,136.7097,45599,2020-10-07 04:00:00
527,137.28,137.85,2977598,138.13,136.76,137.7448,36876,2020-10-08 04:00:00
528,138.7,138.44,3194022,139.26,137.895,138.5619,39286,2020-10-09 04:00:00
529,141.12,142.13,6167150,143.49,139.78,141.9924,65046,2020-10-12 04:00:00
530,142.22,143.54,4293198,144,141.91,143.158,47098,2020-10-13 04:00:00
531,143.55,142.52,3641327,144.11,141.625,142.7316,42614,2020-10-14 04:00:00
532,141.16,141.43,3307718,141.97,140.62,141.3097,46039,2020-10-15 04:00:00
533,141.75,141.73,5076139,142.82,141.13,141.9884,46042,2020-10-16 04:00:00
534,141.34,139.68,3223384,142.53,139.25,140.4511,38975,2020-10-19 04:00:00
535,141,139.71,2751622,141.215,139.4072,140.2603,38709,2020-10-20 04:00:00
536,139.6829,139.6,2560061,140.48,139.1,139.7475,31513,2020-10-21 04:00:00
537,139.8,139.61,2909227,140.2,139.01,139.5835,32460,2020-10-22 04:00:00
538,140.22,139.56,2758507,140.53,139.04,139.5943,28935,2020-10-23 04:00:00
539,138.74,138.06,3431215,139.08,136.41,137.4764,49115,2020-10-26 04:00:00
540,138.571,139.12,3390825,139.89,138.3,139.1474,38270,2020-10-27 04:00:00
541,137.1506,134.17,5196038,137.71,133.94,134.8734,61100,2020-10-28 04:00:00
542,133.755,133.99,3856469,135.63,132.2621,134.1278,45271,2020-10-29 04:00:00
543,132.93,133.29,4287571,133.84,131.71,132.9434,49380,2020-10-30 04:00:00
544,135.61,135.15,3126408,136.23,133.78,135.1012,42305,2020-11-02 05:00:00
545,136.62,137.04,3293928,138.6,136.28,137.1827,39490,2020-11-03 05:00:00
546,139,137.86,4576320,141.7,137.66,139.0797,56895,2020-11-04 05:00:00
547,139.3548,138.05,3667806,140.27,137.47,138.6453,44036,2020-11-05 05:00:00
548,138.56,138.38,2867077,139.77,137.33,138.4353,33923,2020-11-06 05:00:00
549,142,138.45,6111302,143.6499,138.17,139.9211,63914,2020-11-09 05:00:00
550,136.99,141.72,5284513,142.44,136.1935,141.1412,58603,2020-11-10 05:00:00
551,142.8555,143.9,4389762,144.24,141.61,143.5328,43002,2020-11-11 05:00:00
552,144.25,143.84,2570479,144.74,142.76,143.5877,36148,2020-11-12 05:00:00
553,143.77,144.71,2580479,144.89,143.27,144.1632,37496,2020-11-13 05:00:00
554,145,145.76,3398971,146.26,144.69,145.4891,40938,2020-11-16 05:00:00
555,144.27,145.24,2924071,146.1,144.11,145.0987,39467,2020-11-17 05:00:00
556,145.49,143.38,4335257,146.565,143.3,144.4702,37573,2020-11-18 05:00:00
557,142.88,143.32,4263568,143.7,142.34,143.188,50514,2020-11-19 05:00:00
558,143.65,143.42,3469179,144.6366,143,143.7548,37944,2020-11-20 05:00:00
559,143.31,143.02,3443855,143.65,141.88,142.7786,40418,2020-11-23 05:00:00
560,143.19,144.03,4473522,144.36,142.82,143.6118,45371,2020-11-24 05:00:00
561,144.45,144.16,2278398,144.9224,143.7,144.1946,31973,2020-11-25 05:00:00
562,144.62,144.6,1595978,145.28,144.18,144.5927,21366,2020-11-27 05:00:00
563,144.46,144.23,4906898,144.63,142.88,143.8961,49626,2020-11-30 05:00:00
564,145.03,146.07,3999578,146.63,144.5,145.9026,47867,2020-12-01 05:00:00
565,145.88,144.62,4131005,146.94,143.89,144.6658,49629,2020-12-02 05:00:00
566,143.02,144.45,4758137,144.96,143.02,144.3475,41640,2020-12-03 05:00:00
567,143.87,145.85,3592561,145.98,143.855,145.5462,37034,2020-12-04 05:00:00
568,145.68,145.37,4217416,146.56,144.62,145.3138,39811,2020-12-07 05:00:00
569,145.33,145.52,3623756,146.16,144.2903,145.486,37904,2020-12-08 05:00:00
570,145.56,145.69,3841971,146.1,144.275,145.5097,42421,2020-12-09 05:00:00
571,146.04,144.67,3985022,146.29,144.42,144.9479,36365,2020-12-10 05:00:00
572,143.63,144.97,2975473,145.1,143.41,144.4302,36514,2020-12-11 05:00:00
573,145.25,144.23,3952380,146.47,144.05,144.9523,34921,2020-12-14 05:00:00
574,144.56,144.77,3183783,145.27,143.89,144.6449,36728,2020-12-15 05:00:00
575,143.98,144.89,4915809,145.4699,143.9,144.8354,35364,2020-12-16 05:00:00
576,145.25,145.71,3312453,146.2,145.18,145.6679,35681,2020-12-17 05:00:00
577,146.33,146.93,8980403,147.1,145.495,146.6136,41895,2020-12-18 05:00:00
578,145,145.4,3946888,145.66,143.47,145.061,41884,2020-12-21 05:00:00
579,144.6,144.02,2653806,145,143.475,144.1579,39380,2020-12-22 05:00:00
580,144.49,144.41,2645127,145.6,144.074,144.5608,35004,2020-12-23 05:00:00
581,144.83,145.06,883285,145.11,144.14,144.8042,14369,2020-12-24 05:00:00
582,145.776,146.91,2493497,147.6,145.54,146.5862,33087,2020-12-28 05:00:00
583,147.68,147.42,3186688,148.77,146.84,147.5706,45378,2020-12-29 05:00:00
584,147.47,147.31,2224859,147.9899,147.01,147.3858,32196,2020-12-30 05:00:00
585,147.48,148.3,2076825,148.46,146.64,147.8284,23274,2020-12-31 05:00:00
586,147.01,144.27,7486940,147.78,141.94,144.0251,81809,2021-01-04 05:00:00
587,144.07,144.7,4126000,145.18,142.9,144.2528,45447,2021-01-05 05:00:00
588,141.67,142.93,4843265,143.6,141.59,142.8312,66326,2021-01-06 05:00:00
589,142.81,142.47,4473376,143.145,141.145,142.2076,58760,2021-01-07 05:00:00
590,142.47,144.18,4312289,144.4,141.66,143.4799,48807,2021-01-08 05:00:00
591,144.03,142.09,3902743,144.31,141.69,142.4161,46322,2021-01-11 05:00:00
592,141.63,141.43,5149996,141.995,139.445,140.8539,60969,2021-01-12 05:00:00
593,141.12,142.59,4361696,143.24,141,142.5163,46245,2021-01-13 05:00:00
594,141.48,141.76,4724886,142.44,141.07,141.7613,47933,2021-01-14 05:00:00
595,141.45,141.39,4309077,142.6,140.53,141.5537,41255,2021-01-15 05:00:00
596,142.375,142.06,5158614,142.58,141.44,142.093,51971,2021-01-19 05:00:00
597,141.04,141.33,5019321,141.78,139.92,141.0546,53342,2021-01-20 05:00:00
598,140.29,139.61,5684273,140.79,138.74,139.6089,62261,2021-01-21 05:00:00
599,139.5,138.59,4014925,139.54,138.23,138.8268,46000,2021-01-22 05:00:00
600,138.0637,140.18,3829014,140.33,137.58,139.5341,55445,2021-01-25 05:00:00
601,141.31,141.8,4242522,142.085,139.75,141.3605,50893,2021-01-26 05:00:00
602,140.505,138.04,6659804,142.33,137.55,139.0113,84048,2021-01-27 05:00:00
603,138.83,139.19,5513965,140.79,137.76,139.5595,64166,2021-01-28 05:00:00
604,138.1135,136.57,6778137,138.46,136.015,136.8489,71905,2021-01-29 05:00:00
605,136.98,136.98,4185689,137.96,135.9001,137.104,56526,2021-02-01 05:00:00
606,137.45,138.38,3581697,139.525,136.6,138.6654,46994,2021-02-02 05:00:00
607,137.75,138.02,3609640,138.95,137.07,138.1225,45963,2021-02-03 05:00:00
608,137.75,139.68,3824314,139.76,137.75,139.085,48500,2021-02-04 05:00:00
609,140.49,140.96,4437864,142.12,140.09,141.2221,52951,2021-02-05 05:00:00
610,141.19,140.4,4112165,141.81,139.5,140.3203,51476,2021-02-08 05:00:00
611,141.13,139.6,3179260,141.15,139.49,139.8437,44545,2021-02-09 05:00:00
612,141.12,137.7,6966613,141.12,136.76,137.8296,85321,2021-02-10 05:00:00
613,137.85,134.97,7527981,138.205,134.34,135.7027,93898,2021-02-11 05:00:00
614,135.26,133.87,5659348,135.6,133.45,134.1295,73178,2021-02-12 05:00:00
615,134.5605,134.38,5180052,134.81,133.4,134.1825,63967,2021-02-16 05:00:00
616,134.06,134.46,3354067,135.07,133.8601,134.4032,47053,2021-02-17 05:00:00
617,134.07,135.37,3943138,135.7,133.91,135.1217,49892,2021-02-18 05:00:00
618,135.01,132.51,5414944,135.12,132.285,133.3115,66809,2021-02-19 05:00:00
619,132.04,131.99,5792943,132.595,130.76,131.7572,68220,2021-02-22 05:00:00
620,132.65,132.78,6264268,134.34,131.3,132.6166,79795,2021-02-23 05:00:00
621,131.85,132.09,4944008,132.29,131.2,131.8807,61781,2021-02-24 05:00:00
622,131.35,130,5702339,132.09,129.8,130.5633,88584,2021-02-25 05:00:00
623,130.57,129.19,8329044,130.87,128.57,129.6318,98721,2021-02-26 05:00:00
624,130.61,130.62,5287738,131.9699,130.34,131.1315,71767,2021-03-01 05:00:00
625,130.5,131.07,5613974,132.03,130.38,131.2581,72239,2021-03-02 05:00:00
626,129.802,129.14,7505755,130.53,128.98,129.6591,85885,2021-03-03 05:00:00
627,129.25,128.83,9102794,131.75,128.32,129.7677,125942,2021-03-04 05:00:00
628,129.64,133.03,10186542,133.41,129.19,131.8919,131809,2021-03-05 05:00:00
629,133.23,132.13,8634912,134.18,131.99,132.9761,114576,2021-03-08 05:00:00
630,132.94,132.25,8930215,133.91,132,132.8778,93242,2021-03-09 05:00:00
631,132.5226,133.58,7791665,134.47,130.54,132.7043,103734,2021-03-10 05:00:00
632,133.345,133.22,4459150,134.58,133.1,133.6867,56330,2021-03-11 05:00:00
633,133.12,133.04,5275179,133.79,132.64,133.1723,66993,2021-03-12 05:00:00
634,133.56,133.03,5389458,133.63,131.97,132.7578,69776,2021-03-15 04:00:00
635,133.08,134.01,5544740,134.58,132.75,133.8094,69651,2021-03-16 04:00:00
636,134.36,133.62,6199529,134.56,133.38,133.8886,76656,2021-03-17 04:00:00
637,132.36,132.53,6476677,133.08,131.41,132.3376,88123,2021-03-18 04:00:00
638,132.31,134.5,16114414,135.01,132.18,134.0355,93535,2021-03-19 04:00:00
639,135.63,137.8,7813395,138.2,135.09,137.602,93820,2021-03-22 04:00:00
640,138.45,139.46,6978365,140.17,138.18,139.4756,87585,2021-03-23 04:00:00
641,139.01,138.81,5082339,140.11,138.78,139.2653,75554,2021-03-24 04:00:00
642,139.18,139.63,5827777,140.25,138.34,139.3818,85718,2021-03-25 04:00:00
643,139.62,142.7,6785599,143,139.13,141.5934,91125,2021-03-26 04:00:00
644,142.87,144.81,6105770,144.96,142.415,144.1236,77680,2021-03-29 04:00:00
645,143.68,142.54,4372866,144.75,142.12,142.8388,61443,2021-03-30 04:00:00
646,143.32,141.45,6257943,143.33,141.17,141.9633,64802,2021-03-31 04:00:00
647,141.19,141.28,4823383,142.3,140.11,141.4271,63366,2021-04-01 04:00:00
648,141.85,143.16,5980728,144.34,141.32,143.2316,62678,2021-04-05 04:00:00
649,143.04,143.67,4751927,144.2,142.56,143.566,56925,2021-04-06 04:00:00
650,144,143.41,4849222,144.1,143.02,143.4953,52369,2021-04-07 04:00:00
651,143.68,142.54,6725340,144.16,142.05,142.7422,67252,2021-04-08 04:00:00
652,142.235,142.57,4950949,143.14,141.61,142.3508,56646,2021-04-09 04:00:00
653,142.2,143.02,4386781,143.47,142.05,142.8746,49382,2021-04-12 04:00:00
654,142.07,143.05,5280265,143.97,141.87,143.0267,48880,2021-04-13 04:00:00
655,142.57,142.11,4685255,142.72,141.24,142.0498,62688,2021-04-14 04:00:00
656,141.67,142.31,4777098,143.1,141.42,142.3536,68158,2021-04-15 04:00:00
657,143.46,144.16,6481399,144.32,142.46,143.8632,62550,2021-04-16 04:00:00
658,144.49,144.75,6621282,145.6,143.26,144.7832,73783,2021-04-19 04:00:00
659,144.13,145.71,4999846,146.65,143.93,145.6258,64045,2021-04-20 04:00:00
660,147.345,146.98,6316148,147.8,146.21,146.9463,73855,2021-04-21 04:00:00
661,146.24,146.07,4904476,146.6509,145.38,145.9764,68218,2021-04-22 04:00:00
662,145.51,145.83,4354823,146.34,145.06,145.8659,53884,2021-04-23 04:00:00
663,145.55,143.36,5817715,145.77,142.98,143.5651,57607,2021-04-26 04:00:00
664,142.62,142.89,4693738,143.18,142.125,142.7926,52252,2021-04-27 04:00:00
665,143.49,141.83,4962725,143.69,141.725,142.2824,58454,2021-04-28 04:00:00
666,142.1,143.94,4699889,144.43,141.97,143.6295,60429,2021-04-29 04:00:00
667,143.32,144.16,5051395,144.24,142.5,143.8015,54842,2021-04-30 04:00:00
668,145.028,145.79,6109788,146.78,144.1,145.8448,62163,2021-05-03 04:00:00
669,145.98,143.96,6603849,146.77,143.49,144.5381,76705,2021-05-04 04:00:00
670,143.7153,143.89,5305240,144.57,143.5,143.9864,62765,2021-05-05 04:00:00
671,144.47,145.555,4472242,145.96,144.01,145.3712,63218,2021-05-06 04:00:00
672,145.23,145.56,4181026,146,144.57,145.4598,56080,2021-05-07 04:00:00
673,146.49,146.72,5270594,147.99,146.11,147.1922,68617,2021-05-10 04:00:00
674,147.17,145.65,5266131,147.6399,145.02,145.9398,75479,2021-05-11 04:00:00
675,144.8774,144.23,5652038,145.74,143.85,144.5102,76474,2021-05-12 04:00:00
676,144.24,146.37,4849478,147.12,143.58,146.1175,74309,2021-05-13 04:00:00
677,147.2,146.59,4224694,147.9,146.415,146.8442,60024,2021-05-14 04:00:00
678,147,146.17,3747348,147.4,145.71,146.3828,54684,2021-05-17 04:00:00
679,146.64,145.51,4527258,146.95,145.32,145.8475,55969,2021-05-18 04:00:00
680,144.64,145.43,4432736,145.63,144.08,145.04,66722,2021-05-19 04:00:00
681,145.25,147.23,3964589,147.7299,145.11,147.0461,54059,2021-05-20 04:00:00
682,147.8734,147.1,5141240,148.31,146.52,147.1496,56819,2021-05-21 04:00:00
683,147.64,147.85,3627758,148.35,147.01,147.8679,47236,2021-05-24 04:00:00
684,147.85,148.3,4649319,148.37,147.01,147.8629,59583,2021-05-25 04:00:00
685,147.91,148.3,4462626,148.67,147.68,148.1502,57052,2021-05-26 04:00:00
686,148.56,146.51,9203638,148.77,146.44,147.0826,66545,2021-05-27 04:00:00
687,147.41,147.94,4913671,148.5,147.235,148.0587,55249,2021-05-28 04:00:00
688,148.78,147.63,5530380,148.85,147.09,147.6724,65272,2021-06-01 04:00:00
689,148.2,148.22,4546892,148.53,147.23,148.0982,57948,2021-06-02 04:00:00
690,146.71,147.67,4651603,147.76,146.16,147.2507,59459,2021-06-03 04:00:00
691,148,147.84,4427418,148.59,147.47,147.9976,56460,2021-06-04 04:00:00
692,147.76,147.75,4724137,148.2499,146.71,147.4172,47466,2021-06-07 04:00:00
693,147.7,146.37,5997199,147.87,145.915,146.4638,60619,2021-06-08 04:00:00
694,147.25,146.1,3961976,147.59,146.02,146.5883,48044,2021-06-09 04:00:00
695,146.31,147.6,4698243,148.015,146.13,147.5271,48817,2021-06-10 04:00:00
696,148.05,147.69,4364644,148.12,146.79,147.5563,41382,2021-06-11 04:00:00
697,147.47,148.57,3831939,148.63,146.79,147.9364,41637,2021-06-14 04:00:00
698,148.9,148.58,4237333,149.17,148.075,148.633,49245,2021-06-15 04:00:00
699,148.86,147.1,5492088,149.27,146.75,147.7386,63783,2021-06-16 04:00:00
700,147.25,148.52,5316467,149,146.91,148.2467,68455,2021-06-17 04:00:00
701,147.98,145.42,10661672,147.98,145.23,146.1299,71543,2021-06-18 04:00:00
702,145.7527,146.56,4904511,146.74,145.45,146.2529,52653,2021-06-21 04:00:00
703,146.73,146.78,3517987,147.5032,146.285,146.9371,44418,2021-06-22 04:00:00
704,146.06,144.85,3901698,146.125,144.83,145.2053,54222,2021-06-23 04:00:00
705,144.86,145.67,3818927,145.94,144.61,145.5117,46969,2021-06-24 04:00:00
706,145.76,146.41,6387907,146.79,145.239,146.3001,49600,2021-06-25 04:00:00
707,146.76,147.04,4282905,147.5901,146.62,147.0536,45406,2021-06-28 04:00:00
708,147.445,146.94,3197991,147.7,146.4,146.9378,42624,2021-06-29 04:00:00
709,147.43,148.17,4943688,148.31,147.2,147.8234,57109,2021-06-30 04:00:00
710,148.08,148.2,3997616,149.08,147.935,148.3175,48752,2021-07-01 04:00:00
711,148.9,148.91,3835526,149.78,148.56,149.1653,46368,2021-07-02 04:00:00
712,149.07,149.13,4313848,149.415,147.77,148.7559,58108,2021-07-06 04:00:00
713,149.29,149.79,4224975,150.695,149,149.8648,50816,2021-07-07 04:00:00
714,149.42,149.86,4215959,150.67,149.19,149.6982,59765,2021-07-08 04:00:00
715,149.41,149.48,4088587,150.31,149.17,149.5245,54816,2021-07-09 04:00:00
716,149.49,149.51,4873671,149.795,148.78,149.372,60104,2021-07-12 04:00:00
717,151.15,152.96,8750828,153.9116,150.75,152.9048,104746,2021-07-13 04:00:00
718,152.89,154.54,6390323,155.14,152.8,154.4459,85413,2021-07-14 04:00:00
719,154.07,155.25,4920713,155.36,153.26,154.6683,69102,2021-07-15 04:00:00
720,155.68,155.82,5852919,156.835,155.11,155.8364,63084,2021-07-16 04:00:00
721,155.99,155.8,5750370,157.54,154.76,155.7277,85141,2021-07-19 04:00:00
722,156.2,155.82,5213868,157.33,155.56,156.0423,62015,2021-07-20 04:00:00
723,155.3,155.24,4906123,156.12,154.575,155.3032,61874,2021-07-21 04:00:00
724,155.19,155.19,3333589,155.76,153.972,155.0763,47697,2021-07-22 04:00:00
725,155.56,157.18,3588671,157.79,155.24,157.0247,47785,2021-07-23 04:00:00
726,156.79,157.07,2999894,157.47,156.03,156.9956,46378,2021-07-26 04:00:00
727,157.31,157.94,4043897,158.66,157.03,157.8609,63451,2021-07-27 04:00:00
728,157.6,156.49,3556918,157.96,155.909,156.6728,56968,2021-07-28 04:00:00
729,157.23,156.81,3055728,157.43,156.2,156.7606,44793,2021-07-29 04:00:00
730,157.37,156.95,3757332,157.6,156.62,157.0073,49882,2021-07-30 04:00:00
731,157,156.32,3426099,157.11,155.51,156.3293,52429,2021-08-02 04:00:00
732,157,156.67,3359870,157.15,156.31,156.7125,48676,2021-08-03 04:00:00
733,156.19,154.05,4846333,156.66,153.87,154.4115,63975,2021-08-04 04:00:00
734,154.98,154.31,3733574,155.19,153.87,154.3652,44348,2021-08-05 04:00:00
735,153.77,154.33,3430902,154.76,153.64,154.2714,49862,2021-08-06 04:00:00
736,154.64,154.35,2636653,154.79,153.71,154.2104,37322,2021-08-09 04:00:00
737,154.31,154.43,2670440,155.31,153.81,154.56,42082,2021-08-10 04:00:00
738,154.71,155.04,3058025,156.02,154.47,155.2528,47313,2021-08-11 04:00:00
739,155.23,155.07,1958683,155.3,154.6,155.0317,35012,2021-08-12 04:00:00
740,155.1,156.52,2113883,156.67,154.9,156.3207,35578,2021-08-13 04:00:00
741,156.93,158.05,3224020,158.12,156.7301,157.6937,44022,2021-08-16 04:00:00
742,157.9091,157.9,3736382,158.45,157.24,157.8187,50886,2021-08-17 04:00:00
743,157.68,156.28,3419286,158.2,156.2,156.7476,48010,2021-08-18 04:00:00
744,155.82,158.91,4745624,159.42,155.78,158.554,63196,2021-08-19 04:00:00
745,158.93,158.35,3484313,159.63,158.25,158.6895,47986,2021-08-20 04:00:00
746,157.83,157.85,3102117,158.52,157.3244,158.0627,41382,2021-08-23 04:00:00
747,157.75,155.89,3760779,157.75,155.68,156.1058,54059,2021-08-24 04:00:00
748,155.36,155.2,3346864,155.67,154.16,155.0602,47749,2021-08-25 04:00:00
749,155.51,154.63,3220727,155.67,154.09,154.6769,50160,2021-08-26 04:00:00
750,154.84,154.94,4166498,155.41,154.21,154.8631,43955,2021-08-27 04:00:00
751,155.18,156,2540619,156.17,155.01,155.7387,40102,2021-08-30 04:00:00
752,156.09,156.39,5291405,156.47,155.34,156.129,53959,2021-08-31 04:00:00
753,156.84,157.91,4231369,158.19,156.51,157.4918,52121,2021-09-01 04:00:00
754,156.79,156.95,2862535,157.29,155.87,156.5776,46476,2021-09-02 04:00:00
755,156.2,157.09,2035082,157.42,155.9,156.9427,36520,2021-09-03 04:00:00
756,156.48,154.53,4651955,156.76,153.68,154.8875,59699,2021-09-07 04:00:00
757,154.66,156.72,3199076,156.75,154.3,156.165,47957,2021-09-08 04:00:00
758,156.88,155.73,3560737,156.97,155.4,156.0619,42717,2021-09-09 04:00:00
759,155.98,155.46,3851531,156.25,155.01,155.5335,43887,2021-09-10 04:00:00
760,155.94,155.76,3412841,157.4,155.39,156.0201,42973,2021-09-13 04:00:00
761,156.38,155.15,2855492,156.67,154.82,155.3993,48347,2021-09-14 04:00:00
762,155.22,156.02,3753071,156.38,154.78,155.8808,56552,2021-09-15 04:00:00
763,155.39,155.56,4589993,156.12,153.805,155.3105,57535,2021-09-16 04:00:00
764,155.23,154.13,8127397,155.5,153.83,154.4466,53724,2021-09-17 04:00:00
765,153.9,153.61,5484616,154.95,152.42,153.5922,73069,2021-09-20 04:00:00
766,154.61,153.54,4479924,156.12,152.97,154.0817,64748,2021-09-21 04:00:00
767,154.62,154.01,2986770,155.09,153.45,154.3285,45056,2021-09-22 04:00:00
768,153.69,154.13,2712534,154.93,153.54,154.2758,46522,2021-09-23 04:00:00
769,153.75,154.2,2366160,154.62,153.55,154.0627,44294,2021-09-24 04:00:00
770,153.8,152.72,4482062,154.15,152.39,152.9977,70042,2021-09-27 04:00:00
771,152.3696,151.05,5911130,152.5,150.1,151.1066,80958,2021-09-28 04:00:00
772,151.34,152.3,3326568,153.17,150.69,152.3125,55654,2021-09-29 04:00:00
773,153.22,150.41,5033369,153.43,150.37,151.3054,62576,2021-09-30 04:00:00
774,151.35,150.95,4274300,151.61,149.52,150.7891,67221,2021-10-01 04:00:00
775,150.88,150.2,5404863,153,149.48,150.322,88946,2021-10-04 04:00:00
776,151.3579,151.09,6103136,152.39,150.07,151.1956,74238,2021-10-05 04:00:00
777,150.84,154.96,5499234,155.16,149.96,153.4769,69924,2021-10-06 04:00:00
778,155.52,156.39,4605134,157.75,155.52,156.8727,64998,2021-10-07 04:00:00
779,156.57,156.03,4261857,156.71,155.49,156.0462,58633,2021-10-08 04:00:00
780,156.39,156.24,2738194,157.23,155.66,156.4073,44008,2021-10-11 04:00:00
781,156.22,156.93,3195707,157.85,156.21,156.9937,46165,2021-10-12 04:00:00
782,157.46,157.99,3601013,158.05,156.02,157.4893,47226,2021-10-13 04:00:00
783,158.62,159.26,3677272,159.49,158.61,159.2216,50902,2021-10-14 04:00:00
784,159.66,158.81,4312981,159.66,157.51,158.5635,48388,2021-10-15 04:00:00
785,158.202,158.09,3274249,158.7,156.8,158.0412,40649,2021-10-18 04:00:00
786,158.64,160.1,3125832,160.16,157.54,159.3551,46839,2021-10-19 04:00:00
787,160.58,161.31,3716590,161.88,159.68,161.3647,50791,2021-10-20 04:00:00
788,161.39,159.18,4164717,161.43,158.98,159.5043,53472,2021-10-21 04:00:00
789,159.58,159.97,3220314,160.47,159.47,160.0218,45380,2021-10-22 04:00:00
790,159.95,159.22,3281194,159.95,158.79,159.2534,41965,2021-10-25 04:00:00
791,159.17,161.17,3684748,161.4,159.1,160.7067,59170,2021-10-26 04:00:00
792,161.75,160.61,3751840,161.84,159.56,160.6294,44727,2021-10-27 04:00:00
793,160.85,161.62,3589576,161.73,160.465,161.3251,42765,2021-10-28 04:00:00
794,161.03,161.6,4558172,162.26,160.905,161.5211,47288,2021-10-29 04:00:00
795,161.2,161.26,3017085,161.5,160.18,161.0857,40514,2021-11-01 04:00:00
796,161.55,162.74,3464557,162.81,160.94,162.3291,54781,2021-11-02 04:00:00
797,162.15,164.3,3595043,164.39,162.15,163.5195,53301,2021-11-03 04:00:00
798,164.22,164.31,3310257,164.56,163.35,164.1143,51881,2021-11-04 04:00:00
799,165.55,166,3754297,166.43,164.52,165.7354,57085,2021-11-05 04:00:00
800,165.81,162.43,5766611,166.1,161.1546,162.4411,78987,2021-11-08 05:00:00
801,162.31,163.51,3778818,163.86,162,163.1785,70264,2021-11-09 05:00:00
802,164.74,164.04,2683478,165,163.025,164.0344,63300,2021-11-10 05:00:00
803,163.97,162.69,2453158,163.98,162.55,162.874,51729,2021-11-11 05:00:00
804,163.01,162.65,3540986,163.93,162.08,162.9471,49690,2021-11-12 05:00:00
805,162.51,163.8,3357116,163.88,162.49,163.2997,54605,2021-11-15 05:00:00
806,164.27,163.31,2899366,164.99,163.23,163.7477,60246,2021-11-16 05:00:00
807,162.62,163.37,3332233,163.671,162.08,163.0806,49455,2021-11-17 05:00:00
808,162.81,163.42,3498885,163.52,161.7501,163.0517,47677,2021-11-18 05:00:00
809,164.5,163.81,5247738,165.0269,163.44,164.002,54440,2021-11-19 05:00:00
810,163.2028,164.15,4157558,166.8,163.18,164.697,58494,2021-11-22 05:00:00
811,163.56,165.25,3878130,165.72,163.3079,164.8476,56622,2021-11-23 05:00:00
812,165.088,163.74,3309539,165.5,162.58,163.5515,49196,2021-11-24 05:00:00
813,162.71,161.14,3402882,163.66,160.89,161.8544,61417,2021-11-26 05:00:00
814,162.67,164.14,5305787,164.58,161.14,163.5982,63861,2021-11-29 05:00:00
815,163.83,159.78,7610010,164,158.39,160.6942,75724,2021-11-30 05:00:00
816,162.47,160.16,5385896,163.25,160.05,161.3446,88401,2021-12-01 05:00:00
817,160.1324,160.62,4554832,161.69,159.83,160.8088,80302,2021-12-02 05:00:00
818,161.47,164.71,6465861,164.88,161.34,163.5832,89877,2021-12-03 05:00:00
819,166.05,166.42,5403075,167.29,165.79,166.4701,68308,2021-12-06 05:00:00
820,166.42,166.23,5460142,166.96,165.66,166.1796,61694,2021-12-07 05:00:00
821,166.14,166.52,3891904,166.69,164.03,165.9019,52076,2021-12-08 05:00:00
822,165.92,166.31,3644496,166.88,164.85,166.1999,45969,2021-12-09 05:00:00
823,167.54,168.97,5025801,169.12,166.9,168.5698,57029,2021-12-10 05:00:00
824,168.93,169.81,5411817,171.255,168.05,169.8912,59225,2021-12-13 05:00:00
825,169.35,169.39,4984951,170.39,168.3,169.2391,61815,2021-12-14 05:00:00
826,169.77,171.57,5507820,171.78,169.46,171.1133,64966,2021-12-15 05:00:00
827,171.57,171.82,6909923,173.56,171.02,172.0401,73471,2021-12-16 05:00:00
828,171.11,168.3,10181243,172.38,168.05,169.4431,79058,2021-12-17 05:00:00
829,167.1583,169.42,5263606,169.5,166.75,168.7863,66949,2021-12-20 05:00:00
830,169.23,168.92,3401433,169.6025,167.775,168.7489,50453,2021-12-21 05:00:00
831,168.96,169.97,4362937,169.99,168.27,169.6393,44425,2021-12-22 05:00:00
832,169.9781,169.78,3241793,170.63,169.25,169.8416,39869,2021-12-23 05:00:00
833,169.985,171.47,2668961,171.56,169.765,171.0858,38002,2021-12-27 05:00:00
834,171.46,172.36,2333095,172.79,171.2,172.1894,37374,2021-12-28 05:00:00
835,172.79,172.97,2299691,173.46,171.93,172.8744,34100,2021-12-29 05:00:00
836,173.54,172.67,1988984,173.62,172.23,172.7034,30974,2021-12-30 05:00:00
837,172.46,173.71,2914941,174.015,172.11,173.3229,34228,2021-12-31 05:00:00
838,172.2,172.98,5489586,173.19,170.565,172.3438,61147,2022-01-03 05:00:00
839,172.66,173.23,4717843,174.45,172.2,173.3646,60833,2022-01-04 05:00:00
840,173.355,173.82,6564551,175.36,173.23,174.1386,72452,2022-01-05 05:00:00
841,173.91,173.86,4288788,175.6,173.2275,174.1403,56774,2022-01-06 05:00:00
842,174.09,174.08,4916044,174.69,172.61,174.0081,49391,2022-01-07 05:00:00
843,174.4362,174.17,5056068,175.84,173.62,174.4926,64809,2022-01-10 05:00:00
844,173.6841,174.09,6452499,174.23,171.62,173.3023,70458,2022-01-11 05:00:00
845,173.9,173.9,5267988,174.33,172.95,173.7451,59412,2022-01-12 05:00:00
846,173.71,174.18,4310283,174.6861,173.24,174.1089,54051,2022-01-13 05:00:00
847,174.57,175.64,4474579,175.94,173.4,175.1568,53289,2022-01-14 05:00:00
848,173.62,173.96,5790386,174.76,173.15,173.9678,69995,2022-01-18 05:00:00
849,173.96,175.21,6424470,175.96,173.57,175.2409,74906,2022-01-19 05:00:00
850,175.41,173.94,6284161,176.88,173.84,174.926,69637,2022-01-20 05:00:00
851,175.3266,174.22,6753166,177.24,174.11,175.036,87028,2022-01-21 05:00:00
852,175.49,173.33,9272361,176.5,168.96,172.8,117394,2022-01-24 05:00:00
853,172.08,171.34,6536944,172.48,169.74,171.2331,81470,2022-01-25 05:00:00
854,169.36,169.53,6841794,171.81,166.45,170.0347,96603,2022-01-26 05:00:00
855,170.78,169.37,6545927,173.28,168.78,170.3669,86872,2022-01-27 05:00:00
856,168.51,172.67,5796013,172.73,167.21,170.6224,75550,2022-01-28 05:00:00
857,170.77,173.52,5908136,174.11,170.59,172.8975,73990,2022-01-31 05:00:00
858,173.15,172.34,5952749,173.43,169.56,171.8144,71852,2022-02-01 05:00:00
859,172.76,175.47,5766988,175.64,172.57,174.9063,66798,2022-02-02 05:00:00
860,175.27,175.37,4632699,176.66,173.83,175.4488,59602,2022-02-03 05:00:00
861,173.1,172.49,4592442,174.89,171.19,172.8001,64055,2022-02-04 05:00:00
862,172.74,171.81,4813468,172.99,171.21,171.9064,64193,2022-02-07 05:00:00
863,172.63,172.02,3957685,172.64,170.31,171.8596,64429,2022-02-08 05:00:00
864,172.5,171.94,6780166,172.78,171.01,171.7108,77728,2022-02-09 05:00:00
865,168.655,168.37,7899839,171.45,167.3,168.8298,102667,2022-02-10 05:00:00
866,168.06,168.58,7299574,170.31,167.6901,168.8179,84587,2022-02-11 05:00:00
867,169.415,166.7,6822570,169.675,165.1,166.5575,82093,2022-02-14 05:00:00
868,167.217,165.96,4943851,168.25,165.261,166.3365,64265,2022-02-15 05:00:00
869,165.63,166.3,4161755,167.195,164.54,166.1133,60268,2022-02-16 05:00:00
870,166.01,166.75,5156836,167.9523,165,166.6019,64994,2022-02-17 05:00:00
871,167.11,167.71,5181629,168.235,166.22,167.5123,64687,2022-02-18 05:00:00
872,168.57,168.35,7734132,168.94,166.23,167.9155,83285,2022-02-22 05:00:00
873,169.12,166.69,5813018,169.12,166.52,167.5373,71206,2022-02-23 05:00:00
874,165.71,163.79,8888796,166.34,160.285,162.9558,121851,2022-02-24 05:00:00
875,164.42,168.38,6535637,168.46,164.26,166.9327,78038,2022-02-25 05:00:00
876,164.04,163.74,7676988,165.21,161.405,163.2875,95584,2022-02-28 05:00:00
877,163.07,162.27,5108127,164.4,161.3,162.434,75079,2022-03-01 05:00:00
878,162.98,164.52,5452091,165.82,162.49,164.6273,73437,2022-03-02 05:00:00
879,163.97,163.27,5352221,165.19,162.8,163.6945,70457,2022-03-03 05:00:00
880,162,165.75,6341095,166.5,160.92,164.6219,92908,2022-03-04 05:00:00
881,164.07,162.45,6319483,165.15,162.13,162.9623,85988,2022-03-07 05:00:00
882,162.38,157.87,6163724,163.97,157.69,159.4271,93521,2022-03-08 05:00:00
883,159.81,157.4,5764927,160.06,156.4,157.6512,80113,2022-03-09 05:00:00
884,155.79,154.51,5965671,156.25,153.37,154.6174,83996,2022-03-10 05:00:00
885,155.45,153.73,4762675,156.885,153.48,154.793,69967,2022-03-11 05:00:00
886,155.15,155.89,6075566,157.8,154.5,156.2621,70841,2022-03-14 04:00:00
887,157.32,159,6203356,159.5,156.83,158.4504,70443,2022-03-15 04:00:00
888,158.41,159.7,6299191,159.99,157.04,159.0163,81898,2022-03-16 04:00:00
889,159.83,160.94,3587628,161.63,159.3,160.5366,53748,2022-03-17 04:00:00
890,161.38,162.79,12123178,162.93,160.06,162.1895,78784,2022-03-18 04:00:00
891,162.27,162.56,5122570,163.81,161.075,162.2823,68842,2022-03-21 04:00:00
892,162.84,164.34,5779187,164.77,162.23,163.7847,70534,2022-03-22 04:00:00
893,164.248,163.48,4533800,165.275,162.63,163.7861,61082,2022-03-23 04:00:00
894,164.06,164.47,3160320,164.73,163.27,164.157,42290,2022-03-24 04:00:00
895,164.43,165.24,4147791,165.9,164.43,165.0162,48189,2022-03-25 04:00:00
896,165.1,165.73,4308007,165.77,163.71,164.9585,56964,2022-03-28 04:00:00
897,167.29,168.19,4440480,168.58,166.37,167.6514,59096,2022-03-29 04:00:00
898,168.1,167.96,3871556,168.24,166.115,167.6148,47998,2022-03-30 04:00:00
899,168.37,167.38,6076177,169.3,167.27,167.9441,67040,2022-03-31 04:00:00
900,167.89,169.76,3239641,169.93,167.37,168.8415,48700,2022-04-01 04:00:00
901,169.11,169.32,3759985,169.39,167.45,168.9769,51981,2022-04-04 04:00:00
902,168.32,169.5,4425879,171.38,168.32,169.9224,59119,2022-04-05 04:00:00
903,169.92,172.39,4294868,172.7,169.485,171.8883,68760,2022-04-06 04:00:00
904,172.03,172.55,5041686,173.28,170.78,172.3716,62875,2022-04-07 04:00:00
905,172.99,173.13,3883183,173.69,171.59,173.0435,48612,2022-04-08 04:00:00
906,173.61,172.6,3825328,174.97,172.32,173.1939,65183,2022-04-11 04:00:00
907,173.78,173.3,3924333,174.65,172.63,173.5899,54109,2022-04-12 04:00:00
908,173.58,173,4394054,173.82,171.73,172.8537,54963,2022-04-13 04:00:00
909,173.48,171.9,4834298,174.26,171.76,172.4065,55462,2022-04-14 04:00:00
910,171.22,170.42,3086009,172.31,169.96,170.6202,45415,2022-04-18 04:00:00
911,169.84,172.9,3641992,173.165,169.84,172.2157,49570,2022-04-19 04:00:00
912,173.72,175.47,4197764,175.97,173.72,175.1835,60063,2022-04-20 04:00:00
913,175.76,174.84,3701297,177.24,174.65,175.7223,56107,2022-04-21 04:00:00
914,174.99,172.15,5864027,175.27,171.94,173.1777,75509,2022-04-22 04:00:00
915,173.21,173.74,7369911,173.92,171,172.8373,92610,2022-04-25 04:00:00
916,173.97,173.3,7386563,175.3486,172.73,173.9008,97372,2022-04-26 04:00:00
917,173.42,174.85,5180479,176.69,173.19,175.2247,81852,2022-04-27 04:00:00
918,174.53,177.5,5235831,177.62,173.82,176.6641,73410,2022-04-28 04:00:00
919,177.41,171.71,6505570,177.41,171.41,172.842,78961,2022-04-29 04:00:00
920,172.995,167.76,7692131,173.46,165.27,168.3087,104351,2022-05-02 04:00:00
921,169.14,167.99,5564864,169.31,166.58,167.8861,72643,2022-05-03 04:00:00
922,167.61,173.86,6231681,174.12,167.61,172.31,77020,2022-05-04 04:00:00
923,173.1,170.39,6534321,173.32,169.08,170.7885,83303,2022-05-05 04:00:00
924,169.24,170.41,5824752,170.8,168.72,169.9616,78359,2022-05-06 04:00:00
925,169.66,171.7,7269081,172.885,168.76,171.1282,95446,2022-05-09 04:00:00
926,173.12,171.49,5936727,174.54,170.75,171.9507,90599,2022-05-10 04:00:00
927,170.82,170.66,5376851,172.41,169.92,170.9443,78009,2022-05-11 04:00:00
928,171.25,170.4,6473535,171.99,168.16,170.0177,87360,2022-05-12 04:00:00
929,170.7,173.72,4714614,174.16,169.46,172.4959,69091,2022-05-13 04:00:00
930,173.71,175.47,5317216,176.3,173.4201,175.2903,74787,2022-05-16 04:00:00
931,175.31,174.46,5012159,175.68,172.58,174.3096,64915,2022-05-17 04:00:00
932,173.6855,163.65,8875409,173.87,162.92,165.4908,104463,2022-05-18 04:00:00
933,162.5,161.2,6423817,162.78,159.6656,161.1662,90907,2022-05-19 04:00:00
934,162.24,162.21,5768823,163.06,159.62,161.5372,77333,2022-05-20 04:00:00
935,164.21,165.6,4657761,166.95,163.57,165.6046,69409,2022-05-23 04:00:00
936,166.02,167.82,5827782,168.255,165.1555,166.9396,78030,2022-05-24 04:00:00
937,167.85,168.97,5781034,169.49,166.96,168.6543,79961,2022-05-25 04:00:00
938,168.96,170.11,5193863,171.09,168.96,170.1473,64212,2022-05-26 04:00:00
939,171.26,171.77,6713600,171.81,170.2,171.282,77900,2022-05-27 04:00:00
940,170.98,167.75,13609993,170.98,165.37,167.6292,114364,2022-05-31 04:00:00
941,168.18,166.49,5613940,168.38,163.82,165.9873,77558,2022-06-01 04:00:00
942,165.62,166.68,4677458,166.75,162.645,165.428,71719,2022-06-02 04:00:00
943,165.859,164.85,4222131,166.59,164.36,165.0517,55618,2022-06-03 04:00:00
944,166.46,165.54,3447947,167.62,164.725,165.9323,48087,2022-06-06 04:00:00
945,165.68,166.56,4168296,166.86,164.22,166.053,47416,2022-06-07 04:00:00
946,165.74,165.73,2646900,166.81,165.11,165.9082,44064,2022-06-08 04:00:00
947,165.19,162.78,3522973,166.93,162.67,164.2003,52248,2022-06-09 04:00:00
948,160.97,162.52,5204718,163.918,159.45,162.6237,75747,2022-06-10 04:00:00
949,160.53,159.74,6300708,162.87,159.06,160.6329,92519,2022-06-13 04:00:00
950,160,156.12,6159174,160.05,154.8576,156.5385,92557,2022-06-14 04:00:00
951,157.92,157.79,5940075,159.84,155.93,157.9565,90562,2022-06-15 04:00:00
952,156.63,157.03,7207930,158.46,155.11,157.14,89296,2022-06-16 04:00:00
953,157.03,157.06,9881835,158.99,156.165,157.1537,83549,2022-06-17 04:00:00
954,158.17,160.71,4449779,160.96,157.35,159.9704,58751,2022-06-21 04:00:00
955,160.33,162.03,4706643,162.99,159.56,161.8676,63361,2022-06-22 04:00:00
956,163.78,164.1,5810719,165.14,163.15,163.9395,85929,2022-06-23 04:00:00
957,165.64,166.13,5951692,166.19,163.94,165.5649,66289,2022-06-24 04:00:00
958,165.87,166.35,4595815,167.13,165.34,166.2796,56035,2022-06-27 04:00:00
959,167.15,164.01,4329330,168.45,163.85,165.3067,58291,2022-06-28 04:00:00
960,166.06,166.73,3653622,167.56,165.35,166.6753,51916,2022-06-29 04:00:00
961,167.13,166.66,6295089,167.58,165.63,166.5654,71465,2022-06-30 04:00:00
962,166.74,169.39,3918710,169.52,165.76,168.4668,52085,2022-07-01 04:00:00
963,168.63,169.01,4971671,169.39,165.33,168.1213,68559,2022-07-05 04:00:00
964,170,170.7,4209229,171.95,169.48,170.67,68048,2022-07-06 04:00:00
965,169.52,170.36,5113219,171.04,169.38,170.173,68958,2022-07-07 04:00:00
966,170.57,171.88,3483014,172.7,170.55,171.7793,52933,2022-07-08 04:00:00
967,171.41,170.47,4929822,172.8,170.02,170.988,67936,2022-07-11 04:00:00
968,173,169.5,5201629,173.32,168.87,170.6228,76622,2022-07-12 04:00:00
969,168.54,170.1,4533125,171.44,167.98,169.8866,75736,2022-07-13 04:00:00
970,168.29,170.98,4218307,171.1601,167.7,169.9008,59103,2022-07-14 04:00:00
971,171.34,171.12,4659092,172.92,170.02,171.0085,55646,2022-07-15 04:00:00
972,171.15,168.26,3479707,171.24,167.85,169.4521,48704,2022-07-18 04:00:00
973,170.25,170.06,4201588,170.75,168.6262,169.8047,52952,2022-07-19 04:00:00
974,170.05,168.26,3460726,170.57,167.46,168.5139,50948,2022-07-20 04:00:00
975,167.99,168.51,3088309,169.41,167.56,168.3399,47375,2022-07-21 04:00:00
976,169.14,169.61,3757926,170.57,168.49,169.4628,55191,2022-07-22 04:00:00
977,170.31,169.85,3357159,170.86,169.04,169.9608,48914,2022-07-25 04:00:00
978,170.57,171.83,3732349,171.99,169.24,171.067,53802,2022-07-26 04:00:00
979,170.49,171.59,4479030,171.95,169.06,170.9435,62731,2022-07-27 04:00:00
980,171.87,174.84,3134222,175.12,171.19,174.0321,51854,2022-07-28 04:00:00
981,173.66,174.96,4215592,175.48,173.39,174.743,54083,2022-07-29 04:00:00
982,174.55,176.95,4034834,177.69,174.55,176.7921,55206,2022-08-01 04:00:00
983,176.94,175.49,3781152,177.145,175.22,175.834,54953,2022-08-02 04:00:00
984,175.08,176.83,4401333,177.06,174.24,176.2728,57246,2022-08-03 04:00:00
985,176.42,175.87,3822568,176.74,174.575,175.6398,55491,2022-08-04 04:00:00
986,174.39,174.55,3295615,174.7,172.4,173.7498,55812,2022-08-05 04:00:00
987,175.79,173.85,2846584,175.97,173.32,174.2108,45500,2022-08-08 04:00:00
988,174.79,174.5,3228826,175.23,173.9579,174.6125,44949,2022-08-09 04:00:00
989,175.81,175.94,4041101,176.43,174.72,175.7373,49006,2022-08-10 04:00:00
990,176.36,175.04,2743920,177.12,174.67,175.789,44457,2022-08-11 04:00:00
991,175.93,177.33,3756404,177.38,175.38,176.8297,43577,2022-08-12 04:00:00
992,177.77,179.28,3043178,179.36,176.8,178.7719,47301,2022-08-15 04:00:00
993,179.78,180.32,3395730,180.7,178.64,180.0503,55275,2022-08-16 04:00:00
994,180.1,180.22,2666289,181.07,179.72,180.2534,45082,2022-08-17 04:00:00
995,180.82,180.4,3010644,180.93,179.94,180.3865,45762,2022-08-18 04:00:00
996,179.76,180.17,3703971,181.01,179.32,180.1669,48977,2022-08-19 04:00:00
997,180.135,178.45,3384988,180.47,178.02,178.8754,50278,2022-08-22 04:00:00
998,177.82,178.37,2574995,178.86,177.29,178.3008,47878,2022-08-23 04:00:00
999,178.37,179.26,3340557,179.5,178.11,179.0621,36690,2022-08-24 04:00:00
1000,179.03,179.27,3401795,179.35,177.39,178.7157,49788,2022-08-25 04:00:00
1001,179.96,175.04,5246614,179.98,174.67,176.1134,62299,2022-08-26 04:00:00
1002,174.55,174.49,4184510,175.29,173.21,174.5314,53313,2022-08-29 04:00:00
1003,174.34,172.99,4026406,174.685,172.33,173.4166,55195,2022-08-30 04:00:00
1004,173.81,172.27,5597882,174.41,172.2,172.8716,60441,2022-08-31 04:00:00
1005,170.9201,172.85,4846285,172.98,170.24,172.0178,66978,2022-09-01 04:00:00
1006,173.72,170.66,5801495,174.97,169.89,172.1278,68161,2022-09-02 04:00:00
1007,170.98,169.51,4900124,172.59,169.125,170.1184,72278,2022-09-06 04:00:00
1008,170.62,173.25,6074572,173.775,169.93,172.6811,57875,2022-09-07 04:00:00
1009,172.78,172.67,3888130,173.43,170.56,172.339,58112,2022-09-08 04:00:00
1010,172.65,173.22,3662160,174.55,171.67,173.2416,57101,2022-09-09 04:00:00
1011,173.22,173.9,5953266,174.44,172.75,173.7633,62530,2022-09-12 04:00:00
1012,172.5,167.41,6926199,172.83,166.95,168.6865,89042,2022-09-13 04:00:00
1013,168.12,168.68,5156886,169.19,167.57,168.3938,78407,2022-09-14 04:00:00
1014,168.53,165.88,5460988,168.56,165.335,166.1709,75373,2022-09-15 04:00:00
1015,166.36,166.97,12012628,167.17,165.25,166.6214,77614,2022-09-16 04:00:00
1016,167.06,168.73,3720886,168.81,166.5,168.0136,50903,2022-09-19 04:00:00
1017,167.58,168.92,3872155,169.15,166.86,168.2013,54810,2022-09-20 04:00:00
1018,169.88,168.44,5134461,172.03,168.34,170.0579,74317,2022-09-21 04:00:00
1019,168.4,168.6,4290658,169.89,168.05,168.8707,55731,2022-09-22 04:00:00
1020,168.39,168.52,4565224,168.75,166.53,168.0875,70280,2022-09-23 04:00:00
1021,168.33,168.45,5326578,170.01,167.53,168.5459,74014,2022-09-26 04:00:00
1022,168.24,166.01,5400774,170,165.24,166.7907,76365,2022-09-27 04:00:00
1023,166.91,168.67,5480944,169.62,165.24,168.1554,72405,2022-09-28 04:00:00
1024,168.8,166.61,5167730,169.14,165,166.4886,68910,2022-09-29 04:00:00
1025,167.69,163.26,5971934,168.24,163.01,164.4483,73069,2022-09-30 04:00:00
1026,163.52,165.25,5093370,165.69,163.021,164.8723,64002,2022-10-03 04:00:00
1027,167.39,167.11,4596786,168.73,165.55,167.0086,64665,2022-10-04 04:00:00
1028,166.97,166,3538805,167.09,163.73,165.75,55864,2022-10-05 04:00:00
1029,165.785,162.8,4623429,166.02,162.495,163.492,60973,2022-10-06 04:00:00
1030,162.3,161.61,4779170,163.01,160.98,161.696,63985,2022-10-07 04:00:00
1031,161.99,161.82,4839239,163.04,161.19,162.016,60459,2022-10-10 04:00:00
1032,162.24,162.59,5222588,164.27,161.56,163.0135,71382,2022-10-11 04:00:00
1033,168.73,169.39,9795304,170.6993,166.6,169.2581,114379,2022-10-12 04:00:00
1034,167.1,174.61,8412881,175.04,166.82,172.1453,106135,2022-10-13 04:00:00
1035,175.98,170.19,5939034,176.258,169.99,171.3471,84916,2022-10-14 04:00:00
1036,172.27,172.73,6401844,173.59,171.07,172.6126,73683,2022-10-17 04:00:00
1037,174.82,175.06,4547398,176.91,173.41,175.0022,80076,2022-10-18 04:00:00
1038,174.82,173.36,5200248,175.84,172.33,173.613,66620,2022-10-19 04:00:00
1039,174.2,171.46,4313954,174.36,171.11,172.0351,62010,2022-10-20 04:00:00
1040,171.2,173.06,5058500,173.685,170.58,172.4895,68252,2022-10-21 04:00:00
1041,174.81,177.68,5316608,177.98,174.67,177.0134,73734,2022-10-24 04:00:00
1042,178.12,178.27,5220027,178.87,176.61,178.0668,70203,2022-10-25 04:00:00
1043,179.26,179.07,5138962,180.9,178.32,179.4738,79402,2022-10-26 04:00:00
1044,180.37,178.88,5424089,180.93,178.57,179.3045,75014,2022-10-27 04:00:00
1045,179.7,182.23,6715501,182.93,179.48,182.1267,86406,2022-10-28 04:00:00
1046,181.18,181.58,4877164,182.98,180.54,181.7035,67325,2022-10-31 04:00:00
1047,180.94,180.76,4084681,182.8101,179.89,180.7917,61860,2022-11-01 04:00:00
1048,180.78,178.24,4970857,183.58,178.17,179.8604,76321,2022-11-02 04:00:00
1049,176.78,177.78,3753759,178.9034,176.53,177.8494,66149,2022-11-03 04:00:00
1050,177.92,178.78,3922495,179.79,176.53,178.3391,70091,2022-11-04 04:00:00
1051,179.52,180.21,3246087,180.62,178.83,179.9007,56096,2022-11-07 05:00:00
1052,180.44,180.71,3724937,182.11,178.8,180.8968,66881,2022-11-08 05:00:00
1053,179.95,178.55,4723617,181.07,178.4,179.2259,57913,2022-11-09 05:00:00
1054,182.65,181.7,6704136,182.92,178.56,181.0533,88190,2022-11-10 05:00:00
1055,181.13,178.05,7390702,181.69,175.44,177.4854,116507,2022-11-11 05:00:00
1056,178.67,176.73,5633044,179.18,176.5,177.8203,74068,2022-11-14 05:00:00
1057,178.04,177.19,5153752,178.7,175.42,177.0775,74407,2022-11-15 05:00:00
1058,178.3,178.33,4701109,179.63,177.72,178.5053,59775,2022-11-16 05:00:00
1059,177.49,180.03,3921298,180.16,177.43,179.2908,59158,2022-11-17 05:00:00
1060,180.21,181.33,4498176,181.84,180.02,180.9795,57662,2022-11-18 05:00:00
1061,182.27,184.82,4397577,185.13,182.09,184.4073,70418,2022-11-21 05:00:00
1062,185.81,184.84,4109601,186.62,184.37,184.9488,51356,2022-11-22 05:00:00
1063,185,185.08,2511122,186.08,184.5,185.0493,43049,2022-11-23 05:00:00
1064,184.58,184.11,1836993,185,183.94,184.2841,23713,2022-11-25 05:00:00
1065,184.4,183.89,6411433,185.4925,183.51,184.0801,51536,2022-11-28 05:00:00
1066,183.3,182.59,4375521,183.42,181.02,182.306,55015,2022-11-29 05:00:00
1067,181.9,185.51,7915639,185.7,180.24,184.3007,77696,2022-11-30 05:00:00
1068,185.48,185.9,4683431,186.33,184.155,185.5054,61948,2022-12-01 05:00:00
1069,184,185.69,3547756,186.31,183.8394,185.405,60118,2022-12-02 05:00:00
1070,183.43,183.12,4083270,183.94,182.32,183.1736,61289,2022-12-05 05:00:00
1071,183.75,181.63,5835166,184.29,180.695,181.814,65641,2022-12-06 05:00:00
1072,181.81,182.18,4241812,182.45,180.69,181.9473,56357,2022-12-07 05:00:00
1073,181.81,183.78,3800879,183.98,181.26,183.2082,60165,2022-12-08 05:00:00
1074,184.21,183.1,3116234,184.21,183.05,183.3634,41725,2022-12-09 05:00:00
1075,184.18,183.97,4691428,184.18,182.355,183.4562,60578,2022-12-12 05:00:00
1076,186.48,183.87,5634889,186.84,182.94,184.2461,78577,2022-12-13 05:00:00
1077,184.07,183.36,5392483,185.88,182.13,184.173,77616,2022-12-14 05:00:00
1078,181.98,180.25,6128214,182.712,178.39,180.0617,77386,2022-12-15 05:00:00
1079,180.08,180.34,15708093,181.19,178.48,180.1824,81897,2022-12-16 05:00:00
1080,180.86,181.34,4447962,183.47,180.35,181.6441,62055,2022-12-19 05:00:00
1081,181.815,181.23,3249006,182.25,180.64,181.4235,50489,2022-12-20 05:00:00
1082,181.55,182.5,4183789,183.68,181.4,182.7132,54335,2022-12-21 05:00:00
1083,181.86,181.09,4305729,182.05,178.9166,180.7732,59625,2022-12-22 05:00:00
1084,180.91,182.26,2197807,182.55,180.45,181.99,37115,2022-12-23 05:00:00
1085,183.282,183.07,3045045,183.61,182.27,183.0726,41672,2022-12-27 05:00:00
1086,184.1,181.75,2694335,184.5442,181.64,182.489,44130,2022-12-28 05:00:00
1087,181.92,181.98,2549240,182.86,181.89,182.2065,38326,2022-12-29 05:00:00
1088,181.38,180.66,3136222,181.96,179.29,180.4576,47814,2022-12-30 05:00:00
1089,180.59,179.41,5137404,180.75,176.57,178.8188,72566,2023-01-03 05:00:00
1090,179.41,178.97,4771321,180.54,177.55,179.0073,71052,2023-01-04 05:00:00
1091,177.96,177.1,3647074,178.77,176.86,177.4208,57007,2023-01-05 05:00:00
1092,178.81,181.1,3713163,181.83,178.8,180.7595,54344,2023-01-06 05:00:00
1093,180.44,179.33,3319247,182.77,178.81,180.4007,63251,2023-01-09 05:00:00
1094,178.79,177.85,3817303,179.53,177.09,178.0243,54130,2023-01-10 05:00:00
1095,179.39,178.05,4370110,179.71,175.68,177.7021,66143,2023-01-11 05:00:00
1096,177.66,175.78,4246606,178.37,175.32,176.3186,69687,2023-01-12 05:00:00
1097,175.4,175.24,4720397,175.73,174.165,174.9429,75808,2023-01-13 05:00:00
1098,176.15,176.06,5032644,177.5525,175.49,176.2841,68789,2023-01-17 05:00:00
1099,175.24,171.62,5032620,175.7384,171.33,172.4995,73967,2023-01-18 05:00:00
1100,171.28,169.63,4720383,172.17,169.4775,170.3337,70424,2023-01-19 05:00:00
1101,168.945,169.88,5778773,169.89,167.46,168.9538,78189,2023-01-20 05:00:00
1102,170.01,169.12,5440358,170.755,168.715,169.5465,77941,2023-01-23 05:00:00
1103,169.61,170.69,4125624,170.87,168.45,170.1714,62653,2023-01-24 05:00:00
1104,170.34,171.93,3852843,171.98,169.34,170.9499,61359,2023-01-25 05:00:00
1105,171.635,170.22,4558394,171.67,170.04,170.6008,67252,2023-01-26 05:00:00
1106,169.77,169.62,5451407,170.23,168.58,169.3889,65350,2023-01-27 05:00:00
1107,169.78,169.48,5191504,171.455,169.14,169.8575,72367,2023-01-30 05:00:00
1108,170.2,171.02,4665460,171.07,169.32,170.5702,56574,2023-01-31 05:00:00
1109,170.88,171.56,4147699,172.32,169.51,171.0471,62730,2023-02-01 05:00:00
1110,169.46,169.97,5646796,170.56,168.5101,169.6253,89116,2023-02-02 05:00:00
1111,170.955,169.12,5308238,171.29,167.05,168.8329,80493,2023-02-03 05:00:00
1112,169.74,171.82,5640124,172.38,169.59,171.464,92031,2023-02-06 05:00:00
1113,170.29,171.56,6044700,172.03,169.26,170.8689,79795,2023-02-07 05:00:00
1114,171,171.16,5687332,171.33,170.24,170.9415,79629,2023-02-08 05:00:00
1115,175.3199,172.78,9619391,176.49,172.04,173.3512,123822,2023-02-09 05:00:00
1116,173.12,176.2,6176023,176.59,172.65,175.4104,92657,2023-02-10 05:00:00
1117,176.26,177.77,5205130,178.225,176.04,177.5785,68228,2023-02-13 05:00:00
1118,177.1,175.77,5203003,177.245,174.79,175.9404,73162,2023-02-14 05:00:00
1119,175,176.01,4125761,176.05,174.59,175.4333,54453,2023-02-15 05:00:00
1120,174.74,175.51,4973168,176.9,174.54,175.8017,61368,2023-02-16 05:00:00
1121,175.155,176.28,3873139,176.42,174.83,175.8264,53436,2023-02-17 05:00:00
1122,175.58,176.18,5797271,177.41,174.67,176.2064,68500,2023-02-21 05:00:00
1123,176.72,176.12,5299484,177.43,175.77,176.3058,51630,2023-02-22 05:00:00
1124,176.66,176.31,3801421,176.99,174.99,176.1785,52886,2023-02-23 05:00:00
1125,175.46,175.96,2959174,176.33,174.29,175.5186,48767,2023-02-24 05:00:00
1126,176.97,175.91,3208625,177.25,175.65,176.1425,50417,2023-02-27 05:00:00
1127,174.88,173.53,4317286,175.06,173.195,173.7806,63126,2023-02-28 05:00:00
1128,172.32,171.33,5359107,172.46,169.12,170.9083,79724,2023-03-01 05:00:00
1129,170.51,173.32,4476403,173.76,169.78,172.8259,70324,2023-03-02 05:00:00
1130,173,173.15,3627092,173.45,171.33,172.8029,58007,2023-03-03 05:00:00
1131,172.22,173.5,3611369,173.66,172.22,173.1913,62503,2023-03-06 05:00:00
1132,173.67,172.64,4095127,174.255,171.87,172.7472,61568,2023-03-07 05:00:00
1133,172.68,173.11,2920414,173.36,171.78,172.7636,44815,2023-03-08 05:00:00
1134,173.62,171.8,4042139,174.36,171.2,172.466,55507,2023-03-09 05:00:00
1135,172.53,172.03,4129912,174.24,170.96,172.0748,68484,2023-03-10 05:00:00
1136,172.76,173.71,8265278,177.23,172.61,175.0855,95484,2023-03-13 04:00:00
1137,172.49,173.53,6480773,173.81,171.57,172.8559,92381,2023-03-14 04:00:00
1138,173.53,176.63,7099919,176.66,173.185,175.659,91898,2023-03-15 04:00:00
1139,176.61,176.51,4734372,177,175.32,176.385,76531,2023-03-16 04:00:00
1140,176.51,175.13,8854570,176.69,174.23,175.3684,70825,2023-03-17 04:00:00
1141,176.5,177.59,4366983,177.68,175.51,177.1698,65474,2023-03-20 04:00:00
1142,177.66,178.01,3812191,178.17,176.28,177.5769,60201,2023-03-21 04:00:00
1143,177.84,176.51,4380780,179.37,176.42,177.7387,62453,2023-03-22 04:00:00
1144,176.06,175.65,4655692,177.22,175.02,175.9155,61096,2023-03-23 04:00:00
1145,176.53,179.09,3713938,179.34,176.39,178.3063,63247,2023-03-24 04:00:00
1146,179.575,179.49,4078583,180.65,179.31,179.7483,56560,2023-03-27 04:00:00
1147,179.33,179.43,2850005,180.46,179.33,179.7668,48334,2023-03-28 04:00:00
1148,180.65,180.67,4495971,180.91,179.985,180.5776,55674,2023-03-29 04:00:00
1149,181,180.83,2742969,181.33,180.075,180.7187,42328,2023-03-30 04:00:00
1150,182.16,182.3,4480030,182.49,181.32,182.117,57248,2023-03-31 04:00:00
1151,181.9,182.5,3902505,182.76,180.4,182.1729,65561,2023-04-03 04:00:00
1152,182.18,181.85,3306483,183.36,181.1,182.0502,53632,2023-04-04 04:00:00
1153,183.25,183.64,3826373,184.96,183.0604,183.9905,70831,2023-04-05 04:00:00
1154,183.302,184.36,3389758,184.74,183.1,184.1595,54868,2023-04-06 04:00:00
1155,183.83,183.2,2408256,183.895,181.69,182.9294,48650,2023-04-10 04:00:00
1156,183.42,182.92,3586784,183.88,182.76,183.0843,51175,2023-04-11 04:00:00
1157,182.69,182.56,3620885,183.78,182.25,182.7481,49486,2023-04-12 04:00:00
1158,182.62,184.38,4303630,184.61,182.105,183.8538,54935,2023-04-13 04:00:00
1159,183.335,183.51,2573142,184.02,182.9201,183.4198,46702,2023-04-14 04:00:00
1160,184.19,184.45,3224527,184.75,183.4808,184.2785,47998,2023-04-17 04:00:00
1161,184.77,184.83,2438554,185.2199,183.74,184.6397,44856,2023-04-18 04:00:00
1162,185.2401,184.72,2209904,185.32,184.255,184.7008,45244,2023-04-19 04:00:00
1163,184.84,185.33,3868174,186.035,184.2,185.3344,55282,2023-04-20 04:00:00
1164,185.99,185.41,3781932,186.38,185.13,185.5574,49123,2023-04-21 04:00:00
1165,186.5,185.5,3540199,186.57,185.02,185.6161,61948,2023-04-24 04:00:00
1166,186.56,189.71,6231626,190.18,186.24,189.3471,108825,2023-04-25 04:00:00
1167,188.48,188.54,4481737,189.42,187.87,188.5815,69680,2023-04-26 04:00:00
1168,188.18,189.69,4574524,189.95,187.51,189.074,79220,2023-04-27 04:00:00
1169,189.9,190.89,4608944,191.62,189.64,190.7377,60867,2023-04-28 04:00:00
1170,190.45,191.68,3137839,192.325,190.28,191.6079,53207,2023-05-01 04:00:00
1171,191.36,192.25,3712247,192.5,189.75,191.4876,66376,2023-05-02 04:00:00
1172,192.58,192.18,3389644,193.25,191.78,192.4788,67088,2023-05-03 04:00:00
1173,193.08,193.38,4267611,193.95,192.155,193.2688,74885,2023-05-04 04:00:00
1174,192.82,194.27,4146515,194.48,192.39,194.0114,59643,2023-05-05 04:00:00
1175,193.4,193.35,2249855,194,192.65,193.4268,48584,2023-05-08 04:00:00
1176,193.86,194.14,3087644,194.67,192.71,194.0158,52068,2023-05-09 04:00:00
1177,194.11,194.27,4352899,195.58,192.6749,194.0844,61674,2023-05-10 04:00:00
1178,194.28,195.34,3690431,195.52,192.9975,194.9043,54565,2023-05-11 04:00:00
1179,195.34,196.12,2740969,196.22,194.95,195.745,49398,2023-05-12 04:00:00
1180,196.57,194.27,2946589,196.88,194,194.5296,53422,2023-05-15 04:00:00
1181,194.48,193.43,5803757,194.48,192.54,193.526,50095,2023-05-16 04:00:00
1182,193.31,192.06,4878900,193.585,190.84,191.9583,62997,2023-05-17 04:00:00
1183,191.32,191.56,3709407,191.71,190.41,191.1541,59885,2023-05-18 04:00:00
1184,192.46,191.84,3883181,192.86,191.1,191.92,57081,2023-05-19 04:00:00
1185,191.19,186.64,5786972,191.39,186.41,187.3999,93918,2023-05-22 04:00:00
1186,186.49,186.07,6382250,186.63,184.59,185.7206,79632,2023-05-23 04:00:00
1187,186.27,184.89,3721022,186.74,184.37,185.0913,63782,2023-05-24 04:00:00
1188,182.7,183.8,4712884,184.22,181.95,183.6059,70380,2023-05-25 04:00:00
1189,183.71,183.58,4449346,184.25,182.395,183.6172,58352,2023-05-26 04:00:00
1190,182.055,182.07,194600,182.95,181.1,181.917,3415,2023-05-30 04:00:00
1191,182.86,182.35,20414801,184.62,181.46,182.5692,98530,2023-05-31 04:00:00
1192,182.42,182.19,5277433,182.69,180.8,181.9827,69793,2023-06-01 04:00:00
1193,182.02,184.06,4288433,184.29,181.7,183.909,60565,2023-06-02 04:00:00
1194,183.85,184.19,4311675,186.17,183.61,184.5484,68801,2023-06-05 04:00:00
1195,184.98,181.56,3975572,185.12,180.43,181.6828,70162,2023-06-06 04:00:00
1196,180.71,180.11,5162657,181.74,179.7,180.4404,69887,2023-06-07 04:00:00
1197,179.7,182.1,4036711,182.3,179.33,181.6906,62977,2023-06-08 04:00:00
1198,181.71,182.35,3200319,182.83,181,182.2761,53768,2023-06-09 04:00:00
1199,182.49,181.9,4207398,182.73,180.69,181.6289,65463,2023-06-12 04:00:00
1200,182.13,181.54,2838752,182.19,181.08,181.6159,57149,2023-06-13 04:00:00
1201,182,183.17,3559268,183.65,181.435,182.7995,60748,2023-06-14 04:00:00
1202,184.26,185.71,4326317,186.17,183.52,185.3833,66694,2023-06-15 04:00:00
1203,186.14,186.04,8925706,187.585,185.7,186.29,67390,2023-06-16 04:00:00
1204,186.54,185.31,4155059,187.87,185.24,185.9245,60887,2023-06-20 04:00:00
1205,185.72,185.43,3832395,186.88,184.188,185.5643,56209,2023-06-21 04:00:00
1206,186.73,187.35,3186126,187.58,185.87,187.0479,57510,2023-06-22 04:00:00
1207,188,186.07,7592675,188,185.95,186.4458,69722,2023-06-23 04:00:00
1208,186.16,184.89,3706278,186.43,184.1203,184.8086,62790,2023-06-26 04:00:00
1209,184.67,186.22,5763040,186.61,183.96,185.5332,80085,2023-06-27 04:00:00
1210,186.25,183.7,5194077,186.74,183.38,184.0199,83881,2023-06-28 04:00:00
1211,183.25,183.88,5770445,183.89,181.39,183.3826,76869,2023-06-29 04:00:00
1212,184.04,185.22,7635186,185.52,183.88,185.0186,78878,2023-06-30 04:00:00
1213,184.3,185.6,2388969,185.64,183.47,185.0095,43748,2023-07-03 04:00:00
1214,185,186.58,5277266,186.69,184.97,186.1348,75323,2023-07-05 04:00:00
1215,185.81,186.6,5592489,186.75,184.8925,186.2467,84604,2023-07-06 04:00:00
1216,185.82,183.08,6310132,185.88,183.03,183.7289,87982,2023-07-07 04:00:00
1217,184.07,184.3,5508816,185.91,183.775,184.6382,94706,2023-07-10 04:00:00
1218,184.38,183.98,3915229,184.726,182.415,183.5595,73937,2023-07-11 04:00:00
1219,183.98,183.17,6080078,184.61,182.975,183.5627,85551,2023-07-12 04:00:00
1220,185.8,187.53,8223095,188.06,183.26,186.3655,120036,2023-07-13 04:00:00
1221,187.86,188.21,4467604,188.625,187.085,188.0827,75639,2023-07-14 04:00:00
1222,186.34,185.63,5637931,187.005,185.42,185.9958,100059,2023-07-17 04:00:00
1223,185.44,184.45,5684103,186.82,183.82,184.9297,89845,2023-07-18 04:00:00
1224,185,186.26,4140799,186.6,184.424,185.8936,71440,2023-07-19 04:00:00
1225,187.5,189.3,5056531,189.99,186.81,189.0737,91559,2023-07-20 04:00:00
1226,190.105,190.16,15019092,191.47,189.3,190.2455,103165,2023-07-21 04:00:00
1227,190.59,190.92,4226703,191.43,190.14,190.8313,67216,2023-07-24 04:00:00
1228,190.41,191.36,3521616,192.01,190.06,191.249,67778,2023-07-25 04:00:00
1229,191.12,191.6,3898895,192.38,190.06,191.5351,62507,2023-07-26 04:00:00
1230,192,188.53,4141834,192.2925,188.4,189.6743,85676,2023-07-27 04:00:00
1231,190.14,190.31,5602369,191.37,189.79,190.4706,84060,2023-07-28 04:00:00
1232,189.45,187.46,5688218,189.59,186.85,187.6827,80404,2023-07-31 04:00:00
1233,187.49,186.82,2854164,188.6,186.4,187.0133,59561,2023-08-01 04:00:00
1234,186.59,188.31,4286293,189.97,186.4,188.4072,72676,2023-08-02 04:00:00
1235,188.17,187.12,2857659,189.22,186.97,187.5043,55118,2023-08-03 04:00:00
1236,187.12,184.6,4651062,188.01,184.35,186.1007,76003,2023-08-04 04:00:00
1237,185.28,186.89,3323542,187.21,185.1,186.7588,62804,2023-08-07 04:00:00
1238,187.2,184.44,5018032,187.48,184.03,184.828,64398,2023-08-08 04:00:00
1239,183.88,183.98,4413095,185,182.625,184.1637,66864,2023-08-09 04:00:00
1240,184.22,183.75,3725308,185.59,183.53,184.2922,58100,2023-08-10 04:00:00
1241,184,184.04,2873848,184.28,183.28,183.8712,54969,2023-08-11 04:00:00
1242,184.39,183.62,3383757,184.86,183.13,183.794,50892,2023-08-14 04:00:00
1243,183.15,181.35,3331931,183.46,181.13,181.7802,58903,2023-08-15 04:00:00
1244,181.6,181.21,2633918,182.95,180.95,181.78,52529,2023-08-16 04:00:00
1245,181.21,178.45,4503030,181.41,178.32,179.3115,90153,2023-08-17 04:00:00
1246,178.46,178.18,6020451,179.55,177.27,178.3258,89456,2023-08-18 04:00:00
1247,177.73,177.05,4284317,177.96,176.23,177.1695,75520,2023-08-21 04:00:00
1248,176.18,175.7,3491524,176.82,175.31,175.9737,68469,2023-08-22 04:00:00
1249,177.25,178.12,4030632,178.28,176.37,177.9003,76990,2023-08-23 04:00:00
1250,178.01,177.18,5710041,180.4399,177.1,177.8442,70125,2023-08-24 04:00:00
1251,178.06,179.42,4710679,179.71,177.84,179.0228,75075,2023-08-25 04:00:00
1252,180.82,180.25,3189757,181.18,179.344,180.1382,54989,2023-08-28 04:00:00
1253,180.3,180.93,4368626,181.22,179.015,180.4678,70111,2023-08-29 04:00:00
1254,181.46,181.08,3153432,182.26,180.72,181.2958,58866,2023-08-30 04:00:00
1255,179.34,177.92,5566636,179.63,177.86,178.2309,73023,2023-08-31 04:00:00
