PLTR,open_price,close_price,trading_volume,highest_price,lowest_price,volume_weighted_avg_price,transaction_amt,date_time
0,10,9.5,338549492,11.42,9.11,10.3208,811535,2020-09-30 04:00:00
1,9.69,9.46,129660350,10.1,9.23,9.5933,390409,2020-10-01 04:00:00
2,9.06,9.2,56343795,9.28,8.94,9.1253,175321,2020-10-02 04:00:00
3,9.43,9.03,36951976,9.49,8.92,9.1074,131670,2020-10-05 04:00:00
4,9.04,9.9,91313619,10.18,8.9,9.6767,243323,2020-10-06 04:00:00
5,10.04,10,55469945,10.49,9.99,10.2519,178587,2020-10-07 04:00:00
6,10.29,10,35995168,10.4,9.99,10.2022,113550,2020-10-08 04:00:00
7,10.13,9.95,20204367,10.19,9.89,10.0233,62992,2020-10-09 04:00:00
8,10.04,9.89,20975708,10.05,9.66,9.936,66988,2020-10-12 04:00:00
9,9.88,9.47,22160337,9.88,9.41,9.5647,83405,2020-10-13 04:00:00
10,9.6,9.34,14101180,9.66,9.29,9.4384,58335,2020-10-14 04:00:00
11,9.27,9.91,13148853,9.91,9.18,9.527,47367,2020-10-15 04:00:00
12,9.94,9.71,11535929,9.95,9.66,9.7695,46919,2020-10-16 04:00:00
13,9.79,9.57,9333008,9.82,9.53,9.6411,41497,2020-10-19 04:00:00
14,9.6,9.27,11291094,9.66,9.27,9.4237,41462,2020-10-20 04:00:00
15,9.3,9.2,9424019,9.48,9.2,9.2931,41283,2020-10-21 04:00:00
16,9.37,9.68,18124924,9.75,9.22,9.5533,68756,2020-10-22 04:00:00
17,9.71,9.49,12980138,9.83,9.47,9.6137,48110,2020-10-23 04:00:00
18,9.72,9.95,24188457,9.97,9.6,9.7971,79615,2020-10-26 04:00:00
19,10,10.95,54271624,11.04,9.92,10.5718,155485,2020-10-27 04:00:00
20,10.66,10.85,31926944,10.985,10.1,10.5964,95933,2020-10-28 04:00:00
21,10.9,10.75,20812272,11.1,10.56,10.8882,68593,2020-10-29 04:00:00
22,10.61,10.13,19928843,10.68,9.85,10.1999,66882,2020-10-30 04:00:00
23,10.23,10.54,12026142,10.57,10.23,10.4152,42321,2020-11-02 05:00:00
24,10.57,10.5,21994100,10.94,10.44,10.6852,79227,2020-11-03 05:00:00
25,10.82,10.72,16019267,10.92,10.55,10.7512,57143,2020-11-04 05:00:00
26,10.9,11.88,49022580,12.13,10.85,11.6889,156268,2020-11-05 05:00:00
27,12.22,13.83,91141147,14.96,12.05,13.8193,327540,2020-11-06 05:00:00
28,14.96,14.67,62551205,15.9,14.11,15.0501,222163,2020-11-09 05:00:00
29,14.99,14,38871537,15.01,13.18,13.9957,138077,2020-11-10 05:00:00
30,14.57,15.96,47328286,15.97,14.4,15.2479,161652,2020-11-11 05:00:00
31,16.66,14.58,100700648,17.06,14.41,15.1934,368320,2020-11-12 05:00:00
32,14.49,15.8,78142028,16,14.49,15.3436,284154,2020-11-13 05:00:00
33,15.96,15.93,68381528,16.1,15.01,15.7881,258398,2020-11-16 05:00:00
34,16.29,17.85,117539897,18.75,16.18,17.6855,435389,2020-11-17 05:00:00
35,18.28,17.9,91505191,19.25,17.54,18.3833,337920,2020-11-18 05:00:00
36,18.5,18.98,57201235,18.98,17.96,18.4978,222084,2020-11-19 05:00:00
37,19.03,18.15,73103035,19.66,18,18.7089,294659,2020-11-20 05:00:00
38,18.63,21.04,85694342,21.45,18.57,20.0225,337600,2020-11-23 05:00:00
39,22.35,23.82,117722583,24.27,20.63,22.8124,458901,2020-11-24 05:00:00
40,23.96,29.05,203256795,29.75,23.69,27.1862,837135,2020-11-25 05:00:00
41,31.19,27.66,207834002,33.5,26.12,29.9189,964006,2020-11-27 05:00:00
42,28.24,27.11,138974466,30.15,24.11,27.2057,622692,2020-11-30 05:00:00
43,28.09,25.67,85311632,28.14,24.45,25.7507,411401,2020-12-01 05:00:00
44,22.24,22.51,151542845,23.4,21.15,22.3548,607549,2020-12-02 05:00:00
45,23.55,24.03,86296964,25.62,23.5,24.3688,350050,2020-12-03 05:00:00
46,24.88,23.85,56616317,25.24,23.51,24.1658,239893,2020-12-04 05:00:00
47,24.44,28.94,118946429,29,24.44,27.0482,499701,2020-12-07 05:00:00
48,30.63,28.59,126423270,31.24,27.25,28.9174,551670,2020-12-08 05:00:00
49,28.68,26.63,80397711,28.85,25.33,27.0068,397784,2020-12-09 05:00:00
50,25.5412,27.04,58446446,28.04,25.15,27.0424,242070,2020-12-10 05:00:00
51,27.15,27.2,53124729,28.27,26.06,27.0085,216498,2020-12-11 05:00:00
52,28.26,27.24,45303921,28.26,26.7301,27.4475,211400,2020-12-14 05:00:00
53,26.82,26.43,49920382,27.1,25.52,26.1457,229448,2020-12-15 05:00:00
54,25.71,25.92,44707930,26.16,25.11,25.6795,200993,2020-12-16 05:00:00
55,26.52,27.23,54229934,27.45,26.05,26.9197,223571,2020-12-17 05:00:00
56,26.27,25.97,71886171,26.85,25.8,26.1766,255240,2020-12-18 05:00:00
57,26.19,28.51,77301105,28.7,25.4,27.1873,328028,2020-12-21 05:00:00
58,29.03,28.04,67036716,29.42,26.82,28.0659,303391,2020-12-22 05:00:00
59,28.95,28.69,59334011,29.39,28.05,28.7725,254007,2020-12-23 05:00:00
60,28.7976,27.75,26960847,29.16,27.52,28.1994,125059,2020-12-24 05:00:00
61,28.39,25.63,56479896,28.59,25.4,26.4369,316273,2020-12-28 05:00:00
62,25.75,24.66,47786784,26.1823,24.34,24.9966,255370,2020-12-29 05:00:00
63,24.97,25.1,34881879,25.91,24.63,25.2694,156095,2020-12-30 05:00:00
64,24.63,23.55,40200332,24.72,23.52,23.9382,263543,2020-12-31 05:00:00
65,23.91,23.37,45768204,24.5,22.5,23.5743,250779,2021-01-04 05:00:00
66,23.18,24.6,29468743,24.67,22.89,23.9445,148051,2021-01-05 05:00:00
67,24.12,23.54,33243997,24.46,23.25,23.8755,188973,2021-01-06 05:00:00
68,24.02,25,32580188,25.19,23.67,24.554,149353,2021-01-07 05:00:00
69,25.7,25.2,41859607,26.44,24.7,25.597,196183,2021-01-08 05:00:00
70,24.61,25.93,33009195,26.6,24.31,25.7829,170895,2021-01-11 05:00:00
71,26.34,26.18,27484811,26.42,25.51,26.0111,124943,2021-01-12 05:00:00
72,25.71,25.5,51904464,27.4298,25.13,26.1545,262814,2021-01-13 05:00:00
73,25.45,24.92,33345869,25.62,24.37,25.0532,190638,2021-01-14 05:00:00
74,26.26,25.64,93005895,28,25.46,26.7527,413854,2021-01-15 05:00:00
75,26.81,26.62,49366817,27.54,26,26.7524,231288,2021-01-19 05:00:00
76,27.29,26.34,37937904,27.3,25.7,26.4658,180545,2021-01-20 05:00:00
77,26.42,25.98,29926137,26.68,25.3,25.9404,154761,2021-01-21 05:00:00
78,25.85,32.58,157240221,32.65,25.82,29.7931,644911,2021-01-22 05:00:00
79,34.46,36.23,194616820,39.58,29.56,35.2372,942316,2021-01-25 05:00:00
80,35.14,35.37,66543374,36.87,34.32,35.426,359934,2021-01-26 05:00:00
81,32.97,39,172018669,45,32.25,39.2301,917616,2021-01-27 05:00:00
82,39.54,35.66,86348878,42,33.1,36.801,506599,2021-01-28 05:00:00
83,36.61,35.18,42456409,38.01,34.66,36.3088,271136,2021-01-29 05:00:00
84,35.33,33.96,43961662,35.6199,32.58,34.0556,298961,2021-02-01 05:00:00
85,34.1,31.02,70075965,34.2,30.5,31.6711,448888,2021-02-02 05:00:00
86,32.39,31.76,35857014,32.95,31.38,32.1333,226705,2021-02-03 05:00:00
87,32.58,32.05,32041915,33.18,31.05,31.9355,196457,2021-02-04 05:00:00
88,32.61,34.05,62773217,35.2,31.75,33.9053,352929,2021-02-05 05:00:00
89,37.22,36.05,73535859,39.22,35.89,37.3526,465813,2021-02-08 05:00:00
90,36.9,38.17,45120225,38.255,36.13,37.345,259598,2021-02-09 05:00:00
91,38.15,35.7,45737076,38.24,35,36.5203,337470,2021-02-10 05:00:00
92,35.79,33.11,52511539,35.98,32.61,33.9902,379599,2021-02-11 05:00:00
93,33.36,31.91,61673833,33.65,31.34,32.1515,463529,2021-02-12 05:00:00
94,30.02,27.84,182585259,30.44,27.3,28.7978,1256046,2021-02-16 05:00:00
95,27.99,27.08,152490421,29.73,27,28.4002,860927,2021-02-17 05:00:00
96,24.99,25.17,320000415,26.31,24.5,25.2994,1637293,2021-02-18 05:00:00
97,27.02,29,323218956,29.96,26.9,28.3707,1696681,2021-02-19 05:00:00
98,29.96,28,188271605,30.19,27.536,28.8305,998133,2021-02-22 05:00:00
99,25.96,26.75,147213964,27.46,23.9,26.0346,872295,2021-02-23 05:00:00
100,26.71,26.39,91436517,27.23,25.75,26.4716,528874,2021-02-24 05:00:00
101,25.82,23.96,162777267,26.44,23.15,24.6281,951630,2021-02-25 05:00:00
102,24.2,23.9,120914351,24.5,22.7,23.6888,622499,2021-02-26 05:00:00
103,25.19,24.81,86540299,25.9,24.62,25.0166,457348,2021-03-01 05:00:00
104,25,24.48,74697345,25.59,24.26,24.9644,382882,2021-03-02 05:00:00
105,24.99,23.59,79668687,25.1678,23.43,24.2343,432042,2021-03-03 05:00:00
106,24.85,24.73,162950186,25.56,23.05,24.4129,769421,2021-03-04 05:00:00
107,24.36,23.95,174381736,24.68,20.18,22.7381,865570,2021-03-05 05:00:00
108,23.77,22.52,95233102,24.58,22.4,23.4377,536849,2021-03-08 05:00:00
109,23.38,24.26,100335936,24.74,23.1,23.996,468168,2021-03-09 05:00:00
110,25.03,24.75,104063747,26.24,24.27,25.1997,488594,2021-03-10 05:00:00
111,25.95,26.73,85501492,26.84,25.58,26.3211,418726,2021-03-11 05:00:00
112,25.74,26.92,59498979,26.92,25.18,26.2845,317187,2021-03-12 05:00:00
113,27.35,26.79,57220003,27.47,26.31,26.8644,310954,2021-03-15 04:00:00
114,26.75,25.61,73957859,27.1,25.23,26.055,384692,2021-03-16 04:00:00
115,24.52,25.21,77972696,25.73,24.3,24.9363,403892,2021-03-17 04:00:00
116,24.73,23.98,58035930,25.18,23.78,24.5548,346525,2021-03-18 04:00:00
117,24.01,24.32,58534150,24.57,23.39,24.1761,273002,2021-03-19 04:00:00
118,24.89,24.22,46835129,24.92,23.86,24.3163,252956,2021-03-22 04:00:00
119,24,23.26,50575677,24.105,23.1,23.4798,334404,2021-03-23 04:00:00
120,23.3,21.88,69620721,23.485,21.75,22.5818,428952,2021-03-24 04:00:00
121,21.2,22.58,75396726,22.8,21.05,22.0803,388525,2021-03-25 04:00:00
122,22.63,22.58,58378216,23.05,21.76,22.456,299045,2021-03-26 04:00:00
123,22.48,21.73,58012904,22.5,21.39,21.7858,330798,2021-03-29 04:00:00
124,21.36,22.04,52438410,22.09,20.86,21.5509,260342,2021-03-30 04:00:00
125,22.5,23.29,61894716,23.85,22.38,23.2697,285994,2021-03-31 04:00:00
126,23.95,23.07,52417095,23.95,22.73,23.2147,282072,2021-04-01 04:00:00
127,23.78,23.44,65934658,24.45,23.3401,23.8264,344114,2021-04-05 04:00:00
128,23.55,23.27,42414632,23.61,22.83,23.1329,252123,2021-04-06 04:00:00
129,23,22.9,33116518,23.55,22.81,23.0973,188734,2021-04-07 04:00:00
130,23.2,23.41,36187869,23.6,22.74,23.2124,204303,2021-04-08 04:00:00
131,23.46,24.04,54414587,24.35,23.37,23.931,274750,2021-04-09 04:00:00
132,24.52,23.34,69386462,24.55,22.73,23.3687,403231,2021-04-12 04:00:00
133,23.19,25.42,84404463,25.6585,23.12,24.5101,388987,2021-04-13 04:00:00
134,25.35,23.7,109397156,26.2,23.65,24.7773,514997,2021-04-14 04:00:00
135,24.01,23.15,59365787,24.06,22.69,23.2067,327861,2021-04-15 04:00:00
136,22.86,22.47,47193599,23.26,22.3,22.6818,291104,2021-04-16 04:00:00
137,22.15,21.94,46299107,22.33,21.53,21.859,287579,2021-04-19 04:00:00
138,21.96,21.78,47509531,22.55,21.24,21.7273,259450,2021-04-20 04:00:00
139,21.65,22.63,42784337,22.64,21.43,22.3044,213696,2021-04-21 04:00:00
140,22.94,22.86,51883467,23.51,22.51,23.0498,270104,2021-04-22 04:00:00
141,22.89,23.41,32452811,23.55,22.74,23.3373,172441,2021-04-23 04:00:00
142,23.69,24.11,34085325,24.26,23.46,23.9142,182085,2021-04-26 04:00:00
143,24.17,23.88,27970217,24.26,23.57,23.9538,159571,2021-04-27 04:00:00
144,23.67,23.85,22367601,24.17,23.42,23.8402,125640,2021-04-28 04:00:00
145,23.87,23.37,37007072,24.14,22.81,23.3017,212055,2021-04-29 04:00:00
146,23.18,23.04,25143934,23.55,22.84,23.1158,157278,2021-04-30 04:00:00
147,23.01,22.3,34268890,23.08,22.21,22.4847,225211,2021-05-03 04:00:00
148,21.94,21.64,63968479,22.2,20.87,21.3221,409678,2021-05-04 04:00:00
149,21.81,21.15,39535986,21.94,20.97,21.4446,227186,2021-05-05 04:00:00
150,21.02,20.09,92618718,21.02,19.41,20.067,524582,2021-05-06 04:00:00
151,20.3,19.75,64288761,20.75,19.58,20.1022,337146,2021-05-07 04:00:00
152,19.28,18.47,105708253,19.3,18.18,18.6429,546347,2021-05-10 04:00:00
153,17.2,20.21,205157902,20.3,17.055,19.2672,871050,2021-05-11 04:00:00
154,20,18.89,129539228,20,18.51,19.0566,615369,2021-05-12 04:00:00
155,19.14,18.37,88647412,19.47,17.82,18.6439,425253,2021-05-13 04:00:00
156,18.82,20.08,79975558,20.2,18.53,19.6434,348246,2021-05-14 04:00:00
157,19.73,20.46,50531808,20.49,19.63,20.1766,244666,2021-05-17 04:00:00
158,20.52,21.24,59955562,21.62,20.26,21.1564,291238,2021-05-18 04:00:00
159,20.1,20.67,46058717,21.035,19.94,20.6305,252554,2021-05-19 04:00:00
160,20.75,20.61,46701279,20.81,20.28,20.518,222783,2021-05-20 04:00:00
161,20.84,20.75,35811544,21.16,20.47,20.8612,177542,2021-05-21 04:00:00
162,21.06,21.22,46974997,21.52,20.675,21.1008,218786,2021-05-24 04:00:00
163,21.42,21.48,50375953,22.11,21.28,21.6814,231376,2021-05-25 04:00:00
164,21.58,22.12,43400731,22.24,21.49,22.0199,199416,2021-05-26 04:00:00
165,22.01,22.7,76855155,22.7,21.65,22.3986,231901,2021-05-27 04:00:00
166,23,22.95,112775179,24.75,22.76,23.6412,489835,2021-05-28 04:00:00
167,23.19,23.06,53465569,23.3499,22.36,22.9472,245888,2021-06-01 04:00:00
168,23.02,24.45,86996445,24.84,22.82,24.0152,380374,2021-06-02 04:00:00
169,24.14,23.63,48762057,24.26,23.34,23.8544,251834,2021-06-03 04:00:00
170,23.71,24.03,42865515,24.49,23.5,24.0805,211597,2021-06-04 04:00:00
171,24,24.46,50042601,24.76,23.79,24.4007,244670,2021-06-07 04:00:00
172,24.85,24.38,54068228,25.23,23.93,24.5103,275220,2021-06-08 04:00:00
173,24.45,24.17,36349053,24.74,24.17,24.4605,191145,2021-06-09 04:00:00
174,24,24.14,35901102,24.39,23.44,24.0245,185052,2021-06-10 04:00:00
175,24.12,24.67,33403258,24.71,24.03,24.4782,168013,2021-06-11 04:00:00
176,24.73,25,52163099,25.15,24.47,24.9039,235368,2021-06-14 04:00:00
177,25.03,24.41,47062777,25.55,24.39,24.8848,228415,2021-06-15 04:00:00
178,24.09,24.8,57382668,24.94,23.86,24.6103,239051,2021-06-16 04:00:00
179,24.68,25.45,64694885,25.46,24.55,25.2161,264891,2021-06-17 04:00:00
180,25.59,25.37,66482972,25.94,25.02,25.3596,240670,2021-06-18 04:00:00
181,25.1,25.42,55336374,25.55,24.51,25.2455,215540,2021-06-21 04:00:00
182,25.39,25.4,46553117,25.52,24.96,25.2793,159989,2021-06-22 04:00:00
183,25.46,26.27,53700013,26.35,25.34,26.0393,250970,2021-06-23 04:00:00
184,26.49,26.53,49042923,26.71,26.17,26.5043,235865,2021-06-24 04:00:00
185,26.58,26.78,141168351,27.01,26.245,26.7561,262968,2021-06-25 04:00:00
186,26.98,27.38,42645936,27.5,26.86,27.2495,214509,2021-06-28 04:00:00
187,27.38,26.63,38858737,27.44,26.44,26.7713,205000,2021-06-29 04:00:00
188,26.48,26.36,29399829,26.92,26.21,26.5578,146913,2021-06-30 04:00:00
189,26.1,24.72,55956752,26.13,24.59,25.0999,300397,2021-07-01 04:00:00
190,25,24.44,29979403,25.34,24.33,24.6775,173316,2021-07-02 04:00:00
191,24.6,24.68,28894411,25.2,24.47,24.761,157916,2021-07-06 04:00:00
192,24.23,22.89,67420641,24.26,22.72,23.2186,339568,2021-07-07 04:00:00
193,22.43,23.08,35421100,23.21,22.25,22.8415,203346,2021-07-08 04:00:00
194,22.96,23.29,22926950,23.39,22.76,23.1233,118179,2021-07-09 04:00:00
195,23.26,22.95,23922022,23.495,22.88,23.1019,127006,2021-07-12 04:00:00
196,22.98,22.45,25016631,22.99,22.42,22.6336,137389,2021-07-13 04:00:00
197,22.49,21.56,34072936,22.62,21.51,21.8577,190266,2021-07-14 04:00:00
198,21.72,21.47,32342676,22.055,21.01,21.4997,162440,2021-07-15 04:00:00
199,21.6,21.37,19745398,21.71,21.24,21.4419,107857,2021-07-16 04:00:00
200,20.97,21.54,31019389,21.69,20.55,21.1967,163188,2021-07-19 04:00:00
201,21.63,22.18,23287310,22.35,21.22,21.87,121019,2021-07-20 04:00:00
202,22.27,22.52,20737073,22.68,22.12,22.4673,104125,2021-07-21 04:00:00
203,22.55,22.07,17763644,22.67,21.88,22.1199,94037,2021-07-22 04:00:00
204,22.01,21.81,17830854,22.08,21.51,21.8275,101809,2021-07-23 04:00:00
205,21.8,22.13,16511113,22.3,21.48,21.9816,92969,2021-07-26 04:00:00
206,21.96,21.68,23292433,22.11,21.09,21.4664,127641,2021-07-27 04:00:00
207,21.75,22.56,25276982,22.615,21.69,22.3774,121074,2021-07-28 04:00:00
208,22.78,22.18,19219083,22.85,22.14,22.4212,99957,2021-07-29 04:00:00
209,21.85,21.71,15889153,22.406,21.71,21.97,85224,2021-07-30 04:00:00
210,21.91,22.1,21372877,22.37,21.48,22.0687,120213,2021-08-02 04:00:00
211,22.03,22.24,17040068,22.27,21.71,21.9799,90687,2021-08-03 04:00:00
212,22.2,22.3,15537433,22.54,22.07,22.295,83688,2021-08-04 04:00:00
213,22.22,22.52,18575248,22.77,22.02,22.5106,95345,2021-08-05 04:00:00
214,22.64,21.82,24200671,22.69,21.79,22.0204,135937,2021-08-06 04:00:00
215,21.85,22.93,35611060,23.28,21.8,22.8349,166086,2021-08-09 04:00:00
216,23.01,22.92,25947920,23.52,22.78,23.0529,128642,2021-08-10 04:00:00
217,23.07,22.35,34532770,23.19,22.09,22.4779,170934,2021-08-11 04:00:00
218,24.45,24.89,189542237,25.76,23.585,24.8513,803875,2021-08-12 04:00:00
219,25,24.9,52395086,25.1,24.31,24.8076,247702,2021-08-13 04:00:00
220,24.9,24.5,46189789,24.9,23.77,24.3181,226799,2021-08-16 04:00:00
221,23.9,23.97,35348320,24.59,23.74,24.0794,159961,2021-08-17 04:00:00
222,24.07,25.28,91850280,25.94,23.68,25.2768,362373,2021-08-18 04:00:00
223,25.01,24.16,67605646,25.64,24.14,24.9241,265145,2021-08-19 04:00:00
224,24.22,24.01,52062313,24.48,23.66,23.9833,200919,2021-08-20 04:00:00
225,24.02,24.82,35705261,24.93,23.9,24.607,155780,2021-08-23 04:00:00
226,25,25.1,37227370,25.35,24.76,25.1426,153210,2021-08-24 04:00:00
227,25.12,24.35,54678454,25.19,24.07,24.5692,222463,2021-08-25 04:00:00
228,24.4,24.87,46179423,25.41,24.36,25.0155,200678,2021-08-26 04:00:00
229,25.05,25.71,52255503,26.09,24.91,25.7387,217901,2021-08-27 04:00:00
230,25.74,25.76,44076329,26.6,25.62,26.1513,194772,2021-08-30 04:00:00
231,25.79,26.34,93168646,26.36,25.66,26.2503,186549,2021-08-31 04:00:00
232,26.46,26.2,34417234,26.51,26.03,26.2146,155000,2021-09-01 04:00:00
233,26.21,26.51,38507376,26.87,26.09,26.5716,156215,2021-09-02 04:00:00
234,26.49,26.64,26652612,26.75,26.22,26.5949,119048,2021-09-03 04:00:00
235,26.79,26.7,36433628,26.88,26.2701,26.5567,164485,2021-09-07 04:00:00
236,26.6,25.58,54394364,26.61,24.96,25.5547,238584,2021-09-08 04:00:00
237,25.39,26.13,34162214,26.24,25.29,25.976,144259,2021-09-09 04:00:00
238,26.18,26.28,37307791,26.73,26.17,26.4659,158234,2021-09-10 04:00:00
239,26.15,25.83,42722710,26.239,25.03,25.6047,189164,2021-09-13 04:00:00
240,25.97,26.26,34910131,26.7,25.9,26.3565,149748,2021-09-14 04:00:00
241,26.3,27.08,49963824,27.15,26.03,26.8195,187034,2021-09-15 04:00:00
242,27.2,28.63,109991984,28.79,27.02,28.2536,418732,2021-09-16 04:00:00
243,28.66,28.71,182214590,29.29,28.07,28.7583,413662,2021-09-17 04:00:00
244,27.57,26.55,89413466,28.0999,26.06,27.1438,375137,2021-09-20 04:00:00
245,26.89,26.62,50933596,27.149,26.08,26.6081,191281,2021-09-21 04:00:00
246,26.61,27.43,44308146,27.77,26.5822,27.4158,186663,2021-09-22 04:00:00
247,27.71,28.77,60028602,29.19,27.67,28.6644,261584,2021-09-23 04:00:00
248,28.27,28.56,40309743,28.76,27.9014,28.4081,164684,2021-09-24 04:00:00
249,28.23,27.47,44102849,28.38,27.23,27.5472,188957,2021-09-27 04:00:00
250,27.02,25.34,64206202,27.13,25.21,25.7884,313443,2021-09-28 04:00:00
251,25.61,24.52,46148663,25.7,24.42,24.9379,219700,2021-09-29 04:00:00
252,24.69,24.04,59849663,25.05,23.88,24.282,258998,2021-09-30 04:00:00
253,24.21,24.33,32777971,24.36,23.72,24.1208,150041,2021-10-01 04:00:00
254,24.01,23.17,46789720,24.05,23.02,23.2594,236841,2021-10-04 04:00:00
255,23.21,23.21,55924824,23.88,23.07,24.1101,232371,2021-10-05 04:00:00
256,24.91,23.58,125175676,25.01,23.35,24.0487,502556,2021-10-06 04:00:00
257,23.71,23.73,38873699,24.13,23.54,23.8248,160060,2021-10-07 04:00:00
258,23.86,23.5,40109349,24.0955,23.11,23.4074,170024,2021-10-08 04:00:00
259,23.26,23.53,23971679,23.98,23.26,23.727,107720,2021-10-11 04:00:00
260,23.55,23.69,26280035,23.81,23.29,23.5592,109906,2021-10-12 04:00:00
261,23.83,24.13,28494029,24.31,23.79,24.0674,119083,2021-10-13 04:00:00
262,24.43,24.35,26106710,24.71,24.205,24.4659,110789,2021-10-14 04:00:00
263,24.5,24,24340936,24.52,23.83,24.0983,113101,2021-10-15 04:00:00
264,24,24.26,25609889,24.39,23.92,24.2196,106247,2021-10-18 04:00:00
265,24.5,24.69,29393871,25.2,24.36,24.7383,118084,2021-10-19 04:00:00
266,24.79,24.22,24248046,24.96,24.17,24.375,103152,2021-10-20 04:00:00
267,24.13,24.78,23976568,24.93,24.08,24.6694,101260,2021-10-21 04:00:00
268,24.49,24.43,20166825,24.85,24.25,24.4827,98651,2021-10-22 04:00:00
269,24.5,25.41,33962065,25.54,24.48,25.2416,153228,2021-10-25 04:00:00
270,25.99,25.52,56767030,26.75,25.25,25.8533,231221,2021-10-26 04:00:00
271,25.64,25.06,24157199,25.9,25.02,25.3171,128309,2021-10-27 04:00:00
272,25.3,25.64,21203027,25.795,25.12,25.5023,107866,2021-10-28 04:00:00
273,25.5,25.88,21910308,26.12,25.45,25.8754,108277,2021-10-29 04:00:00
274,26.11,26.56,26670459,26.645,25.8828,26.3194,138124,2021-11-01 04:00:00
275,26.56,25.92,30794632,26.72,25.555,26.032,156915,2021-11-02 04:00:00
276,25.89,26.12,25244192,26.235,25.17,25.8292,131212,2021-11-03 04:00:00
277,26.26,26.47,25029657,26.57,25.87,26.3745,127578,2021-11-04 04:00:00
278,26.45,26,26004970,26.63,25.72,26.0748,140452,2021-11-05 04:00:00
279,26.25,26.75,41359562,27.11,26.12,26.8167,206423,2021-11-08 05:00:00
280,25.9,24.25,117540155,25.98,23.95,24.6054,690865,2021-11-09 05:00:00
281,23.6,22.52,94809499,23.64,22.12,22.934,516891,2021-11-10 05:00:00
282,23.04,22.99,43381487,23.1299,22.665,22.8842,238324,2021-11-11 05:00:00
283,23.02,22.83,53516196,23.225,22.38,22.7114,227211,2021-11-12 05:00:00
284,23,23.41,33225734,23.52,22.95,23.2545,162087,2021-11-15 05:00:00
285,23.29,23.13,31574786,23.29,22.61,22.8832,171578,2021-11-16 05:00:00
286,23.05,22.49,27994121,23.2189,22.4,22.6817,156371,2021-11-17 05:00:00
287,22.5,21.5,51039943,22.55,21.342,21.7148,276195,2021-11-18 05:00:00
288,21.6,21.41,30013125,21.96,21.3,21.5472,163783,2021-11-19 05:00:00
289,21.53,20.65,59867106,21.57,20.18,20.7003,337659,2021-11-22 05:00:00
290,20.59,20.59,44587969,21.05,20.05,20.4383,249307,2021-11-23 05:00:00
291,20.35,21.11,35233903,21.2,20.06,20.8497,171365,2021-11-24 05:00:00
292,20.41,21.03,20691212,21.09,20.3485,20.8405,119529,2021-11-26 05:00:00
293,21.19,21.07,29113989,21.4,20.56,20.9421,160049,2021-11-29 05:00:00
294,20.95,20.65,38196416,21.25,20.11,20.6045,182060,2021-11-30 05:00:00
295,20.53,19.38,48488718,20.89,19.29,19.9374,295524,2021-12-01 05:00:00
296,19.3,19.69,45802940,19.91,19.06,19.4803,265999,2021-12-02 05:00:00
297,19.5,18.98,56039602,19.53,18.4,18.7732,331319,2021-12-03 05:00:00
298,18.54,18.8,56459758,18.97,18.075,18.5816,260542,2021-12-06 05:00:00
299,19.26,19.46,35128988,19.855,19.07,19.5592,174133,2021-12-07 05:00:00
300,19.51,19.82,28425939,19.825,19.03,19.6152,141396,2021-12-08 05:00:00
301,19.95,19.21,30354670,20.15,19.04,19.5206,164354,2021-12-09 05:00:00
302,19.28,18.94,27594490,19.58,18.7,18.9373,162711,2021-12-10 05:00:00
303,18.8,18.4,38376018,19.075,18.17,18.4614,170868,2021-12-13 05:00:00
304,18,18.64,38864751,18.859,17.91,18.4767,179158,2021-12-14 05:00:00
305,18.37,18.86,39361880,18.94,17.995,18.4896,207066,2021-12-15 05:00:00
306,18.96,18.34,33949973,19.12,18.15,18.503,159287,2021-12-16 05:00:00
307,18.03,19.06,44495175,19.1,17.81,18.7527,186909,2021-12-17 05:00:00
308,18.59,17.96,42265899,18.67,17.835,18.1217,203076,2021-12-20 05:00:00
309,18.16,18.9,33878598,18.98,18.1,18.6713,143560,2021-12-21 05:00:00
310,18.65,18.88,33894183,19.45,18.65,18.916,118800,2021-12-22 05:00:00
311,18.85,18.93,24758314,19.135,18.72,18.9358,91197,2021-12-23 05:00:00
312,18.78,18.94,21782025,19.25,18.78,19.0378,106255,2021-12-27 05:00:00
313,18.89,18.57,20518849,19.0701,18.44,18.6514,103376,2021-12-28 05:00:00
314,18.53,18.17,28217548,18.6,17.91,18.1088,132228,2021-12-29 05:00:00
315,18.1,18.69,29285189,18.995,18.07,18.7072,129823,2021-12-30 05:00:00
316,18.61,18.21,23555998,18.92,18.21,18.479,100389,2021-12-31 05:00:00
317,18.36,18.53,34386628,18.5687,17.86,18.2927,153969,2022-01-03 05:00:00
318,18.61,18.17,39643168,18.84,17.79,18.1089,192922,2022-01-04 05:00:00
319,18.03,16.96,58220207,18.5678,16.87,17.5749,286776,2022-01-05 05:00:00
320,16.87,16.74,49737071,17.18,16.055,16.7592,240495,2022-01-06 05:00:00
321,16.7,16.56,37989265,17.33,16.475,16.732,165950,2022-01-07 05:00:00
322,16.19,16.5,74141930,16.57,15.35,15.8802,326154,2022-01-10 05:00:00
323,16.4,16.89,47410086,17.25,16.32,16.934,195208,2022-01-11 05:00:00
324,17.16,16.72,39784185,17.46,16.4,16.849,167562,2022-01-12 05:00:00
325,16.8,16.01,35492186,16.82,15.94,16.2611,152043,2022-01-13 05:00:00
326,15.94,16.01,35424310,16.2485,15.62,15.8923,161283,2022-01-14 05:00:00
327,15.45,14.97,49275074,15.75,14.9201,15.2636,222728,2022-01-18 05:00:00
328,14.9,14.56,48015566,15.25,14.54,14.8364,220776,2022-01-19 05:00:00
329,14.89,14.62,44690391,15.5499,14.57,15.1014,200664,2022-01-20 05:00:00
330,14.25,13.53,73031305,14.478,13.5,13.8647,333607,2022-01-21 05:00:00
331,12.79,13.4,110640165,13.41,11.75,12.536,540651,2022-01-24 05:00:00
332,13.12,13.06,47456624,13.6,12.83,13.1096,218987,2022-01-25 05:00:00
333,13.6,12.75,69949711,13.82,12.68,13.2467,260559,2022-01-26 05:00:00
334,13.01,12.28,52622863,13.06,12.2,12.5571,215641,2022-01-27 05:00:00
335,12.3,12.71,54887541,12.88,11.89,12.4158,221946,2022-01-28 05:00:00
336,12.77,13.71,51039253,13.74,12.76,13.4844,224375,2022-01-31 05:00:00
337,14.23,14.2,69012946,14.37,13.56,14.0918,262414,2022-02-01 05:00:00
338,14.09,13.32,47183312,14.2,13.19,13.4984,213024,2022-02-02 05:00:00
339,12.95,12.45,47171335,13.32,12.42,12.7917,199113,2022-02-03 05:00:00
340,12.47,12.94,38951576,13.09,12.265,12.8189,160988,2022-02-04 05:00:00
341,13.025,12.98,45646074,13.6,12.94,13.1987,164539,2022-02-07 05:00:00
342,12.75,13.15,30065109,13.1885,12.62,12.9779,123495,2022-02-08 05:00:00
343,13.29,13.87,34451922,13.89,13.26,13.6238,134067,2022-02-09 05:00:00
344,13.5,13.56,41998243,14.165,13.37,13.7944,180716,2022-02-10 05:00:00
345,13.45,13.13,41831569,13.92,12.97,13.4177,182066,2022-02-11 05:00:00
346,13.1,13.26,40617850,13.795,12.98,13.4258,153760,2022-02-14 05:00:00
347,13.52,14.17,48523679,14.185,13.41,13.8912,179962,2022-02-15 05:00:00
348,13.91,13.97,58624449,14.26,13.66,13.9752,210670,2022-02-16 05:00:00
349,12.39,11.77,151385399,12.7,11.7,12.2142,559541,2022-02-17 05:00:00
350,11.92,11.02,137808130,12.01,10.57,11.0654,519752,2022-02-18 05:00:00
351,10.7,10.48,104501495,11.185,10.3,10.5952,354343,2022-02-22 05:00:00
352,10.83,10.43,93868953,11.26,10.4,10.7232,313237,2022-02-23 05:00:00
353,9.75,11.83,118793047,11.87,9.74,11.0382,406491,2022-02-24 05:00:00
354,11.59,11.47,75433711,11.89,11,11.3327,274471,2022-02-25 05:00:00
355,11.96,11.85,75390479,12.18,11.39,11.7677,252503,2022-02-28 05:00:00
356,11.99,12.18,64864923,12.52,11.71,12.1949,227797,2022-03-01 05:00:00
357,12.21,12.06,56698280,12.21,11.42,11.8121,192983,2022-03-02 05:00:00
358,12.01,11.34,46171972,12.055,11.235,11.4997,183147,2022-03-03 05:00:00
359,11.7,10.96,43631139,11.77,10.74,11.0216,178913,2022-03-04 05:00:00
360,11.43,11.11,63070581,11.75,11.1,11.3828,244176,2022-03-07 05:00:00
361,10.93,11.04,49279564,11.39,10.719,11.0591,205927,2022-03-08 05:00:00
362,11.41,11.65,43591369,12.02,11.27,11.718,176848,2022-03-09 05:00:00
363,11.38,11.87,52295390,11.97,11.32,11.7489,186459,2022-03-10 05:00:00
364,11.86,11.39,37817372,12.005,11.37,11.5896,161608,2022-03-11 05:00:00
365,11.17,10.5,49762551,11.41,10.41,10.7658,198288,2022-03-14 04:00:00
366,10.47,10.77,40451175,10.85,10.27,10.6083,160452,2022-03-15 04:00:00
367,10.95,11.79,62746614,11.82,10.9399,11.5241,216176,2022-03-16 04:00:00
368,11.72,12.32,43948861,12.37,11.66,12.1865,154107,2022-03-17 04:00:00
369,12.28,12.82,56325472,13.02,12.215,12.7619,169468,2022-03-18 04:00:00
370,12.72,12.59,39410854,13.05,12.42,12.6613,126394,2022-03-21 04:00:00
371,12.52,13.27,46210656,13.48,12.52,13.1889,156297,2022-03-22 04:00:00
372,13.16,13.18,33699354,13.55,13.02,13.2704,132081,2022-03-23 04:00:00
373,13.25,13.39,29535255,13.42,12.83,13.2048,102273,2022-03-24 04:00:00
374,13.36,12.97,24796929,13.395,12.71,13.0009,107791,2022-03-25 04:00:00
375,13.01,13.42,27151982,13.44,12.855,13.1892,106071,2022-03-28 04:00:00
376,13.65,14.2,46433721,14.28,13.35,13.9204,165328,2022-03-29 04:00:00
377,14.04,13.88,32163994,14.36,13.74,14.0294,123835,2022-03-30 04:00:00
378,13.9,13.73,22839957,14.06,13.63,13.8355,87064,2022-03-31 04:00:00
379,13.77,13.83,23831607,14.065,13.5,13.7563,104012,2022-04-01 04:00:00
380,14.03,14.63,40124782,14.66,14.02,14.4616,147545,2022-04-04 04:00:00
381,14.61,13.89,37677310,14.86,13.795,14.2079,153903,2022-04-05 04:00:00
382,13.52,13,40647687,13.54,12.85,13.0766,175251,2022-04-06 04:00:00
383,12.95,12.84,34727408,13.34,12.48,12.8656,126600,2022-04-07 04:00:00
384,12.7,12.7,24962502,13.05,12.57,12.8035,106391,2022-04-08 04:00:00
385,12.45,12.66,26095830,12.82,12.13,12.5872,112647,2022-04-11 04:00:00
386,12.88,12.46,26226526,13.2,12.425,12.7855,113275,2022-04-12 04:00:00
387,12.35,12.9,21152882,12.94,12.2311,12.764,87399,2022-04-13 04:00:00
388,12.92,12.42,23284123,12.92,12.41,12.5433,80198,2022-04-14 04:00:00
389,12.35,12.15,25395600,12.415,11.88,12.1002,102618,2022-04-18 04:00:00
390,12.08,12.91,31753902,13.02,12.07,12.7713,129164,2022-04-19 04:00:00
391,13.08,12.79,31528605,13.17,12.74,12.9087,128923,2022-04-20 04:00:00
392,13.02,12.33,32008952,13.33,12.225,12.6496,132553,2022-04-21 04:00:00
393,12.33,11.96,30357878,12.73,11.86,12.1748,137365,2022-04-22 04:00:00
394,11.83,12.11,31727574,12.16,11.68,11.9827,131414,2022-04-25 04:00:00
395,11.94,11.12,38666484,12.05,11.1,11.3076,166563,2022-04-26 04:00:00
396,11.01,10.56,54508483,11.195,10.53,10.7574,196675,2022-04-27 04:00:00
397,10.69,10.95,40070309,11.045,10.37,10.7324,167568,2022-04-28 04:00:00
398,10.9,10.4,30937495,11.23,10.36,10.733,117891,2022-04-29 04:00:00
399,10.38,10.74,41193848,10.755,10.18,10.4689,153148,2022-05-02 04:00:00
400,10.69,10.55,31372676,10.98,10.44,10.6441,115374,2022-05-03 04:00:00
401,10.53,10.98,43206843,11.01,10.08,10.4673,155447,2022-05-04 04:00:00
402,10.8,10.12,40523644,10.8,9.98,10.2488,163431,2022-05-05 04:00:00
403,10,9.48,69691303,10.05,9.42,9.6421,250309,2022-05-06 04:00:00
404,7.78,7.46,170871733,7.85,7.32,7.5595,502809,2022-05-09 04:00:00
405,7.56,7.29,86932388,7.7032,6.93,7.2591,266364,2022-05-10 04:00:00
406,7.28,6.71,72894876,7.54,6.66,6.9873,215803,2022-05-11 04:00:00
407,6.55,7.34,82147335,7.38,6.44,7.0521,252235,2022-05-12 04:00:00
408,7.52,8.34,69242703,8.35,7.52,8.1233,200072,2022-05-13 04:00:00
409,8.17,8.04,46153164,8.43,8.01,8.1793,142496,2022-05-16 04:00:00
410,8.1,8.36,38620821,8.46,8.01,8.2446,117695,2022-05-17 04:00:00
411,8.21,8.01,29304567,8.43,7.92,8.118,92216,2022-05-18 04:00:00
412,7.97,8.31,35780868,8.5814,7.945,8.3552,110559,2022-05-19 04:00:00
413,8.26,8.08,40879105,8.4,7.71,8.0496,129247,2022-05-20 04:00:00
414,8.01,8.01,27755176,8.17,7.8,7.9857,95359,2022-05-23 04:00:00
415,7.98,7.55,47218653,7.99,7.37,7.5499,136038,2022-05-24 04:00:00
416,7.52,7.96,35068948,8.0183,7.51,7.8071,93294,2022-05-25 04:00:00
417,7.84,8.36,39738920,8.4,7.77,8.2149,98243,2022-05-26 04:00:00
418,8.5,8.85,37064602,8.85,8.4336,8.7023,105155,2022-05-27 04:00:00
419,8.97,8.68,41672271,9.1,8.56,8.7764,112671,2022-05-31 04:00:00
420,8.72,8.46,34438066,8.9785,8.38,8.6053,98806,2022-06-01 04:00:00
421,8.54,9.3,41479909,9.39,8.4606,9.1192,118492,2022-06-02 04:00:00
422,9.04,8.94,36632342,9.25,8.86,8.9925,100391,2022-06-03 04:00:00
423,9.11,8.98,35101113,9.21,8.78,8.9758,83866,2022-06-06 04:00:00
424,8.89,9.13,28049430,9.14,8.73,9.0011,75934,2022-06-07 04:00:00
425,9.18,9.18,29056310,9.42,9.09,9.2303,76536,2022-06-08 04:00:00
426,9.13,8.68,30588227,9.16,8.67,8.8674,84016,2022-06-09 04:00:00
427,8.48,8.26,30293236,8.58,8.14,8.2954,97445,2022-06-10 04:00:00
428,7.99,7.64,40942971,8,7.5,7.6622,129203,2022-06-13 04:00:00
429,7.735,7.82,30564136,7.98,7.585,7.8156,82840,2022-06-14 04:00:00
430,7.92,8.12,38235303,8.3,7.815,8.0512,100636,2022-06-15 04:00:00
431,7.84,7.67,36793539,7.985,7.58,7.6871,92569,2022-06-16 04:00:00
432,7.7,8.24,45517993,8.33,7.69,8.1208,107281,2022-06-17 04:00:00
433,8.59,8.71,48887634,9.05,8.56,8.8471,123236,2022-06-21 04:00:00
434,8.52,9.01,43486258,9.285,8.45,9.0753,105797,2022-06-22 04:00:00
435,9.02,9.46,44618047,9.5,8.84,9.2916,111833,2022-06-23 04:00:00
436,9.53,10.19,67826046,10.2,9.48,9.8892,139082,2022-06-24 04:00:00
437,10.15,9.62,44767950,10.16,9.51,9.6856,116616,2022-06-27 04:00:00
438,9.57,9.31,45683156,9.88,9.19,9.4407,102237,2022-06-28 04:00:00
439,9.35,9.23,40408663,9.42,9.07,9.1986,89989,2022-06-29 04:00:00
440,9.02,9.07,33636395,9.19,8.72,9.002,81569,2022-06-30 04:00:00
441,9.11,9.27,33482389,9.43,9.0305,9.2031,84336,2022-07-01 04:00:00
442,9.14,10.07,55913039,10.1,9,9.7181,124907,2022-07-05 04:00:00
443,10.01,9.8,54604339,10.31,9.74,9.9676,138794,2022-07-06 04:00:00
444,9.76,10.18,35672506,10.28,9.75,10.143,93913,2022-07-07 04:00:00
445,9.92,10.17,36737070,10.38,9.83,10.1476,87587,2022-07-08 04:00:00
446,9.98,9.56,34010399,9.9938,9.53,9.6568,85798,2022-07-11 04:00:00
447,9.66,9.49,42765812,9.9599,9.27,9.4924,99651,2022-07-12 04:00:00
448,9.22,9.28,32461304,9.55,9.05,9.3416,91825,2022-07-13 04:00:00
449,9.23,8.9,26702065,9.28,8.85,8.9723,82312,2022-07-14 04:00:00
450,9.01,9.04,34918133,9.12,8.65,8.8817,93962,2022-07-15 04:00:00
451,9.25,9.03,32428356,9.45,9.005,9.224,82860,2022-07-18 04:00:00
452,9.15,9.34,29033769,9.37,8.89,9.1695,69346,2022-07-19 04:00:00
453,9.44,10.11,40845162,10.2,9.44,9.9938,106588,2022-07-20 04:00:00
454,10.37,10.49,51691188,10.76,10.22,10.46,130927,2022-07-21 04:00:00
455,10.35,9.84,38915495,10.57,9.73,9.972,106985,2022-07-22 04:00:00
456,9.83,9.68,21484978,9.85,9.52,9.6596,78562,2022-07-25 04:00:00
457,9.66,9.4,21997819,9.66,9.38,9.4587,66528,2022-07-26 04:00:00
458,9.67,10.02,29810929,10.03,9.5,9.7748,76882,2022-07-27 04:00:00
459,10.03,10.13,27172854,10.2,9.74,10.0147,76457,2022-07-28 04:00:00
460,10.01,10.35,31106607,10.35,9.92,10.146,81298,2022-07-29 04:00:00
461,10.25,10.47,31694733,10.7,10.1216,10.4769,87085,2022-08-01 04:00:00
462,10.32,10.92,40958813,11.23,10.26,10.949,119450,2022-08-02 04:00:00
463,11.08,11.2,35796465,11.34,11.04,11.1975,96361,2022-08-03 04:00:00
464,11.19,11.32,32093381,11.41,11.03,11.229,97105,2022-08-04 04:00:00
465,11.01,11.45,50264847,11.62,10.85,11.3413,133462,2022-08-05 04:00:00
466,9.77,9.82,125272644,10.4,9.71,9.9788,358479,2022-08-08 04:00:00
467,9.54,9.25,58788927,9.57,9.01,9.2374,171003,2022-08-09 04:00:00
468,9.51,9.59,46054905,9.66,9.32,9.5218,116909,2022-08-10 04:00:00
469,9.76,9.42,44790863,10.05,9.4,9.6969,115486,2022-08-11 04:00:00
470,9.55,9.91,30638186,9.97,9.42,9.7997,79299,2022-08-12 04:00:00
471,9.82,9.91,33263354,10.1,9.76,9.9157,89781,2022-08-15 04:00:00
472,9.85,9.74,40681240,9.88,9.36,9.6289,103353,2022-08-16 04:00:00
473,9.56,9.43,33933634,9.6188,9.33,9.4561,87469,2022-08-17 04:00:00
474,9.42,9.15,26365589,9.47,9.12,9.2227,73912,2022-08-18 04:00:00
475,9,8.51,40560185,9.01,8.48,8.6123,126838,2022-08-19 04:00:00
476,8.32,8.07,37824865,8.4,8.06,8.1544,104451,2022-08-22 04:00:00
477,8.1,8.01,25658542,8.28,8,8.0965,71654,2022-08-23 04:00:00
478,8.04,8.1,26576407,8.36,7.98,8.1933,69760,2022-08-24 04:00:00
479,8.22,8.42,25635573,8.43,8.05,8.277,65714,2022-08-25 04:00:00
480,8.42,7.94,34150358,8.43,7.93,8.0694,102063,2022-08-26 04:00:00
481,7.82,7.81,28566219,7.9983,7.76,7.8517,91163,2022-08-29 04:00:00
482,7.93,7.79,27189202,7.975,7.68,7.7808,76080,2022-08-30 04:00:00
483,7.95,7.72,28691526,8,7.7,7.7892,73821,2022-08-31 04:00:00
484,7.61,7.49,39079702,7.62,7.22,7.3703,115676,2022-09-01 04:00:00
485,7.67,7.4,25965044,7.67,7.35,7.49,79809,2022-09-02 04:00:00
486,7.45,7.28,30429420,7.46,7.17,7.2888,76920,2022-09-06 04:00:00
487,7.27,7.39,30329957,7.43,7.18,7.2925,80375,2022-09-07 04:00:00
488,7.33,7.53,26303595,7.53,7.27,7.4383,63415,2022-09-08 04:00:00
489,7.68,7.79,27860611,7.82,7.64,7.7528,66245,2022-09-09 04:00:00
490,7.86,8.01,30544819,8.03,7.82,7.9449,68495,2022-09-12 04:00:00
491,7.63,7.48,29770663,7.66,7.45,7.5514,87753,2022-09-13 04:00:00
492,7.45,7.63,29422539,7.63,7.33,7.4975,70212,2022-09-14 04:00:00
493,7.47,8.01,51700626,8.1,7.45,7.929,122340,2022-09-15 04:00:00
494,7.75,7.78,42137338,7.93,7.64,7.7844,105402,2022-09-16 04:00:00
495,7.64,7.86,29238773,7.86,7.58,7.717,60307,2022-09-19 04:00:00
496,7.78,7.62,30349629,7.915,7.6,7.7598,68355,2022-09-20 04:00:00
497,7.72,7.69,36814509,8.07,7.655,7.8683,83113,2022-09-21 04:00:00
498,7.74,7.37,49138288,7.74,7.24,7.4649,116640,2022-09-22 04:00:00
499,7.2,7.4,34197320,7.42,7.13,7.2601,81502,2022-09-23 04:00:00
500,7.35,7.53,45429792,7.83,7.35,7.5826,84701,2022-09-26 04:00:00
501,7.69,7.63,31794676,7.835,7.46,7.6347,66445,2022-09-27 04:00:00
502,7.63,7.94,31955946,8,7.62,7.8813,77613,2022-09-28 04:00:00
503,8.05,8.08,57908658,8.33,7.78,8.0567,131791,2022-09-29 04:00:00
504,8.01,8.13,47454794,8.5,7.9709,8.2921,112988,2022-09-30 04:00:00
505,8.145,8.24,35523982,8.3,7.97,8.1504,90550,2022-10-03 04:00:00
506,8.48,8.46,36313344,8.61,8.34,8.4841,92318,2022-10-04 04:00:00
507,8.26,8.42,37790218,8.485,8.075,8.32,76853,2022-10-05 04:00:00
508,8.4,8.47,27653442,8.6,8.315,8.4407,56652,2022-10-06 04:00:00
509,8.26,8.15,29550481,8.28,8.11,8.188,64031,2022-10-07 04:00:00
510,8.17,8.06,26923337,8.18,7.88,7.9985,64631,2022-10-10 04:00:00
511,7.99,8.04,40775759,8.295,7.7,8.0374,82602,2022-10-11 04:00:00
512,8.06,8.07,30201563,8.1,7.82,7.9986,65812,2022-10-12 04:00:00
513,7.74,8.08,36040853,8.2,7.565,7.9379,86071,2022-10-13 04:00:00
514,8.23,7.53,37484777,8.31,7.53,7.7352,94410,2022-10-14 04:00:00
515,7.71,7.94,31751687,8.06,7.69,7.9382,71563,2022-10-17 04:00:00
516,8.15,8.16,37120360,8.33,8.04,8.1914,81970,2022-10-18 04:00:00
517,8.06,7.91,26593980,8.125,7.845,7.9504,57744,2022-10-19 04:00:00
518,7.73,8.04,26689513,8.26,7.73,8.0793,57827,2022-10-20 04:00:00
519,7.93,8.29,30705741,8.32,7.81,8.12,71197,2022-10-21 04:00:00
520,8.3,8.27,28062245,8.3,8.01,8.176,60169,2022-10-24 04:00:00
521,8.36,8.66,31001500,8.66,8.36,8.5482,73159,2022-10-25 04:00:00
522,8.48,8.57,33606930,9.05,8.39,8.7592,85159,2022-10-26 04:00:00
523,8.68,8.6,28940839,8.78,8.46,8.6295,69126,2022-10-27 04:00:00
524,8.55,8.64,20697363,8.66,8.365,8.5597,55187,2022-10-28 04:00:00
525,8.59,8.79,31376113,8.83,8.43,8.6972,69169,2022-10-31 04:00:00
526,8.99,8.65,29799983,9.06,8.56,8.7567,73311,2022-11-01 04:00:00
527,8.7,8.22,36042604,8.76,8.2,8.4813,80091,2022-11-02 04:00:00
528,8.07,8.08,36419546,8.3,7.87,8.0999,81942,2022-11-03 04:00:00
529,8.19,7.93,64338926,8.2,7.65,7.8863,132285,2022-11-04 04:00:00
530,7.78,7.02,99332839,7.85,6.89,7.1505,249803,2022-11-07 05:00:00
531,7.08,7.21,56353934,7.42,6.91,7.1866,132450,2022-11-08 05:00:00
532,7.12,6.98,42504627,7.185,6.95,7.0392,94129,2022-11-09 05:00:00
533,7.46,7.64,58579775,7.97,7.43,7.642,133561,2022-11-10 05:00:00
534,7.48,8.41,55324135,8.42,7.375,8.0783,128262,2022-11-11 05:00:00
535,8.18,8.1,37313248,8.32,7.953,8.1435,89970,2022-11-14 05:00:00
536,8.45,8.34,34454137,8.47,8.155,8.3503,79391,2022-11-15 05:00:00
537,8.18,8.06,28352797,8.24,8,8.0986,60415,2022-11-16 05:00:00
538,7.83,7.62,33746453,7.88,7.525,7.6872,76214,2022-11-17 05:00:00
539,7.76,7.39,27245241,7.79,7.31,7.4129,74534,2022-11-18 05:00:00
540,7.31,7.19,36605643,7.32,7.07,7.1629,84202,2022-11-21 05:00:00
541,7.18,7.22,27327800,7.25,6.98,7.1545,61820,2022-11-22 05:00:00
542,7.25,7.37,24182861,7.42,7.12,7.294,54119,2022-11-23 05:00:00
543,7.32,7.28,10824422,7.3394,7.19,7.2551,28136,2022-11-25 05:00:00
544,7.23,7.16,19467050,7.4,7.15,7.2439,52790,2022-11-28 05:00:00
545,7.2,7.08,22150765,7.3,7.05,7.1466,53172,2022-11-29 05:00:00
546,7.14,7.5,32745744,7.51,7.0325,7.2912,75001,2022-11-30 05:00:00
547,7.51,7.86,34424376,7.88,7.47,7.8038,85832,2022-12-01 05:00:00
548,7.615,7.66,18794030,7.76,7.5,7.6517,51818,2022-12-02 05:00:00
549,7.62,7.19,32158154,7.695,7.105,7.342,82091,2022-12-05 05:00:00
550,7.19,6.99,32868065,7.195,6.88,6.9967,83885,2022-12-06 05:00:00
551,7.08,7.07,28351611,7.35,7.02,7.1516,73586,2022-12-07 05:00:00
552,7.1,7.12,23107690,7.27,6.94,7.111,51340,2022-12-08 05:00:00
553,7.06,7.11,23367305,7.19,7.03,7.1212,48993,2022-12-09 05:00:00
554,7.11,7.29,22672395,7.31,7.09,7.2041,58177,2022-12-12 05:00:00
555,7.73,7.5,41033831,7.97,7.49,7.6892,110945,2022-12-13 05:00:00
556,7.5,7.35,22653792,7.6,7.265,7.4446,60684,2022-12-14 05:00:00
557,7.17,7.01,25417145,7.298,7.01,7.0931,68273,2022-12-15 05:00:00
558,7.02,6.9,32655552,7.08,6.76,6.8819,79170,2022-12-16 05:00:00
559,6.8,6.35,41511615,6.83,6.32,6.4644,112976,2022-12-19 05:00:00
560,6.29,6.31,30215576,6.54,6.2,6.3448,83704,2022-12-20 05:00:00
561,6.24,6.5,34408622,6.52,6.04,6.3742,84788,2022-12-21 05:00:00
562,6.37,6.32,28065983,6.38,6.18,6.2609,71508,2022-12-22 05:00:00
563,6.27,6.29,20418981,6.3,6.07,6.2029,52126,2022-12-23 05:00:00
564,6.15,6,34573340,6.22,5.92,6.0522,76865,2022-12-27 05:00:00
565,5.98,6.07,30096787,6.17,5.95,6.0397,62055,2022-12-28 05:00:00
566,6.1,6.4,42694169,6.525,6.1,6.3935,88787,2022-12-29 05:00:00
567,6.19,6.42,27830898,6.42,6.19,6.3323,61804,2022-12-30 05:00:00
568,6.58,6.39,29969947,6.64,6.275,6.3893,72924,2023-01-03 05:00:00
569,6.48,6.58,31660509,6.675,6.37,6.5542,68666,2023-01-04 05:00:00
570,6.45,6.32,34185994,6.49,6.25,6.3429,66325,2023-01-05 05:00:00
571,6.4,6.4,30596404,6.4499,6.09,6.3135,61230,2023-01-06 05:00:00
572,6.49,6.5,31028876,6.67,6.4,6.5675,70075,2023-01-09 05:00:00
573,6.5,6.7,28236577,6.72,6.49,6.6133,63780,2023-01-10 05:00:00
574,6.84,6.98,25936693,6.99,6.76,6.8997,60339,2023-01-11 05:00:00
575,7.01,7.01,30152469,7.05,6.78,6.9467,64245,2023-01-12 05:00:00
576,6.84,6.96,20981000,7.01,6.81,6.9392,53433,2023-01-13 05:00:00
577,6.99,7.07,30910341,7.15,6.73,6.9766,79100,2023-01-17 05:00:00
578,7.155,6.9,32743429,7.3,6.88,7.0362,68156,2023-01-18 05:00:00
579,6.8,6.73,24841655,6.895,6.67,6.767,57271,2023-01-19 05:00:00
580,6.76,7.02,28751729,7.06,6.72,6.9055,67344,2023-01-20 05:00:00
581,7.03,7.38,31633292,7.41,6.991,7.2517,68696,2023-01-23 05:00:00
582,7,7.02,22613480,7.42,5.84,7.1156,68224,2023-01-24 05:00:00
583,6.92,7.22,37147944,7.27,6.69,7.0215,80661,2023-01-25 05:00:00
584,7.37,7.24,28005624,7.45,7.04,7.199,61487,2023-01-26 05:00:00
585,7.19,7.55,37555172,7.73,7.14,7.4639,72711,2023-01-27 05:00:00
586,7.5,7.37,28567795,7.61,7.36,7.4604,66428,2023-01-30 05:00:00
587,7.41,7.78,40984037,7.82,7.38,7.6709,84558,2023-01-31 05:00:00
588,7.73,8.2,50015739,8.22,7.6803,7.9565,102230,2023-02-01 05:00:00
589,8.51,8.99,71889705,9.21,8.47,8.9246,178417,2023-02-02 05:00:00
590,8.54,8.41,64785463,8.9,8.3732,8.6221,136018,2023-02-03 05:00:00
591,8.31,8.31,38845474,8.535,8.24,8.3867,85249,2023-02-06 05:00:00
592,8.33,8.33,42201785,8.41,8.06,8.2191,98395,2023-02-07 05:00:00
593,8.25,8.22,35105483,8.57,8.17,8.2868,92294,2023-02-08 05:00:00
594,8.34,7.95,33366661,8.43,7.94,8.1408,85294,2023-02-09 05:00:00
595,7.79,7.51,43042403,7.86,7.46,7.5815,103168,2023-02-10 05:00:00
596,7.58,7.61,87397065,7.775,7.45,8.1066,204947,2023-02-13 05:00:00
597,8.59,9.22,215980237,9.295,8.23,8.7592,458742,2023-02-14 05:00:00
598,9.16,10.11,152514526,10.23,9.11,9.8243,339562,2023-02-15 05:00:00
599,9.65,9.71,88542835,10.31,9.6,9.9221,207028,2023-02-16 05:00:00
600,9.57,9.2,62137799,9.71,9.085,9.2761,151051,2023-02-17 05:00:00
601,9.01,8.47,65226614,9.1,8.4,8.6033,160162,2023-02-21 05:00:00
602,8.48,8.36,55345996,8.625,8.16,8.3422,137732,2023-02-22 05:00:00
603,8.42,8.17,60015539,8.48,7.91,8.1274,137183,2023-02-23 05:00:00
604,7.94,8.09,41518558,8.2,7.87,8.0454,93781,2023-02-24 05:00:00
605,8.12,8.03,35270013,8.2299,7.96,8.0702,88345,2023-02-27 05:00:00
606,7.96,7.84,32937011,8.0973,7.8,7.915,78735,2023-02-28 05:00:00
607,7.83,7.69,27939113,7.91,7.69,7.7514,74831,2023-03-01 05:00:00
608,7.59,7.97,36805933,8.03,7.56,7.8322,90911,2023-03-02 05:00:00
609,8,8.33,43229102,8.5,8,8.3105,107494,2023-03-03 05:00:00
610,8.34,8.28,28316225,8.45,8.2,8.2958,74136,2023-03-06 05:00:00
611,8.275,8.28,26819619,8.425,8.19,8.2939,71839,2023-03-07 05:00:00
612,8.36,8.13,38723632,8.58,8.06,8.2824,98425,2023-03-08 05:00:00
613,8.07,7.69,29005915,8.26,7.68,7.918,85202,2023-03-09 05:00:00
614,7.59,7.35,41953579,7.68,7.28,7.4191,127829,2023-03-10 05:00:00
615,7.29,7.87,63183533,8.15,7.19,7.8442,161001,2023-03-13 04:00:00
616,8.05,7.89,33460106,8.14,7.78,7.9115,93932,2023-03-14 04:00:00
617,7.81,7.9,28217378,7.99,7.7,7.8472,67630,2023-03-15 04:00:00
618,8.01,7.98,20504460,8.0799,7.86,7.9799,61775,2023-03-16 04:00:00
619,7.93,7.88,20020767,8.03,7.84,7.905,59754,2023-03-17 04:00:00
620,7.765,8.08,25497386,8.095,7.72,7.9711,79470,2023-03-20 04:00:00
621,8.2,8.45,27104478,8.51,8.17,8.3825,84289,2023-03-21 04:00:00
622,8.44,8.21,34150971,8.62,8.2,8.4459,100527,2023-03-22 04:00:00
623,8.32,8.33,22662235,8.56,8.16,8.3666,65616,2023-03-23 04:00:00
624,8.29,8.2,17939822,8.35,8.06,8.185,57172,2023-03-24 04:00:00
625,8.15,8.04,20666810,8.32,7.94,8.1142,60101,2023-03-27 04:00:00
626,8.06,8,14860487,8.12,7.97,8.0265,43539,2023-03-28 04:00:00
627,8.09,8.22,15339672,8.25,8.0512,8.1819,42642,2023-03-29 04:00:00
628,8.33,8.15,21001636,8.38,8.05,8.1761,51504,2023-03-30 04:00:00
629,8.15,8.45,26174838,8.48,8.08,8.3832,63281,2023-03-31 04:00:00
630,8.37,8.38,22511967,8.53,8.21,8.3589,60945,2023-04-03 04:00:00
631,8.53,8.35,23961225,8.54,8.23,8.3792,59971,2023-04-04 04:00:00
632,8.63,7.98,54946873,8.65,7.84,8.1073,134928,2023-04-05 04:00:00
633,7.88,8.09,23488564,8.14,7.79,8.0312,65597,2023-04-06 04:00:00
634,8,8.39,29184726,8.44,7.9,8.2389,70034,2023-04-10 04:00:00
635,8.35,8.61,35617852,8.79,8.34,8.5813,92444,2023-04-11 04:00:00
636,8.75,8.33,28771280,8.775,8.3,8.4687,76446,2023-04-12 04:00:00
637,8.5,8.58,27983250,8.7,8.43,8.6055,68427,2023-04-13 04:00:00
638,8.53,8.81,42364533,8.91,8.47,8.7315,97056,2023-04-14 04:00:00
639,8.81,8.8,26047508,9.04,8.78,8.8734,69957,2023-04-17 04:00:00
640,8.93,8.73,21185250,9.02,8.72,8.8372,59757,2023-04-18 04:00:00
641,8.58,8.49,18193674,8.6575,8.48,8.5373,63376,2023-04-19 04:00:00
642,8.29,8.15,23573036,8.5,8.13,8.253,70319,2023-04-20 04:00:00
643,8.14,8.18,14896712,8.22,8.09,8.1668,43856,2023-04-21 04:00:00
644,8.16,8.1,20439283,8.25,7.94,8.0744,55694,2023-04-24 04:00:00
645,8,7.74,21849092,8.02,7.73,7.837,66761,2023-04-25 04:00:00
646,7.87,7.74,21396726,7.91,7.65,7.7709,62293,2023-04-26 04:00:00
647,7.83,7.82,21385464,7.91,7.72,7.8223,54916,2023-04-27 04:00:00
648,7.77,7.75,24915472,8,7.62,7.7434,70062,2023-04-28 04:00:00
649,7.75,7.78,19134155,7.82,7.66,7.7441,62859,2023-05-01 04:00:00
650,7.72,7.59,38007950,7.91,7.43,7.5585,104160,2023-05-02 04:00:00
651,7.62,7.56,24322418,7.68,7.45,7.5481,70943,2023-05-03 04:00:00
652,7.47,7.38,29989336,7.52,7.28,7.3785,83615,2023-05-04 04:00:00
653,7.44,7.41,45848838,7.55,7.32,7.4258,99999,2023-05-05 04:00:00
654,7.64,7.74,105304009,7.855,7.59,8.3337,268233,2023-05-08 04:00:00
655,9.22,9.55,223573281,9.69,8.655,9.2947,555464,2023-05-09 04:00:00
656,9.73,9.94,149374961,10.3,9.46,9.9216,338743,2023-05-10 04:00:00
657,10.14,9.88,73754074,10.1591,9.71,9.9269,168596,2023-05-11 04:00:00
658,9.86,9.5,62123944,10.01,9.47,9.6549,151418,2023-05-12 04:00:00
659,9.21,9.52,53555516,9.6,9.02,9.3658,131023,2023-05-15 04:00:00
660,9.4,9.47,42311914,9.63,9.35,9.4861,99795,2023-05-16 04:00:00
661,9.54,10.25,63834517,10.285,9.46,10.0079,145300,2023-05-17 04:00:00
662,10.46,11.74,171402081,11.81,10.39,11.3243,413946,2023-05-18 04:00:00
663,11.97,11.71,150269322,12.41,11.52,11.8483,371382,2023-05-19 04:00:00
664,11.62,11.84,76377076,12.105,11.39,11.7705,197799,2023-05-22 04:00:00
665,11.95,12.64,148701808,13.42,11.87,12.8127,393308,2023-05-23 04:00:00
666,12.05,12.23,90496870,12.43,11.82,12.1965,250865,2023-05-24 04:00:00
667,13.18,12.84,106557773,13.22,12.34,12.7638,300838,2023-05-25 04:00:00
668,12.84,13.65,127751554,14.195,12.82,13.7197,341930,2023-05-26 04:00:00
669,14.44,14.71,159089328,15.005,14.24,14.7207,467932,2023-05-30 04:00:00
670,14.19,14.71,130392206,14.79,13.82,14.3124,324571,2023-05-31 04:00:00
671,14.46,14.54,126015134,15.22,14.2,14.6832,343553,2023-06-01 04:00:00
672,14.65,14.52,79487612,15.03,14.16,14.5593,227334,2023-06-02 04:00:00
673,14.365,15.24,121421010,15.7,14.35,15.2775,385495,2023-06-05 04:00:00
674,15.3,15.46,74284337,15.58,14.92,15.3236,220784,2023-06-06 04:00:00
675,16.01,14.69,227236050,17.16,14.52,15.7211,613412,2023-06-07 04:00:00
676,14.44,15.19,115591618,15.59,14.39,15.1511,321571,2023-06-08 04:00:00
677,15.36,15.02,94114019,15.98,14.82,15.3055,283335,2023-06-09 04:00:00
678,15.44,15.65,90250316,16.03,15.33,15.6364,271461,2023-06-12 04:00:00
679,16.18,16,112765935,16.27,15.1625,15.7899,306369,2023-06-13 04:00:00
680,15.93,15.91,70871917,16.19,15.44,15.8736,215350,2023-06-14 04:00:00
681,15.66,16.6,91200891,16.79,15.49,16.3655,281960,2023-06-15 04:00:00
682,16.87,16.3,90696215,16.91,16.01,16.3501,264195,2023-06-16 04:00:00
683,15.99,15.79,81335009,16.89,15.58,16.0267,264342,2023-06-20 04:00:00
684,15.66,14.64,97885028,15.755,14.37,14.8145,310355,2023-06-21 04:00:00
685,14.3,14.05,103460998,14.44,13.86,14.127,264919,2023-06-22 04:00:00
686,13.64,14.03,74851018,14.14,13.56,13.8818,214894,2023-06-23 04:00:00
687,13.87,13.94,50679919,14.42,13.83,14.1042,166573,2023-06-26 04:00:00
688,14.22,14.61,55410531,14.76,13.96,14.4614,155842,2023-06-27 04:00:00
689,14.53,15.28,66001041,15.43,14.465,15.0927,210222,2023-06-28 04:00:00
690,15.4,15.2,46300897,15.57,15.06,15.2762,145815,2023-06-29 04:00:00
691,15.48,15.33,42195264,15.8,15.23,15.4524,137183,2023-06-30 04:00:00
692,15.49,15.52,26037426,15.59,15.19,15.3892,93027,2023-07-03 04:00:00
693,15.425,15.7,39179854,15.77,15.23,15.5244,127251,2023-07-05 04:00:00
694,15.32,15.13,57158281,15.3827,14.62,14.967,178928,2023-07-06 04:00:00
695,15.23,15.34,48273342,15.9,15.19,15.5772,143951,2023-07-07 04:00:00
696,15.37,16.3,62823618,16.33,14.945,15.8723,180765,2023-07-10 04:00:00
697,16.47,16.49,63236574,16.93,16.15,16.5333,197354,2023-07-11 04:00:00
698,16.78,16.59,50079436,16.94,16.41,16.6663,155420,2023-07-12 04:00:00
699,16.7,16.74,58397771,17.26,16.631,16.9359,175736,2023-07-13 04:00:00
700,16.76,16.4,45115040,17,16.27,16.6097,147118,2023-07-14 04:00:00
701,16.42,17.4,63504956,17.59,16.32,17.2606,206880,2023-07-17 04:00:00
702,17.88,18.08,87357410,18.13,17.19,17.7859,283661,2023-07-18 04:00:00
703,18.02,18.05,89044567,18.995,17.76,18.3371,274487,2023-07-19 04:00:00
704,17.54,17.13,62711592,18,16.98,17.3422,210389,2023-07-20 04:00:00
705,17.47,16.43,63375867,17.49,16,16.6685,203826,2023-07-21 04:00:00
706,16.61,16.32,36133647,16.69,16.12,16.3864,128513,2023-07-24 04:00:00
707,16.35,16.55,36612927,16.86,16.35,16.6043,120609,2023-07-25 04:00:00
708,16.4,16.43,35804775,16.69,16.13,16.3976,115303,2023-07-26 04:00:00
709,16.8,16.15,50685242,17.19,16,16.5645,166471,2023-07-27 04:00:00
710,17.21,17.81,106125623,17.97,16.74,17.3804,324092,2023-07-28 04:00:00
711,18.82,19.84,142163168,19.995,18.38,19.4432,469297,2023-07-31 04:00:00
712,19.46,19.99,100126141,20.2399,19.23,19.8704,334275,2023-08-01 04:00:00
713,19.26,18.97,98215768,19.62,18.15,18.8587,318512,2023-08-02 04:00:00
714,18.63,18.71,55168608,19.3,18.61,18.8269,186211,2023-08-03 04:00:00
715,18.874,18.2,72386045,19.08,18.08,18.4197,242435,2023-08-04 04:00:00
716,18.25,17.99,133806872,18.39,17.01,17.7236,440289,2023-08-07 04:00:00
717,17.49,17.04,143014237,17.49,16.1,16.7287,461553,2023-08-08 04:00:00
718,16.76,15.25,126230391,16.92,15.1,15.6936,406571,2023-08-09 04:00:00
719,15.44,15.41,73129139,15.87,15.25,15.5142,243576,2023-08-10 04:00:00
720,15.05,15.41,56616788,15.58,14.91,15.3317,184529,2023-08-11 04:00:00
721,15.2,15.72,47504217,15.74,14.95,15.5057,161019,2023-08-14 04:00:00
722,15.61,15.37,44000374,15.87,15.29,15.5134,155633,2023-08-15 04:00:00
723,15.21,15.45,40394555,15.725,15.12,15.457,129998,2023-08-16 04:00:00
724,15.39,14.15,91086683,15.4373,14.035,14.4904,300599,2023-08-17 04:00:00
725,13.88,14.4,70169754,14.6,13.68,14.2533,225412,2023-08-18 04:00:00
726,14.42,14.5,43206161,14.78,14.34,14.5283,145307,2023-08-21 04:00:00
727,14.76,14.67,52106867,15.13,14.63,14.8418,156551,2023-08-22 04:00:00
728,14.5,15.3,53523342,15.47,14.42,15.1895,170645,2023-08-23 04:00:00
729,15.7,14.14,93586208,15.71,13.875,14.4582,324962,2023-08-24 04:00:00
730,14.14,14.53,55668905,14.6499,14.01,14.3679,173752,2023-08-25 04:00:00
731,14.69,14.64,35960177,14.88,14.5,14.6801,111557,2023-08-28 04:00:00
732,14.6,15.4,47213155,15.63,14.5,15.2888,155115,2023-08-29 04:00:00
733,15.46,16.33,65674056,16.35,15.33,16.0067,201541,2023-08-30 04:00:00
734,15.6,14.98,101517176,15.85,14.65,15.0525,320632,2023-08-31 04:00:00
