PYPL,open_price,close_price,trading_volume,highest_price,lowest_price,volume_weighted_avg_price,transaction_amt,date_time
0,92.98,89.05,10202178,93,88.7,89.8838,90353,2018-09-05 04:00:00
1,89.18,89,6840606,89.555,88.06,88.7748,61329,2018-09-06 04:00:00
2,88.13,88.82,5679468,89.68,87.39,88.8433,54272,2018-09-07 04:00:00
3,89.43,89.8,5465965,89.99,88.56,89.6135,47082,2018-09-10 04:00:00
4,89.83,91.43,7324353,91.71,89.035,91.0973,62015,2018-09-11 04:00:00
5,91.53,92.4,7213519,92.46,90.21,91.6482,64352,2018-09-12 04:00:00
6,92.6,92.19,8308315,93.7,92.06,92.9049,69449,2018-09-13 04:00:00
7,92.25,90.78,9342821,92.68,90.68,91.4318,75715,2018-09-14 04:00:00
8,90.66,88.68,9293798,91.3,88.51,89.2398,69961,2018-09-17 04:00:00
9,88.71,89.72,5820686,90.09,88.71,89.7676,50115,2018-09-18 04:00:00
10,90.1,89.31,5495100,90.7399,88.2382,89.0543,46477,2018-09-19 04:00:00
11,89.84,90.6,6562065,90.78,89.185,90.3358,53471,2018-09-20 04:00:00
12,91.05,90.62,25379398,92,90.42,90.7865,66330,2018-09-21 04:00:00
13,89.95,89.62,8303272,90.26,88.26,89.6006,55357,2018-09-24 04:00:00
14,89.62,90.04,5953397,90.38,89.2748,89.988,39796,2018-09-25 04:00:00
15,90.34,89.85,5936191,90.93,89.7,90.1639,39465,2018-09-26 04:00:00
16,90.61,88.99,6996564,90.7,88.86,89.4826,54161,2018-09-27 04:00:00
17,88.79,87.84,7920916,89.045,87.6,88.1665,63341,2018-09-28 04:00:00
18,88.13,87.55,9260577,88.8,87.4,87.9784,69412,2018-10-01 04:00:00
19,87.27,86.68,6488198,87.35,85.83,86.6991,57762,2018-10-02 04:00:00
20,87.4,87.15,6625013,87.95,86.37,87.2244,53302,2018-10-03 04:00:00
21,86.39,84.34,9078341,86.5,83.54,84.66,73077,2018-10-04 04:00:00
22,84.21,83.18,10735779,84.84,82.32,83.2001,84061,2018-10-05 04:00:00
23,82.62,80.55,16872156,82.89,78.65,80.5842,126718,2018-10-08 04:00:00
24,80.65,80.03,9332600,81.84,79.44,80.318,78025,2018-10-09 04:00:00
25,79.61,75.45,16854253,79.91,75.32,76.9524,135667,2018-10-10 04:00:00
26,76.81,75.9,21010646,77.785,74.66,76.395,173334,2018-10-11 04:00:00
27,79.12,79.03,14131406,79.6,77.79,78.7712,114148,2018-10-12 04:00:00
28,78.88,77.23,8481098,79.14,77.22,77.8509,62834,2018-10-15 04:00:00
29,78.85,80.61,10059964,80.91,78.46,79.9488,75243,2018-10-16 04:00:00
30,81.19,80.09,10022637,81.39,79.5,80.1009,78565,2018-10-17 04:00:00
31,80.17,77.48,19748527,80.44,77.36,78.7325,138707,2018-10-18 04:00:00
32,83.75,84.78,34211905,86.17,82.92,84.421,239794,2018-10-19 04:00:00
33,84.86,85.43,11254755,86.23,83.5711,85.3268,87937,2018-10-22 04:00:00
34,83.2,87.57,14753761,87.8,82.99,85.8466,120866,2018-10-23 04:00:00
35,87.04,83.09,14754551,87.69,83.01,84.951,101829,2018-10-24 04:00:00
36,84.24,85.96,9267622,86.51,83.56,85.4893,77045,2018-10-25 04:00:00
37,83.22,83.37,13969414,85.66,82.18,83.7438,111299,2018-10-26 04:00:00
38,84.74,81.15,12918820,85.24,78.99,81.9983,106837,2018-10-29 04:00:00
39,80.33,80.9,13100808,81.96,79.42,80.716,100901,2018-10-30 04:00:00
40,82.37,84.19,11191843,85.35,82.3,84.2982,83334,2018-10-31 04:00:00
41,84.18,85.04,5952606,85.15,83.57,84.7539,52816,2018-11-01 04:00:00
42,85.46,83.51,7014351,86.104,82.65,83.8597,55172,2018-11-02 04:00:00
43,83.33,84.05,4622289,84.25,82.25,83.5685,41457,2018-11-05 05:00:00
44,84.1,84.69,4662485,85.31,83.72,84.4948,35697,2018-11-06 05:00:00
45,85.86,88.23,8672013,88.49,85.73,87.8665,67845,2018-11-07 05:00:00
46,87.7,89.04,7539282,89.06,87.68,88.6053,58486,2018-11-08 05:00:00
47,88.45,86.76,9105908,88.45,85.55,86.569,73138,2018-11-09 05:00:00
48,86.17,83.78,6278185,86.65,83.3,84.1736,48449,2018-11-12 05:00:00
49,84.12,83.78,4731289,85.229,83.16,84.0764,42610,2018-11-13 05:00:00
50,84.98,84.05,6678468,85.14,83.07,84.1602,50598,2018-11-14 05:00:00
51,83.79,86.74,10001248,87.09,83.6,85.8836,81197,2018-11-15 05:00:00
52,86,85.06,7580987,86.72,84.83,85.4609,65095,2018-11-16 05:00:00
53,84.77,80.13,11455289,85.19,79.9,81.1593,83373,2018-11-19 05:00:00
54,77,77.76,14202099,79.08,75.47,77.7219,117230,2018-11-20 05:00:00
55,79.09,79.12,8522932,79.89,77.635,79.1648,68552,2018-11-21 05:00:00
56,78.09,77.95,3066853,79.71,77.9,78.5069,24139,2018-11-23 05:00:00
57,78.97,80.86,9292903,80.98,78.86,80.4835,59417,2018-11-26 05:00:00
58,81,81.97,5335151,82,80.205,81.4903,45818,2018-11-27 05:00:00
59,82.27,85.98,9341953,86,81.9496,84.537,72682,2018-11-28 05:00:00
60,85.37,84.26,6516560,85.675,83.79,84.5404,55341,2018-11-29 05:00:00
61,84.39,85.81,11273280,85.86,83.66,85.0672,68627,2018-11-30 05:00:00
62,87.29,87.98,10822485,88.84,87.19,88.0108,77121,2018-12-03 05:00:00
63,87.24,84.19,8251093,88.47,84.02,85.5808,66273,2018-12-04 05:00:00
64,81.82,85.82,10197740,85.86,81.29,84.2437,81668,2018-12-06 05:00:00
65,84.96,82.77,8419488,85.99,81.97,83.2845,58106,2018-12-07 05:00:00
66,83.25,84.93,9318904,85.5,82.76,84.3575,67715,2018-12-10 05:00:00
67,86.01,85.51,8159070,86.9,84.56,85.761,58386,2018-12-11 05:00:00
68,86.84,86.5,10306780,88.46,86.5,87.4677,78817,2018-12-12 05:00:00
69,87.73,87.56,8877266,88.71,86.41,87.5141,63030,2018-12-13 05:00:00
70,86.38,85.92,6869115,87.94,85.42,86.4571,51607,2018-12-14 05:00:00
71,85.69,84.1,8368108,86.3,83.3508,84.5574,63344,2018-12-17 05:00:00
72,84.7,85.51,9573004,86.37,84.62,85.5307,74287,2018-12-18 05:00:00
73,85.63,84.03,11083380,87.8,82.93,85.5095,79183,2018-12-19 05:00:00
74,83.78,82.44,12532882,84.87,80.82,82.4653,92127,2018-12-20 05:00:00
75,82.81,78.14,17704936,83.77,77.69,79.8406,101864,2018-12-21 05:00:00
76,77.48,77.06,6800483,79.3199,76.7,77.7866,48599,2018-12-24 05:00:00
77,77.7,82.8,10994728,82.8,77.65,80.7283,84317,2018-12-26 05:00:00
78,81.33,84.31,7849070,84.36,80.24,82.2383,62251,2018-12-27 05:00:00
79,85,83.26,6850418,85.23,82.34,83.6042,54121,2018-12-28 05:00:00
80,84.24,84.09,7247755,84.48,82.55,83.6548,52352,2018-12-31 05:00:00
81,82.38,85.75,10146197,86.2,82.24,85.0868,74095,2019-01-02 05:00:00
82,84.36,82.09,9650676,84.75,81.91,82.9526,79862,2019-01-03 05:00:00
83,83.71,86.27,9234825,86.91,83.37,85.8287,70391,2019-01-04 05:00:00
84,86.42,86.93,11094140,87.55,86.02,86.7177,73053,2019-01-07 05:00:00
85,88.11,88.7,8307637,88.895,87.69,88.4251,59013,2019-01-08 05:00:00
86,88.81,89.55,9578323,90.315,88.5,89.6289,67773,2019-01-09 05:00:00
87,89.1,90.7,7478123,90.79,87.918,89.8259,53844,2019-01-10 05:00:00
88,90.11,90.65,7398181,91.1442,90.1,90.5789,51430,2019-01-11 05:00:00
89,89.96,90.43,6084735,90.81,89.55,90.3404,43859,2019-01-14 05:00:00
90,90.64,91.6,10377929,91.91,90.19,91.4102,67481,2019-01-15 05:00:00
91,91.72,90.55,8475025,92.35,90.21,90.916,66337,2019-01-16 05:00:00
92,90.25,90.4,10254547,90.87,89.81,90.3849,66185,2019-01-17 05:00:00
93,91.35,91.12,11958185,91.44,89.78,90.7601,74165,2019-01-18 05:00:00
94,90.33,89.94,7890273,90.97,89.09,89.9086,61292,2019-01-22 05:00:00
95,90.74,90.5,5596051,91.17,89.57,90.4105,46890,2019-01-23 05:00:00
96,90.67,92.2,9749072,92.99,90.55,92.1877,71323,2019-01-24 05:00:00
97,93.05,94.28,11664736,94.58,92.69,94.0218,79574,2019-01-25 05:00:00
98,93.3,92.3,7361144,93.42,90.69,92.0695,58481,2019-01-28 05:00:00
99,92.33,91.12,6399936,92.85,90.57,91.2431,50574,2019-01-29 05:00:00
100,92.02,92.42,11622819,93.34,90.9,91.8194,86301,2019-01-30 05:00:00
101,89.02,88.76,23706380,90.09,86.62,88.4674,153214,2019-01-31 05:00:00
102,88.36,90.01,10514645,90.5,88.25,89.7034,76197,2019-02-01 05:00:00
103,89.88,91.66,7084477,92.12,89.71,91.4229,52780,2019-02-04 05:00:00
104,91.91,92.27,5591260,92.35,91.36,92.043,44446,2019-02-05 05:00:00
105,90.8,92.25,5939421,92.29,90.19,91.5887,54308,2019-02-06 05:00:00
106,91.11,90.85,7283827,91.71,90.01,90.8816,56982,2019-02-07 05:00:00
107,90.02,91.87,7642107,91.91,90,91.2883,51275,2019-02-08 05:00:00
108,92.25,92.69,6455938,93.75,92.15,92.8243,44638,2019-02-11 05:00:00
109,93.44,94.38,7497035,94.51,93.2,94.0236,49653,2019-02-12 05:00:00
110,94.59,94.01,8577942,96.04,93.844,94.5668,53893,2019-02-13 05:00:00
111,93.65,94.42,6579170,94.99,93.1,94.4047,47394,2019-02-14 05:00:00
112,95,94.91,6080181,95.43,94.45,94.8836,41047,2019-02-15 05:00:00
113,94.45,95.02,8092379,95.3,94.06,94.8517,53955,2019-02-19 05:00:00
114,95,94.73,8154094,95.72,93.98,94.8063,49722,2019-02-20 05:00:00
115,94.72,94.96,6410003,95.51,94.33,94.9937,49274,2019-02-21 05:00:00
116,95.24,95.98,4898247,96,95.07,95.7108,37303,2019-02-22 05:00:00
117,96.07,96.7,7470730,97.3038,96,96.6737,56718,2019-02-25 05:00:00
118,96.34,96.59,5906401,96.82,95.53,96.2414,52104,2019-02-26 05:00:00
119,96.11,97.86,5565391,98.04,95.93,97.3025,46192,2019-02-27 05:00:00
120,97.66,98.07,6151847,98.525,97.08,97.9856,44480,2019-02-28 05:00:00
121,98.92,98.8,5434436,99.45,98.34,98.8397,45456,2019-03-01 05:00:00
122,98.03,96.57,7855772,98.5,95.34,96.6455,72109,2019-03-04 05:00:00
123,96.65,96.53,6321889,97.14,96.15,96.6737,48441,2019-03-05 05:00:00
124,96.52,96.46,3226530,97.28,95.91,96.5578,33403,2019-03-06 05:00:00
125,96.17,96.21,6170276,96.75,95.3,96.0743,55171,2019-03-07 05:00:00
126,95.04,95.69,4578084,95.77,94.51,95.2548,44386,2019-03-08 05:00:00
127,96.01,97.45,5387479,97.57,95.9539,97.2532,40362,2019-03-11 04:00:00
128,98,97.5,5624849,98.08,96.9,97.6316,51028,2019-03-12 04:00:00
129,98.2,99.31,9356601,100.5901,98.14,99.7215,77079,2019-03-13 04:00:00
130,99.46,99.03,5414658,99.67,98.93,99.2794,45973,2019-03-14 04:00:00
131,99.4,100.73,10960863,101.2599,99.33,100.4975,57611,2019-03-15 04:00:00
132,101.21,100.27,6454037,101.83,99.37,100.2859,44962,2019-03-18 04:00:00
133,100.6,101.54,6965119,101.685,100.6,101.2957,60345,2019-03-19 04:00:00
134,101.45,102.31,6462929,103.05,100.84,102.1016,56303,2019-03-20 04:00:00
135,102.15,104.15,7216748,104.56,102.085,103.8485,61201,2019-03-21 04:00:00
136,103.87,101.27,7194999,104,101.25,101.9819,65289,2019-03-22 04:00:00
137,100.94,101.55,5117698,102.18,100.51,101.5094,52191,2019-03-25 04:00:00
138,102.34,103.15,4498014,103.285,101.75,102.8356,41561,2019-03-26 04:00:00
139,103.2,103.07,5450156,104.17,101.74,103.1078,49591,2019-03-27 04:00:00
140,103.45,103.86,4466587,104.01,102.67,103.5806,44197,2019-03-28 04:00:00
141,104.52,103.84,5625544,104.7,103.46,103.8266,47321,2019-03-29 04:00:00
142,104.99,105.55,6157204,105.76,103.85,105.1953,50888,2019-04-01 04:00:00
143,105.76,105.23,4157207,105.76,104.66,105.0889,39776,2019-04-02 04:00:00
144,105.91,104.69,5442449,105.97,104.49,105.0093,49679,2019-04-03 04:00:00
145,104.7,104.46,7996830,104.97,102.65,103.7491,64996,2019-04-04 04:00:00
146,104.84,105.73,8573757,105.8,104.62,105.4567,60384,2019-04-05 04:00:00
147,105.66,106.57,9261995,107,104.67,106.3378,58964,2019-04-08 04:00:00
148,106.06,106.93,7217072,107.51,105.83,106.961,56181,2019-04-09 04:00:00
149,107.15,107.51,6561918,107.77,106.39,107.2835,54283,2019-04-10 04:00:00
150,107.51,106.46,7681003,107.74,105.91,106.3892,54196,2019-04-11 04:00:00
151,107.03,108.48,6998048,108.54,106.41,107.9359,46829,2019-04-12 04:00:00
152,108.58,108.14,4480406,109,107.31,107.9044,37309,2019-04-15 04:00:00
153,108.8,108.2,3728467,108.8,107.58,108.2688,37022,2019-04-16 04:00:00
154,107.805,108.81,5354021,108.86,107.25,108.2567,48364,2019-04-17 04:00:00
155,108.36,107.36,10220713,108.45,105.08,106.6414,74368,2019-04-18 04:00:00
156,106.79,106.81,6408498,107.18,106.02,106.7522,51551,2019-04-22 04:00:00
157,107.1,106.9,8564219,107.51,106.4401,106.9267,73535,2019-04-23 04:00:00
158,107.11,107.22,9553117,108.39,106.4196,107.4042,76327,2019-04-24 04:00:00
159,108.52,110.22,10959443,110.92,108.52,109.9086,83272,2019-04-25 04:00:00
160,109.72,110.56,7683160,110.57,107.88,109.8053,55263,2019-04-26 04:00:00
161,110.7,112.44,6989300,113,110.44,112.2146,55860,2019-04-29 04:00:00
162,112.44,112.77,6489380,113.22,111.2,112.4792,56475,2019-04-30 04:00:00
163,113.21,110.94,5444708,113.69,110.92,111.9745,51967,2019-05-01 04:00:00
164,110.6,109.7,5272425,111.16,108.91,109.8704,55111,2019-05-02 04:00:00
165,110.57,111.96,4660901,112.12,110.25,111.5942,43299,2019-05-03 04:00:00
166,109.44,110.85,4722565,111.12,108.58,110.3258,51112,2019-05-06 04:00:00
167,110.17,108.95,6178708,110.17,107.64,108.6994,61156,2019-05-07 04:00:00
168,108.58,109.07,4118033,109.88,108.15,109.1227,37771,2019-05-08 04:00:00
169,108.1,109.73,4657418,110.1325,107.2476,109.0188,52189,2019-05-09 04:00:00
170,109.22,110.41,3750890,110.68,107.46,109.3676,43343,2019-05-10 04:00:00
171,107.6,106.83,5657900,108.63,106.52,107.1577,57533,2019-05-13 04:00:00
172,107.56,109.09,4559662,110.4,107.35,109.3876,42404,2019-05-14 04:00:00
173,108.59,111.5,5315281,111.93,108.31,111.1949,51442,2019-05-15 04:00:00
174,111.2,113.87,6031779,114.66,111.16,113.8087,53122,2019-05-16 04:00:00
175,113.07,112.8,4512583,114.25,112.2421,113.1203,40683,2019-05-17 04:00:00
176,111.97,112.15,3631596,113.31,111.23,112.3805,39168,2019-05-20 04:00:00
177,112.67,112.43,4001417,113.12,111.6855,112.4327,38381,2019-05-21 04:00:00
178,112.28,112.47,3092002,113.96,112.21,112.9523,31427,2019-05-22 04:00:00
179,111.47,109.9,7183631,111.71,109.06,109.8385,65009,2019-05-23 04:00:00
180,110.84,109.85,4832615,111.24,109.46,110.0499,49380,2019-05-24 04:00:00
181,110.57,111.74,6568269,113.14,110.5,112.0118,48552,2019-05-28 04:00:00
182,110.75,110.08,8166166,110.97,109.31,110.1113,63018,2019-05-29 04:00:00
183,110.64,111.41,3871752,111.57,110.09,111.1355,41213,2019-05-30 04:00:00
184,110.33,109.75,4913455,110.8,108.74,109.9036,45323,2019-05-31 04:00:00
185,111.09,105.52,11261210,111.09,103.96,106.1838,111716,2019-06-03 04:00:00
186,106.83,108.73,7280429,108.83,105.78,107.8516,74293,2019-06-04 04:00:00
187,110.04,110.77,6220170,110.88,109.46,110.38,59242,2019-06-05 04:00:00
188,111.11,111.78,4743958,112.04,110.27,111.2786,48388,2019-06-06 04:00:00
189,112.3,114.02,5916410,115.14,112.08,114.2376,58936,2019-06-07 04:00:00
190,115.1,115.62,6483553,117.35,114.85,116.2234,69213,2019-06-10 04:00:00
191,116.97,114.6,5038942,117.45,113.295,114.4432,50819,2019-06-11 04:00:00
192,114.59,114.5,3914615,114.89,113.4702,114.3714,36875,2019-06-12 04:00:00
193,114.82,115.72,4089424,115.82,114.59,115.3274,42212,2019-06-13 04:00:00
194,115.91,116.17,4241994,116.73,115.27,116.1666,39867,2019-06-14 04:00:00
195,116.58,117.16,4621594,117.335,116.37,117.0361,43174,2019-06-17 04:00:00
196,118.6,115.98,6793322,118.646,115.84,116.6603,65446,2019-06-18 04:00:00
197,116,117.14,5165966,117.34,115.22,116.4592,49081,2019-06-19 04:00:00
198,118.85,118.79,5437516,119.95,117.84,118.8808,48175,2019-06-20 04:00:00
199,116.08,116.21,10651525,117.28,115.97,116.411,65306,2019-06-21 04:00:00
200,116.51,116.5,3369867,116.7731,115.66,116.3976,33536,2019-06-24 04:00:00
201,116.58,114.44,5395305,116.96,113.39,114.6781,58026,2019-06-25 04:00:00
202,115.7,114.15,4637342,116.38,114.115,114.7815,39776,2019-06-26 04:00:00
203,114.51,113.67,5139346,114.87,113.08,113.6776,46663,2019-06-27 04:00:00
204,114.24,114.46,6679793,114.62,113.33,114.1784,48643,2019-06-28 04:00:00
205,116.72,115.03,5709683,116.75,114.35,115.1732,53859,2019-07-01 04:00:00
206,115.18,116.17,4155388,116.2,114.58,115.7418,40928,2019-07-02 04:00:00
207,116.88,117.68,3288929,117.72,116.06,117.015,27488,2019-07-03 04:00:00
208,116.54,117.16,3801715,117.4,114.69,116.2961,38061,2019-07-05 04:00:00
209,116.34,116.95,4983572,117.225,115.1401,116.5976,35383,2019-07-08 04:00:00
210,116.37,118.37,4739005,118.62,116.25,118.0757,43178,2019-07-09 04:00:00
211,119.11,119.64,5879661,120.2,118.78,119.6184,52894,2019-07-10 04:00:00
212,120.17,120.65,4999657,120.75,119.24,120.2988,42272,2019-07-11 04:00:00
213,120.92,120.12,4540257,121,119.31,120.0319,40957,2019-07-12 04:00:00
214,120.77,120.9,3721345,121.04,119.8,120.7299,35344,2019-07-15 04:00:00
215,121.1,119.71,4006838,121.48,119.53,120.2827,42009,2019-07-16 04:00:00
216,119.65,118.81,4589478,119.99,118.8,119.4201,43426,2019-07-17 04:00:00
217,118.99,119.87,4440672,120.8,118.63,119.6043,39984,2019-07-18 04:00:00
218,120.74,118.63,4916241,121.36,118.6,119.4729,42877,2019-07-19 04:00:00
219,118.99,118.69,5677409,119.2098,118.12,118.6826,51247,2019-07-22 04:00:00
220,119.42,120.22,5016048,120.27,118.695,119.5591,42940,2019-07-23 04:00:00
221,120,121.3,8969808,121.33,118.93,119.4714,77958,2019-07-24 04:00:00
222,116.75,115.12,19417195,117.55,113.23,115.5575,166259,2019-07-25 04:00:00
223,115.71,115.49,7995933,116.35,114.34,115.1961,66166,2019-07-26 04:00:00
224,113.5,111.45,13820205,114.28,111.22,112.0449,113147,2019-07-29 04:00:00
225,110.79,112.04,8456015,112.29,108.77,111.4936,76026,2019-07-30 04:00:00
226,112.2,110.4,10096159,112.3,109.43,110.8089,83092,2019-07-31 04:00:00
227,110.45,110.8,9436130,112.4496,109.665,110.9991,85591,2019-08-01 04:00:00
228,109.47,107.09,10466910,109.65,105.83,106.9876,98816,2019-08-02 04:00:00
229,103.76,103.6,11745393,105.39,102.41,104.0528,100343,2019-08-05 04:00:00
230,105,105.03,7740468,106,104.48,105.0233,66718,2019-08-06 04:00:00
231,104.06,106.63,7622015,107.16,103.3,105.8432,79706,2019-08-07 04:00:00
232,107.35,106.79,7814988,108.14,106.08,107.0464,74265,2019-08-08 04:00:00
233,106.4,104.82,7777343,106.52,104.45,105.2253,60597,2019-08-09 04:00:00
234,104.01,102.72,7897875,104.3804,102.21,103.0625,74412,2019-08-12 04:00:00
235,103.39,106.04,9909591,106.7,102.6801,105.7117,89226,2019-08-13 04:00:00
236,104.17,103.27,9538834,105.13,102.44,103.4364,85677,2019-08-14 04:00:00
237,103.9,104.95,7049233,105.79,103.13,104.858,67260,2019-08-15 04:00:00
238,106.08,106.16,5989174,106.61,105.55,106.0788,52901,2019-08-16 04:00:00
239,108,107.67,5721282,108.44,106.83,107.4888,58967,2019-08-19 04:00:00
240,107.91,107.37,4359576,108.58,107.02,107.7445,39980,2019-08-20 04:00:00
241,108.54,109.82,5416562,110.02,108.3975,109.5526,50964,2019-08-21 04:00:00
242,110.08,108.77,3864359,110.29,107.65,108.7603,37347,2019-08-22 04:00:00
243,108.93,106.04,7457331,110.14,105.51,107.0403,66728,2019-08-23 04:00:00
244,107.11,107.66,3669041,107.83,106.29,107.2239,37207,2019-08-26 04:00:00
245,108.39,107.45,4938397,108.72,106.95,107.5571,36677,2019-08-27 04:00:00
246,106.71,107.47,3256235,107.63,105.35,107.0303,35263,2019-08-28 04:00:00
247,108.96,109.21,3931033,109.76,108.78,109.3006,38850,2019-08-29 04:00:00
248,110.13,109.05,3958699,110.97,108.54,109.2216,33026,2019-08-30 04:00:00
249,107.92,106.75,4038074,108.86,106.46,107.1873,40565,2019-09-03 04:00:00
250,107.75,108.73,3691497,109.235,107.29,108.6287,33881,2019-09-04 04:00:00
251,110,111.46,5348782,111.63,109.51,111.1071,46686,2019-09-05 04:00:00
252,111.66,110.05,4676035,111.67,109.62,110.3409,41247,2019-09-06 04:00:00
253,110.62,105.43,10958990,110.77,103.9,105.8987,99293,2019-09-09 04:00:00
254,104.77,103.05,13428039,104.95,101.31,102.5955,111082,2019-09-10 04:00:00
255,104.15,104.02,7006282,104.48,103.11,103.7689,66993,2019-09-11 04:00:00
256,105.71,107.1,11585351,107.915,105.49,107.1684,83349,2019-09-12 04:00:00
257,106.66,107,8390194,107.29,105.25,106.5059,69935,2019-09-13 04:00:00
258,106.13,106.52,5215635,108.01,105.99,106.5898,49882,2019-09-16 04:00:00
259,106.81,107.5,4115933,107.8945,106.46,107.3241,41435,2019-09-17 04:00:00
260,107.78,105.6,6685977,107.8,103.73,105.2166,60839,2019-09-18 04:00:00
261,105.64,106.12,5247013,107.02,105.6,106.203,45295,2019-09-19 04:00:00
262,104.71,104.64,10707881,105.46,103.91,104.7221,61634,2019-09-20 04:00:00
263,104.73,105.11,3396306,105.32,104.35,105.0175,31055,2019-09-23 04:00:00
264,105.41,103.69,6444130,106.1,102.73,104.1025,61053,2019-09-24 04:00:00
265,103.34,104.14,5523936,104.4626,101.54,103.33,51166,2019-09-25 04:00:00
266,104.43,104.55,4780793,104.87,103.22,104.1972,43412,2019-09-26 04:00:00
267,104.87,102.2,7189838,105.17,101.1,102.4347,64092,2019-09-27 04:00:00
268,102.68,103.59,7512787,104.07,101.48,103.3516,55656,2019-09-30 04:00:00
269,104,102.53,5746364,104.6409,102.23,102.9286,52219,2019-10-01 04:00:00
270,101.81,99.73,8011727,101.83,99.3601,100.022,71808,2019-10-02 04:00:00
271,99.54,101.03,5343141,101.31,98.61,100.4379,49829,2019-10-03 04:00:00
272,101.84,102.79,5534673,102.98,100.84,102.4732,44091,2019-10-04 04:00:00
273,102.11,101.62,3829056,102.607,101.52,101.8986,39707,2019-10-07 04:00:00
274,100.85,99.33,7398352,101.15,99.25,99.9309,60568,2019-10-08 04:00:00
275,99.44,99.89,5038850,100.69,99.385,100.0349,49712,2019-10-09 04:00:00
276,99.4,100.54,4561588,101,99.4,100.4294,39399,2019-10-10 04:00:00
277,101.78,101.58,4781911,103.96,101.47,102.4643,49193,2019-10-11 04:00:00
278,101.59,101.75,3817790,102.35,101.3674,101.7828,25739,2019-10-14 04:00:00
279,102.01,103.59,4629287,103.66,101.9,103.2144,40054,2019-10-15 04:00:00
280,103,103.09,4363705,103.23,101.9,102.7776,41629,2019-10-16 04:00:00
281,103.89,103.63,4019239,104.34,102.84,103.5667,40601,2019-10-17 04:00:00
282,103.92,101.22,7261238,104.32,100.75,101.9573,59032,2019-10-18 04:00:00
283,102.36,101.44,6917672,102.73,100.465,101.2585,55523,2019-10-21 04:00:00
284,101.36,97.36,11384723,101.95,97.115,98.7506,94836,2019-10-22 04:00:00
285,97.42,96.64,17459600,97.6,94.77,96.9609,135830,2019-10-23 04:00:00
286,106.075,104.91,23817914,106.98,103.19,104.7713,170485,2019-10-24 04:00:00
287,104.46,107.19,12070921,107.49,104.42,106.7331,94630,2019-10-25 04:00:00
288,107.99,106.6,7004191,108.46,106.45,107.3424,62490,2019-10-28 04:00:00
289,106.84,105,5373866,107.02,104.695,105.5361,51538,2019-10-29 04:00:00
290,105.29,106.5,4204919,106.6,103.96,105.6959,42079,2019-10-30 04:00:00
291,106.47,104.1,7200513,106.5,103.26,104.1553,55746,2019-10-31 04:00:00
292,104.7,104.98,5489839,105.3,103.93,104.7439,42784,2019-11-01 04:00:00
293,105.72,102.81,5818361,105.76,102.605,103.523,52985,2019-11-04 05:00:00
294,103.05,100.99,9236156,103.25,100.285,101.0645,76835,2019-11-05 05:00:00
295,101.2,100.63,7332216,101.34,100.17,100.6584,59759,2019-11-06 05:00:00
296,100.94,100.47,9088435,101.72,100.29,100.907,62957,2019-11-07 05:00:00
297,100.025,101.42,5451433,101.71,99.6,101.1314,46111,2019-11-08 05:00:00
298,101.04,102.67,5391050,103.04,100.66,102.4809,51799,2019-11-11 05:00:00
299,102.97,102.03,6715166,103.09,100.92,101.9814,59829,2019-11-12 05:00:00
300,102,102.12,5329359,103.6,101.63,102.4339,47394,2019-11-13 05:00:00
301,101.87,103.73,4980344,103.85,101.37,103.1633,44025,2019-11-14 05:00:00
302,104.35,104.2,5640361,104.48,103.105,103.8572,49538,2019-11-15 05:00:00
303,103.85,103.66,4831599,104.2,102.98,103.5267,46382,2019-11-18 05:00:00
304,104.08,104.95,7960162,106.17,104.0076,105.3381,65718,2019-11-19 05:00:00
305,105.22,104.09,5962021,105.38,103.12,104.1343,54680,2019-11-20 05:00:00
306,103,102.55,7525120,104.47,102.15,102.9522,65903,2019-11-21 05:00:00
307,102.92,101.77,6448811,103.23,100.72,101.5991,57382,2019-11-22 05:00:00
308,102.38,104.45,8338769,104.57,102.06,103.9679,63980,2019-11-25 05:00:00
309,104.8,106.2,13150051,106.78,104.5,106.153,77412,2019-11-26 05:00:00
310,106.89,107.75,7555124,108.24,106.8,107.7278,66859,2019-11-27 05:00:00
311,107.97,108.01,4439511,108.39,106.9,107.8093,33983,2019-11-29 05:00:00
312,107.96,106.21,7185204,108.49,104.65,106.0009,65614,2019-12-02 05:00:00
313,105,105.59,9062795,106.13,104.51,105.3938,76441,2019-12-03 05:00:00
314,106.29,105,7849569,106.29,104.655,105.1018,67694,2019-12-04 05:00:00
315,105.45,104.59,5637586,105.5,104.11,104.7035,50656,2019-12-05 05:00:00
316,104.79,104.34,7018440,105.3435,104.16,104.547,49948,2019-12-06 05:00:00
317,104.6,103.78,5681147,105.1,103.6,104.0735,53720,2019-12-09 05:00:00
318,103.77,103.62,5316693,104.13,103.26,103.6614,48478,2019-12-10 05:00:00
319,103.72,105.51,5782111,105.87,103.5902,104.8797,52373,2019-12-11 05:00:00
320,105.21,105.67,6380433,106.2199,104.13,105.4495,51488,2019-12-12 05:00:00
321,105.83,107.65,7001186,107.905,105.52,107.3466,59127,2019-12-13 05:00:00
322,108.4,109.57,8466723,109.828,108.35,109.3879,66929,2019-12-16 05:00:00
323,109.57,108.46,8168386,109.6,107.67,108.4398,67954,2019-12-17 05:00:00
324,108.86,107.83,6478284,109.47,107.76,108.2286,48778,2019-12-18 05:00:00
325,107.8,108.88,6590055,108.94,107.46,108.4882,44094,2019-12-19 05:00:00
326,109.28,108.75,9831071,109.62,108.13,108.857,44577,2019-12-20 05:00:00
327,109.05,108.61,4659074,109.45,108.38,108.7782,35403,2019-12-23 05:00:00
328,108.64,108.69,1679950,109.26,108.38,108.7834,17656,2019-12-24 05:00:00
329,109.13,109.75,4050317,109.75,108.57,109.3886,34145,2019-12-26 05:00:00
330,110.1665,109.4,3390317,110.18,108.9,109.4825,35037,2019-12-27 05:00:00
331,109.52,107.97,3769715,109.6,107.73,108.1775,36850,2019-12-30 05:00:00
332,107.54,108.17,4080618,108.45,107.2,107.9842,32554,2019-12-31 05:00:00
333,109.47,110.75,7419283,111.21,109.275,110.6741,62074,2020-01-02 05:00:00
334,109.49,108.76,7099931,110.42,108.76,109.3224,56555,2020-01-03 05:00:00
335,107.57,110.17,6766627,110.22,107.44,109.4693,51375,2020-01-06 05:00:00
336,111.5,109.67,6916836,111.56,109.53,110.114,56884,2020-01-07 05:00:00
337,110.4,111.82,8295189,112.64,109.82,111.7317,65935,2020-01-08 05:00:00
338,112.99,112.57,5950181,113.56,111.59,112.3856,52743,2020-01-09 05:00:00
339,113.64,112.93,6965689,113.71,112.27,113.182,60999,2020-01-10 05:00:00
340,113.98,115.28,9652847,115.88,113.86,115.2376,68286,2020-01-13 05:00:00
341,115.515,114.64,7182707,115.59,114.12,114.636,61562,2020-01-14 05:00:00
342,115.14,114.85,5955223,115.95,114.61,115.2121,47889,2020-01-15 05:00:00
343,115.92,115.4,4793197,116,114.85,115.3562,46425,2020-01-16 05:00:00
344,116.45,116.04,9730424,116.7,115.47,116.0387,61506,2020-01-17 05:00:00
345,115.31,116.15,8746199,116.39,115.11,115.9919,57166,2020-01-21 05:00:00
346,116.73,115.5,5305308,117.45,115.47,116.2238,47657,2020-01-22 05:00:00
347,117.4,117.89,8533941,117.9398,115.8,117.3064,69325,2020-01-23 05:00:00
348,118.45,116.98,7123969,119.6,116.51,117.9421,63408,2020-01-24 05:00:00
349,113.63,115.24,7002260,115.98,112.31,115.0286,66026,2020-01-27 05:00:00
350,115.83,116.52,6432992,117.21,114.7154,116.4811,56695,2020-01-28 05:00:00
351,117.47,116.66,9255661,117.53,115.16,115.893,81984,2020-01-29 05:00:00
352,112.79,117.12,13653347,117.2,112.42,115.4466,114159,2020-01-30 05:00:00
353,116.75,113.89,9446156,117.32,113.15,114.4011,81115,2020-01-31 05:00:00
354,114.3,116.51,8236584,117.24,114.05,116.5487,63784,2020-02-03 05:00:00
355,118.04,120.08,7396789,120.34,117.3,119.5254,65812,2020-02-04 05:00:00
356,121.2,119.72,7595345,122.19,118.891,119.9258,65271,2020-02-05 05:00:00
357,120.09,119.89,4020286,120.6,119.47,119.8326,34313,2020-02-06 05:00:00
358,119.6,118.88,4166262,119.67,118.41,118.9758,37895,2020-02-07 05:00:00
359,118.56,120.06,4868408,120.15,118.5,119.8431,39138,2020-02-10 05:00:00
360,120.76,118.84,4625447,121,118.4,119.3391,46308,2020-02-11 05:00:00
361,118.85,118.56,6482283,119.91,117.87,118.4924,49738,2020-02-12 05:00:00
362,118.04,120.51,6066472,121.1,117.8,120.1904,56683,2020-02-13 05:00:00
363,120.89,122.99,5769897,123,120.8,122.3718,53023,2020-02-14 05:00:00
364,122.58,122.27,5085799,122.99,121.68,122.3119,47873,2020-02-18 05:00:00
365,122.63,123.91,4878649,124.45,122.3,123.8521,47216,2020-02-19 05:00:00
366,123.86,122.43,7212911,124.31,120.4,122.2018,75829,2020-02-20 05:00:00
367,121.72,119.49,5883230,121.85,118.53,119.6494,55750,2020-02-21 05:00:00
368,114.29,116.44,10139308,116.79,113.52,115.7391,94337,2020-02-24 05:00:00
369,115.67,109.66,13636134,116.415,109.33,111.7417,142080,2020-02-25 05:00:00
370,109.81,109.11,10306927,112.63,108.6,110.2356,109416,2020-02-26 05:00:00
371,106.3,107.84,15461904,112.05,106.3,109.178,158785,2020-02-27 05:00:00
372,104.26,107.99,17215994,108.73,103.72,106.2052,178003,2020-02-28 05:00:00
373,107.46,112.86,13366965,113.05,106.53,109.828,142670,2020-03-02 05:00:00
374,112.82,109.76,11912275,114.56,108.26,111.0642,133288,2020-03-03 05:00:00
375,112.04,115.3,8245198,115.39,110.62,113.6765,86986,2020-03-04 05:00:00
376,112.03,112.18,7671457,114.9,111.24,112.5612,77062,2020-03-05 05:00:00
377,107.95,110.89,8524269,111.57,107.58,109.6295,96144,2020-03-06 05:00:00
378,102.72,101.63,12458891,106.99,99.71,103.4727,132051,2020-03-09 04:00:00
379,105.3,109.74,11748492,109.74,103.17,107.0375,126234,2020-03-10 04:00:00
380,106.65,103.9,10761017,107.75,101.98,105.0235,118027,2020-03-11 04:00:00
381,96.56,96.96,20114391,104.78,94.5,98.6652,211428,2020-03-12 04:00:00
382,100.52,110.15,19170559,110.6,99.78,104.3413,185244,2020-03-13 04:00:00
383,94,92.72,16204938,103.155,91.23,97.4297,172615,2020-03-16 04:00:00
384,94.5,97.87,17969391,101.08,90.52,96.8321,213790,2020-03-17 04:00:00
385,91.855,91.46,16073257,95.1,86.15,90.3432,182310,2020-03-18 04:00:00
386,91.56,93.69,12181578,98.06,87.04,93.9636,139395,2020-03-19 04:00:00
387,95.64,86.68,14874413,96.23,86.21,90.2635,135450,2020-03-20 04:00:00
388,86.29,85.26,12969720,88.15,82.07,84.8804,138685,2020-03-23 04:00:00
389,89.4,97.29,13874872,98,89.4,95.5201,146814,2020-03-24 04:00:00
390,97.43,95.71,11814366,100.42,95.27,97.5222,123717,2020-03-25 04:00:00
391,96.31,100.63,9452863,100.93,95.635,99.0094,91765,2020-03-26 04:00:00
392,97,93.48,11311959,97.105,93.06,94.452,118791,2020-03-27 04:00:00
393,95.5,97.03,8948597,98.2599,94.37,96.6603,89566,2020-03-30 04:00:00
394,96.38,95.74,9882034,99.4314,94.87,96.6462,91905,2020-03-31 04:00:00
395,92.72,91.38,9628376,94.67,90.38,92.3232,106458,2020-04-01 04:00:00
396,91.1,93.52,7077181,94.6799,90.92,92.9018,72110,2020-04-02 04:00:00
397,92.79,92.39,7699462,92.95,89.88,91.409,83417,2020-04-03 04:00:00
398,97.8,101.67,11998987,102.5,96.26,99.9214,104842,2020-04-06 04:00:00
399,105.255,100.28,10291513,106.23,99.9,101.9301,94568,2020-04-07 04:00:00
400,101.61,105.06,9385890,105.505,100.75,103.9311,87173,2020-04-08 04:00:00
401,105.63,105.84,10894921,108.7,104.78,106.2329,101895,2020-04-09 04:00:00
402,104.85,105.98,7716160,106.29,102.34,104.6441,74383,2020-04-13 04:00:00
403,109,109.785,8417858,110.98,107.93,109.7589,86139,2020-04-14 04:00:00
404,107.46,107.95,7821377,109.09,106.42,107.8455,74487,2020-04-15 04:00:00
405,109.5,108.31,9575624,109.525,106.57,107.9044,105037,2020-04-16 04:00:00
406,110.3,111.85,11069777,112.12,110.054,111.0837,108833,2020-04-17 04:00:00
407,110.9,112.17,10730723,114.3,110.025,112.276,117353,2020-04-20 04:00:00
408,111.12,107.54,11736608,112.85,107.41,109.5467,131445,2020-04-21 04:00:00
409,110.29,115.19,12879850,116,109.91,114.2702,113240,2020-04-22 04:00:00
410,115.94,115.24,7563183,118.385,115,116.4148,86482,2020-04-23 04:00:00
411,115.47,120.18,10680406,120.47,115.4,118.7148,96383,2020-04-24 04:00:00
412,121.25,120.53,6678219,122.387,120.055,120.9012,77464,2020-04-27 04:00:00
413,121.66,116.14,9192284,122,115.9029,117.6073,105121,2020-04-28 04:00:00
414,119.3,123.58,9891526,124.03,118.645,122.3978,109771,2020-04-29 04:00:00
415,121.35,123,7569776,123.45,120.62,122.296,79826,2020-04-30 04:00:00
416,119.85,120.61,5613832,122.7,119.43,120.6484,64514,2020-05-01 04:00:00
417,121.26,123.66,7634351,124.18,120.31,122.7396,80482,2020-05-04 04:00:00
418,124.94,125.43,9241882,127.94,124.85,126.4571,88132,2020-05-05 04:00:00
419,127.05,128.31,14031243,129.59,126.12,128.3537,141017,2020-05-06 04:00:00
420,139.92,146.29,35487924,147.2,139.28,144.6191,309819,2020-05-07 04:00:00
421,143.25,144.96,13169422,146.4,142.11,144.7466,143322,2020-05-08 04:00:00
422,142.96,143.96,10273368,145.27,142.18,144.1768,101766,2020-05-11 04:00:00
423,144,141.03,9757599,145.65,140.91,143.6845,113599,2020-05-12 04:00:00
424,140.2,143.73,11142641,145.1,139.61,142.5294,132462,2020-05-13 04:00:00
425,142.07,144.41,9272877,144.7,141.43,143.1956,106248,2020-05-14 04:00:00
426,142.9,145.51,8361165,145.89,141.63,144.227,87524,2020-05-15 04:00:00
427,148.125,146.24,8580542,149.18,145.99,147.3635,101612,2020-05-18 04:00:00
428,146.7497,145.39,7779063,149.72,145.22,147.6706,93287,2020-05-19 04:00:00
429,148,150.94,7811268,151.08,147.9,150.3366,92796,2020-05-20 04:00:00
430,150.58,148.22,5612696,150.74,148.04,149.1062,71434,2020-05-21 04:00:00
431,148.26,150.86,5724145,151,147.36,150.0289,60905,2020-05-22 04:00:00
432,154.12,147,10267534,154.55,146.29,148.187,131476,2020-05-26 04:00:00
433,145.48,145.96,9554775,146.4,140.02,143.7322,120996,2020-05-27 04:00:00
434,144.73,148.79,10050679,151.945,144.51,149.3201,100106,2020-05-28 04:00:00
435,150.5,155.01,10156091,155.33,148.93,152.7543,113175,2020-05-29 04:00:00
436,154.9,154.53,5658288,155.97,153.05,154.2327,75248,2020-06-01 04:00:00
437,156,157.49,6344432,157.6,154.61,156.5952,84925,2020-06-02 04:00:00
438,157.49,156.78,6732830,158.271,155.12,156.5637,95172,2020-06-03 04:00:00
439,156.7,154.6,7554487,159.4799,153.635,156.2423,106730,2020-06-04 04:00:00
440,152.98,156,8446143,156.34,150,154.5778,110459,2020-06-05 04:00:00
441,154.28,156.09,5494431,156.21,153.11,155.1215,66177,2020-06-08 04:00:00
442,155.79,156.86,7265620,158.21,155.5949,157.1115,78367,2020-06-09 04:00:00
443,157.6,159.91,5881831,160.89,157.6,159.4811,78199,2020-06-10 04:00:00
444,158.34,153.04,9041718,159.5,152.915,155.3868,120850,2020-06-11 04:00:00
445,157.06,155.26,7038068,157.21,151.89,154.8515,94524,2020-06-12 04:00:00
446,152.63,157.55,5117394,157.92,152.22,156.0038,73421,2020-06-15 04:00:00
447,160.19,161.22,6539467,162.83,158.3,161.3511,90192,2020-06-16 04:00:00
448,162.84,163.83,5582620,164.9597,161.66,163.7659,79590,2020-06-17 04:00:00
449,164.72,168.05,8583734,168.83,164.31,167.0816,92804,2020-06-18 04:00:00
450,170.6,164.36,11332668,171.12,164.01,166.681,118639,2020-06-19 04:00:00
451,165.58,170.26,7793821,170.9,165.55,169.5892,79017,2020-06-22 04:00:00
452,172,172.79,7693874,175.4,170.4,173.4402,95307,2020-06-23 04:00:00
453,170.595,168,8931751,173.48,164.29,167.7808,126949,2020-06-24 04:00:00
454,169,172.5,6650737,172.78,168.19,171.0921,78472,2020-06-25 04:00:00
455,173.71,170.87,8158658,173.71,168.6,171.2854,84081,2020-06-26 04:00:00
456,171.48,168.35,5423702,171.48,165.56,167.7778,80721,2020-06-29 04:00:00
457,170.7,174.23,6831902,174.69,169.41,172.9499,81485,2020-06-30 04:00:00
458,174.625,177.43,6869584,178.2348,172.56,176.3155,89798,2020-07-01 04:00:00
459,179.69,177.21,5943623,179.8,176.72,177.7521,82635,2020-07-02 04:00:00
460,180.29,176.18,8348329,181.24,174.46,177.4899,119143,2020-07-06 04:00:00
461,177.69,177.28,5529363,179.95,176.31,178.031,75294,2020-07-07 04:00:00
462,178.89,181.57,7233512,182.64,178.5,180.7526,76911,2020-07-08 04:00:00
463,183.4,183.23,6340005,183.99,179.15,182.3785,84915,2020-07-09 04:00:00
464,181.63,178.4,7570666,182.52,177.13,178.4283,116504,2020-07-10 04:00:00
465,180.42,171.51,10234780,180.66,170.74,176.0882,158663,2020-07-13 04:00:00
466,168.75,172.3,10561987,172.6,164.33,169.6229,147994,2020-07-14 04:00:00
467,172.99,172.06,6659704,173.36,169.01,171.5391,95745,2020-07-15 04:00:00
468,169.9,169.81,6630594,171.34,166.4998,169.3667,82269,2020-07-16 04:00:00
469,171.5,173.92,7353955,174.56,169.54,172.8318,76041,2020-07-17 04:00:00
470,174.65,178.82,6025037,179.64,172.68,177.5928,76581,2020-07-20 04:00:00
471,179.25,175.58,5701784,179.46,174.32,176.1859,71877,2020-07-21 04:00:00
472,176.16,178.42,4669007,179.49,175.73,177.6506,71549,2020-07-22 04:00:00
473,178.15,173.86,6999615,180.75,171.94,175.2986,79165,2020-07-23 04:00:00
474,171.08,172.56,6256092,173.6,169.08,171.9053,90894,2020-07-24 04:00:00
475,173.92,177.98,6868784,178.46,172.39,176.4672,88771,2020-07-27 04:00:00
476,178.01,176.27,6125669,179.58,176.0102,177.829,76812,2020-07-28 04:00:00
477,178.45,184.6,15436643,185.44,178.27,183.995,177346,2020-07-29 04:00:00
478,191.81,192.51,16803593,198.6599,189.1314,192.5835,195680,2020-07-30 04:00:00
479,193.05,196.07,10865370,196.35,191.69,194.477,124341,2020-07-31 04:00:00
480,198.25,197.07,7961646,199.4,195.22,197.0687,109996,2020-08-03 04:00:00
481,196.35,197.33,5771585,199.1,195.5206,197.2316,74045,2020-08-04 04:00:00
482,199,202.91,7573326,204.23,198.09,202.3248,92335,2020-08-05 04:00:00
483,202,204.09,5821425,204.16,198.88,201.9535,86688,2020-08-06 04:00:00
484,203.71,198.63,6525299,203.9509,196.7,199.882,89242,2020-08-07 04:00:00
485,198.7,193.32,8792199,199.85,191.69,194.0555,104585,2020-08-10 04:00:00
486,192,189.03,9155292,193.535,186.52,190.5091,122453,2020-08-11 04:00:00
487,190,191.32,7939997,192.51,189.4,191.2117,100289,2020-08-12 04:00:00
488,192.1,193.07,10082355,195.13,191.48,192.8682,115845,2020-08-13 04:00:00
489,195.19,191.46,4847965,195.4687,190.51,191.9781,73350,2020-08-14 04:00:00
490,193.92,196.29,6279277,197.42,193.25,196.332,83685,2020-08-17 04:00:00
491,197.73,194.57,5362472,198.75,194,195.4653,81201,2020-08-18 04:00:00
492,195.06,192.44,6865340,196.84,191.92,193.502,82283,2020-08-19 04:00:00
493,192.06,198.18,6772962,198.7,191.51,196.6953,81597,2020-08-20 04:00:00
494,197.93,196.79,6071035,199.0999,196.22,197.202,72076,2020-08-21 04:00:00
495,200,198.88,5404075,201.0988,196.57,198.7075,73146,2020-08-24 04:00:00
496,198.49,201.67,5108202,201.96,196.24,200.4323,67901,2020-08-25 04:00:00
497,202.53,203.48,6072171,205.35,200.25,203.2219,78286,2020-08-26 04:00:00
498,206.81,204.34,6047473,207,202.3,204.48,86206,2020-08-27 04:00:00
499,205.4159,204.48,4581319,205.4159,202.42,203.8487,65470,2020-08-28 04:00:00
500,203.7,204.14,5628727,205.2523,202.2984,203.8121,74018,2020-08-31 04:00:00
501,205.59,208.93,6237911,209.8799,205.145,208.4982,90635,2020-09-01 04:00:00
502,211.6222,210.82,7217334,212.45,204.6,209.2354,107783,2020-09-02 04:00:00
503,205.69,204.99,15988394,206.59,194.95,201.0922,228805,2020-09-03 04:00:00
504,200.985,191.84,17034108,201.84,182.85,191.0677,263834,2020-09-04 04:00:00
505,184.7,185.95,9282378,191.75,184.7,187.4258,151718,2020-09-08 04:00:00
506,191,194.6,8541960,195.75,187.3,193.3299,108340,2020-09-09 04:00:00
507,196.09,190.09,6580655,198.22,187.84,192.5956,97645,2020-09-10 04:00:00
508,191.462,184,8110351,192.1,180.93,184.8702,126773,2020-09-11 04:00:00
509,186,186.96,7053058,188.6,184.38,186.8212,82373,2020-09-14 04:00:00
510,190.05,186.02,7763369,190.45,184.18,185.8705,113208,2020-09-15 04:00:00
511,187.095,180.91,8174799,189.34,180.67,183.5065,128892,2020-09-16 04:00:00
512,176.63,175.79,11840100,178.74,173.79,175.8738,162390,2020-09-17 04:00:00
513,176.7,176.07,13557242,178.25,171.63,175.4888,131202,2020-09-18 04:00:00
514,174.84,183.21,13765625,183.45,174.08,180.7146,157186,2020-09-21 04:00:00
515,186.79,187.78,8939288,188.06,182.185,186.2007,117297,2020-09-22 04:00:00
516,188.39,181.61,6782378,188.47,181.1,184.2044,96792,2020-09-23 04:00:00
517,180.17,182.19,7374516,184.9,179.6,182.5002,96990,2020-09-24 04:00:00
518,182.4,187.25,7606454,187.92,180.13,185.3311,101814,2020-09-25 04:00:00
519,190.9996,192.02,7570637,192.47,188.09,190.9034,97764,2020-09-28 04:00:00
520,192.64,194.5,6766102,195.78,191.11,194.4006,96554,2020-09-29 04:00:00
521,194.06,197.03,7939637,198.72,193.311,196.9641,107864,2020-09-30 04:00:00
522,199.26,196.94,7268872,201.27,196.2205,197.8015,90741,2020-10-01 04:00:00
523,192.73,191.91,6546430,196.21,189.25,192.8026,103222,2020-10-02 04:00:00
524,193.55,196.85,5024054,196.91,192.16,195.6051,74849,2020-10-05 04:00:00
525,196.13,191.66,5921767,197.37,190.88,193.8496,91220,2020-10-06 04:00:00
526,193.91,194.61,4228748,195.71,193.33,194.5389,64423,2020-10-07 04:00:00
527,196.75,193.06,5582626,196.87,192.67,193.7132,74146,2020-10-08 04:00:00
528,194.36,197.27,7082372,197.35,192.6,196.0689,82977,2020-10-09 04:00:00
529,199.87,201.51,10572446,204.08,196.6323,201.2341,116040,2020-10-12 04:00:00
530,202.44,207.74,8145300,209.02,200.11,205.8672,118615,2020-10-13 04:00:00
531,208.2035,203.6,8591824,208.948,200.5,203.986,118469,2020-10-14 04:00:00
532,199.99,203.14,7630531,203.48,198.128,201.4942,83412,2020-10-15 04:00:00
533,204.44,204.45,9663990,207.47,202.22,205.2475,106088,2020-10-16 04:00:00
534,205.52,200.06,6491682,207.23,199.1,202.7695,92939,2020-10-19 04:00:00
535,201.14,201.96,4867725,205.47,200.31,202.9125,81051,2020-10-20 04:00:00
536,208.3,213.07,17247188,215.83,206.02,211.4202,215382,2020-10-21 04:00:00
537,211.9,203.93,12098290,212.34,202.1403,205.8194,146031,2020-10-22 04:00:00
538,206.24,203.04,6644745,206.24,201.21,202.9889,84188,2020-10-23 04:00:00
539,200.66,197.22,7643148,203.89,195.05,197.7503,107497,2020-10-26 04:00:00
540,198.79,200.43,4754359,201.32,197.72,199.8864,58589,2020-10-27 04:00:00
541,196.96,192.31,8050042,198.39,191.5,193.8582,116489,2020-10-28 04:00:00
542,194.08,195.04,7627102,197.59,192.31,195.4466,99218,2020-10-29 04:00:00
543,193.29,186.13,12041236,195.33,182.92,186.5518,172009,2020-10-30 04:00:00
544,189.01,187.76,14376424,192.705,185.05,186.1208,184435,2020-11-02 05:00:00
545,177.94,179.81,31655751,188.75,174.81,181.6426,363440,2020-11-03 05:00:00
546,186.76,194.29,16106952,195,184.1102,190.8039,212471,2020-11-04 05:00:00
547,202.3,204.56,15188527,204.92,199.37,202.2485,179660,2020-11-05 05:00:00
548,204.6,202.73,8075064,204.92,198.55,202.0798,119512,2020-11-06 05:00:00
549,195.74,184.72,18986391,196.07,184.44,189.8687,317672,2020-11-09 05:00:00
550,184.98,183.36,13144319,186.71,178.6,182.6668,214952,2020-11-10 05:00:00
551,187.4981,192.34,9151685,193.1,186.4,190.8327,119989,2020-11-11 05:00:00
552,193.95,189.1,7103620,194.9,188.43,190.6921,109783,2020-11-12 05:00:00
553,191.1069,188.62,6020699,191.7299,186.85,188.6028,87414,2020-11-13 05:00:00
554,185.19,191.94,10127757,192.38,183.54,189.8706,133373,2020-11-16 05:00:00
555,192.13,192.3,6448805,194.63,190.63,192.8844,101563,2020-11-17 05:00:00
556,192.59,190.12,8095357,192.95,189.54,191.0259,99578,2020-11-18 05:00:00
557,190.82,190.9,9391530,192.75,189.57,190.8088,128471,2020-11-19 05:00:00
558,192.47,192.67,11518655,194.73,190.96,193.1631,145672,2020-11-20 05:00:00
559,194.53,200.82,12019989,202.16,193.92,198.5832,155069,2020-11-23 05:00:00
560,204,206,14781555,207.0791,198.86,204.5319,175704,2020-11-24 05:00:00
561,206.29,214.46,13794973,216.07,206.23,212.9588,168820,2020-11-25 05:00:00
562,213.2,211.39,5303151,213.84,208.62,211.183,80562,2020-11-27 05:00:00
563,212.51,214.12,12976149,215.83,207.09,212.9533,145156,2020-11-30 05:00:00
564,217.15,216.54,10146956,220.57,214.3401,217.6606,159206,2020-12-01 05:00:00
565,215.6,212.56,7537366,215.75,210.5,212.4999,118715,2020-12-02 05:00:00
566,213.33,214.54,7645193,216.93,213.11,214.9034,110729,2020-12-03 05:00:00
567,214.88,217.77,6214640,218.553,213.01,216.9425,90867,2020-12-04 05:00:00
568,217.39,217.93,5363365,219.32,216.31,217.7063,77660,2020-12-07 05:00:00
569,216.325,216.94,5419592,218.72,215.57,217.1476,84875,2020-12-08 05:00:00
570,217,210.8,7807532,218.94,209.25,213.7186,117275,2020-12-09 05:00:00
571,208.36,215.34,6556822,216.23,206.65,213.3365,95694,2020-12-10 05:00:00
572,213.39,214.06,4283354,215,210.4203,213.0705,73669,2020-12-11 05:00:00
573,215.95,220.79,9759424,223.16,215,221.144,123644,2020-12-14 05:00:00
574,221.93,221.6,6508117,222.31,217.12,220.3177,92318,2020-12-15 05:00:00
575,224.8,230.2,10110033,231.15,224.61,228.9431,138622,2020-12-16 05:00:00
576,234.51,235.51,8914060,238.1,232.4,235.6868,130507,2020-12-17 05:00:00
577,236.66,236.45,11424717,237.17,232.28,235.4178,103357,2020-12-18 05:00:00
578,232.62,237.72,8156045,239.7514,232.2013,236.7539,106962,2020-12-21 05:00:00
579,240.165,243.49,6340935,243.68,238.09,241.6967,100874,2020-12-22 05:00:00
580,243.6,239.44,6421336,244.25,238.33,240.4365,93806,2020-12-23 05:00:00
581,240.36,238.64,3053752,242.12,238.09,239.4617,48759,2020-12-24 05:00:00
582,243.5,235.73,7079520,243.5,235.25,237.1158,90157,2020-12-28 05:00:00
583,236,231.03,8316075,236.25,229.68,231.5515,110768,2020-12-29 05:00:00
584,232.19,231.51,6017643,233.84,230.02,231.4973,82799,2020-12-30 05:00:00
585,232,234.2,5002663,234.69,229.69,232.5006,69929,2020-12-31 05:00:00
586,237.8,231.92,8148695,237.9969,227.5348,232.4464,129542,2021-01-04 05:00:00
587,230.47,234.91,5047831,235.64,229.8,234.0005,75876,2021-01-05 05:00:00
588,228.94,226.83,9211701,232.49,225.7021,228.728,152464,2021-01-06 05:00:00
589,229.46,235.04,7107892,235.6,229.22,234.0737,110281,2021-01-07 05:00:00
590,237.43,242.46,6758739,242.91,236.0687,240.6344,112878,2021-01-08 05:00:00
591,238.04,237.5,5073071,240.84,234.09,238.2135,86180,2021-01-11 05:00:00
592,237.62,237.64,4145557,238.8,233.83,236.9003,78326,2021-01-12 05:00:00
593,236.57,244.9,7354936,247.44,236.54,243.9632,107855,2021-01-13 05:00:00
594,246.87,242.06,6976718,249.85,241.54,244.2709,108410,2021-01-14 05:00:00
595,242.25,239.79,8373333,244.5632,235.0341,240.132,110581,2021-01-15 05:00:00
596,243.3,247.25,7436752,248.74,241,245.6741,102350,2021-01-19 05:00:00
597,248.85,244.26,5803248,249.65,244.14,245.9563,98191,2021-01-20 05:00:00
598,246.67,248.64,10336554,250.37,243.58,247.7855,132533,2021-01-21 05:00:00
599,246.65,252,7800506,254.39,246.2,251.1629,124370,2021-01-22 05:00:00
600,253.8,247.75,8499384,254.39,242.22,248.315,140072,2021-01-25 05:00:00
601,246.9,241,7882985,248.76,240.03,243.301,119906,2021-01-26 05:00:00
602,234.7,229.94,11787024,235.4,225,231.2839,217871,2021-01-27 05:00:00
603,235,237.79,8245538,241.555,232.21,237.8461,132914,2021-01-28 05:00:00
604,238.65,234.31,9805849,240.87,232.66,235.5993,146483,2021-01-29 05:00:00
605,238.37,241.85,7788173,244.14,235.4,241.114,117521,2021-02-01 05:00:00
606,243.61,249.1,7082835,250.19,240.53,247.5545,113982,2021-02-02 05:00:00
607,253.96,251.9,13537154,254.315,247.39,253.3722,195808,2021-02-03 05:00:00
608,265.34,270.43,23817455,274.94,260.85,267.9151,318480,2021-02-04 05:00:00
609,268.61,269.44,7978598,270,264.71,267.9576,134559,2021-02-05 05:00:00
610,276.88,282.17,10084303,282.6989,274.6235,280.3821,160287,2021-02-08 05:00:00
611,280.38,284.2,8694925,286.89,276.51,282.7541,144089,2021-02-09 05:00:00
612,285.1,283.18,9364487,286.08,278.401,283.1676,143620,2021-02-10 05:00:00
613,287.33,285.03,21371109,302.1,281.6,292.084,265019,2021-02-11 05:00:00
614,292.64,298.37,11882184,299.34,289.32,295.183,171371,2021-02-12 05:00:00
615,306.4,304.79,13597698,309.14,298.18,304.355,194683,2021-02-16 05:00:00
616,297.63,297.2,9879846,301.5,290.56,296.0332,171275,2021-02-17 05:00:00
617,291.13,290.81,9715481,292.97,285.03,289.0292,162472,2021-02-18 05:00:00
618,292.12,286.92,9413810,293.94,285.46,288.876,141955,2021-02-19 05:00:00
619,281.42,273.85,13132453,285,273.29,277.809,220385,2021-02-22 05:00:00
620,259.69,265,20416219,267.25,252.56,261.2289,350062,2021-02-23 05:00:00
621,266.105,266.07,10764984,268.6662,259.1001,264.7703,175344,2021-02-24 05:00:00
622,262.76,253.94,13403264,266,251.42,256.7854,235410,2021-02-25 05:00:00
623,257.45,259.85,11915229,261.86,253.1142,258.9063,172539,2021-02-26 05:00:00
624,268.895,273.63,10308514,274.54,265.72,271.4519,165660,2021-03-01 05:00:00
625,275.96,269.19,8484874,277.5,268.91,271.5195,145231,2021-03-02 05:00:00
626,265.02,255.06,10841763,267.6599,253.25,258.4056,203599,2021-03-03 05:00:00
627,251.76,239.07,18878783,254.8,232.27,241.9471,342839,2021-03-04 05:00:00
628,243.12,239.05,16830228,243.748,223.09,233.7735,306707,2021-03-05 05:00:00
629,239,226.09,13340269,241.33,225.65,232.7265,229969,2021-03-08 05:00:00
630,240.98,241.76,12071203,244.44,236.04,240.7932,191114,2021-03-09 05:00:00
631,249.31,242.07,9443992,249.96,241.27,244.4816,158857,2021-03-10 05:00:00
632,247.12,253.83,9234249,254.92,246.53,252.2742,151074,2021-03-11 05:00:00
633,249.49,250.35,7609684,251.548,244.3026,249.1049,133433,2021-03-12 05:00:00
634,251.4182,249.98,7065138,252,246.79,249.4362,117281,2021-03-15 04:00:00
635,253.42,249.31,7370425,254.78,247.55,251.2856,122050,2021-03-16 04:00:00
636,245.84,251.47,6340146,254.4611,242.9,248.6393,118579,2021-03-17 04:00:00
637,246.46,238.41,9331202,247.27,237.8,241.74,173316,2021-03-18 04:00:00
638,239.63,241.28,10405020,243.15,237.13,240.9326,120780,2021-03-19 04:00:00
639,242.03,244.385,5720225,246.95,240.85,244.4918,90351,2021-03-22 04:00:00
640,245.55,243.77,5093181,246.84,242.25,244.3453,91113,2021-03-23 04:00:00
641,244.4904,234.27,6097320,244.97,233.76,238.0952,119021,2021-03-24 04:00:00
642,232.63,234.24,8796639,235.34,227.52,231.8135,146811,2021-03-25 04:00:00
643,233.6187,241.03,8217621,241.31,232.3,237.42,123906,2021-03-26 04:00:00
644,241.58,235.67,7510936,243.2,233.61,236.4067,128188,2021-03-29 04:00:00
645,236.88,236.54,6241995,238.36,232.6301,235.9115,103434,2021-03-30 04:00:00
646,238.11,242.84,7633372,245.23,237.27,243.3298,116032,2021-03-31 04:00:00
647,248.04,247.54,6990135,252.6492,246.04,248.3848,117656,2021-04-01 04:00:00
648,250.51,251.02,5744396,251.76,245.7,249.7087,102188,2021-04-05 04:00:00
649,251.65,253.19,5580356,255,249.5,252.8759,98933,2021-04-06 04:00:00
650,253.075,255.6,7243248,259.22,251.07,255.9727,115303,2021-04-07 04:00:00
651,260.16,264.5,9059072,265,258.17,262.3585,141005,2021-04-08 04:00:00
652,262.98,266.77,6687731,266.94,261.38,265.2464,115059,2021-04-09 04:00:00
653,265.39,269.03,6681204,270.33,262.59,267.5457,118487,2021-04-12 04:00:00
654,271.2665,275.43,7284375,276.87,271,274.5241,131810,2021-04-13 04:00:00
655,275.84,267.21,8507211,277.86,266.2,270.4882,162993,2021-04-14 04:00:00
656,271.36,274,7542765,276.12,270.16,273.6749,133932,2021-04-15 04:00:00
657,273.16,269.87,6061589,274.15,268.59,270.4587,102972,2021-04-16 04:00:00
658,267.13,267.91,5258204,268.5,263.9,266.5418,104913,2021-04-19 04:00:00
659,269.62,264.43,6208389,272.58,262.24,265.6451,111256,2021-04-20 04:00:00
660,261.41,264.89,4669053,266,259.27,263.8539,95220,2021-04-21 04:00:00
661,265.13,262.27,5983169,268.16,259.4,263.5678,111132,2021-04-22 04:00:00
662,260.97,266.03,6299063,267.79,260.97,265.8509,87178,2021-04-23 04:00:00
663,266.66,271.72,5327779,271.75,265.92,269.9441,90586,2021-04-26 04:00:00
664,272.05,268.82,4296187,273.82,268.03,269.4713,85336,2021-04-27 04:00:00
665,268.758,271.09,5530309,275.25,267.17,271.6548,103810,2021-04-28 04:00:00
666,273.26,267.85,5663677,273.87,263.53,267.5934,112077,2021-04-29 04:00:00
667,265,262.29,6594463,266.1499,261.6,263.0982,107339,2021-04-30 04:00:00
668,265.06,259.09,7522024,265.8,256.18,260.2654,143116,2021-05-03 04:00:00
669,255.73,250.16,9217267,256.8,246.6501,249.6,181520,2021-05-04 04:00:00
670,254.92,247.4,9507304,254.92,246.245,250.7631,174841,2021-05-05 04:00:00
671,256,252.02,17998727,256.3094,245.11,250.799,258441,2021-05-06 04:00:00
672,255.92,253.36,10170019,258.64,251.64,255.2759,158035,2021-05-07 04:00:00
673,252.0149,243.63,8909232,252.41,243.45,245.79,165104,2021-05-10 04:00:00
674,235,248.6,9258171,250.5553,233.61,244.4389,174457,2021-05-11 04:00:00
675,240.5889,239.91,8649753,246.5,238.82,241.2807,161888,2021-05-12 04:00:00
676,241.92,240.8,7274043,245.68,237.8,241.254,131628,2021-05-13 04:00:00
677,244.0188,246.29,6729725,247.12,242.27,245.7721,106226,2021-05-14 04:00:00
678,245.15,244.36,5185101,246.24,240.6,243.2383,96472,2021-05-17 04:00:00
679,243.5,243.21,4726795,247.435,242.655,245.1079,90970,2021-05-18 04:00:00
680,235.86,244.63,7210456,245.34,235.11,241.5596,125710,2021-05-19 04:00:00
681,246.99,251.54,8112928,252.93,245.35,250.6941,123967,2021-05-20 04:00:00
682,253.8008,250.69,6842155,255.21,250.41,251.8446,101591,2021-05-21 04:00:00
683,254.13,257.17,6370095,257.6,252.43,256.4123,101301,2021-05-24 04:00:00
684,258.5,258.65,6048116,260.37,257.2801,258.8429,97725,2021-05-25 04:00:00
685,259.78,261.37,5405262,262.32,259.16,261.2009,85300,2021-05-26 04:00:00
686,259.86,259.47,7051206,260.64,256.28,259.0578,100349,2021-05-27 04:00:00
687,261.07,260.02,4206832,263.15,259.87,261.1789,79714,2021-05-28 04:00:00
688,261.08,259.27,5869632,263.42,256.52,259.4812,111104,2021-06-01 04:00:00
689,260.48,262.17,6777808,264.7799,259.58,262.8718,112826,2021-06-02 04:00:00
690,258.4,257.79,4947147,260.98,256.15,258.7249,87843,2021-06-03 04:00:00
691,259.5138,263.04,4086113,263.46,259.15,262.3893,83498,2021-06-04 04:00:00
692,262.48,260.6,3979778,262.94,260.19,261.262,78867,2021-06-07 04:00:00
693,261.5741,263.15,4415016,264.55,260.565,263.0929,85281,2021-06-08 04:00:00
694,265,263.6,4652997,268.1994,263.26,265.1704,87481,2021-06-09 04:00:00
695,263.07,269.47,6055717,269.65,261.69,267.8902,116791,2021-06-10 04:00:00
696,268.75,271.45,4494584,271.8999,268.4,270.525,89435,2021-06-11 04:00:00
697,271.9,274.93,5174233,274.97,270.6,273.2552,99416,2021-06-14 04:00:00
698,274.73,271.89,5371069,274.73,270.68,272.5986,93797,2021-06-15 04:00:00
699,271.4502,268.82,6874616,275.1603,265.3099,269.9,117522,2021-06-16 04:00:00
700,268.5,278.11,8071052,279.3718,268.46,276.7743,141347,2021-06-17 04:00:00
701,275.3,283.38,14703402,286.38,274.86,281.5443,198350,2021-06-18 04:00:00
702,283.2788,283.1,7287754,284.305,276.725,282.1215,123164,2021-06-21 04:00:00
703,281.7,286.75,6049410,287.46,280.22,284.7676,108954,2021-06-22 04:00:00
704,285.94,288.12,4966741,288.55,284.78,287.0365,96020,2021-06-23 04:00:00
705,290.18,293.21,7140286,296.01,289.64,293.4208,125573,2021-06-24 04:00:00
706,292.6,289.6,6616873,292.87,287.8,289.767,106959,2021-06-25 04:00:00
707,290.8502,293.65,5058605,294.26,289.78,292.874,96500,2021-06-28 04:00:00
708,292.97,292.76,4333201,295.18,291.53,292.9351,88535,2021-06-29 04:00:00
709,291.53,291.48,4235243,292.6999,289.51,291.5021,84002,2021-06-30 04:00:00
710,290.33,289,5652486,291.9,285.76,288.255,105220,2021-07-01 04:00:00
711,290.94,290.24,4171502,292.4299,288.92,290.2227,77881,2021-07-02 04:00:00
712,290.035,292.64,5043522,294.526,289.52,292.2258,107012,2021-07-06 04:00:00
713,294.9,297.13,6713925,299.3087,291.91,296.4687,132072,2021-07-07 04:00:00
714,292.1,295.05,5911952,295.8651,289.46,293.3703,116325,2021-07-08 04:00:00
715,296.41,300.21,5543262,300.83,295,299.0308,112406,2021-07-09 04:00:00
716,302.37,302.97,5455983,303.5,298.56,302.0343,97309,2021-07-12 04:00:00
717,302.19,301.19,7235032,307.82,298.75,303.3637,129466,2021-07-13 04:00:00
718,303.01,300.75,4848213,304.81,299.3301,301.7341,93585,2021-07-14 04:00:00
719,300.86,296.51,4943528,301.18,294.14,296.8868,103237,2021-07-15 04:00:00
720,297.23,294.63,4268899,298.75,294.44,295.8333,85199,2021-07-16 04:00:00
721,292.35,294.85,5681478,295.0693,288.81,292.7582,125449,2021-07-19 04:00:00
722,295.515,298.07,5419296,300.03,291.57,297.0088,96019,2021-07-20 04:00:00
723,296.49,301.77,5473740,301.83,296.2,300.0503,93398,2021-07-21 04:00:00
724,302.0207,303.69,3601476,304.57,301.87,303.4067,71742,2021-07-22 04:00:00
725,305.76,308.53,4231088,309.475,304.2,307.9032,87882,2021-07-23 04:00:00
726,309.66,306.8,3805925,310.16,305.23,307.1412,78647,2021-07-26 04:00:00
727,305.5,300.48,6938396,306.34,294.89,299.3545,139792,2021-07-27 04:00:00
728,300.74,301.98,9169458,302.43,296.78,295.3766,171138,2021-07-28 04:00:00
729,285.37,283.17,18236974,289,281.6,285.3249,355035,2021-07-29 04:00:00
730,280.245,275.53,11689377,280.5,274.21,276.8215,231860,2021-07-30 04:00:00
731,276.885,270.99,10069821,276.885,270.4302,273.4786,211402,2021-08-02 04:00:00
732,272.06,273.5,8323049,274.54,269.57,272.0987,154814,2021-08-03 04:00:00
733,274.0711,275.5,6616877,276.0931,270.67,273.8303,130113,2021-08-04 04:00:00
734,277.1,280.67,7354195,280.96,275.82,279.3297,140914,2021-08-05 04:00:00
735,280,279.54,6086327,282.3699,276.87,279.2301,111605,2021-08-06 04:00:00
736,280.22,278.15,3817596,281.1,277.46,278.3979,87197,2021-08-09 04:00:00
737,278.94,274.37,6264118,280.49,272.5,274.7762,123391,2021-08-10 04:00:00
738,277.4418,276.41,5785928,278.235,273.13,275.824,123309,2021-08-11 04:00:00
739,274.25,274.59,4513787,276.805,273.06,275.1978,91165,2021-08-12 04:00:00
740,276.17,274.91,4082809,276.81,274.61,275.3017,81697,2021-08-13 04:00:00
741,273.73,278.28,5285791,279.19,273.56,277.0653,111034,2021-08-16 04:00:00
742,275.25,271.1,7966077,275.545,269.08,271.1601,149898,2021-08-17 04:00:00
743,271.01,268.84,4830905,272.77,268.48,270.8209,97798,2021-08-18 04:00:00
744,267.19,270.58,5069910,272.0099,266.6033,269.9731,107738,2021-08-19 04:00:00
745,269.54,272.96,4179531,273.935,269.54,272.5821,85542,2021-08-20 04:00:00
746,275.75,276.98,5507500,278.29,273.02,276.5429,115594,2021-08-23 04:00:00
747,278.93,279.51,3542641,279.58,276.5086,278.7898,81375,2021-08-24 04:00:00
748,279.8157,277.69,4392583,279.8296,276.77,277.7755,76949,2021-08-25 04:00:00
749,277.89,273.62,3626405,278.68,273.52,275.134,84188,2021-08-26 04:00:00
750,274.03,278.33,3916952,278.89,273.67,277.4771,77175,2021-08-27 04:00:00
751,279.61,288.47,14631047,290.406,279.08,286.2653,227966,2021-08-30 04:00:00
752,290.93,288.66,8880653,292.65,284.34,287.8736,159223,2021-08-31 04:00:00
753,290.1,286.75,5539281,290.9,286.36,287.9231,118500,2021-09-01 04:00:00
754,288.9,285.53,4647112,288.9,285.25,286.5654,93619,2021-09-02 04:00:00
755,285.03,289.13,5287970,290.38,284.4,288.8048,98890,2021-09-03 04:00:00
756,290.41,293.26,6876110,293.68,288.04,291.6192,145212,2021-09-07 04:00:00
757,296.55,285.23,11039278,296.7,283.33,288.9487,204985,2021-09-08 04:00:00
758,287.45,286.88,4169970,289.37,285.08,287.4525,97664,2021-09-09 04:00:00
759,288.6,284.32,3816588,289,284.11,285.6664,86514,2021-09-10 04:00:00
760,286.72,280.49,4925080,287.19,277.8,280.5154,112799,2021-09-13 04:00:00
761,281.8444,282.24,4291145,283.17,279.71,281.7606,86219,2021-09-14 04:00:00
762,284.21,282.43,4109407,285.75,279.5,282.2176,83221,2021-09-15 04:00:00
763,281.04,282.97,3606742,283.69,280.39,282.6611,77313,2021-09-16 04:00:00
764,282.18,276.34,7914126,282.5,275.92,277.7434,104600,2021-09-17 04:00:00
765,271.55,269.91,7728307,273,265.68,268.9338,175690,2021-09-20 04:00:00
766,271.75,269.49,4326076,272.2986,267.8,270.2092,91458,2021-09-21 04:00:00
767,270.46,272.34,5574070,273.47,266.5,271.1881,110927,2021-09-22 04:00:00
768,274.45,279.1,5409581,279.95,273.78,278.1589,113445,2021-09-23 04:00:00
769,276.02,278.11,3985813,278.33,274.69,276.6244,80618,2021-09-24 04:00:00
770,274.78,273.39,4614852,276.78,272.1855,273.803,92373,2021-09-27 04:00:00
771,269.895,262.19,8352372,271.44,261.68,263.7906,193423,2021-09-28 04:00:00
772,263.51,259,6829064,264.46,256.89,259.9424,155345,2021-09-29 04:00:00
773,259.65,260.21,5412158,263.47,258.73,261.0461,117392,2021-09-30 04:00:00
774,261.4548,264.65,4560448,265.82,260.11,263.4626,100693,2021-10-01 04:00:00
775,261.8378,255.01,7267168,262.57,251.59,254.3215,172526,2021-10-04 04:00:00
776,255.22,260.15,6317587,262.77,253.59,259.95,124945,2021-10-05 04:00:00
777,256.29,264.06,4615285,264.39,256.03,261.9623,99123,2021-10-06 04:00:00
778,265.95,263.54,5276445,268.6933,263.07,265.6796,110942,2021-10-07 04:00:00
779,264.955,260.06,4161857,265.47,259.8,261.6715,96556,2021-10-08 04:00:00
780,257.93,255.05,5031650,260.66,254.69,257.3564,105061,2021-10-11 04:00:00
781,256,255.85,4289324,257.97,253.78,255.7347,94289,2021-10-12 04:00:00
782,258.73,256.36,6024050,261.24,254.245,256.3636,115269,2021-10-13 04:00:00
783,261.5,266.45,7855106,267.41,260.2,265.5913,139639,2021-10-14 04:00:00
784,268.7006,268.35,4987867,269.7209,265.44,268.2236,91015,2021-10-15 04:00:00
785,266.39,270.33,4367137,270.44,264.71,268.4633,93762,2021-10-18 04:00:00
786,271.01,271.7,3985909,273.27,269.835,271.5569,79203,2021-10-19 04:00:00
787,273,258.36,31271743,273.51,253.1,259.1578,493454,2021-10-20 04:00:00
788,258.61,243.21,42499925,258.96,242.98,246.4179,685384,2021-10-21 04:00:00
789,243.73,240.4,24168917,246.66,239.75,241.98,332007,2021-10-22 04:00:00
790,254.955,246.88,23045333,255.52,245.82,249.9278,366346,2021-10-25 04:00:00
791,249.45,243,14304294,249.88,241.01,243.5051,270630,2021-10-26 04:00:00
792,243.85,234.94,18543914,244.6899,233.92,236.8965,332772,2021-10-27 04:00:00
793,237,236.83,14288265,237.94,232.78,234.8301,246364,2021-10-28 04:00:00
794,235.43,232.59,12785816,238.9,231.71,234.2747,220104,2021-10-29 04:00:00
795,232.7,231.28,13834938,233.55,230.19,231.1105,250706,2021-11-01 04:00:00
796,232.54,229.46,12676707,232.761,227.8,229.7723,225669,2021-11-02 04:00:00
797,228.33,230.38,14177954,230.9,225.3101,227.5146,265115,2021-11-03 04:00:00
798,231.61,228.22,14158856,231.92,225,227.6076,279912,2021-11-04 04:00:00
799,230,225.78,16665648,230.42,224.6,226.1765,255300,2021-11-05 04:00:00
800,227.96,229.42,23213877,230.97,226.25,229.1549,383049,2021-11-08 05:00:00
801,212.4,205.42,63995079,212.4,200.68,204.6215,1038271,2021-11-09 05:00:00
802,204.1,204.64,23552803,208.2,202.78,205.3637,364024,2021-11-10 05:00:00
803,207.92,202.03,17680094,208.31,201.56,203.2463,297821,2021-11-11 05:00:00
804,203.25,208.3,20954568,210.02,201.4835,206.8725,301871,2021-11-12 05:00:00
805,212.22,212.54,17417901,214.2091,210.71,212.5146,301812,2021-11-15 05:00:00
806,214.89,215.67,16697515,215.97,211.77,214.3889,256699,2021-11-16 05:00:00
807,211.145,206.27,23095572,213.97,203.35,206.6009,383013,2021-11-17 05:00:00
808,206.99,200.5,19980106,207.5,199.2,201.8366,331923,2021-11-18 05:00:00
809,202.19,193.61,24590479,202.5,193.0701,196.0913,403650,2021-11-19 05:00:00
810,193.62,189.48,29938003,193.9,184.275,188.5732,483119,2021-11-22 05:00:00
811,189.155,188.05,20004537,190.79,185.2,187.4133,266375,2021-11-23 05:00:00
812,187,188.71,13329144,189.64,184.74,188.0893,191278,2021-11-24 05:00:00
813,188.38,187.79,11080417,193,186.83,188.9989,174828,2021-11-26 05:00:00
814,188.92,187.24,16308218,189.9,182.43,186.1116,242028,2021-11-29 05:00:00
815,186.47,184.89,21131393,188.825,180.5,184.0186,281184,2021-11-30 05:00:00
816,187.77,179.32,19542916,190.35,179.15,185.0561,302470,2021-12-01 05:00:00
817,180.105,187.15,20420477,188.8,179.73,185.4625,286272,2021-12-02 05:00:00
818,187.73,183.93,20737544,187.8,179.29,182.5761,288974,2021-12-03 05:00:00
819,183.41,184.86,13303433,186.07,179.2,184.0075,187795,2021-12-06 05:00:00
820,188.67,191.02,17772718,192.828,188.43,190.9212,218484,2021-12-07 05:00:00
821,191.95,197.35,14433205,197.69,190.09,195.0178,200151,2021-12-08 05:00:00
822,196.06,191.75,11550681,196.42,191.44,193.4377,161946,2021-12-09 05:00:00
823,192.94,188.51,11908148,194.15,186.8,188.8629,179081,2021-12-10 05:00:00
824,187.5,186.38,11812188,190.2,185.3,187.1951,153915,2021-12-13 05:00:00
825,183.74,186.8,11414170,189.1434,182.78,186.5856,158762,2021-12-14 05:00:00
826,185.12,190.66,11269507,191.1,183.67,186.9857,168223,2021-12-15 05:00:00
827,194.1661,188.75,12326082,195.24,188.251,190.8655,178237,2021-12-16 05:00:00
828,187.005,186.2,18899845,187.84,181.99,185.8996,189829,2021-12-17 05:00:00
829,182.53,182.68,10899379,184.4061,181.67,182.8892,162255,2021-12-20 05:00:00
830,183.18,189.14,12515481,189.29,183.08,186.8262,148805,2021-12-21 05:00:00
831,189.16,191.68,9534314,191.77,188.039,190.5434,126874,2021-12-22 05:00:00
832,192.47,192.01,7758852,192.9561,190.25,191.7053,111604,2021-12-23 05:00:00
833,192.39,192.01,8357284,193.92,191.08,192.0269,114041,2021-12-27 05:00:00
834,192.19,190.1,7974873,194,189.11,191.088,117217,2021-12-28 05:00:00
835,190.03,189.97,7038696,191.27,187.83,189.86,109419,2021-12-29 05:00:00
836,189.61,191.88,9634832,193.95,188.91,191.962,132075,2021-12-30 05:00:00
837,191.45,188.58,7360352,192.23,188.4,189.6844,105882,2021-12-31 05:00:00
838,191.41,194.94,12797801,196,189.95,193.814,181840,2022-01-03 05:00:00
839,196,191.14,14197966,196.0998,188.19,190.9651,188059,2022-01-04 05:00:00
840,189.865,187.16,13227643,194.25,187.15,189.8475,179961,2022-01-05 05:00:00
841,185.52,192.27,14187505,195,185.07,191.6324,203307,2022-01-06 05:00:00
842,190.02,187.6,12577265,193.125,186.3,188.3586,164423,2022-01-07 05:00:00
843,185.75,182.95,14701568,185.75,177.4,181.0662,257342,2022-01-10 05:00:00
844,182.99,191.52,12867650,192.85,182.62,189.7407,187176,2022-01-11 05:00:00
845,189.7,187.2,13588818,191.45,185.28,187.6561,177625,2022-01-12 05:00:00
846,187.78,181.01,12779859,190.84,180.35,184.2151,188074,2022-01-13 05:00:00
847,179.15,178.42,14361332,182,175.4,178.19,202394,2022-01-14 05:00:00
848,176.96,174.46,12735481,179.68,174,175.9343,201701,2022-01-18 05:00:00
849,174.35,173.55,13715748,177.28,172.6,174.816,171059,2022-01-19 05:00:00
850,175.01,173.28,13992537,179.88,173.04,177.0833,172836,2022-01-20 05:00:00
851,171.8,163.54,20050952,172.96,163.3,166.4754,339887,2022-01-21 05:00:00
852,156.11,162.17,23702207,162.4482,152.08,157.1202,352564,2022-01-24 05:00:00
853,159.8,158.2,13168098,160.91,155.27,158.0739,200150,2022-01-25 05:00:00
854,162.09,156.98,15966504,165.33,155.49,160.4039,237366,2022-01-26 05:00:00
855,159.432,158.11,12657007,162.55,156.54,159.0478,183521,2022-01-27 05:00:00
856,158.37,163.52,9861663,163.64,156.79,160.7588,151391,2022-01-28 05:00:00
857,164.44,171.94,14245928,172.16,163.22,169.8453,185695,2022-01-31 05:00:00
858,172.77,175.8,23284402,176.2,170.53,164.8443,353825,2022-02-01 05:00:00
859,139.89,132.57,136263201,139.9,129.01,132.6923,1565322,2022-02-02 05:00:00
860,129.95,124.3,52101230,131.45,123.85,126.1061,629894,2022-02-03 05:00:00
861,124.39,126.08,33095477,126.7,121.4,124.8166,423944,2022-02-04 05:00:00
862,126.58,121.41,30384513,129.42,120.5,124.1053,407589,2022-02-07 05:00:00
863,121.02,120.26,30862685,123.3299,118.55,120.4304,398313,2022-02-08 05:00:00
864,122.21,122.94,29475577,123.9721,119.81,122.3647,352881,2022-02-09 05:00:00
865,121.54,119.02,29952632,125.28,118.48,121.8098,411135,2022-02-10 05:00:00
866,119.65,115.29,24618384,120.89,114.73,117.334,347829,2022-02-11 05:00:00
867,113.62,114.12,22786950,116.63,113,114.592,330289,2022-02-14 05:00:00
868,115.415,115.46,19007632,116.4,114.01,115.1462,229855,2022-02-15 05:00:00
869,114.7,110.54,28938685,114.79,110.38,111.624,368737,2022-02-16 05:00:00
870,109.99,105.2,33772162,111.41,104.99,107.469,391083,2022-02-17 05:00:00
871,106,103.65,28157409,106.741,103.03,104.4743,388161,2022-02-18 05:00:00
872,102.15,103.17,28422164,105.08,101.71,103.5221,412473,2022-02-22 05:00:00
873,105.02,100.72,25262194,105.55,100.595,102.4603,303143,2022-02-23 05:00:00
874,94.74,105.02,35400626,105.26,94.5,100.3003,463473,2022-02-24 05:00:00
875,106.15,110.94,33806875,111.1,104.53,108.4935,449028,2022-02-25 05:00:00
876,110.31,111.93,25719349,113.535,108.93,111.3485,314160,2022-02-28 05:00:00
877,112.73,106.51,19597676,112.75,105.561,107.8475,296328,2022-03-01 05:00:00
878,105.61,106.61,17023538,107.23,103.69,105.8022,246270,2022-03-02 05:00:00
879,107.66,101.34,20293663,107.75,100.86,103.1012,293764,2022-03-03 05:00:00
880,100.24,99.91,20159124,102.39,98.62,100.1997,303050,2022-03-04 05:00:00
881,99.57,93.61,26529924,100.33,93.5,95.7622,360999,2022-03-07 05:00:00
882,93.04,94.9,25130946,98.6,92.25,95.2564,307156,2022-03-08 05:00:00
883,98.12,100.22,20811232,100.73,97.29,99.3076,275531,2022-03-09 05:00:00
884,99.05,98.55,14683698,99.32,96.4,97.9276,238479,2022-03-10 05:00:00
885,99.75,96.57,15141665,99.82,95.52,97.3225,232577,2022-03-11 05:00:00
886,96.045,96.87,20988852,100.64,94.63,97.7578,292632,2022-03-14 04:00:00
887,98.675,100.46,18032858,100.57,96.05,99.1905,215672,2022-03-15 04:00:00
888,102.38,107.92,24840489,107.94,101.89,105.3874,301379,2022-03-16 04:00:00
889,106.56,112.16,21950824,112.18,106.47,110.0456,285771,2022-03-17 04:00:00
890,111.53,118.77,31972825,119.38,110.23,115.9025,325464,2022-03-18 04:00:00
891,117.22,114.65,19888872,117.5,112.5,114.8349,296509,2022-03-21 04:00:00
892,114.65,117.87,16746093,119.35,114.65,117.7124,252806,2022-03-22 04:00:00
893,115.53,114.65,14430567,117.36,114.09,115.322,208364,2022-03-23 04:00:00
894,115.82,116.05,13546673,116.19,113.32,114.9337,178345,2022-03-24 04:00:00
895,116.04,113.76,12378260,116.19,112.09,113.5117,148169,2022-03-25 04:00:00
896,114,116.17,13867983,117.1,112.36,114.9,206348,2022-03-28 04:00:00
897,118.65,121.18,15901007,121.55,116.97,119.8528,204660,2022-03-29 04:00:00
898,122.325,118.49,16513336,122.81,118.03,120.3879,203499,2022-03-30 04:00:00
899,118.105,115.65,13928293,118.89,115.59,116.9642,155698,2022-03-31 04:00:00
900,116,116.67,11037797,118.24,115.04,116.5904,138349,2022-04-01 04:00:00
901,117.06,121.86,15292250,122.32,116.88,120.7943,168880,2022-04-04 04:00:00
902,122.83,117.65,12778748,122.918,117.2025,118.8021,159767,2022-04-05 04:00:00
903,115.26,112.49,16288878,115.52,110.86,112.4239,218992,2022-04-06 04:00:00
904,111.52,113.04,12296329,114.34,110.1,112.1684,189933,2022-04-07 04:00:00
905,112.26,111.21,10521847,113.24,110.25,111.762,143572,2022-04-08 04:00:00
906,109.75,109.81,10706635,111.395,108.44,110.1702,147310,2022-04-11 04:00:00
907,111.64,108.25,12493550,112.74,107.75,109.8846,172396,2022-04-12 04:00:00
908,102.59,105.17,26359266,105.95,102.29,104.3854,273529,2022-04-13 04:00:00
909,105.08,102.31,16125742,105.7,102.06,103.2858,185505,2022-04-14 04:00:00
910,102.05,100.58,15342449,103,99.135,100.6625,231739,2022-04-18 04:00:00
911,100,103.66,12768109,104.86,99.91,103.4189,188834,2022-04-19 04:00:00
912,101.95,94.9,26487031,101.95,94.43,96.2261,347206,2022-04-20 04:00:00
913,96.135,89.4,27204147,97.61,88.81,91.0576,366561,2022-04-21 04:00:00
914,89.295,86.03,21050559,90.25,85.98,87.3124,258976,2022-04-22 04:00:00
915,85.325,87.78,15683356,87.93,84.42,86.9398,190016,2022-04-25 04:00:00
916,86.77,83.7,17205299,86.8652,83.57,84.7257,208160,2022-04-26 04:00:00
917,83.57,82.61,24669832,86.605,82.12,83.5684,276681,2022-04-27 04:00:00
918,85.06,92.09,42836610,93.18,84.37,89.0619,389049,2022-04-28 04:00:00
919,91,87.93,24842396,94.51,87.75,90.0054,224765,2022-04-29 04:00:00
920,87.55,91.53,21340463,92.49,86.82,90.2622,199664,2022-05-02 04:00:00
921,91.48,90.71,15227635,92.25,90.04,90.8908,140322,2022-05-03 04:00:00
922,90.25,92.72,15850562,92.85,87.12,90.003,182392,2022-05-04 04:00:00
923,90.73,85.43,22066474,90.73,84.17,86.1114,228415,2022-05-05 04:00:00
924,85.32,81.68,21369329,85.37,80.9,82.246,220797,2022-05-06 04:00:00
925,79.89,79.53,25513691,82.14,78.85,80.2656,252753,2022-05-09 04:00:00
926,81.71,78.75,21126342,82.27,76.13,78.8046,238231,2022-05-10 04:00:00
927,77.75,75.17,16603740,80.39,75.02,77.0031,199509,2022-05-11 04:00:00
928,73.75,74.29,29360958,76.56,71.8312,74.0499,311025,2022-05-12 04:00:00
929,76.37,78.83,17111400,79.19,76.37,78.1745,185815,2022-05-13 04:00:00
930,78.59,77.65,14753814,79.06,76.1884,77.7596,158552,2022-05-16 04:00:00
931,79.89,79.75,12677442,81.285,77.31,79.0976,149852,2022-05-17 04:00:00
932,78.6,77.18,15955288,79.9383,76.77,77.8454,143478,2022-05-18 04:00:00
933,76.83,81.28,19779340,82.31,76.83,80.7401,189183,2022-05-19 04:00:00
934,83.71,80.54,16887352,83.77,77.56,80.1725,199914,2022-05-20 04:00:00
935,80.44,81.18,12309245,82.06,79.28,80.99,123297,2022-05-23 04:00:00
936,79.89,78.65,13309573,80,77.2,78.4397,146857,2022-05-24 04:00:00
937,77.96,80.12,14075385,80.78,77.25,79.1836,154383,2022-05-25 04:00:00
938,80.37,80.42,21681859,81.3,79.751,80.4095,202882,2022-05-26 04:00:00
939,81.16,85.21,16874070,85.42,80.74,84.1917,175610,2022-05-27 04:00:00
940,84.705,85.21,15499955,86.5915,83.14,85.1032,154609,2022-05-31 04:00:00
941,85.47,82.48,11019066,86.77,81.85,83.5002,137626,2022-06-01 04:00:00
942,82.22,88.32,17219332,88.61,82.22,86.8324,177823,2022-06-02 04:00:00
943,86.68,86.53,11808262,88.1,85.7,86.6986,148055,2022-06-03 04:00:00
944,87.96,86.81,12440493,88.99,86.4,87.267,115052,2022-06-06 04:00:00
945,85.1,88.59,10423760,88.82,84.52,87.3848,112045,2022-06-07 04:00:00
946,88.32,87.51,9129602,89.32,86.89,87.9283,103287,2022-06-08 04:00:00
947,86.81,84.11,11771458,88.13,84.07,85.7868,133779,2022-06-09 04:00:00
948,80.43,79.3,19130861,81.46,78.25,79.3984,214225,2022-06-10 04:00:00
949,76.03,73.72,19674409,78.13,73.46,74.732,241169,2022-06-13 04:00:00
950,74.3,72.46,19289260,75.08,71.455,72.6876,181068,2022-06-14 04:00:00
951,73.47,75.83,16765614,77.1,72.39,74.6536,173918,2022-06-15 04:00:00
952,73.33,71.23,14404309,74.065,70.71,71.4543,172743,2022-06-16 04:00:00
953,71.33,72.9,17231100,73.6599,70.47,72.4554,135813,2022-06-17 04:00:00
954,74.51,72.37,14934769,75,72.28,73.1054,127548,2022-06-21 04:00:00
955,71.87,72.97,13590705,74.575,71.3788,73.2138,115483,2022-06-22 04:00:00
956,73.27,73.81,16986787,74,71.56,73.0917,163055,2022-06-23 04:00:00
957,74.79,77.68,29789042,78.66,74.39,77.5528,181080,2022-06-24 04:00:00
958,77.99,75.94,11657201,78.45,75.32,76.1853,139260,2022-06-27 04:00:00
959,75.68,71.82,15005631,76.92,71.6121,73.0621,153027,2022-06-28 04:00:00
960,71.212,71.47,11344507,72.15,69.7701,71.1246,140800,2022-06-29 04:00:00
961,70.82,69.84,14264683,70.89,67.58,69.4675,161035,2022-06-30 04:00:00
962,69.84,71.4,9704584,71.7,69.66,70.7352,111655,2022-07-01 04:00:00
963,70.18,74.4,12783153,74.485,68.76,72.6782,141280,2022-07-05 04:00:00
964,74.83,73.24,9436619,75.4,72.63,73.4534,107239,2022-07-06 04:00:00
965,73.18,75.04,10739774,75.15,72.77,74.3722,101116,2022-07-07 04:00:00
966,73.12,73.43,11734548,74.76,71.83,73.3907,106973,2022-07-08 04:00:00
967,72.66,70.47,10775733,73.28,70.0698,70.833,106802,2022-07-11 04:00:00
968,70.46,71.43,12244873,72.51,70.46,71.5683,105815,2022-07-12 04:00:00
969,69.22,71.36,12037030,72.07,68.51,70.9366,118527,2022-07-13 04:00:00
970,70.52,69.55,9822455,70.85,68.71,69.5462,114212,2022-07-14 04:00:00
971,70.53,73.91,14155264,74,70.25,72.9165,130508,2022-07-15 04:00:00
972,75.118,74.13,14034655,76.56,73.61,75.0309,124685,2022-07-18 04:00:00
973,75.46,77.74,11531787,77.9,74.32,76.8785,109383,2022-07-19 04:00:00
974,76.88,80.24,13929305,80.31,76.85,79.2548,133955,2022-07-20 04:00:00
975,79.79,82.75,17891449,84.13,79.72,82.1925,177122,2022-07-21 04:00:00
976,82.65,81.05,12379714,84.51,80.35,81.5833,124140,2022-07-22 04:00:00
977,80.85,81.65,11218978,82.28,79.04,81.3618,107292,2022-07-25 04:00:00
978,80.0304,77.04,13230434,80.22,76.71,77.5759,136514,2022-07-26 04:00:00
979,83.1,86.42,30542903,87.02,81.36,84.9365,279532,2022-07-27 04:00:00
980,85.54,85.86,12476467,86.5,83.35,85.2366,143454,2022-07-28 04:00:00
981,86.52,86.53,12115703,87.62,84.82,86.3988,123404,2022-07-29 04:00:00
982,87.05,88.565,11710239,89.21,85.2701,88.1403,140589,2022-08-01 04:00:00
983,87.11,89.63,19673924,90.67,86.91,91.6323,221308,2022-08-02 04:00:00
984,101.14,97.92,53766791,101.9465,97.27,99.2789,449421,2022-08-03 04:00:00
985,97.9,96.98,20145868,98.41,94.47,96.7696,210584,2022-08-04 04:00:00
986,95.24,95.32,12281468,96.99,94.41,95.5364,147405,2022-08-05 04:00:00
987,96.35,96.26,19557490,98.94,95.32,96.902,163784,2022-08-08 04:00:00
988,95.45,94.48,12357235,95.78,93.61,94.4762,137566,2022-08-09 04:00:00
989,98.09,98.91,17077237,99,96.36,98.0282,188430,2022-08-10 04:00:00
990,101.12,99.11,16441158,101.95,98.55,99.9824,174444,2022-08-11 04:00:00
991,100.548,101.1,12320895,101.78,100.01,100.8856,125109,2022-08-12 04:00:00
992,100.72,101.51,9805639,102.22,100.47,101.4575,119337,2022-08-15 04:00:00
993,102.57,102.08,14123794,103.03,100.16,101.8883,147658,2022-08-16 04:00:00
994,100.05,99.42,10651075,101,99.02,99.8571,140794,2022-08-17 04:00:00
995,98.752,99.86,11044504,100.63,97.16,99.169,124726,2022-08-18 04:00:00
996,97.89,96.56,11274736,98.43,95.9,96.8107,141490,2022-08-19 04:00:00
997,94.05,93.58,12384440,95.295,93.13,93.7213,133289,2022-08-22 04:00:00
998,93.03,93.2,11397486,95.29,92.38,93.551,108035,2022-08-23 04:00:00
999,93.12,93.76,8957716,95.77,93.02,94.3412,101684,2022-08-24 04:00:00
1000,94.14,96.72,8169067,96.76,93.95,95.7217,100520,2022-08-25 04:00:00
1001,96.895,92.7,12286548,97.455,92.63,93.8334,137070,2022-08-26 04:00:00
1002,91.025,92.66,11062920,93.97,90.95,92.7752,105341,2022-08-29 04:00:00
1003,93.28,91.8,8773014,94.52,90.75,92.0017,107596,2022-08-30 04:00:00
1004,95.435,93.44,14585798,96.3799,93.23,94.4258,162616,2022-08-31 04:00:00
1005,92.252,92.66,10452119,92.86,89.7937,91.4211,144300,2022-09-01 04:00:00
1006,93.71,91.13,8673540,94.07,90.61,92.0061,120641,2022-09-02 04:00:00
1007,91.16,91.615,9198934,92.2073,89.811,91.3912,119715,2022-09-06 04:00:00
1008,91.88,94.97,9529736,95.555,91.76,93.9809,110990,2022-09-07 04:00:00
1009,93.6,96.17,10113263,96.377,93.37,95.5534,117302,2022-09-08 04:00:00
1010,96.2,96.23,12029623,97.27,95.66,96.3799,142988,2022-09-09 04:00:00
1011,97.28,97.65,11236255,99.3,96.85,97.7964,120399,2022-09-12 04:00:00
1012,94.19,95.01,14972920,97.36,93.8,95.5552,165053,2022-09-13 04:00:00
1013,96.76,97.66,15117188,97.845,95.53,96.8147,167550,2022-09-14 04:00:00
1014,95.1,96.4,15043052,98.98,95.02,97.0808,158359,2022-09-15 04:00:00
1015,94.9,94,17490493,94.95,91.85,93.5597,157393,2022-09-16 04:00:00
1016,93,95.03,10960463,95.145,92.63,94.1654,107408,2022-09-19 04:00:00
1017,92.13,91.63,15905803,93.51,90.395,91.7168,149189,2022-09-20 04:00:00
1018,93.07,91.18,14457878,95.64,91.13,92.8096,165193,2022-09-21 04:00:00
1019,90.855,87.66,12996947,91.5,87.1,88.244,163904,2022-09-22 04:00:00
1020,86.92,86.97,12175885,87.63,85.68,86.5907,148879,2022-09-23 04:00:00
1021,87.065,84.26,16936399,89.08,84.13,85.6053,172643,2022-09-26 04:00:00
1022,85.35,85.75,11627600,87.695,84.58,85.9468,142572,2022-09-27 04:00:00
1023,85.83,91.12,14925948,91.65,85.56,89.1892,151196,2022-09-28 04:00:00
1024,89.67,88.7,10772526,90.5599,87.71,88.9339,130885,2022-09-29 04:00:00
1025,87.95,86.07,10641930,89.52,85.98,87.3312,121637,2022-09-30 04:00:00
1026,87.53,87.18,10416299,88.06,85.445,86.8874,123475,2022-10-03 04:00:00
1027,89.55,92.79,11227829,93,89.5,91.9713,138240,2022-10-04 04:00:00
1028,91.02,93.83,9803544,94.61,90.99,92.9626,108663,2022-10-05 04:00:00
1029,93.22,94.42,8652282,95.57,93.22,94.5716,111968,2022-10-06 04:00:00
1030,92.18,90.17,9229569,92.82,89.685,90.8149,115461,2022-10-07 04:00:00
1031,87.38,84.52,20930470,87.85,84.235,85.2598,210116,2022-10-10 04:00:00
1032,84.09,83.09,16097553,84.82,79.82,82.768,173742,2022-10-11 04:00:00
1033,83.54,83.81,11069268,85.17,82.32,84.0048,114732,2022-10-12 04:00:00
1034,79.352,84.04,15397915,84.785,79.3501,83.0474,165464,2022-10-13 04:00:00
1035,84.26,80.47,11764565,85.52,80.29,81.5826,136726,2022-10-14 04:00:00
1036,82.705,84.66,19583270,84.83,82.63,84.0455,154456,2022-10-17 04:00:00
1037,87.418,85.29,9921587,87.75,84.615,85.8832,109216,2022-10-18 04:00:00
1038,84.36,84.47,8590109,85.76,83.3072,84.4596,88647,2022-10-19 04:00:00
1039,84.68,84.78,10581861,87.6,84,85.7242,110156,2022-10-20 04:00:00
1040,83.624,83.94,14423801,85.13,82.35,83.6663,138745,2022-10-21 04:00:00
1041,84.55,83.32,13298956,84.6,80.86,82.8394,136842,2022-10-24 04:00:00
1042,86.17,89.24,18001395,89.68,85.96,88.4061,192808,2022-10-25 04:00:00
1043,88.1,88.55,12109437,91.34,87.92,89.6061,132997,2022-10-26 04:00:00
1044,88.55,87.35,10785787,89.71,87.1,88.1084,137358,2022-10-27 04:00:00
1045,86.09,86.25,16005726,87.4194,84.19,86.2254,173273,2022-10-28 04:00:00
1046,85.51,83.58,17709487,86.25,82.47,83.7657,166447,2022-10-31 04:00:00
1047,85,83.11,10269668,86.14,83.055,83.9173,127483,2022-11-01 04:00:00
1048,83.11,79.45,13037409,84.22,79.39,81.3934,150730,2022-11-02 04:00:00
1049,78.1501,76.55,26842895,78.72,75.29,74.9907,304467,2022-11-03 04:00:00
1050,75,75.18,41464864,75.31,71.168,73.4829,383378,2022-11-04 04:00:00
1051,76.53,77.66,18061466,78.18,76.12,77.3792,182302,2022-11-07 05:00:00
1052,78.15,81.13,19481300,83.23,78.05,81.1573,212125,2022-11-08 05:00:00
1053,80.02,78.68,14417308,80.25,78.09,78.9816,155319,2022-11-09 05:00:00
1054,84.11,86.8,20122066,86.9,83.11,85.5088,214721,2022-11-10 05:00:00
1055,86.52,91.03,19916726,92,86.46,90.1185,223533,2022-11-11 05:00:00
1056,90.16,89.51,10910626,91.37,88.92,90.1471,125954,2022-11-14 05:00:00
1057,92.49,89.86,14515675,92.62,89.28,90.8083,171053,2022-11-15 05:00:00
1058,89.62,87.04,17049823,89.71,85.48,87.1119,144122,2022-11-16 05:00:00
1059,84.615,85.64,11250077,87.34,83.51,85.5879,116103,2022-11-17 05:00:00
1060,86.86,84.92,9371737,87.28,84.43,85.176,105022,2022-11-18 05:00:00
1061,84.26,80.63,13839650,84.795,80.57,81.4056,144737,2022-11-21 05:00:00
1062,80.14,79.91,17402561,80.16,76.05,78.9176,179309,2022-11-22 05:00:00
1063,79.52,80.75,8851732,80.99,78.735,80.3401,96590,2022-11-23 05:00:00
1064,80.6,80.08,4634524,80.75,79.416,80.0805,53673,2022-11-25 05:00:00
1065,79.93,79.93,11287998,82.92,79.64,80.7019,126075,2022-11-28 05:00:00
1066,79.23,77.64,15491087,80.75,77.26,78.4174,162943,2022-11-29 05:00:00
1067,77.7,78.41,25747321,79.11,75.32,77.4359,222441,2022-11-30 05:00:00
1068,79.11,78.53,15188966,80.7455,78.14,78.7391,162478,2022-12-01 05:00:00
1069,76.82,74.66,24238438,77.06,74.52,75.2807,231398,2022-12-02 05:00:00
1070,74.01,73.62,18317164,75.49,72.825,73.9504,188476,2022-12-05 05:00:00
1071,73.38,72.23,14652966,73.84,71.35,72.1503,173125,2022-12-06 05:00:00
1072,71.68,74.42,24695638,75.34,71.01,73.8199,235601,2022-12-07 05:00:00
1073,75.09,74.22,13151074,75.86,73.79,74.7612,129756,2022-12-08 05:00:00
1074,73.95,73.57,11685646,74.59,73.34,73.9692,114914,2022-12-09 05:00:00
1075,73.135,73.8,13652848,74.065,72.8,73.4577,142316,2022-12-12 05:00:00
1076,77.04,73.7,20016816,77.81,73.1,74.6981,204822,2022-12-13 05:00:00
1077,73.7,72.63,18298756,74.335,71.59,73.1688,175586,2022-12-14 05:00:00
1078,71.29,69.77,17639938,71.66,69.44,70.0135,185935,2022-12-15 05:00:00
1079,69.4,69.26,25735164,70.86,68.45,69.2014,163811,2022-12-16 05:00:00
1080,69.06,68.95,15329986,69.6,67.75,68.8842,139360,2022-12-19 05:00:00
1081,68.385,68.76,9470903,70.13,68.13,68.9039,110307,2022-12-20 05:00:00
1082,68.81,69.21,13861596,70.19,68.07,69.332,124337,2022-12-21 05:00:00
1083,68.54,68.57,16488169,68.818,66.385,67.8465,152363,2022-12-22 05:00:00
1084,68.05,69.03,9990400,69.2499,67.71,68.5742,104354,2022-12-23 05:00:00
1085,68.96,68.33,10323752,69.24,67.68,68.5812,102657,2022-12-27 05:00:00
1086,68.12,67.55,8897589,69.47,67.2917,67.983,107892,2022-12-28 05:00:00
1087,68.39,70.56,13142958,70.74,68.22,70.1201,136607,2022-12-29 05:00:00
1088,69.48,71.22,10093158,71.26,69.06,70.5441,107822,2022-12-30 05:00:00
1089,73.69,74.58,27961016,75.26,73.38,74.4346,228205,2023-01-03 05:00:00
1090,76.11,77.69,19144650,78.48,75.43,77.5036,202778,2023-01-04 05:00:00
1091,77.3,76.27,9872463,77.32,75.65,76.4863,120707,2023-01-05 05:00:00
1092,76.77,76.48,14167910,77.06,73.95,76.0765,146755,2023-01-06 05:00:00
1093,77,77.08,12966060,78.765,76.53,77.5404,152371,2023-01-09 05:00:00
1094,76.9,77.92,10436048,78.02,76.5,77.5728,117882,2023-01-10 05:00:00
1095,78.67,78.54,10640362,79.19,77.82,78.5245,114911,2023-01-11 05:00:00
1096,79.01,79.78,9381907,80.3,77.1,79.2409,120572,2023-01-12 05:00:00
1097,78.525,79.48,8624660,79.809,78.03,79.14,98933,2023-01-13 05:00:00
1098,80.14,80.18,11261761,80.665,78.88,80.0223,108808,2023-01-17 05:00:00
1099,79.8,77.31,13601923,80.75,77.1213,78.099,139572,2023-01-18 05:00:00
1100,76.2605,76.75,10023405,77.42,75.96,76.6563,106992,2023-01-19 05:00:00
1101,77.012,79.09,12193167,79.1,75.9001,78.0704,118413,2023-01-20 05:00:00
1102,77.83,79.5,17407322,79.72,76.66,78.9161,175138,2023-01-23 05:00:00
1103,79.38,79.58,9491264,80.39,78.11,79.485,104433,2023-01-24 05:00:00
1104,78.56,79.1,9463413,79.55,77.3,78.5231,110016,2023-01-25 05:00:00
1105,80.08,80.81,10566025,80.9,78.556,79.9736,123675,2023-01-26 05:00:00
1106,80.56,81.83,10889093,82.5348,80.32,81.6632,116730,2023-01-27 05:00:00
1107,80.87,79.64,10301044,81.3598,79.535,80.2725,120838,2023-01-30 05:00:00
1108,79.7,81.49,15730265,82.47,79.61,81.164,132702,2023-01-31 05:00:00
1109,81.34,82.91,13221624,83.6,79.58,81.7654,141541,2023-02-01 05:00:00
1110,86.72,86.96,16906581,88.625,84.65,86.9295,203367,2023-02-02 05:00:00
1111,85.39,85.52,14786883,87.84,85.2,86.2155,170780,2023-02-03 05:00:00
1112,83.33,82.33,14175936,83.8,82.135,82.7484,166216,2023-02-06 05:00:00
1113,82.06,83.23,13520765,83.67,80.8226,82.3471,158879,2023-02-07 05:00:00
1114,82.35,79.72,13569313,82.61,79.62,80.505,150968,2023-02-08 05:00:00
1115,81.73,78.42,25473867,81.8,78.095,79.4083,247281,2023-02-09 05:00:00
1116,79.37,80.8,37521045,82.85,78.6,80.4835,382048,2023-02-10 05:00:00
1117,80.65,79.45,15898540,80.71,78.44,79.5754,160470,2023-02-13 05:00:00
1118,79,77.26,18794483,79.3727,76.3,77.4104,204744,2023-02-14 05:00:00
1119,76.53,77.91,14511551,78.79,76.05,77.77,160411,2023-02-15 05:00:00
1120,76.87,76.73,11461787,78.72,76.54,77.681,127066,2023-02-16 05:00:00
1121,76.2,74.66,15855721,76.33,73.59,74.5405,166889,2023-02-17 05:00:00
1122,73.71,75.24,14537401,75.57,73.682,75.0539,143680,2023-02-21 05:00:00
1123,75.36,75.48,9526680,76.28,74.885,75.4002,99285,2023-02-22 05:00:00
1124,75.89,75.19,9292018,76.28,73.6259,74.864,103676,2023-02-23 05:00:00
1125,73.5,73.55,12317666,74.03,72.98,73.5506,128616,2023-02-24 05:00:00
1126,74.32,73.77,8579281,74.565,73.46,73.8442,81395,2023-02-27 05:00:00
1127,73.53,73.6,8607417,74.34,73.13,73.7816,79809,2023-02-28 05:00:00
1128,73.63,73.82,7699553,74.22,73.25,73.7808,89543,2023-03-01 05:00:00
1129,72.624,74.1,7736316,74.3699,72.6,73.5232,94532,2023-03-02 05:00:00
1130,74.16,76.29,10040042,76.32,74.09,75.5865,110060,2023-03-03 05:00:00
1131,76.94,76.78,9563057,77.76,76.36,76.91,101030,2023-03-06 05:00:00
1132,76.54,74.91,9680412,77.38,74.79,75.4738,110417,2023-03-07 05:00:00
1133,75.16,75.84,9467869,76.2,74.35,75.504,98059,2023-03-08 05:00:00
1134,76.96,75.93,17398175,79.2651,75.725,77.4966,196834,2023-03-09 05:00:00
1135,75.94,73.43,13123835,75.94,73.1,74.0751,150331,2023-03-10 05:00:00
1136,72.622,72.61,14049002,73.97,71.0856,72.9287,169004,2023-03-13 04:00:00
1137,74.075,73.24,12376519,74.67,72.675,73.4723,118171,2023-03-14 04:00:00
1138,72.11,73.91,10548734,73.94,71.77,72.9613,132360,2023-03-15 04:00:00
1139,73.435,74.35,11652235,74.505,72.52,73.9957,130335,2023-03-16 04:00:00
1140,73.95,72.99,27210436,75.065,72.4783,73.1673,137781,2023-03-17 04:00:00
1141,73,73.21,16888461,74.14,72.02,73.0089,139075,2023-03-20 04:00:00
1142,74.14,76.72,12327575,76.84,74.07,75.8154,129880,2023-03-21 04:00:00
1143,76.86,74.34,11624454,77.115,74.24,75.5654,130061,2023-03-22 04:00:00
1144,72.95,72.56,18567643,74.51,71.71,72.9063,212013,2023-03-23 04:00:00
1145,71.92,73.88,9181929,73.9,71.53,73.0784,109540,2023-03-24 04:00:00
1146,74.815,73.3,11908872,75.17,73.18,73.742,129705,2023-03-27 04:00:00
1147,73.1,72.7,9252414,73.59,71.86,72.5818,102934,2023-03-28 04:00:00
1148,73.21,74.18,8746697,74.3,73,73.9207,90375,2023-03-29 04:00:00
1149,74.93,74.39,8429763,75.18,73.9001,74.4186,75142,2023-03-30 04:00:00
1150,74.51,75.94,8378585,76.03,74.12,75.3399,92494,2023-03-31 04:00:00
1151,75.625,75.29,8911724,75.92,74.705,75.2124,94670,2023-04-03 04:00:00
1152,75.46,75.26,8949082,75.69,74.73,75.1784,96883,2023-04-04 04:00:00
1153,75.11,73.61,10812732,75.11,73.115,73.6903,131331,2023-04-05 04:00:00
1154,73.27,74.96,10524544,75,72.28,74.2464,108607,2023-04-06 04:00:00
1155,74.46,74.52,7591754,74.855,73.46,74.345,83567,2023-04-10 04:00:00
1156,76.03,73.58,14190881,76.44,73.21,74.1173,120385,2023-04-11 04:00:00
1157,73.94,73.5,10422324,75.7,73.35,74.4371,114317,2023-04-12 04:00:00
1158,73.71,75.52,8724140,75.56,73.56,75.2788,89268,2023-04-13 04:00:00
1159,75.2,76.53,8902653,76.735,75.15,76.1526,96994,2023-04-14 04:00:00
1160,76.835,77.33,9690635,77.95,76.55,77.1782,102925,2023-04-17 04:00:00
1161,77.71,76.42,7558905,77.94,76.2101,76.6942,87838,2023-04-18 04:00:00
1162,75.3,75.32,8888295,75.94,74.1,74.9529,104140,2023-04-19 04:00:00
1163,74.4,73.58,8833243,74.97,73.47,74.0459,97331,2023-04-20 04:00:00
1164,73.4,74.18,8591139,74.24,72.92,73.7588,90968,2023-04-21 04:00:00
1165,74.41,74.29,7460807,74.8725,73.38,74.0658,83605,2023-04-24 04:00:00
1166,73.9,71.78,10255784,74.29,71.76,72.433,102643,2023-04-25 04:00:00
1167,71.21,72.06,9068775,72.765,71.03,72.1514,99570,2023-04-26 04:00:00
1168,73,74.27,11420109,74.37,72.96,73.884,117036,2023-04-27 04:00:00
1169,74.24,76,10716573,76.05,73.92,75.639,117124,2023-04-28 04:00:00
1170,76.03,75.11,6857876,76.5,74.97,75.5804,82816,2023-05-01 04:00:00
1171,74.82,72.28,12766951,75.06,71.93,72.6239,144687,2023-05-02 04:00:00
1172,72.41,71.43,11861195,72.99,71.35,72.088,134543,2023-05-03 04:00:00
1173,71.77,71.81,10230510,73.05,71.755,72.1668,119475,2023-05-04 04:00:00
1174,72.96,74.97,11954241,75.08,72.94,74.5196,140191,2023-05-05 04:00:00
1175,75.71,75.52,22864045,76.38,74.915,74.8527,224299,2023-05-08 04:00:00
1176,69.53,65.905,68697453,69.68,65.85,67.1146,632351,2023-05-09 04:00:00
1177,66.5,63.38,46276667,66.59,62.78,64.0801,380621,2023-05-10 04:00:00
1178,63.45,64.18,27903279,64.375,62.64,63.7936,228343,2023-05-11 04:00:00
1179,64.1,61.69,28700130,64.18,61.31,62.3118,292832,2023-05-12 04:00:00
1180,61.75,62.25,20633509,62.7292,61.58,62.1813,191326,2023-05-15 04:00:00
1181,61.8,60.8,17492310,61.9751,60.75,61.102,180748,2023-05-16 04:00:00
1182,61.15,61.46,19938697,61.7199,60.4,61.1614,182702,2023-05-17 04:00:00
1183,61.46,61.27,19820498,61.655,60.46,61.1128,178207,2023-05-18 04:00:00
1184,61.9,60.92,19353048,61.95,60.708,61.1068,150443,2023-05-19 04:00:00
1185,60.95,63.03,20220608,63.15,60.65,62.5349,175101,2023-05-22 04:00:00
1186,63.03,62,16766128,63.3,61.84,62.5535,157604,2023-05-23 04:00:00
1187,61.65,61.8,14790302,62.215,61.23,61.7156,136281,2023-05-24 04:00:00
1188,61.74,59.37,24461258,61.74,59.315,59.936,232486,2023-05-25 04:00:00
1189,59.5,60.22,20666752,60.6072,58.95,59.9737,182634,2023-05-26 04:00:00
1190,61.04,62.05,16998363,62.19,59.55,61.274,155083,2023-05-30 04:00:00
1191,61.84,61.99,27777732,63.215,61.17,61.9649,169800,2023-05-31 04:00:00
1192,62.41,63.05,16681145,63.61,61.83,62.9042,154437,2023-06-01 04:00:00
1193,63.74,63.96,16438701,64.395,63.562,64.0407,159934,2023-06-02 04:00:00
1194,64.07,64.51,13498337,64.98,63.505,64.3742,141616,2023-06-05 04:00:00
1195,64.43,65.02,13039248,65.175,64.23,64.895,134853,2023-06-06 04:00:00
1196,65.25,64.04,15511864,65.32,63.55,64.174,151703,2023-06-07 04:00:00
1197,64.2,64.24,13568477,64.695,63.985,64.2943,128775,2023-06-08 04:00:00
1198,64,63.49,17151726,64.06,62.43,63.3028,170335,2023-06-09 04:00:00
1199,63.6,63.73,15969490,64.26,63.12,63.5933,151429,2023-06-12 04:00:00
1200,63.55,63.56,19918415,64.24,63.13,63.6866,199529,2023-06-13 04:00:00
1201,64.14,63.6,24028135,65.1,63.025,64.0458,195577,2023-06-14 04:00:00
1202,63.12,65.85,21527728,66.21,62.63,65.0076,198263,2023-06-15 04:00:00
1203,65.95,66.43,29703731,67.15,65.2202,66.328,203214,2023-06-16 04:00:00
1204,67.13,68.89,31379158,69.2,66.78,68.3505,261030,2023-06-20 04:00:00
1205,68.945,68.19,23910590,69.02,67.22,68.0841,185015,2023-06-21 04:00:00
1206,67.52,68.57,16872538,68.645,67.06,67.9984,159087,2023-06-22 04:00:00
1207,67.415,66.94,27683805,68.16,65.85,67.0166,172822,2023-06-23 04:00:00
1208,66.87,66.44,12224355,67.58,66.41,66.8346,117742,2023-06-26 04:00:00
1209,66.87,66.23,16371204,67.1,65.78,66.4315,132134,2023-06-27 04:00:00
1210,66.05,66.03,15390593,66.48,65.62,66.0571,148842,2023-06-28 04:00:00
1211,66.3,65.86,14839752,67.34,65.62,66.1603,132635,2023-06-29 04:00:00
1212,66.09,66.73,16907133,66.975,65.75,66.4516,147904,2023-06-30 04:00:00
1213,67.12,68.1,8617899,68.63,66.84,67.9183,91094,2023-07-03 04:00:00
1214,68.04,68.85,13980553,68.9,67,68.302,136534,2023-07-05 04:00:00
1215,67.71,66.14,17443934,67.85,65.63,66.2294,176479,2023-07-06 04:00:00
1216,66.19,66.79,12341805,67.66,65.98,67.0772,117913,2023-07-07 04:00:00
1217,66.8,69.28,14871988,69.36,66.69,68.7574,150501,2023-07-10 04:00:00
1218,69.64,70.62,14798991,70.73,69.41,70.3481,151130,2023-07-11 04:00:00
1219,71.72,70.59,14458457,71.87,70.2801,70.8249,148629,2023-07-12 04:00:00
1220,71.37,72.39,14536257,72.735,71,72.0569,158968,2023-07-13 04:00:00
1221,72.66,72.1,12072244,72.98,71.92,72.2683,124024,2023-07-14 04:00:00
1222,72.52,73.49,13168841,73.78,71.96,73.2069,146206,2023-07-17 04:00:00
1223,73.48,74.37,11915019,74.41,73.26,74.0581,147823,2023-07-18 04:00:00
1224,74.47,74.22,12167232,75.04,73.9,74.4538,135425,2023-07-19 04:00:00
1225,72.82,73.02,14189125,74.68,72.8,73.6253,162956,2023-07-20 04:00:00
1226,72.73,72.99,25514976,73.62,71.83,72.8766,144639,2023-07-21 04:00:00
1227,73.04,73.69,8854192,73.97,73.015,73.5388,101629,2023-07-24 04:00:00
1228,73.68,72.96,8535991,74.3,72.94,73.409,96630,2023-07-25 04:00:00
1229,72.89,73.43,11332514,73.76,72.41,73.1485,115814,2023-07-26 04:00:00
1230,74.33,72.03,11836586,75.055,71.81,73.2126,131643,2023-07-27 04:00:00
1231,73.04,73.98,10191925,74.19,72.96,73.8394,111340,2023-07-28 04:00:00
1232,74.9,75.82,15661095,76.54,74.74,75.8734,149235,2023-07-31 04:00:00
1233,76.19,75.53,14658692,76.28,74.56,75.2687,142788,2023-08-01 04:00:00
1234,74.38,73.2,24567820,74.99,72.5,72.3078,265844,2023-08-02 04:00:00
1235,66.7,64.18,51387329,66.93,64.1,65.0636,499182,2023-08-03 04:00:00
1236,64.8,62.75,25279502,64.97,62.6585,63.4014,259357,2023-08-04 04:00:00
1237,63.02,64.42,23738026,64.75,62.2,63.9652,212538,2023-08-07 04:00:00
1238,63.77,63.19,17683725,63.99,62.49,63.0854,186239,2023-08-08 04:00:00
1239,63.1,62.02,13788674,63.39,61.93,62.4416,159688,2023-08-09 04:00:00
1240,62.6,62.79,13099582,63.05,62.075,62.5952,143401,2023-08-10 04:00:00
1241,62.27,61.54,12419259,62.5,61.47,61.8393,137517,2023-08-11 04:00:00
1242,62.15,63.27,22668025,63.44,61.68,62.8462,199549,2023-08-14 04:00:00
1243,62.76,59.47,31995405,62.77,59.4,60.5014,319616,2023-08-15 04:00:00
1244,59.44,59.68,16574736,60.185,59.26,59.6163,168600,2023-08-16 04:00:00
1245,59.01,58.6,20616663,59.195,58.15,58.6523,209155,2023-08-17 04:00:00
1246,57.39,59.42,19035842,59.8,57.29,59.0617,179071,2023-08-18 04:00:00
1247,59.46,59.51,14133676,59.7689,58.75,59.3181,144882,2023-08-21 04:00:00
1248,59.92,60.98,17364192,61.315,59.61,60.6903,149919,2023-08-22 04:00:00
1249,61.28,61.76,13105368,62.37,60.93,61.8663,130370,2023-08-23 04:00:00
1250,61.69,60.71,12846929,61.92,60.621,61.0145,120966,2023-08-24 04:00:00
1251,60.99,61.19,11150109,61.6,60.08,61.0091,113614,2023-08-25 04:00:00
1252,61.59,61.67,10459264,61.96,61.03,61.4644,98352,2023-08-28 04:00:00
1253,61.63,62.5,11627635,62.74,61.53,62.4162,106210,2023-08-29 04:00:00
1254,62.38,63.42,12040994,63.47,62.1204,63.0864,103660,2023-08-30 04:00:00
1255,62.72,62.51,13840146,63.41,62.45,62.7468,123243,2023-08-31 04:00:00
