SAM,open_price,close_price,trading_volume,highest_price,lowest_price,volume_weighted_avg_price,transaction_amt,date_time
0,302.2,301.1,173396,306,296.5661,300.8636,2242,2018-09-05 04:00:00
1,302,310.45,102619,311.5,296.75,305.8208,1984,2018-09-06 04:00:00
2,308.7,311.65,134698,317.4,302.5,312.9931,1962,2018-09-07 04:00:00
3,312.4,313.7,91406,319.6,311.5,315.1633,1650,2018-09-10 04:00:00
4,314.25,319.45,132392,322.2,312.75,319.5823,1899,2018-09-11 04:00:00
5,319.35,323.1,83712,324.25,316.8,321.4537,2279,2018-09-12 04:00:00
6,322.45,313.55,115770,324,312.75,316.4636,2004,2018-09-13 04:00:00
7,315,319.2,120900,320.3,310,317.0536,2334,2018-09-14 04:00:00
8,320,317.45,73752,320.175,311.205,317.043,1566,2018-09-17 04:00:00
9,316.55,315.8,167836,317.75,311.1,315.393,2626,2018-09-18 04:00:00
10,314.45,291.7,219705,314.55,290.95,297.873,3199,2018-09-19 04:00:00
11,293.2,294.95,165511,297.15,285.5,292.4027,3168,2018-09-20 04:00:00
12,295.95,297.7,146072,300.9,295.4,298.0029,1928,2018-09-21 04:00:00
13,296.95,296.85,110402,298.35,288.65,294.8615,2105,2018-09-24 04:00:00
14,297.3,296.3,153641,301.9,293,297.2518,2316,2018-09-25 04:00:00
15,296.95,297.7,111412,300.65,295.25,298.1065,1521,2018-09-26 04:00:00
16,296.3,297.2,95606,303.25,293.6,299.8251,1676,2018-09-27 04:00:00
17,297.35,287.5,116868,297.6,286.4,289.3585,1976,2018-09-28 04:00:00
18,289.84,288.55,108977,291.54,287.61,289.127,1860,2018-10-01 04:00:00
19,286.3,277.13,131792,289.645,276.175,279.6305,2249,2018-10-02 04:00:00
20,278.96,278.35,96171,281.11,276.47,278.799,1833,2018-10-03 04:00:00
21,278.93,283.67,115675,283.78,276.45,281.7748,1911,2018-10-04 04:00:00
22,283.35,283.06,88554,288.25,280.4166,284.3157,1049,2018-10-05 04:00:00
23,284.13,289.22,56659,290,283.62,287.8101,1038,2018-10-08 04:00:00
24,288.28,280.59,99705,291.0925,279.71,282.5704,1513,2018-10-09 04:00:00
25,280.59,270.76,159342,281.49,269.62,272.8341,3566,2018-10-10 04:00:00
26,269.56,267,102353,274.21,266.4059,269.6164,1678,2018-10-11 04:00:00
27,270.35,265.79,148350,274.99,263.45,268.3828,2289,2018-10-12 04:00:00
28,265.75,264.69,143001,272.25,262.7,266.9563,2289,2018-10-15 04:00:00
29,263.18,271.35,180935,276.09,260.01,270.3745,2880,2018-10-16 04:00:00
30,270.63,270.11,133390,272.87,262.485,268.4641,1983,2018-10-17 04:00:00
31,269.95,261.7,151456,271.735,260.19,264.6653,2239,2018-10-18 04:00:00
32,261.32,265.94,132941,270.63,260.53,266.7003,2323,2018-10-19 04:00:00
33,266.67,280.23,234863,283.34,266,278.2145,3514,2018-10-22 04:00:00
34,277.19,280.42,230169,285.94,271.16,280.1649,4071,2018-10-23 04:00:00
35,280.32,279.3,190231,288.19,277.72,282.9461,3058,2018-10-24 04:00:00
36,280.42,270.13,247659,282.195,268,273.3064,3756,2018-10-25 04:00:00
37,282.1,278.41,289880,288,263.1081,276.2453,4400,2018-10-26 04:00:00
38,281.39,293.79,221137,294.95,281.39,290.7738,3861,2018-10-29 04:00:00
39,294.53,317.6,368297,318.25,292.97,311.0392,6074,2018-10-30 04:00:00
40,320.32,307.29,220589,324.925,306.45,312.2856,3793,2018-10-31 04:00:00
41,309.02,296.83,173478,311.405,292.9,299.4711,3037,2018-11-01 04:00:00
42,298.9,290.4,218035,306,285.35,292.3084,3306,2018-11-02 04:00:00
43,290.54,303.93,169798,305.595,290.45,301.6277,2831,2018-11-05 05:00:00
44,302.91,301.28,226338,309.655,297.83,302.1473,3160,2018-11-06 05:00:00
45,303.67,306.51,74309,307.32,296.07,303.7753,1777,2018-11-07 05:00:00
46,306.21,306.03,94849,310.3378,301,306.6078,2140,2018-11-08 05:00:00
47,308.25,315.37,162535,320,303.1,314.7094,3063,2018-11-09 05:00:00
48,314.6,308.28,105300,319.43,307.96,313.2294,2148,2018-11-12 05:00:00
49,308.86,308.75,128619,312,304.73,308.084,2468,2018-11-13 05:00:00
50,310.54,313.67,103115,316.37,307.65,313.2953,2025,2018-11-14 05:00:00
51,313.82,307.7,134160,315.11,302.84,306.7581,2468,2018-11-15 05:00:00
52,304.94,307.79,78241,309.9,303.68,307.6066,1363,2018-11-16 05:00:00
53,307.96,307.45,113569,311.03,303.12,307.2817,2095,2018-11-19 05:00:00
54,303.29,291.35,95531,307.39,291.04,298.1322,2426,2018-11-20 05:00:00
55,292.44,295.93,80928,298.41,290.75,295.2049,1831,2018-11-21 05:00:00
56,294.38,282.6,57975,295.91,280.25,284.6487,1141,2018-11-23 05:00:00
57,285.23,280.93,95336,285.23,276.6676,281.0194,2361,2018-11-26 05:00:00
58,281.3,286.4,86022,289.545,279.64,285.3017,1984,2018-11-27 05:00:00
59,285.17,288.71,72472,290.97,284.84,288.3462,1758,2018-11-28 05:00:00
60,289.42,282.29,103135,291.58,279.9963,283.4014,2234,2018-11-29 05:00:00
61,281,274.54,175964,283.72,271.65,275.2353,3558,2018-11-30 05:00:00
62,275,282.24,185229,282.27,267.51,276.636,2702,2018-12-03 05:00:00
63,279.96,273.36,125597,280,269.04,273.1262,2744,2018-12-04 05:00:00
64,270.21,273.19,143971,275,266.59,272.3107,2462,2018-12-06 05:00:00
65,273.02,265.9,100510,273.19,264.46,267.931,2206,2018-12-07 05:00:00
66,267.16,269.44,91960,270.88,262.32,268.1021,1361,2018-12-10 05:00:00
67,272,268.97,71062,275,266.01,269.301,1897,2018-12-11 05:00:00
68,271.4,273.92,110408,275.92,269,272.9621,2691,2018-12-12 05:00:00
69,268.16,269,192737,270.975,259.21,268.1138,2798,2018-12-13 05:00:00
70,267.18,269.03,110694,275.72,266.8,270.4994,2583,2018-12-14 05:00:00
71,267.88,264.72,109877,268.87,262.1,264.385,2573,2018-12-17 05:00:00
72,270.2,259.88,171371,270.2,257.47,263.6545,2641,2018-12-18 05:00:00
73,260.42,252.25,93242,261.2,249.3,254.6056,1751,2018-12-19 05:00:00
74,251.15,251.46,98143,254.22,247.19,251.0506,2492,2018-12-20 05:00:00
75,251.73,246.98,198122,259.99,246.72,248.9201,1669,2018-12-21 05:00:00
76,246,240.32,43791,246.095,240.2,242.9791,952,2018-12-24 05:00:00
77,242.17,249.26,110078,249.29,240.21,245.5939,1977,2018-12-26 05:00:00
78,246.33,246.54,121825,248.39,237.53,242.1253,2775,2018-12-27 05:00:00
79,247.87,238.82,99048,250.155,238.21,242.5278,2323,2018-12-28 05:00:00
80,240.1,240.84,172310,249.42,235.58,238.8543,3177,2018-12-31 05:00:00
81,237.56,235.03,198450,237.56,231.57,234.6224,3245,2019-01-02 05:00:00
82,232.94,234.74,117100,237.69,232.13,235.1413,3150,2019-01-03 05:00:00
83,232.02,245.88,175887,246.32,230.925,243.5767,2520,2019-01-04 05:00:00
84,245.02,244.51,180721,249.66,236.38,244.4906,3757,2019-01-07 05:00:00
85,245.68,239.14,163354,245.71,236.57,240.3601,4576,2019-01-08 05:00:00
86,233.37,233.45,245415,238.97,231.89,234.29,4747,2019-01-09 05:00:00
87,231.86,238.03,114361,240.41,231.86,237.7018,3132,2019-01-10 05:00:00
88,237.06,239.7,85100,241.32,236.61,239.2407,2564,2019-01-11 05:00:00
89,238.51,238.52,105567,242.15,237.84,239.4476,2103,2019-01-14 05:00:00
90,238.45,238.23,85166,240.8,237.39,238.9732,1624,2019-01-15 05:00:00
91,237.95,234.56,126140,238.57,234.47,235.5207,2031,2019-01-16 05:00:00
92,234.06,236.11,189946,236.46,232.16,234.924,2099,2019-01-17 05:00:00
93,235.72,240.9,83424,245.84,235.72,241.7447,1843,2019-01-18 05:00:00
94,240.06,242.21,135484,244.96,239.37,241.9608,2688,2019-01-22 05:00:00
95,242.45,248.96,116282,249.89,240.6038,248.0274,2359,2019-01-23 05:00:00
96,248.55,243.12,65277,253.57,241.7301,244.6855,1515,2019-01-24 05:00:00
97,244.36,248.87,84875,249.515,244.03,247.1099,1700,2019-01-25 05:00:00
98,247.37,246.85,108677,251.99,245.34,247.0035,1377,2019-01-28 05:00:00
99,246.85,244.83,109366,249.67,242.33,246.3993,1888,2019-01-29 05:00:00
100,245.96,244.18,98710,246.16,241.72,244.1673,2068,2019-01-30 05:00:00
101,244.42,249.16,113621,249.7,243.82,248.0141,1786,2019-01-31 05:00:00
102,250.65,245.92,71753,250.65,245.35,246.9995,1903,2019-02-01 05:00:00
103,246.19,244.28,70831,249.61,242.47,244.9695,1740,2019-02-04 05:00:00
104,246.5,254.67,142509,255.77,246.5,253.8848,2430,2019-02-05 05:00:00
105,253.68,251.9,90624,254.67,247.88,251.4289,1588,2019-02-06 05:00:00
106,251.18,260.25,161955,262.56,249.62,258.7403,2745,2019-02-07 05:00:00
107,259.47,264.08,153461,264.56,257.53,262.8576,2343,2019-02-08 05:00:00
108,264.48,261.65,131881,265.51,257.33,262.1497,2628,2019-02-11 05:00:00
109,262.68,268.42,127649,268.66,257.7,263.9626,2391,2019-02-12 05:00:00
110,269.64,269.32,145854,271.43,266.21,268.7656,2657,2019-02-13 05:00:00
111,267.14,270.52,105971,273.08,267.14,271.1502,2021,2019-02-14 05:00:00
112,272.93,271.35,89735,273.38,269.23,270.987,1596,2019-02-15 05:00:00
113,270.43,268.93,129925,272.19,266.4,269.7985,2491,2019-02-19 05:00:00
114,269.42,268.3,200649,274.53,266.04,270.0246,3497,2019-02-20 05:00:00
115,280.52,306.75,439074,308.83,276,301.326,6308,2019-02-21 05:00:00
116,300.66,308.7,164043,311.36,296.61,308.2474,2280,2019-02-22 05:00:00
117,307.69,304.42,137098,307.7,301.95,304.2639,2908,2019-02-25 05:00:00
118,303.17,306.35,157774,308.66,303.17,306.6344,2516,2019-02-26 05:00:00
119,307.96,305.67,110142,307.96,304.155,305.9955,1790,2019-02-27 05:00:00
120,306.07,312.56,169931,313.9,305.92,312.0332,2088,2019-02-28 05:00:00
121,314.7,304.88,139829,315,304.75,308.0158,2846,2019-03-01 05:00:00
122,306,306.96,149918,307.15,297.905,302.2628,2966,2019-03-04 05:00:00
123,306.4,309.55,100921,310.4,303.29,308.2212,2056,2019-03-05 05:00:00
124,310.39,311.74,131481,314.67,309.49,312.3807,1901,2019-03-06 05:00:00
125,312.11,312.4,117469,316.22,311.48,313.0437,2423,2019-03-07 05:00:00
126,311.76,314.08,100564,315.7633,308.58,313.3466,2272,2019-03-08 05:00:00
127,315.45,319.09,138952,320.14,314.1,318.0728,3145,2019-03-11 04:00:00
128,318.63,313.83,90306,318.63,311.4423,313.3527,2173,2019-03-12 04:00:00
129,314.54,315.94,125170,318.5,311.65,315.3596,2320,2019-03-13 04:00:00
130,315.88,307.66,120530,317.17,306.22,310.4546,3117,2019-03-14 04:00:00
131,308.57,306.62,164069,314.75,306.395,309.6296,1973,2019-03-15 04:00:00
132,304.96,312.6,178631,314.0109,304.96,311.041,2952,2019-03-18 04:00:00
133,314.38,302.36,166356,314.38,299.37,302.9915,2672,2019-03-19 04:00:00
134,301.02,298.42,127687,303.78,295.21,299.6636,2664,2019-03-20 04:00:00
135,296.3,297.16,90519,303.26,296.3,299.0113,1799,2019-03-21 04:00:00
136,295,286.04,116629,296.725,285.86,289.1887,2139,2019-03-22 04:00:00
137,285.88,286.51,85845,290.64,285.88,287.7572,2786,2019-03-25 04:00:00
138,287.33,292.57,115240,294.6814,284.89,291.1556,2536,2019-03-26 04:00:00
139,291.43,290.92,96763,293.03,283.62,289.4308,2084,2019-03-27 04:00:00
140,292.59,290.95,70667,293.59,287.085,290.8758,1341,2019-03-28 04:00:00
141,292.79,294.73,108673,298,290.6465,294.7528,2055,2019-03-29 04:00:00
142,296,290.03,97369,296,288.45,290.7562,2200,2019-04-01 04:00:00
143,290.13,285.61,181513,291.89,284.47,286.7216,3172,2019-04-02 04:00:00
144,284.7,279.7,163665,289.3,277.68,280.9612,3443,2019-04-03 04:00:00
145,280.47,284,138985,286.62,280.3415,283.2602,2783,2019-04-04 04:00:00
146,270.5,268.33,455690,274.49,260.63,266.8511,6240,2019-04-05 04:00:00
147,268.1,267.81,189384,268.1,261.5,265.3927,3045,2019-04-08 04:00:00
148,266.67,269.34,112367,270.34,266,268.6705,2057,2019-04-09 04:00:00
149,269.39,268.05,119117,274.03,267.83,270.0993,1820,2019-04-10 04:00:00
150,268.19,266.59,161121,271.0709,263.98,265.9615,2471,2019-04-11 04:00:00
151,267.77,261.27,139203,268.88,260.19,262.478,2600,2019-04-12 04:00:00
152,261,264.21,195106,264.65,258.34,262.0156,2746,2019-04-15 04:00:00
153,264.94,268.4,179871,270.56,264.26,268.057,2690,2019-04-16 04:00:00
154,268.6,265.82,170407,270.11,264.99,266.8973,2167,2019-04-17 04:00:00
155,265.82,266.97,132250,270.26,263.36,267.3504,2300,2019-04-18 04:00:00
156,266.08,271.34,175074,273.52,265.9,271.0929,3330,2019-04-22 04:00:00
157,270.31,277.73,239066,281.055,270.31,277.279,3477,2019-04-23 04:00:00
158,280.12,276.43,260433,286.6,276.1,279.1168,3963,2019-04-24 04:00:00
159,300,300,430627,304.68,284.34,297.8179,7342,2019-04-25 04:00:00
160,300.09,304.56,163721,305.81,297.36,303.1634,2953,2019-04-26 04:00:00
161,304.6,304.09,174580,308.03,302.14,304.248,4192,2019-04-29 04:00:00
162,303.46,310.01,143947,310.37,302.55,307.9283,2608,2019-04-30 04:00:00
163,309.82,304.75,171032,310,301.58,305.6698,3475,2019-05-01 04:00:00
164,303.55,317.87,211284,318.1,302.49,313.2113,4318,2019-05-02 04:00:00
165,319.85,328.86,289384,338.7,319.85,332.0655,6233,2019-05-03 04:00:00
166,324.99,328.36,236347,337.58,324.6416,329.8259,4913,2019-05-06 04:00:00
167,328,327.9,151357,328,320.22,325.5861,3127,2019-05-07 04:00:00
168,327.28,334.99,190565,337.76,323.4,332.8045,3652,2019-05-08 04:00:00
169,332.535,332.94,174578,337.68,328.09,333.2724,3661,2019-05-09 04:00:00
170,337,347.83,259659,350.6,337,343.5976,4277,2019-05-10 04:00:00
171,342.87,344.38,375502,347.77,340.9855,344.9282,4703,2019-05-13 04:00:00
172,344.87,347.76,185469,350,342.3321,346.9621,4255,2019-05-14 04:00:00
173,345.1,343.86,160257,353.02,341.51,347.2353,3635,2019-05-15 04:00:00
174,344.56,343.56,217171,348.2627,340.85,343.863,4342,2019-05-16 04:00:00
175,341.12,341.69,124383,345.99,340.3397,342.6601,3206,2019-05-17 04:00:00
176,340.23,347.6,135124,349.99,340,346.9973,3508,2019-05-20 04:00:00
177,349.4,346.56,92440,349.4,341.48,345.6485,2687,2019-05-21 04:00:00
178,345.63,342.61,129877,346.87,341.31,343.3712,2553,2019-05-22 04:00:00
179,340.88,336.94,154332,345.5,335.36,338.0619,3055,2019-05-23 04:00:00
180,338.02,335.43,92642,338.02,330.23,334.5288,2368,2019-05-24 04:00:00
181,335.6,335.8,120823,338.595,331.72,335.8669,2483,2019-05-28 04:00:00
182,333.65,320.53,108305,333.65,318.41,323.501,2761,2019-05-29 04:00:00
183,321.06,317.73,110277,322.7,312.54,317.2477,3033,2019-05-30 04:00:00
184,314.35,314.3,134675,317.74,310.73,314.2593,3218,2019-05-31 04:00:00
185,313.94,315.65,113841,315.82,306,312.1275,3717,2019-06-03 04:00:00
186,316.1,305.76,184060,317.07,303.56,308.2549,3704,2019-06-04 04:00:00
187,306.86,309.88,120809,312.71,305.7,309.3463,3757,2019-06-05 04:00:00
188,309.92,319.69,137346,321.28,307.8,316.4142,3255,2019-06-06 04:00:00
189,322,320.4,82526,328.13,319.94,322.2039,2542,2019-06-07 04:00:00
190,319.84,317.96,82936,322.38,313.95,318.7055,2722,2019-06-10 04:00:00
191,319.39,333.56,256428,335.9377,317.48,329.8578,5967,2019-06-11 04:00:00
192,335.12,338.21,97403,339.79,334.72,337.6277,2596,2019-06-12 04:00:00
193,339.16,341.85,85860,342.4,337.3,339.9753,2632,2019-06-13 04:00:00
194,340.14,339.01,74147,345,332.75,339.1281,2589,2019-06-14 04:00:00
195,338.11,337.56,91905,340.205,331.97,336.3039,2911,2019-06-17 04:00:00
196,338.78,338.39,274468,344.71,336.59,338.8972,2479,2019-06-18 04:00:00
197,338.6,338.34,121706,343.86,332.71,337.7527,2555,2019-06-19 04:00:00
198,340.41,342.75,108970,347.49,337.16,342.2814,2385,2019-06-20 04:00:00
199,340.98,346.34,131452,346.81,338.64,344.5225,2282,2019-06-21 04:00:00
200,344.41,349.25,184749,353.645,344.41,349.2799,4223,2019-06-24 04:00:00
201,350.68,361.19,322089,366.53,350.68,361.3401,5886,2019-06-25 04:00:00
202,362,358.27,156320,366.75,356.02,359.5885,3232,2019-06-26 04:00:00
203,358.37,365.53,111827,365.95,358.37,362.9531,2687,2019-06-27 04:00:00
204,369.08,377.76,258790,379.35,368.5,376.4028,4860,2019-06-28 04:00:00
205,380.9,380.3,200580,386.485,375.7,381.2433,3597,2019-07-01 04:00:00
206,380.76,379.63,119151,384.53,373.82,378.292,3251,2019-07-02 04:00:00
207,382.34,383.38,93668,392.5,378.9861,385.9555,2013,2019-07-03 04:00:00
208,381.9,386.51,78107,388.6,381.27,385.5075,1663,2019-07-05 04:00:00
209,386.27,388.23,98616,390.1675,386.27,388.7551,2428,2019-07-08 04:00:00
210,387.56,381.94,242797,389.97,380.1,382.6578,2896,2019-07-09 04:00:00
211,381.05,384.73,178372,389.905,381.05,385.4173,4854,2019-07-10 04:00:00
212,387.61,382.91,148494,388.82,381.87,384.4172,3745,2019-07-11 04:00:00
213,389.5,396.83,201931,400.1,383.78,394.1658,3689,2019-07-12 04:00:00
214,400.17,386.92,148140,401.05,385.145,390.1266,3936,2019-07-15 04:00:00
215,386.48,391.03,151067,395.15,385,389.7866,4183,2019-07-16 04:00:00
216,391.39,390.47,122442,395.5,390.02,392.579,3165,2019-07-17 04:00:00
217,390.75,389.44,108930,394.72,389.01,391.0212,2436,2019-07-18 04:00:00
218,390.05,387.58,110959,395.52,387.23,390.7127,2356,2019-07-19 04:00:00
219,389.28,393.85,187992,398.05,383.44,392.179,4900,2019-07-22 04:00:00
220,394.7,385.8,164513,398.77,382.96,388.7783,3888,2019-07-23 04:00:00
221,385.53,385.64,141788,392.175,379.53,385.795,3191,2019-07-24 04:00:00
222,385.71,386.36,159839,392.45,380.02,387.3267,2909,2019-07-25 04:00:00
223,391.77,398.5,544962,403.01,390,398.8489,7059,2019-07-26 04:00:00
224,398.5,391.11,346691,400.815,385.02,389.507,5949,2019-07-29 04:00:00
225,389.34,386.69,215246,394.395,380.62,387.2102,3242,2019-07-30 04:00:00
226,387.46,392.32,207760,398.23,384.3422,391.8269,4022,2019-07-31 04:00:00
227,391,383.04,201730,397.94,382.55,386.8571,3352,2019-08-01 04:00:00
228,383.04,383.79,202653,391.93,382.375,384.7751,3611,2019-08-02 04:00:00
229,380.5,373.23,241953,388.21,372.5,377.0596,4279,2019-08-05 04:00:00
230,376.05,389.06,161810,390.18,375.28,385.6814,2412,2019-08-06 04:00:00
231,391.9,394.51,211470,399.025,387.035,394.4743,4018,2019-08-07 04:00:00
232,398.73,406.88,176665,407.16,388.48,401.246,3360,2019-08-08 04:00:00
233,406.75,402.96,239019,411.59,401.725,404.45,3851,2019-08-09 04:00:00
234,400.23,400.88,157210,403.09,392.56,399.6875,2999,2019-08-12 04:00:00
235,401.97,409.7,155400,411.42,400.32,407.1631,3040,2019-08-13 04:00:00
236,405.21,397.81,243062,409.033,396.545,401.5833,3933,2019-08-14 04:00:00
237,401.71,408.55,177968,410,396.2,404.6428,3345,2019-08-15 04:00:00
238,411.59,421.96,141070,423.905,411.21,419.1662,3180,2019-08-16 04:00:00
239,422.7,422.71,192055,431.3,417.32,422.7596,4070,2019-08-19 04:00:00
240,421.97,431.98,185732,436.15,418.26,431.0985,4642,2019-08-20 04:00:00
241,435.01,439.6,140984,440.48,431.87,436.6106,3816,2019-08-21 04:00:00
242,440.37,437.44,138124,442.5,434.78,438.7896,3490,2019-08-22 04:00:00
243,435.9,429.41,140030,437.4495,426.13,430.168,3740,2019-08-23 04:00:00
244,430.29,435.01,204235,435.99,426.83,433.9739,3078,2019-08-26 04:00:00
245,437.82,441.26,184532,444.645,432.14,439.4701,4240,2019-08-27 04:00:00
246,438.87,438.05,179926,439.215,431.61,436.4115,3434,2019-08-28 04:00:00
247,441.19,436.32,159457,443.25,433.68,436.9153,3777,2019-08-29 04:00:00
248,437.48,438.42,228450,439.28,432.49,436.9054,4241,2019-08-30 04:00:00
249,424.74,411.1,475314,424.94,401.49,410.4572,10481,2019-09-03 04:00:00
250,413.17,405.78,187278,418.58,403.23,408.8221,4835,2019-09-04 04:00:00
251,405.7,410.3,225106,411.65,398.685,406.1823,4791,2019-09-05 04:00:00
252,410.55,403.56,194293,419.46,402.025,408.2509,4692,2019-09-06 04:00:00
253,403.2,399.88,156668,405.8,393.62,399.0693,3513,2019-09-09 04:00:00
254,397.11,379,369612,397.575,378.85,382.2945,6974,2019-09-10 04:00:00
255,377.65,390.48,227522,392.83,376.41,387.6291,5255,2019-09-11 04:00:00
256,391.25,392.54,202554,397.87,382.16,391.4487,4828,2019-09-12 04:00:00
257,390.35,389.36,209312,391.5273,382.025,387.2764,4669,2019-09-13 04:00:00
258,390,388.07,188130,392.07,384.22,389.0174,4759,2019-09-16 04:00:00
259,385.9,352,556187,385.9,348.7615,359.1915,9904,2019-09-17 04:00:00
260,352.03,358.05,303321,362.9787,347.86,355.8429,5765,2019-09-18 04:00:00
261,355.7,351.47,226748,360.99,348.3,352.4164,5170,2019-09-19 04:00:00
262,352.2,345.48,322733,356,344.86,349.5098,5846,2019-09-20 04:00:00
263,350.48,355.05,262660,360.18,349.64,356.0531,6313,2019-09-23 04:00:00
264,355.25,340.02,177060,355.68,336.06,342.8321,3869,2019-09-24 04:00:00
265,341,349,211357,349.5,339.3,346.8184,4614,2019-09-25 04:00:00
266,361,363.93,232299,367.2,357.89,363.0825,5418,2019-09-26 04:00:00
267,365.54,352.18,170067,365.54,348.76,353.2891,3892,2019-09-27 04:00:00
268,353.51,364.08,232063,366.31,352.19,362.5779,4021,2019-09-30 04:00:00
269,362.69,370.03,183560,373.36,359.63,368.0197,4154,2019-10-01 04:00:00
270,369.27,368.36,162787,371.08,362.01,368.5954,4102,2019-10-02 04:00:00
271,366,371.11,148607,372.89,361.875,368.6185,3037,2019-10-03 04:00:00
272,375,385.84,171579,386.97,373,380.9004,3998,2019-10-04 04:00:00
273,383.9,374.89,142588,385.66,373.42,377.8379,3579,2019-10-07 04:00:00
274,372.6,371.51,124273,377.48,366.74,371.3026,3003,2019-10-08 04:00:00
275,375.15,382.38,98038,384.935,375,380.8125,2691,2019-10-09 04:00:00
276,381.14,382.13,65992,384.95,378.59,381.7775,1792,2019-10-10 04:00:00
277,400,397.03,237233,405,391.94,399.4763,4850,2019-10-11 04:00:00
278,396.89,390.16,174394,400.865,389.09,392.0885,4615,2019-10-14 04:00:00
279,390.79,387.73,205221,393.5103,386.56,389.8192,4547,2019-10-15 04:00:00
280,387.44,383.5,182118,388.1,379.15,384.471,3925,2019-10-16 04:00:00
281,395.94,402.34,253767,404.4,393.95,400.3628,4594,2019-10-17 04:00:00
282,400,393.56,172155,401.29,390.9,395.6401,3751,2019-10-18 04:00:00
283,394.56,396,203956,398.48,392.2,395.421,3453,2019-10-21 04:00:00
284,397.2,401.18,381461,402.53,392.2464,400.3363,5253,2019-10-22 04:00:00
285,398.27,373.39,219165,399.94,372.2148,381.72,4904,2019-10-23 04:00:00
286,375.36,381.25,131687,382.485,375.36,380.2711,2619,2019-10-24 04:00:00
287,376.25,375.56,207971,381.24,367.32,374.2621,3107,2019-10-25 04:00:00
288,376,375.05,201711,383.72,370.6,377.3815,4616,2019-10-28 04:00:00
289,374.64,373.48,228777,386.5,371.51,378.2135,5114,2019-10-29 04:00:00
290,380.33,371.47,524952,382.865,356,362.9828,7556,2019-10-30 04:00:00
291,370,374.46,192945,377.97,361.95,372.1185,3762,2019-10-31 04:00:00
292,375.78,384.01,157697,385.59,373.43,382.8925,4156,2019-11-01 04:00:00
293,384.92,352.97,324889,385.0035,352.56,358.742,6845,2019-11-04 05:00:00
294,354.32,348.49,224470,358.12,345.2596,349.5422,4926,2019-11-05 05:00:00
295,349.13,356.99,154932,360.48,348.4,356.3955,3615,2019-11-06 05:00:00
296,358.17,356.02,125577,360.7,352.48,357.0378,2987,2019-11-07 05:00:00
297,354.25,361.97,115684,365.335,354.25,361.366,3226,2019-11-08 05:00:00
298,360.39,358.05,132048,360.39,352.575,355.9406,3808,2019-11-11 05:00:00
299,357.86,370.1,120634,371,357.2575,366.543,3157,2019-11-12 05:00:00
300,369.68,366.66,94324,371.08,363.57,368.1968,2608,2019-11-13 05:00:00
301,366.98,362.92,69364,369.2,360.58,363.3867,2111,2019-11-14 05:00:00
302,364.33,366.38,95698,367.15,360.23,365.0004,2927,2019-11-15 05:00:00
303,365.86,367.34,65847,371.92,365.2,368.0437,2081,2019-11-18 05:00:00
304,368.74,377.46,72501,377.78,368.1,375.0177,2144,2019-11-19 05:00:00
305,374.52,381.4,96350,384.705,374.0801,381.0668,2372,2019-11-20 05:00:00
306,381.3,384.73,82929,385.91,373.18,380.7805,2010,2019-11-21 05:00:00
307,385.35,378.39,67615,385.35,375.71,378.4843,1697,2019-11-22 05:00:00
308,378.45,381.79,141861,386.935,378.34,382.7881,2400,2019-11-25 05:00:00
309,381.79,389.14,77282,389.75,381.65,386.7077,1814,2019-11-26 05:00:00
310,390.39,390.61,70033,391.822,387,389.1393,2976,2019-11-27 05:00:00
311,389.61,384.32,55359,390.3146,382.18,385.9646,1049,2019-11-29 05:00:00
312,386.78,373.12,138141,386.78,371.3,375.3045,3546,2019-12-02 05:00:00
313,378.12,383.91,192456,386.975,374.28,380.8616,4460,2019-12-03 05:00:00
314,385,389.23,87896,389.59,383.535,387.5008,2505,2019-12-04 05:00:00
315,389.7,382.82,80994,389.7,376.8,381.3265,2323,2019-12-05 05:00:00
316,382.79,381.06,84366,387.1,378.92,381.7483,2151,2019-12-06 05:00:00
317,378.74,377.53,108191,382.0825,376.96,378.8418,2084,2019-12-09 05:00:00
318,375.79,371.96,108072,377.6489,371.12,373.3053,2373,2019-12-10 05:00:00
319,372.39,376.91,96364,377.28,369,373.7742,2538,2019-12-11 05:00:00
320,374.79,367.69,79808,377.45,366.27,370.2511,2448,2019-12-12 05:00:00
321,368.02,370,85380,370.98,365.33,369.0016,1723,2019-12-13 05:00:00
322,371.5,375.83,94868,378.46,370.01,374.5574,2306,2019-12-16 05:00:00
323,375.98,370.87,112929,376.76,370.16,373.1017,3026,2019-12-17 05:00:00
324,373.54,365.98,113323,374.0193,364.65,366.7875,2416,2019-12-18 05:00:00
325,366.01,367.42,88329,367.92,362.25,365.8081,2541,2019-12-19 05:00:00
326,367,377.69,210480,378.18,365.29,372.1778,3122,2019-12-20 05:00:00
327,378.55,372.91,107928,378.55,370.52,373.0008,2155,2019-12-23 05:00:00
328,373.8,377.51,33394,378.76,373.195,376.9819,896,2019-12-24 05:00:00
329,378,383.86,95517,384.675,378,381.3008,2109,2019-12-26 05:00:00
330,385.26,378.75,64646,385.26,377.86,379.636,1852,2019-12-27 05:00:00
331,378.59,379.59,94731,381.965,374.085,378.7594,2400,2019-12-30 05:00:00
332,378.74,377.85,72335,380.68,375.3,378.1449,2454,2019-12-31 05:00:00
333,379.53,371.12,123090,379.67,366.55,370.5313,3072,2020-01-02 05:00:00
334,366.12,367.7,123850,369.81,363.37,366.6993,2502,2020-01-03 05:00:00
335,365.57,371.57,88635,376.08,365.57,372.4232,2437,2020-01-06 05:00:00
336,369.58,373.88,179260,376.53,369.075,373.8568,3085,2020-01-07 05:00:00
337,373.5,373.38,125933,379.39,371.725,375.0873,2491,2020-01-08 05:00:00
338,373.57,369.48,105240,375.95,369,370.9146,2370,2020-01-09 05:00:00
339,369.83,367.95,112603,370.18,364.67,367.6909,2804,2020-01-10 05:00:00
340,367.96,364.01,109874,367.96,360.6,363.7809,2207,2020-01-13 05:00:00
341,363.76,361.71,140930,364.05,356.46,360.8683,3250,2020-01-14 05:00:00
342,363.44,376.4,177856,376.76,362.08,372.5582,3091,2020-01-15 05:00:00
343,378.12,385.8,177223,389.315,376.31,385.3952,3588,2020-01-16 05:00:00
344,388.9,386.6,97671,388.92,383.01,386.3196,2379,2020-01-17 05:00:00
345,383.44,390.92,115341,391.51,382.09,386.341,2284,2020-01-21 05:00:00
346,392,398.19,187179,400,391.56,398.0442,2674,2020-01-22 05:00:00
347,396.09,393.33,166455,400,392.68,395.3126,2378,2020-01-23 05:00:00
348,395.35,381.67,97195,397.34,380.22,385.6113,2329,2020-01-24 05:00:00
349,377,377.28,82503,382.8,376.09,379.1088,2411,2020-01-27 05:00:00
350,378.65,382,59499,386.63,378.65,383.3127,1966,2020-01-28 05:00:00
351,381.61,373.25,78881,382.67,369.595,374.4793,2324,2020-01-29 05:00:00
352,373.25,362.43,122964,377.8809,359.02,363.6428,3143,2020-01-30 05:00:00
353,361.48,356.38,104903,364,354.43,357.7188,2543,2020-01-31 05:00:00
354,358.81,349.7,177686,361.36,348.644,352.5286,3196,2020-02-03 05:00:00
355,353.65,376.17,183735,377.11,351.95,370.6967,4598,2020-02-04 05:00:00
356,378.5,371.25,97730,380,368.75,372.0527,2853,2020-02-05 05:00:00
357,373.5,366.96,87014,376.16,365.97,369.2476,2105,2020-02-06 05:00:00
358,365.61,363.52,213754,368.78,353.69,362.1111,2710,2020-02-07 05:00:00
359,362.75,373.86,87213,375.24,362.75,370.5998,2027,2020-02-10 05:00:00
360,386.13,399.69,213321,401.92,385,397.4131,3832,2020-02-11 05:00:00
361,402.44,409.5,248813,418.56,401.25,412.8082,5109,2020-02-12 05:00:00
362,408.91,410.3,124710,414.68,401.01,410.2308,2787,2020-02-13 05:00:00
363,411.64,408.91,111783,414.2,407.84,410.8393,3250,2020-02-14 05:00:00
364,411.8,425.98,239296,431.01,409.15,421.7335,6003,2020-02-18 05:00:00
365,427.69,429,299122,433.62,413.33,424.7201,5875,2020-02-19 05:00:00
366,404.3,396.29,607263,416,389.01,400.0167,10453,2020-02-20 05:00:00
367,396.8,396.64,282687,400.74,390,395.7143,4328,2020-02-21 05:00:00
368,383.55,405.1,225063,408.33,376.73,397.8252,5364,2020-02-24 05:00:00
369,408,395.54,255830,408,392.7238,397.8367,4430,2020-02-25 05:00:00
370,393.4,397.76,130091,398.88,391.65,395.9038,3562,2020-02-26 05:00:00
371,389.74,386.47,175626,400.73,385.66,391.7266,4778,2020-02-27 05:00:00
372,375.63,370.79,256339,378.31,360.6333,369.1091,4900,2020-02-28 05:00:00
373,368.34,363.8,179044,373.485,355.04,363.3408,3984,2020-03-02 05:00:00
374,363.73,371.59,294132,379.66,361.88,371.5759,4306,2020-03-03 05:00:00
375,375.52,385.01,155118,385.4,368.5,377.9746,3582,2020-03-04 05:00:00
376,378.02,393.91,200688,402.2,373.66,392.3082,4700,2020-03-05 05:00:00
377,388.91,384.93,163109,394.8,375.25,383.7789,3788,2020-03-06 05:00:00
378,371.51,347.21,207914,371.51,345.9706,355.1263,4477,2020-03-09 04:00:00
379,351.88,366.91,175291,367.14,346.56,360.0363,3381,2020-03-10 04:00:00
380,358.17,341.11,138549,359.8223,335.37,346.4759,3376,2020-03-11 04:00:00
381,315.77,312.67,215952,326.24,298.35,312.6191,4668,2020-03-12 04:00:00
382,325.07,354.95,252752,356.94,300.03,321.2454,3661,2020-03-13 04:00:00
383,319,306.3,266146,324.97,290.02,305.0079,4836,2020-03-16 04:00:00
384,314.12,347.84,207224,349.65,304.04,336.483,4879,2020-03-17 04:00:00
385,325.01,321.72,171090,349.99,312.61,328.8821,3736,2020-03-18 04:00:00
386,318.06,319.08,199562,341.73,310.98,321.6932,4911,2020-03-19 04:00:00
387,318.71,306.46,239802,324.17,300.415,312.6746,4372,2020-03-20 04:00:00
388,306.46,321.93,281594,327.92,296.73,314.0763,5193,2020-03-23 04:00:00
389,332.86,343.91,151689,348,330,339.2152,3257,2020-03-24 04:00:00
390,341.34,343.95,180184,356.74,325.185,341.5399,4156,2020-03-25 04:00:00
391,347.99,354.9,155358,357.98,343.55,351.8353,3049,2020-03-26 04:00:00
392,342.61,354.92,148174,373.19,338.57,360.206,5108,2020-03-27 04:00:00
393,355,364.34,100238,365,346.7,358.7528,2693,2020-03-30 04:00:00
394,361.51,367.56,156131,375.205,359.52,367.7746,3659,2020-03-31 04:00:00
395,356.4,364.39,169974,370.34,349.15,365.5735,4969,2020-04-01 04:00:00
396,358.56,363.83,129716,371.37,351.68,360.4433,3119,2020-04-02 04:00:00
397,362.62,357.44,79328,371.97,349.11,356.0961,2961,2020-04-03 04:00:00
398,368.46,362.54,105070,369.735,357.51,362.5704,3177,2020-04-06 04:00:00
399,369.5,366.32,97134,378.62,362.03,370.1322,2737,2020-04-07 04:00:00
400,371.63,397.12,148578,401.97,365.78,391.9508,3582,2020-04-08 04:00:00
401,398.09,396.64,117965,408.99,388.196,397.4077,3133,2020-04-09 04:00:00
402,389.23,386.34,100720,398.61,383.14,388.5155,2583,2020-04-13 04:00:00
403,393.04,414.55,107944,416.23,393.04,409.9109,3371,2020-04-14 04:00:00
404,406.14,419.15,137499,425,404.9,415.4527,4472,2020-04-15 04:00:00
405,418.25,413.81,135850,430.69,410.02,417.1824,4235,2020-04-16 04:00:00
406,420.97,403.8,142273,422,402.89,409.2554,3037,2020-04-17 04:00:00
407,405.16,413.62,120883,422.0999,400.66,415.5656,3307,2020-04-20 04:00:00
408,406.37,410.56,91104,422.83,405.9,413.5276,2949,2020-04-21 04:00:00
409,421.26,426.33,153129,431.52,410.4603,424.1021,4290,2020-04-22 04:00:00
410,400,434.78,383052,438,394.5,423.809,9381,2020-04-23 04:00:00
411,434.78,438.92,241878,439.42,428.44,434.5642,5313,2020-04-24 04:00:00
412,444,457.1,308981,464.42,436.7,455.3853,6911,2020-04-27 04:00:00
413,463.05,459.14,188626,467.39,454.34,459.5017,5425,2020-04-28 04:00:00
414,462.67,466.58,177150,474.945,457.29,467.0148,4818,2020-04-29 04:00:00
415,458,466.51,142624,471,458,466.7226,3983,2020-04-30 04:00:00
416,459.36,460.96,147569,469.95,456.68,461.6698,3741,2020-05-01 04:00:00
417,454.63,469.64,142309,469.81,452.45,461.8445,3826,2020-05-04 04:00:00
418,469.31,485.5,200373,487.9842,469.27,482.5276,5912,2020-05-05 04:00:00
419,487,486.74,160165,498.3047,483.65,490.0798,5364,2020-05-06 04:00:00
420,493.05,477.36,105045,493.6915,473.78,482.2728,3613,2020-05-07 04:00:00
421,485,482.22,150480,497.335,479.225,486.4953,4334,2020-05-08 04:00:00
422,481.8,481.13,182464,484.155,470.66,478.293,4477,2020-05-11 04:00:00
423,480.75,484.44,123297,497.85,480.75,489.3722,4391,2020-05-12 04:00:00
424,485.24,484.46,93788,486.22,479.25,482.9649,3209,2020-05-13 04:00:00
425,476.97,504,209465,505.5716,476.97,495.8395,6296,2020-05-14 04:00:00
426,502.45,499.95,129169,515.5615,498.15,504.4986,4182,2020-05-15 04:00:00
427,508.27,499.23,136155,523.55,493.66,502.3263,4580,2020-05-18 04:00:00
428,499.37,519.29,116090,526.87,499.37,517.1111,4385,2020-05-19 04:00:00
429,520.01,524.71,91569,529.87,520.01,526.0908,3400,2020-05-20 04:00:00
430,529.99,513.73,122359,533.59,510.1,515.7727,3519,2020-05-21 04:00:00
431,515.77,520.19,59214,520.42,513.21,517.5657,2329,2020-05-22 04:00:00
432,525,528.56,96586,537.605,518.99,529.9337,4109,2020-05-26 04:00:00
433,532.61,537.7,127651,539.08,505.02,522.9573,4151,2020-05-27 04:00:00
434,531.74,542.68,177650,547.99,528.525,541.1599,5545,2020-05-28 04:00:00
435,541.1,564.73,168409,566,540,554.9472,5692,2020-05-29 04:00:00
436,573.35,567.83,173587,587.845,565.3,575.6079,4968,2020-06-01 04:00:00
437,573.67,568.33,123523,581.5,560.09,570.2701,4743,2020-06-02 04:00:00
438,573,555.6,118213,574.9898,553.94,561.0949,4765,2020-06-03 04:00:00
439,551.2,528.07,181572,558.98,528.07,537.524,6185,2020-06-04 04:00:00
440,523.25,522.33,225697,532.45,517.45,523.6709,7148,2020-06-05 04:00:00
441,520.96,515.03,184076,520.96,505.405,513.4256,5943,2020-06-08 04:00:00
442,512.49,533.66,203083,538.415,510.195,529.6735,6243,2020-06-09 04:00:00
443,544.39,523.87,130303,544.39,521.01,529.3686,4604,2020-06-10 04:00:00
444,519,509.21,156157,531.47,508.38,517.337,5573,2020-06-11 04:00:00
445,516.72,515.01,117672,519.24,498.29,511.2033,5012,2020-06-12 04:00:00
446,512.62,552.55,196224,558.03,508,542.6998,6156,2020-06-15 04:00:00
447,563.6,541.97,129957,563.6,535.11,543.6623,4629,2020-06-16 04:00:00
448,540.55,536.78,117988,555.95,534.13,542.0229,3540,2020-06-17 04:00:00
449,537.21,533.9,101367,544.74,533.82,537.0716,3460,2020-06-18 04:00:00
450,539.12,533.82,251071,550.26,530.73,536.6283,3929,2020-06-19 04:00:00
451,531.36,535.93,118534,537.07,520.9,530.8548,4413,2020-06-22 04:00:00
452,540.99,535.85,119540,546.57,531.165,537.5062,5036,2020-06-23 04:00:00
453,529.35,530.47,116356,533.56,521.41,528.0344,4728,2020-06-24 04:00:00
454,526.11,533.26,120187,534.9,519.175,527.1072,4746,2020-06-25 04:00:00
455,536.27,563.83,1038182,570,534.7149,562.5923,7497,2020-06-26 04:00:00
456,561,547.63,107423,563.665,540.2439,548.3816,3785,2020-06-29 04:00:00
457,549.96,536.65,104461,552.96,534.32,540.1841,3595,2020-06-30 04:00:00
458,535.92,555.67,117617,557.89,534.625,548.9701,5486,2020-07-01 04:00:00
459,564.07,559.2,82448,568.93,550.47,556.8978,3740,2020-07-02 04:00:00
460,568,554.88,116911,568.43,551.17,557.4094,4331,2020-07-06 04:00:00
461,550.09,581.66,155241,584.17,550.09,576.6482,5502,2020-07-07 04:00:00
462,582.2,588.16,94705,588.56,578.02,584.2574,3237,2020-07-08 04:00:00
463,589.95,593.63,106939,597.8916,587.75,591.603,4213,2020-07-09 04:00:00
464,593,603.67,121433,603.96,586.28,595.7592,3598,2020-07-10 04:00:00
465,604.52,589.64,174915,607.9821,583.97,591.1201,5695,2020-07-13 04:00:00
466,589.89,622.93,239794,624.66,589.89,612.2548,5876,2020-07-14 04:00:00
467,629.19,641,244862,641.79,618.65,632.7329,6222,2020-07-15 04:00:00
468,641,630.78,112253,643.57,629.36,633.2288,3807,2020-07-16 04:00:00
469,630.73,643.58,94203,645.86,629.83,641.3392,3069,2020-07-17 04:00:00
470,650,650.79,171012,666.1991,641.81,652.2724,6367,2020-07-20 04:00:00
471,652.94,654.3,179327,658.7,648.785,652.8605,5472,2020-07-21 04:00:00
472,655,664.13,102957,665.73,652.1,660.7247,3063,2020-07-22 04:00:00
473,676.26,659.23,343386,697,653.06,674.0577,8541,2020-07-23 04:00:00
474,711.2,828.34,640499,834.1086,703.99,790.4502,16766,2020-07-24 04:00:00
475,830.85,814.19,380614,838.66,787.57,805.8299,12151,2020-07-27 04:00:00
476,807.2,817.83,235179,845.6999,801.0932,831.4198,8311,2020-07-28 04:00:00
477,825,816.49,145051,834.06,812.28,822.2886,4773,2020-07-29 04:00:00
478,812,796.56,247630,820.3399,790.37,805.2361,8058,2020-07-30 04:00:00
479,800.12,810.44,114782,812.55,785.23,799.5042,3972,2020-07-31 04:00:00
480,815.07,817.82,170662,823.4,801.41,812.3402,5128,2020-08-03 04:00:00
481,813.97,827.56,126617,833.985,809.89,826.2643,3889,2020-08-04 04:00:00
482,832.16,842.66,301087,871.64,832.16,851.5322,6306,2020-08-05 04:00:00
483,845.66,844.76,121337,851.59,835.16,844.9933,3542,2020-08-06 04:00:00
484,844.47,825.79,116182,848.01,819.861,832.8524,3732,2020-08-07 04:00:00
485,822.21,794.41,166000,833.7,789.99,802.0243,5873,2020-08-10 04:00:00
486,795.12,797.36,213105,804.38,766.3,793.0025,4227,2020-08-11 04:00:00
487,804.02,818.67,74608,819.99,799.66,813.9817,3106,2020-08-12 04:00:00
488,820.48,843.72,115812,847.05,814.34,836.5829,3789,2020-08-13 04:00:00
489,849,817.09,98850,851.195,804.32,821.523,4200,2020-08-14 04:00:00
490,841.15,835.02,127780,845.73,828.92,836.3256,3526,2020-08-17 04:00:00
491,835.76,843.31,122615,847.68,829.66,840.1603,4395,2020-08-18 04:00:00
492,840.7,845.33,77919,860.765,838.21,847.9306,3174,2020-08-19 04:00:00
493,840.28,852.6,70070,860.715,840.28,852.3479,2871,2020-08-20 04:00:00
494,857,883.25,132513,883.25,857,875.2056,5132,2020-08-21 04:00:00
495,889.29,891.87,144327,897.5,871.35,887.439,6114,2020-08-24 04:00:00
496,894.44,875.68,68274,894.44,869.88,877.6892,4194,2020-08-25 04:00:00
497,875,881.8,121500,886.37,871.3122,880.2878,4471,2020-08-26 04:00:00
498,890,889.23,85998,896.0699,880.37,888.3838,3585,2020-08-27 04:00:00
499,889.33,878.43,62005,890.31,873.62,878.2297,3648,2020-08-28 04:00:00
500,881.39,881.98,91291,889.37,869,879.3123,4123,2020-08-31 04:00:00
501,884.15,880.49,99417,888.2,874.89,881.6762,4513,2020-09-01 04:00:00
502,887.49,855.11,140338,888,851.86,864.462,5988,2020-09-02 04:00:00
503,855.11,813.27,162298,855.11,800,814.6499,7895,2020-09-03 04:00:00
504,813.27,810.39,156562,815.12,756.86,792.8081,6596,2020-09-04 04:00:00
505,799.23,791.09,146067,803.67,779.76,789.5579,4981,2020-09-08 04:00:00
506,802.43,801.12,93580,806.4,794.74,801.2113,4577,2020-09-09 04:00:00
507,810,831.18,252200,849.5,801,832.5612,7767,2020-09-10 04:00:00
508,834.74,851.51,208219,852.91,820.715,843.391,5701,2020-09-11 04:00:00
509,851.29,865.75,135140,877.8,850,867.4861,6286,2020-09-14 04:00:00
510,870.08,874.38,103363,877.91,851.48,866.9947,4317,2020-09-15 04:00:00
511,874.96,857.81,62977,884.9114,856.34,868.4757,3216,2020-09-16 04:00:00
512,849.93,879.46,96195,884.665,846.8746,870.9183,3905,2020-09-17 04:00:00
513,884.72,877.36,302174,888.515,838.05,872.9267,5586,2020-09-18 04:00:00
514,875,879.27,102387,885,856.06,872.3855,4232,2020-09-21 04:00:00
515,886,912.86,159818,913.95,875.68,900.5273,6119,2020-09-22 04:00:00
516,918.51,895.63,161630,935.52,891.7321,909.4667,5709,2020-09-23 04:00:00
517,891.7,868.68,127690,891.7,859.64,868.9207,4442,2020-09-24 04:00:00
518,868.11,875.77,74434,886.2272,856.3,874.4483,4067,2020-09-25 04:00:00
519,880.39,899.91,142340,910.255,880.39,899.286,4439,2020-09-28 04:00:00
520,895.71,880.42,85830,903.4299,876.405,886.5552,3254,2020-09-29 04:00:00
521,885.34,883.36,111218,887.92,877.535,882.7626,3384,2020-09-30 04:00:00
522,883,873.42,94671,884.91,868.23,873.6,3929,2020-10-01 04:00:00
523,865.85,880.1,94713,882.305,865.85,876.1313,3659,2020-10-02 04:00:00
524,880.74,882.67,95206,902.61,875.28,884.1657,4220,2020-10-05 04:00:00
525,884.92,895.6,85920,905.29,884,891.6716,3148,2020-10-06 04:00:00
526,895.2,914,109457,926.0321,895.2,915.6962,4490,2020-10-07 04:00:00
527,922.6,920.01,72776,923.3244,909.63,918.3686,3274,2020-10-08 04:00:00
528,926.01,918.19,67728,929.655,913.45,920.8299,2812,2020-10-09 04:00:00
529,918,947.19,77174,950,918,940.6159,3917,2020-10-12 04:00:00
530,950,973.31,93305,974.55,949.38,965.7115,4302,2020-10-13 04:00:00
531,974.32,964.81,100580,986.7753,954.96,972.2327,4833,2020-10-14 04:00:00
532,961.15,947.21,58444,961.15,938.3501,947.1027,2861,2020-10-15 04:00:00
533,955,946.84,69654,955.72,926.73,941.3854,3431,2020-10-16 04:00:00
534,948.75,931.26,71074,952.5,924.02,936.5818,3773,2020-10-19 04:00:00
535,931,914,72914,937.42,913.875,922.8125,4078,2020-10-20 04:00:00
536,920.09,911.07,114622,934.0894,908,917.7674,4381,2020-10-21 04:00:00
537,915.97,918.08,141513,931.85,900,923.3391,6113,2020-10-22 04:00:00
538,1009,1091.1,457082,1092.8,1000.01,1059.3781,14358,2020-10-23 04:00:00
539,1080.79,1047.57,292462,1084.01,1025,1050.6167,9135,2020-10-26 04:00:00
540,1050,1076.57,118353,1080.78,1034.14,1065.5503,5035,2020-10-27 04:00:00
541,1054.07,1060.36,127938,1066.055,1029.53,1047.6917,5377,2020-10-28 04:00:00
542,1067.65,1057.15,124585,1071.07,1050,1059.6435,4163,2020-10-29 04:00:00
543,1047.73,1039.18,80837,1049.34,1025,1038.11,3770,2020-10-30 04:00:00
544,1043.79,1038.74,103444,1063.85,1035,1043.4351,4100,2020-11-02 05:00:00
545,1037.66,1003.8,134927,1046.02,982.67,1007.4051,5131,2020-11-03 05:00:00
546,1025.52,1024.68,138268,1047.505,1010.4928,1027.9289,3762,2020-11-04 05:00:00
547,1048.74,1025.24,117111,1048.74,1013.66,1029.8717,3971,2020-11-05 05:00:00
548,1033.29,1062,115796,1070.74,1023.675,1062.1081,5299,2020-11-06 05:00:00
549,1070.25,949.6,204536,1073.25,946.46,983.1463,10217,2020-11-09 05:00:00
550,929.67,917.64,303555,941,872.33,907.0166,10473,2020-11-10 05:00:00
551,925,958.4,184047,961.13,918.08,939.6108,6851,2020-11-11 05:00:00
552,957.95,955.01,108992,982.255,939.53,960.4032,4658,2020-11-12 05:00:00
553,964.99,937.53,78781,964.99,924.36,935.0371,3583,2020-11-13 05:00:00
554,937.53,946.22,170079,949.39,896.93,922.8667,6439,2020-11-16 05:00:00
555,943.28,963.45,132413,974.695,931.06,956.6216,4579,2020-11-17 05:00:00
556,961.1,918.84,96658,964.45,911.81,932.9585,4096,2020-11-18 05:00:00
557,919.1,930.37,84851,938.59,916.44,927.6621,3501,2020-11-19 05:00:00
558,936.98,938.3,73354,957.0393,930.93,941.5678,3771,2020-11-20 05:00:00
559,950,930.45,213275,950,927.17,932.9637,4225,2020-11-23 05:00:00
560,930,894.27,222443,931.63,886.92,898.0179,8088,2020-11-24 05:00:00
561,902.5,903.38,74264,921.63,894.82,905.4856,4059,2020-11-25 05:00:00
562,905.61,901.64,76226,909.16,895.94,901.6995,2405,2020-11-27 05:00:00
563,906.95,930.84,148707,931.53,873,910.3802,6257,2020-11-30 05:00:00
564,940.27,966.53,155754,967.9,930,947.6258,6090,2020-12-01 05:00:00
565,963.12,920.88,138686,963.12,909.105,926.0689,5735,2020-12-02 05:00:00
566,925.9,932.48,88554,946.97,920.961,933.3142,4402,2020-12-03 05:00:00
567,933.06,934.98,84372,938.03,920,931.349,2868,2020-12-04 05:00:00
568,934.87,937.37,89047,947.98,927.025,936.9476,3192,2020-12-07 05:00:00
569,927.36,940.01,95718,947.145,924.51,937.4271,4025,2020-12-08 05:00:00
570,945.04,936.23,111946,949.86,922.42,938.1834,4394,2020-12-09 05:00:00
571,936.24,949,99181,950,929.61,938.7622,2987,2020-12-10 05:00:00
572,949,940.17,89403,950.24,936.1,940.9446,3336,2020-12-11 05:00:00
573,944.07,927.44,89184,949.94,923.57,933.1007,3774,2020-12-14 05:00:00
574,927,930.4,101139,944.19,925,933.2984,3532,2020-12-15 05:00:00
575,936,954.5,99161,954.66,926.06,941.5544,3382,2020-12-16 05:00:00
576,954.58,958.37,156551,978.65,951.63,959.1763,4833,2020-12-17 05:00:00
577,966.69,964.53,231782,968.02,955.1506,961.3263,4636,2020-12-18 05:00:00
578,958.43,964.78,109931,965.6594,948.33,958.5759,4627,2020-12-21 05:00:00
579,964.74,1023.06,161329,1030.9495,963.53,1003.1725,5746,2020-12-22 05:00:00
580,1028,1024.04,161813,1064.74,1005.6,1026.2538,5109,2020-12-23 05:00:00
581,1020,1014.93,39112,1027.53,1006.74,1012.7536,1774,2020-12-24 05:00:00
582,1019.19,992.23,80737,1019.19,985,992.8012,4427,2020-12-28 05:00:00
583,1001.95,978.7,61698,1001.95,973.715,980.0866,3023,2020-12-29 05:00:00
584,989.93,997.41,60205,1003.6925,982.5,996.0541,3324,2020-12-30 05:00:00
585,997.09,994.29,79150,1000.96,982.345,991.9829,3221,2020-12-31 05:00:00
586,991.14,952.28,137827,994.55,937.44,953.8848,7052,2021-01-04 05:00:00
587,954.98,969.22,116244,978.9999,930,953.9566,5167,2021-01-05 05:00:00
588,968.91,972.73,82926,998.73,968.91,980.2021,3624,2021-01-06 05:00:00
589,974.06,1004.86,53796,1005.93,974.06,995.6783,3149,2021-01-07 05:00:00
590,1007.21,1000.49,64727,1021.57,984.12,1000.9796,5049,2021-01-08 05:00:00
591,985,933.79,154353,994.37,930.025,947.1277,7492,2021-01-11 05:00:00
592,941.87,918.65,184276,941.87,905,915.7767,8668,2021-01-12 05:00:00
593,900,923.43,148753,928.75,885.35,911.3045,6847,2021-01-13 05:00:00
594,923.3,910.71,75815,925.325,907.78,914.5228,3853,2021-01-14 05:00:00
595,910,907.22,73065,911.34,899.39,905.6227,3735,2021-01-15 05:00:00
596,907,917.79,89626,921.78,903.82,916.3878,3485,2021-01-19 05:00:00
597,925.58,922.53,74048,930.93,911.73,920.9232,3690,2021-01-20 05:00:00
598,917.99,920.01,87686,926.5,914,919.3183,3214,2021-01-21 05:00:00
599,915.24,930.19,88067,930.96,913.56,922.4589,3888,2021-01-22 05:00:00
600,935.31,947.3,93457,970.355,935.1,947.4716,4903,2021-01-25 05:00:00
601,953.22,974,119784,976.39,940.5747,962.0011,4552,2021-01-26 05:00:00
602,971.92,912.81,204346,996.39,901.73,928.1485,8021,2021-01-27 05:00:00
603,912.84,925.33,76716,929.03,905.915,921.7725,3408,2021-01-28 05:00:00
604,930,916.89,76565,933.89,902,918.6897,3667,2021-01-29 05:00:00
605,933.7,974.65,116248,980,928.605,963.8786,5725,2021-02-01 05:00:00
606,984.32,1073.39,198859,1079.97,979.825,1055.2258,8277,2021-02-02 05:00:00
607,1070,1067,140172,1087.63,1025.41,1059.2413,6957,2021-02-03 05:00:00
608,1068.04,1081.84,71580,1084.28,1063.55,1079.2829,3883,2021-02-04 05:00:00
609,1085.47,1123.33,97756,1126.38,1085.47,1111.6325,4818,2021-02-05 05:00:00
610,1140.22,1151.38,139097,1180,1140.22,1155.2381,4966,2021-02-08 05:00:00
611,1157.27,1146.98,58506,1171.46,1136.7313,1155.886,3242,2021-02-09 05:00:00
612,1145.33,1128.32,79594,1161.47,1111,1134.5059,4252,2021-02-10 05:00:00
613,1132.9,1124.96,48795,1137.1,1116.5922,1125.1995,2353,2021-02-11 05:00:00
614,1134.58,1167.13,66660,1174.04,1116.97,1153.3415,3178,2021-02-12 05:00:00
615,1176,1166.71,124723,1182.51,1158.68,1171.5178,5415,2021-02-16 05:00:00
616,1169.47,1213.62,255225,1236.57,1135.24,1194.1105,8464,2021-02-17 05:00:00
617,1098.84,1116.87,234606,1148.04,1088.5,1121.291,11298,2021-02-18 05:00:00
618,1122.13,1113.13,105396,1150.56,1110.4,1125.5422,5783,2021-02-19 05:00:00
619,1090,1029.9,164785,1098.96,1023.27,1055.2877,7744,2021-02-22 05:00:00
620,1011.09,1042.82,190403,1050,971.16,1025.6635,7540,2021-02-23 05:00:00
621,1044.34,1081.36,106261,1083.23,1015.87,1059.4158,4662,2021-02-24 05:00:00
622,1078.8,1035.19,113795,1094.98,1023.24,1055.1358,4792,2021-02-25 05:00:00
623,1040.18,1028.71,90928,1051.66,1006.74,1028.6351,4866,2021-02-26 05:00:00
624,1049.19,1094.48,113453,1108.52,1045.885,1082.37,5180,2021-03-01 05:00:00
625,1092.21,1066.98,84820,1103.49,1063.47,1077.7491,4539,2021-03-02 05:00:00
626,1060,1022.67,119640,1070.97,1020.14,1038.8556,4187,2021-03-03 05:00:00
627,1016.39,1030.81,150350,1041.715,980.47,1018.9252,6763,2021-03-04 05:00:00
628,1041,1088.32,137140,1089.08,1031.99,1059.3348,7116,2021-03-05 05:00:00
629,1078.76,1074.97,103052,1103.47,1073.47,1084.3553,5140,2021-03-08 05:00:00
630,1108,1106.83,85164,1135.525,1098.25,1117.6099,4012,2021-03-09 05:00:00
631,1111.18,1100.95,74482,1161.82,1097.165,1123.8126,4271,2021-03-10 05:00:00
632,1116.37,1117.76,61622,1126.485,1087.61,1111.2033,2997,2021-03-11 05:00:00
633,1128,1086.01,62718,1128,1077.52,1091.484,4447,2021-03-12 05:00:00
634,1099.99,1108.89,57007,1111.45,1076.03,1099.428,3034,2021-03-15 04:00:00
635,1111.95,1103.35,68775,1114.56,1090.28,1105.2666,3958,2021-03-16 04:00:00
636,1111.04,1101.34,73793,1124.54,1091.73,1109.0284,3752,2021-03-17 04:00:00
637,1105.33,1060,87658,1105.33,1059.37,1074.3339,4642,2021-03-18 04:00:00
638,1068.48,1105.74,163043,1121.14,1056.23,1098.1116,4675,2021-03-19 04:00:00
639,1095.46,1070.67,109616,1116.73,1060.5,1080.7907,5046,2021-03-22 04:00:00
640,1067.48,1063.27,80844,1074.4,1050.165,1061.8226,4813,2021-03-23 04:00:00
641,1061.66,1050.97,55349,1069.705,1040.71,1052.8318,3211,2021-03-24 04:00:00
642,1036,1077.36,116170,1082,1023.79,1063.1036,6880,2021-03-25 04:00:00
643,1096.2,1159.99,132900,1164.87,1089.335,1141.7333,8096,2021-03-26 04:00:00
644,1163.14,1166.02,194748,1229.125,1154.6801,1177.4179,9792,2021-03-29 04:00:00
645,1166,1195.67,125711,1206.56,1142.4,1180.558,6614,2021-03-30 04:00:00
646,1206.53,1206.28,172872,1256.04,1201.9,1222.483,7700,2021-03-31 04:00:00
647,1226.41,1184.68,97581,1233.6999,1179.95,1197.8724,7589,2021-04-01 04:00:00
648,1190.61,1211.08,94675,1218.865,1165.1805,1200.5076,7522,2021-04-05 04:00:00
649,1220.32,1225.3,91517,1241.43,1202.75,1222.8759,6693,2021-04-06 04:00:00
650,1221.01,1235.34,81010,1244.58,1218.03,1231.8222,4926,2021-04-07 04:00:00
651,1246.78,1270.11,137748,1280.11,1234.58,1269.254,6165,2021-04-08 04:00:00
652,1276.05,1253.1,92533,1283.185,1234.17,1256.9455,6973,2021-04-09 04:00:00
653,1244.36,1259.88,76348,1262.46,1225.01,1244.7443,4632,2021-04-12 04:00:00
654,1264.99,1267.02,84108,1277.38,1260.09,1268.6203,4514,2021-04-13 04:00:00
655,1270,1252.55,58907,1270,1241.19,1254.5963,3512,2021-04-14 04:00:00
656,1260,1290.89,82884,1298.62,1253.92,1277.2444,4504,2021-04-15 04:00:00
657,1301.19,1294.93,93605,1306.205,1283.33,1293.1375,4055,2021-04-16 04:00:00
658,1295.6,1287.69,98979,1308.03,1268.58,1285.7477,5543,2021-04-19 04:00:00
659,1292.62,1306.45,127636,1315.38,1261.31,1292.0421,5578,2021-04-20 04:00:00
660,1318.17,1255.22,175702,1319.34,1228.935,1275.0989,8496,2021-04-21 04:00:00
661,1265,1246,134347,1283.175,1222.05,1254.6658,9179,2021-04-22 04:00:00
662,1338,1283.9,284479,1349.98,1246,1278.8262,11863,2021-04-23 04:00:00
663,1266.67,1233.99,173608,1273.32,1213.87,1234.2332,9076,2021-04-26 04:00:00
664,1219.86,1215.42,201190,1231.66,1185.125,1207.9411,9935,2021-04-27 04:00:00
665,1225.86,1210.23,110236,1232.98,1198.29,1216.0945,4793,2021-04-28 04:00:00
666,1210.88,1210.19,85382,1218.4677,1187.66,1203.8061,4490,2021-04-29 04:00:00
667,1203.44,1216.49,69840,1219.36,1198.15,1212.2097,3283,2021-04-30 04:00:00
668,1221,1191.08,80089,1231.8498,1189.72,1207.0167,4207,2021-05-03 04:00:00
669,1182.34,1131.14,255631,1182.34,1100.385,1132.5632,9745,2021-05-04 04:00:00
670,1136,1099.2,171198,1139.22,1098.66,1110.7263,6641,2021-05-05 04:00:00
671,1112.46,1109.74,137821,1118.67,1084.03,1103.1213,5753,2021-05-06 04:00:00
672,1115.51,1115.15,121911,1133.22,1104.065,1117.9238,5274,2021-05-07 04:00:00
673,1113,1136.88,139604,1144.62,1098.43,1129.8132,5462,2021-05-10 04:00:00
674,1109.73,1083.9,202624,1124.24,1078.25,1097.2486,6910,2021-05-11 04:00:00
675,1087.42,1054.22,256912,1120.23,1042.26,1067.7149,9576,2021-05-12 04:00:00
676,1062.36,1067.16,159954,1085.4955,1042.23,1067.9004,7241,2021-05-13 04:00:00
677,1077.24,1108.42,108487,1112.115,1074.0312,1102.3731,5918,2021-05-14 04:00:00
678,1110,1121.03,118084,1128.46,1102.24,1118.007,6326,2021-05-17 04:00:00
679,1121,1061.71,230502,1127.025,1057.47,1074.9295,11923,2021-05-18 04:00:00
680,1044.77,1049,237481,1062.855,1031.215,1046.2167,8305,2021-05-19 04:00:00
681,1058.16,1047.85,169095,1080.71,1046.88,1058.6676,6938,2021-05-20 04:00:00
682,1062.93,1045.39,188196,1067,1041.12,1048.8818,7553,2021-05-21 04:00:00
683,1048.97,1052.36,199467,1066.12,1046.2,1055.5228,7952,2021-05-24 04:00:00
684,1079.17,1096.7,377432,1107.65,1055.45,1086.517,11928,2021-05-25 04:00:00
685,1096.7,1105.94,255258,1117.02,1081.28,1102.1632,10261,2021-05-26 04:00:00
686,1110.76,1030.45,836487,1133.8,1030.45,1054.1926,17220,2021-05-27 04:00:00
687,1044.24,1058.16,316046,1072.535,1039.83,1055.9595,12168,2021-05-28 04:00:00
688,1051.94,1063.01,262593,1068.4707,1032.62,1052.3825,10092,2021-06-01 04:00:00
689,1055.17,1066.9,261615,1074.48,1038.27,1057.7237,8119,2021-06-02 04:00:00
690,1054.54,1099,236744,1104.09,1047.97,1086.5739,9020,2021-06-03 04:00:00
691,1107.21,1106.29,252242,1118.96,1095.75,1107.4884,6389,2021-06-04 04:00:00
692,1100.21,1089.89,179545,1104.09,1063.03,1082.1267,7339,2021-06-07 04:00:00
693,1089.89,1092.02,177785,1103.29,1081.4445,1093.2589,7658,2021-06-08 04:00:00
694,1097.64,1038.51,173684,1097.64,1036.22,1052.7072,8474,2021-06-09 04:00:00
695,1040.56,1028.49,134940,1052.78,1025.64,1035.4269,6481,2021-06-10 04:00:00
696,1029.03,1028.96,159881,1044.74,1021.825,1032.1651,6935,2021-06-11 04:00:00
697,1029.53,1021.88,151969,1037.4044,1017.16,1023.9374,6068,2021-06-14 04:00:00
698,1023.44,1007.78,195501,1034.09,1002.195,1010.8644,6529,2021-06-15 04:00:00
699,1000,995,273309,1018,992.29,1003.6758,9342,2021-06-16 04:00:00
700,985.12,970.14,217736,997.705,966.26,979.9183,8275,2021-06-17 04:00:00
701,967.4,970.08,255162,989.605,963.71,973.911,6512,2021-06-18 04:00:00
702,985.49,986.08,195318,998.025,977.32,986.6328,7919,2021-06-21 04:00:00
703,991.86,1004.24,134958,1008.27,985.355,998.6885,5710,2021-06-22 04:00:00
704,1003.52,1010.02,132259,1017.35,996.07,1008.3258,4619,2021-06-23 04:00:00
705,1014.93,1019.62,127589,1020,1006.09,1015.6626,4852,2021-06-24 04:00:00
706,1027.98,1035.22,181111,1038.29,1013.5,1028.4927,6660,2021-06-25 04:00:00
707,1037.39,1037.77,124611,1059.035,1027.4001,1041.5835,6397,2021-06-28 04:00:00
708,1037.5,1034.57,110198,1039.71,1017.79,1029.6059,4690,2021-06-29 04:00:00
709,1034.54,1020.8,186873,1048.99,1015.13,1023.4236,6158,2021-06-30 04:00:00
710,1012.63,966.48,287320,1017.32,963.16,979.3617,15007,2021-07-01 04:00:00
711,974,953.85,314902,974.02,935.03,949.8703,12244,2021-07-02 04:00:00
712,965.25,927.92,232609,965.25,925,933.6564,10820,2021-07-06 04:00:00
713,958,959,397003,972.79,939.97,955.7668,14458,2021-07-07 04:00:00
714,939.97,964.73,237498,988.05,934.4248,963.9781,9448,2021-07-08 04:00:00
715,958.71,973.58,227230,975.49,950.8995,965.1495,7737,2021-07-09 04:00:00
716,969.56,979.41,313030,990.4,963.32,978.7698,9214,2021-07-12 04:00:00
717,975.91,940.7,240439,980.35,936.84,947.5855,10054,2021-07-13 04:00:00
718,946.68,919.55,362859,946.68,902.88,920.5782,13533,2021-07-14 04:00:00
719,918.27,930.86,253256,957.925,913.7015,933.5627,9164,2021-07-15 04:00:00
720,935,925.09,208840,954.58,922.25,933.3645,8356,2021-07-16 04:00:00
721,910.4,951.5,289458,955,902.5,941.6464,10819,2021-07-19 04:00:00
722,958.72,936.43,243051,959.62,923.24,937.6484,9417,2021-07-20 04:00:00
723,940.63,930,288865,960.2,923.92,941.4508,10152,2021-07-21 04:00:00
724,936,947.54,522836,960.99,920.67,900.4184,22457,2021-07-22 04:00:00
725,725,701,2861634,745,693.21,717.1046,82728,2021-07-23 04:00:00
726,705,726.62,992472,740,687.1,720.8343,33408,2021-07-26 04:00:00
727,723.21,716.4,493587,731.58,709.01,717.1293,15175,2021-07-27 04:00:00
728,715.37,717.17,348592,731.7,707.26,717.0054,13053,2021-07-28 04:00:00
729,718.65,705.56,388841,728.01,701.5,709.937,14264,2021-07-29 04:00:00
730,702.94,710,409439,712.73,695.8,707.2611,13251,2021-07-30 04:00:00
731,710,715.87,377460,718.16,706.045,713.3996,10622,2021-08-02 04:00:00
732,716.89,678.09,459108,716.89,675.06,689.1269,19848,2021-08-03 04:00:00
733,676,660.21,469239,694.77,659.71,672.282,18087,2021-08-04 04:00:00
734,661.29,656.03,340210,666.99,653.57,658.5419,13486,2021-08-05 04:00:00
735,657.08,656.72,375517,666.198,653.86,660.2155,11196,2021-08-06 04:00:00
736,662.51,684.52,360897,690.35,659.31,681.1198,12091,2021-08-09 04:00:00
737,697.56,663.27,473160,697.56,660.06,671.8746,11903,2021-08-10 04:00:00
738,670,649.59,288640,670,645.35,652.9358,13244,2021-08-11 04:00:00
739,652.83,640,335027,654,634.2994,639.416,13549,2021-08-12 04:00:00
740,640.21,633.86,205604,651.335,632.39,640.0685,9808,2021-08-13 04:00:00
741,631,626.64,411521,638.98,618.8401,629.5737,12817,2021-08-16 04:00:00
742,622.42,627.99,435296,633.51,616.75,627.3199,10433,2021-08-17 04:00:00
743,630.11,604.83,387049,631,603.331,612.0094,13189,2021-08-18 04:00:00
744,604.72,597.86,376408,607.8699,593.4795,599.7061,12057,2021-08-19 04:00:00
745,596.13,588.12,391221,605.95,584.6,593.0653,13368,2021-08-20 04:00:00
746,591,605.06,273140,608.98,588.8088,602.3775,10183,2021-08-23 04:00:00
747,604.99,608.11,364597,611.885,589.14,602.4105,12382,2021-08-24 04:00:00
748,585.36,586.62,1182559,587.21,562.11,575.3663,32677,2021-08-25 04:00:00
749,591.52,586.19,410916,596.37,574.5,583.9941,15412,2021-08-26 04:00:00
750,586.01,585.11,259169,597.9,580.03,589.2386,9899,2021-08-27 04:00:00
751,585,576.72,252266,589.74,575.59,580.8135,9232,2021-08-30 04:00:00
752,582.51,570.21,368618,582.51,564.0001,570.2677,12419,2021-08-31 04:00:00
753,576.26,570.78,226269,585.505,569.38,575.433,10708,2021-09-01 04:00:00
754,571,562.39,226530,572.995,561.2501,565.2445,11787,2021-09-02 04:00:00
755,561,562.51,275445,568.19,555,561.5602,9988,2021-09-03 04:00:00
756,566.06,559.87,235269,569.3871,551.47,558.0212,10800,2021-09-07 04:00:00
757,556.65,559.4,309940,569.25,555.79,551.1867,14148,2021-09-08 04:00:00
758,515,538.31,1203795,545.58,510.2501,530.3379,31356,2021-09-09 04:00:00
759,539.28,542.82,461388,546.285,525.01,536.7128,15086,2021-09-10 04:00:00
760,545.4,543.71,356218,563.6408,540.41,550.0764,14132,2021-09-13 04:00:00
761,545,531.01,252613,548.86,526.55,535.0461,10894,2021-09-14 04:00:00
762,528.27,530.4,358472,539.04,522.24,530.3128,12578,2021-09-15 04:00:00
763,528.24,527.15,487557,535.01,514.8311,524.6645,14884,2021-09-16 04:00:00
764,527.99,517.06,342848,528.495,516.24,519.2053,10350,2021-09-17 04:00:00
765,511.08,524.36,316201,527.71,508.5,519.133,11153,2021-09-20 04:00:00
766,524.35,520.84,256205,532.08,515.71,522.6191,9033,2021-09-21 04:00:00
767,522.14,522.35,248372,530.44,517.3,524.2462,7755,2021-09-22 04:00:00
768,519.88,525.69,251149,528.65,515.16,522.2723,10097,2021-09-23 04:00:00
769,527.23,514.59,181405,527.23,514.06,517.2895,7173,2021-09-24 04:00:00
770,515.23,523.9,344383,532.12,514.97,525.7797,10680,2021-09-27 04:00:00
771,523.23,517.4,233193,526.77,510.405,515.5687,8843,2021-09-28 04:00:00
772,515,513.99,281786,515.57,503.3238,509.951,12141,2021-09-29 04:00:00
773,516.45,509.75,304800,526.09,508.41,513.2536,9529,2021-09-30 04:00:00
774,509.75,508.94,254607,516.85,501.14,508.9117,8532,2021-10-01 04:00:00
775,507.45,503.77,284513,508.99,496.86,502.4037,9070,2021-10-04 04:00:00
776,505.18,507.56,330769,509.78,497.62,504.8651,8656,2021-10-05 04:00:00
777,505.28,525.5,435634,525.5,501.84,516.7244,11814,2021-10-06 04:00:00
778,525.5,545,775601,556.68,525.5,548.0454,19694,2021-10-07 04:00:00
779,547.69,537.81,275513,551.015,533.225,541.057,11108,2021-10-08 04:00:00
780,540.26,536.36,206281,547.26,535.5877,540.1223,8066,2021-10-11 04:00:00
781,539.7,522.69,260161,542.95,519.6465,528.279,8793,2021-10-12 04:00:00
782,525.1,524.52,199768,531.77,521.45,525.231,7455,2021-10-13 04:00:00
783,524.3,525.19,224087,535.25,524.3,529.7434,7837,2021-10-14 04:00:00
784,525.19,511.36,298475,530.35,506.33,516.2073,11188,2021-10-15 04:00:00
785,507.22,507.01,279685,517.49,507.01,511.1423,10857,2021-10-18 04:00:00
786,509,510.27,309823,513.01,506,509.9099,10289,2021-10-19 04:00:00
787,512.97,511.52,337198,528.63,509.88,516.8439,9872,2021-10-20 04:00:00
788,512.5,517.22,470268,519.49,504.1,510.9212,17296,2021-10-21 04:00:00
789,496,525.64,961156,538.2,493.0529,524.3628,23034,2021-10-22 04:00:00
790,521.58,506.38,437951,529.41,503.7639,516.0376,14435,2021-10-25 04:00:00
791,507.5,500.14,378789,516.51,491.8801,500.1431,14505,2021-10-26 04:00:00
792,502.85,485.1,307356,503.11,479.8,485.8646,14283,2021-10-27 04:00:00
793,486.66,496.61,189887,497.3,483.71,492.8143,8552,2021-10-28 04:00:00
794,494.59,492.48,164015,502.54,490.2801,494.0318,6759,2021-10-29 04:00:00
795,491.68,505.05,148671,506.31,490,501.4401,7186,2021-11-01 04:00:00
796,505.05,496.62,175670,505.05,486.97,493.1269,9093,2021-11-02 04:00:00
797,495.15,507.73,173944,511,493.94,505.8521,8748,2021-11-03 04:00:00
798,503.2,505.2,179688,507.73,492.595,501.3038,8107,2021-11-04 04:00:00
799,501.99,502.71,127236,507.39,496.89,501.9718,6454,2021-11-05 04:00:00
800,500.57,491.64,209103,500.57,486.47,490.7771,11065,2021-11-08 05:00:00
801,491.14,484.97,160684,492.53,483.915,486.8968,8577,2021-11-09 05:00:00
802,487.13,470.46,315802,487.13,467.13,474.3868,14220,2021-11-10 05:00:00
803,472.72,468.32,220514,473.18,463.26,468.3628,9316,2021-11-11 05:00:00
804,471.77,479.65,301307,485.57,465.0101,478.0529,9975,2021-11-12 05:00:00
805,480,472.99,203315,480,468.35,473.2948,7969,2021-11-15 05:00:00
806,472.14,485.93,298218,491.94,471.3,484.2879,8833,2021-11-16 05:00:00
807,486.06,483.24,215393,486.8701,479.29,482.773,8742,2021-11-17 05:00:00
808,484.32,472.2,213531,484.32,468.9,473.0347,8466,2021-11-18 05:00:00
809,468.94,464.75,266826,478.17,462.86,466.945,10129,2021-11-19 05:00:00
810,465.7,458.94,290579,470.57,454.0801,461.149,12256,2021-11-22 05:00:00
811,455.47,460.27,428618,463.24,449.5,455.3326,12839,2021-11-23 05:00:00
812,460.27,464.33,217454,471.66,454.095,465.7219,9692,2021-11-24 05:00:00
813,456.51,454.64,138472,463.14,448.025,454.4733,7319,2021-11-26 05:00:00
814,460.06,442.37,306061,460.06,435.12,442.5221,15371,2021-11-29 05:00:00
815,435.67,451.17,987341,459.73,435.12,450.2295,17708,2021-11-30 05:00:00
816,453.86,438.31,235899,464.09,438.23,446.1998,9110,2021-12-01 05:00:00
817,439.5,460.85,243879,460.99,439.5,456.6835,8456,2021-12-02 05:00:00
818,459.65,460.4,204707,460.56,447.635,456.5198,9063,2021-12-03 05:00:00
819,473.2,492.26,419860,500.8999,460.5,490.4665,15146,2021-12-06 05:00:00
820,495.38,497.06,319713,505.33,489.93,499.3352,11315,2021-12-07 05:00:00
821,494.65,503.42,215842,506.59,488.995,501.1366,8478,2021-12-08 05:00:00
822,506.03,508.05,226301,511.66,499.63,506.481,8180,2021-12-09 05:00:00
823,510.1,511.05,191582,518.18,508,512.8571,7847,2021-12-10 05:00:00
824,510,532.27,308399,535.751,504.28,523.9408,11681,2021-12-13 05:00:00
825,529.89,518.5,262304,531,510.22,519.4406,9329,2021-12-14 05:00:00
826,514.02,524.93,215954,527,510.22,520.2276,7392,2021-12-15 05:00:00
827,524.11,510.83,257109,531.32,509.05,519.1536,8966,2021-12-16 05:00:00
828,507.91,531.8,404392,531.88,499.7562,527.0317,11591,2021-12-17 05:00:00
829,542.72,537.84,260795,547.71,526.9552,536.5216,10373,2021-12-20 05:00:00
830,539.63,527.87,162817,543.27,522.715,528.804,7747,2021-12-21 05:00:00
831,527,521.87,175777,529.4,515.51,521.3992,5818,2021-12-22 05:00:00
832,527.35,524.87,141581,527.35,513.02,520.7246,6158,2021-12-23 05:00:00
833,520.9,512.21,135520,526.49,510.94,515.8244,6287,2021-12-27 05:00:00
834,511.55,503.23,150024,511.55,501.33,504.8761,7234,2021-12-28 05:00:00
835,501.65,501.97,106855,508.8626,497.7872,503.5976,4941,2021-12-29 05:00:00
836,502.07,514.68,150317,517.77,502.07,511.0466,5729,2021-12-30 05:00:00
837,512.08,505.1,116451,515.5608,502.44,506.3483,5834,2021-12-31 05:00:00
838,503.54,520.2,123329,520.39,490.4601,512.43,5899,2022-01-03 05:00:00
839,516.75,508.17,164530,519.87,498.63,505.1998,6635,2022-01-04 05:00:00
840,505.91,502.22,174136,514.855,500.06,505.8243,6743,2022-01-05 05:00:00
841,501.54,499.33,161791,513.69,497.76,502.899,5571,2022-01-06 05:00:00
842,500,516.88,382909,535,499.3,518.9011,12077,2022-01-07 05:00:00
843,517,510.27,147813,519.45,495.67,506.9886,6364,2022-01-10 05:00:00
844,507.47,504.58,99845,511.01,501.09,506.1307,5054,2022-01-11 05:00:00
845,502.23,485,166127,505.9808,484.39,492.5184,7658,2022-01-12 05:00:00
846,489.41,488.98,142272,495,484.56,488.879,5602,2022-01-13 05:00:00
847,446.49,449.33,1184983,460.33,428.13,446.9404,25107,2022-01-14 05:00:00
848,445,444.73,263747,452.28,435.56,443.8219,9777,2022-01-18 05:00:00
849,450,456.16,308662,470.84,445.76,459.0775,10974,2022-01-19 05:00:00
850,458.26,453.76,259899,468.37,452.43,460.624,7486,2022-01-20 05:00:00
851,452.43,443.44,188477,457.63,440.9,446.1719,7112,2022-01-21 05:00:00
852,439.05,451.24,234249,452.59,429.15,445.101,7681,2022-01-24 05:00:00
853,447.98,435.57,279199,447.98,432.985,438.4458,7868,2022-01-25 05:00:00
854,436.8,421.26,339182,439.7968,419.15,426.9996,8586,2022-01-26 05:00:00
855,425,415.34,243332,434.7147,412.29,421.7575,6224,2022-01-27 05:00:00
856,415.9,426.16,304386,427.98,406.68,419.1701,8420,2022-01-28 05:00:00
857,426.16,420.83,530902,428.87,408.23,419.1289,13366,2022-01-31 05:00:00
858,424.49,425.07,307321,426.905,407.515,419.7163,8084,2022-02-01 05:00:00
859,426.91,414.94,207714,426.91,406.82,414.2775,6552,2022-02-02 05:00:00
860,411.61,408.66,164260,420.55,407,412.6394,5342,2022-02-03 05:00:00
861,407.01,419.04,192566,422.54,404.5,416.7849,6283,2022-02-04 05:00:00
862,423.41,424.97,169883,429.56,418.85,423.3641,6571,2022-02-07 05:00:00
863,424.39,443.23,263853,445.87,424.39,440.2161,8068,2022-02-08 05:00:00
864,444.52,444.61,271910,454.11,439.775,447.6587,7442,2022-02-09 05:00:00
865,441.77,439.56,120393,451.02,433.24,440.3488,4863,2022-02-10 05:00:00
866,443.18,432.52,160479,445.69,428,432.95,5632,2022-02-11 05:00:00
867,430.09,422.38,185453,432.05,417.32,423.5061,5852,2022-02-14 05:00:00
868,428.32,422.44,219827,431.95,419.96,423.9148,5566,2022-02-15 05:00:00
869,422.3,408.12,314142,422.3,405.185,409.5434,11573,2022-02-16 05:00:00
870,396.16,397.16,470991,426.355,386.19,405.4943,12885,2022-02-17 05:00:00
871,397.06,378.26,237291,399.86,378.14,383.7234,9071,2022-02-18 05:00:00
872,377.61,382.75,265716,392.7,377,384.9846,8221,2022-02-22 05:00:00
873,382.57,368.15,177516,386.59,367.03,375.0214,7503,2022-02-23 05:00:00
874,356.81,374.61,174052,375.29,355.8685,366.0662,7196,2022-02-24 05:00:00
875,373,380.53,157850,385.5299,365.01,378.9591,7396,2022-02-25 05:00:00
876,379.72,383.46,117647,384.01,375.5,380.7443,5309,2022-02-28 05:00:00
877,379.95,379.96,246771,402.805,377.72,388.4921,7981,2022-03-01 05:00:00
878,378,393.71,209350,395.73,378,391.4241,8108,2022-03-02 05:00:00
879,395.72,391.68,126248,398.5555,390.01,393.4733,5338,2022-03-03 05:00:00
880,388.07,376.13,133855,391.15,372.7,378.3537,6040,2022-03-04 05:00:00
881,377.17,367.72,112234,381.02,365.8225,369.6369,6371,2022-03-07 05:00:00
882,369.29,358.06,150976,371.61,357.29,363.4522,6413,2022-03-08 05:00:00
883,365.19,367.69,82235,369.84,360.01,366.1396,4364,2022-03-09 05:00:00
884,361.86,350.12,144638,361.86,349.55,352.2118,6730,2022-03-10 05:00:00
885,352.35,346.62,152629,353.7,342.74,346.7177,6381,2022-03-11 05:00:00
886,348.78,349.91,151515,354.69,345.31,350.2358,6285,2022-03-14 04:00:00
887,350.46,358.97,113597,359.2,349.33,355.7901,4775,2022-03-15 04:00:00
888,362,373.06,95270,373.54,360.3,368.531,5289,2022-03-16 04:00:00
889,373.25,384.8,116386,388.9,370.43,382.8995,5662,2022-03-17 04:00:00
890,385,401.62,308113,402.95,384.49,397.3126,6908,2022-03-18 04:00:00
891,401.1,397.92,123517,405.78,393.8775,398.2272,5796,2022-03-21 04:00:00
892,398.64,407.01,106941,409.78,397.97,405.5794,5112,2022-03-22 04:00:00
893,405.5,389.18,119737,405.565,388.05,393.2338,6097,2022-03-23 04:00:00
894,392.89,392.64,96029,392.89,385.19,389.8327,4858,2022-03-24 04:00:00
895,394.6,383.2,84273,395.48,378.88,384.1701,5968,2022-03-25 04:00:00
896,384.49,386.53,84890,387.41,377.85,383.1584,4700,2022-03-28 04:00:00
897,391.96,396.51,76716,401.15,391.2701,396.8263,4675,2022-03-29 04:00:00
898,395.2,386.26,73218,395.366,384.665,388.184,4464,2022-03-30 04:00:00
899,385.22,388.47,82372,392.5,384.16,389.1501,4410,2022-03-31 04:00:00
900,388.36,391.15,85487,391.44,381.31,388.3258,4291,2022-04-01 04:00:00
901,391.4,396.96,119814,404.2,389.055,397.374,5838,2022-04-04 04:00:00
902,395,392.63,58663,395.6441,387.33,391.3849,3758,2022-04-05 04:00:00
903,389.19,384.28,92625,389.405,379.47,384.485,4245,2022-04-06 04:00:00
904,384.74,384.88,147574,387.66,372.09,381.1862,5269,2022-04-07 04:00:00
905,382.24,377.33,130472,386.23,375.62,379.8845,5542,2022-04-08 04:00:00
906,372.3,377.8,113301,383.08,366.6,376.9345,5603,2022-04-11 04:00:00
907,379.15,376.83,110752,392.19,373.6135,380.2049,6769,2022-04-12 04:00:00
908,371.07,375.13,77915,379.6,371.07,375.6365,4336,2022-04-13 04:00:00
909,376.95,365.76,172522,376.95,363.675,366.8865,7690,2022-04-14 04:00:00
910,361.93,357.68,183966,365.19,352.025,356.5122,7400,2022-04-18 04:00:00
911,359.21,364.87,157578,372.42,359.21,366.8038,7303,2022-04-19 04:00:00
912,363.88,361.22,153437,369.85,354.1,362.7594,8508,2022-04-20 04:00:00
913,364.3,345.97,233692,366.1799,342.985,348.077,10798,2022-04-21 04:00:00
914,330.38,350.7,475745,366.7,325.53,352.4056,17701,2022-04-22 04:00:00
915,349.59,358.25,201324,358.25,340.785,350.5208,7494,2022-04-25 04:00:00
916,359.51,359.6,162242,366.77,356.7,360.8446,7608,2022-04-26 04:00:00
917,361.38,359.64,224475,379.98,358.54,366.6821,8566,2022-04-27 04:00:00
918,364.39,377.22,206959,378.37,356.17,369.2071,8724,2022-04-28 04:00:00
919,379.99,375,154491,383.6348,374.09,376.3811,6705,2022-04-29 04:00:00
920,375.38,391.33,317100,395.62,371.8422,389.5727,10392,2022-05-02 04:00:00
921,389.83,381.22,192870,393.3,379.47,383.5076,6875,2022-05-03 04:00:00
922,382.97,388.66,171627,389.07,373,380.9258,6239,2022-05-04 04:00:00
923,383.75,373.11,155351,383.75,366.075,372.1888,6302,2022-05-05 04:00:00
924,372.32,372.39,132461,374.99,359.01,369.4015,7062,2022-05-06 04:00:00
925,368.33,358.99,166003,376.88,355.58,363.2639,7772,2022-05-09 04:00:00
926,361.32,359.27,151819,361.33,345.35,354.6475,7268,2022-05-10 04:00:00
927,358.51,340.03,199821,360.125,337.56,345.9805,7732,2022-05-11 04:00:00
928,336.6,347.15,168274,356.71,332.04,344.2072,8174,2022-05-12 04:00:00
929,353.94,358.29,125428,361.68,350.83,356.4909,5688,2022-05-13 04:00:00
930,354.06,354.5,67897,363,351.17,355.222,4970,2022-05-16 04:00:00
931,358.77,356.52,103938,361.2116,347.67,355.2997,6076,2022-05-17 04:00:00
932,353.55,337.2,116218,353.55,335.93,340.9041,6451,2022-05-18 04:00:00
933,333.42,329.17,155638,335.68,323.03,329.7815,8651,2022-05-19 04:00:00
934,331.08,329.21,129771,331.81,322.22,326.792,6494,2022-05-20 04:00:00
935,330.14,331.46,114042,332.28,324.68,329.5735,5983,2022-05-23 04:00:00
936,328.92,323.12,267385,328.92,315.08,321.7251,9654,2022-05-24 04:00:00
937,323.5,333.41,99192,334.97,323.4,330.8715,5487,2022-05-25 04:00:00
938,336.1,342.69,136763,347.07,336.1,344.0989,6769,2022-05-26 04:00:00
939,345.21,358.26,135524,359.53,345.21,356.3011,6745,2022-05-27 04:00:00
940,355.84,355.3,143332,359.03,352.18,355.4717,7478,2022-05-31 04:00:00
941,357.82,345.77,192395,358.55,339.41,345.6146,7950,2022-06-01 04:00:00
942,348.83,352.4,174430,355.775,348.06,352.4778,7325,2022-06-02 04:00:00
943,350.85,347.39,120301,354.74,345.95,349.646,6021,2022-06-03 04:00:00
944,345.21,333.51,128548,348.96,331.805,335.6508,7274,2022-06-06 04:00:00
945,331.06,333.42,151309,336.56,327.49,331.7489,6435,2022-06-07 04:00:00
946,330.62,332.43,100980,340.5,329.97,334.4741,5856,2022-06-08 04:00:00
947,333.65,325.1,143580,333.65,324.26,326.9077,6640,2022-06-09 04:00:00
948,320,314.1,165087,323.03,313.69,316.8439,7585,2022-06-10 04:00:00
949,307.7,294.71,295011,309.65,288.99,293.8265,12155,2022-06-13 04:00:00
950,299.11,294.63,226350,303.88,290.87,296.8475,8657,2022-06-14 04:00:00
951,298.93,301.71,188606,305.94,295.06,300.0786,8068,2022-06-15 04:00:00
952,296.22,289.94,145212,296.96,287,291.1544,6742,2022-06-16 04:00:00
953,296.9,296.69,232805,298.0047,290.47,295.4905,7580,2022-06-17 04:00:00
954,293.1,302.27,149919,305.73,293.07,300.4883,7573,2022-06-21 04:00:00
955,288.64,312.3,220376,314.52,288.64,309.5471,9069,2022-06-22 04:00:00
956,315.2,329.98,209776,331.1999,315.2,326.9753,9115,2022-06-23 04:00:00
957,333.09,341.29,238178,344.11,331.65,340.0735,8530,2022-06-24 04:00:00
958,341.29,333.99,112944,341.29,332.29,336.1371,5423,2022-06-27 04:00:00
959,322.18,319.17,176482,328.8,317.2,320.6063,8433,2022-06-28 04:00:00
960,319.73,314.67,126355,322.86,312.34,316.4337,5703,2022-06-29 04:00:00
961,309.89,302.97,180667,309.89,298.36,302.2569,8057,2022-06-30 04:00:00
962,304.97,314.59,111924,316.92,304.97,312.9357,5792,2022-07-01 04:00:00
963,312.02,316.93,188017,317.82,302.21,310.477,7152,2022-07-05 04:00:00
964,316.63,306.23,229198,318.895,304.56,308.2889,8810,2022-07-06 04:00:00
965,301.05,306.9,160909,307.21,299.26,303.074,8706,2022-07-07 04:00:00
966,306.25,317.41,129810,325.4,302.9401,318.3957,6859,2022-07-08 04:00:00
967,314.3,307.41,206315,317.46,305.21,308.1555,7409,2022-07-11 04:00:00
968,306.79,314.29,165085,326.74,306.79,317.9575,7366,2022-07-12 04:00:00
969,305.85,317.45,142464,322.58,305.85,316.7149,6724,2022-07-13 04:00:00
970,315.75,320.18,110124,320.9,309.81,317.2413,5301,2022-07-14 04:00:00
971,320.18,321.93,163269,324.55,316.06,320.7968,8446,2022-07-15 04:00:00
972,327.09,327.43,203001,339.32,323.04,330.94,8147,2022-07-18 04:00:00
973,333.93,337.04,172225,340.365,326.76,335.0325,7227,2022-07-19 04:00:00
974,340.42,334.88,176271,343.57,331.365,337.2605,7918,2022-07-20 04:00:00
975,335.07,336.18,296285,344.115,333.595,331.9596,10314,2022-07-21 04:00:00
976,316.2,356.99,818412,358,316.2,342.0595,19897,2022-07-22 04:00:00
977,358.85,376.51,515226,377.16,355.38,368.2917,15697,2022-07-25 04:00:00
978,372.38,360.97,227110,375.6,354.17,360.9314,9701,2022-07-26 04:00:00
979,366.36,372.04,163970,372.12,361.58,368.104,8029,2022-07-27 04:00:00
980,374.06,377.42,140405,377.47,364.77,373.3733,6766,2022-07-28 04:00:00
981,377,380.43,114568,383.08,374.33,379.3798,5840,2022-07-29 04:00:00
982,379.92,380.61,104412,383.195,375.54,379.5974,4957,2022-08-01 04:00:00
983,378.07,372.44,113332,378.07,368.24,372.5278,5265,2022-08-02 04:00:00
984,375,378.33,141574,382.947,372.39,378.9617,6376,2022-08-03 04:00:00
985,381.5,379.11,139402,382.54,374.97,378.6822,5713,2022-08-04 04:00:00
986,374.95,375.87,106029,378.66,370.13,374.9795,5512,2022-08-05 04:00:00
987,379.99,384.31,135075,394.17,379.64,387.4868,7537,2022-08-08 04:00:00
988,380,374.32,142183,382.9,371.22,374.8933,5745,2022-08-09 04:00:00
989,384.37,382.67,127922,392.335,380.14,386.6784,6310,2022-08-10 04:00:00
990,385.58,382.82,119605,394.335,380.25,386.5176,6797,2022-08-11 04:00:00
991,387.51,381.82,56586,387.51,381.19,383.0588,3607,2022-08-12 04:00:00
992,378.67,382,71969,384.23,378.67,381.975,4054,2022-08-15 04:00:00
993,381.13,378.19,135004,383.04,375.48,379.23,5661,2022-08-16 04:00:00
994,372.36,379.16,88708,381.05,370.1,376.3861,4200,2022-08-17 04:00:00
995,377.52,381.49,100196,382.21,374.13,379.8592,3846,2022-08-18 04:00:00
996,379.84,368.58,182665,379.84,362.795,367.8874,7131,2022-08-19 04:00:00
997,363.36,359.76,122358,366.83,354.815,360.4059,5947,2022-08-22 04:00:00
998,356.27,351.34,232470,357.67,345.38,350.6995,9159,2022-08-23 04:00:00
999,354.11,355.47,70893,358.72,353.495,355.6317,3786,2022-08-24 04:00:00
1000,355.96,358.93,62554,361.92,353,358.414,4396,2022-08-25 04:00:00
1001,358.85,347.85,81330,360.21,347.2,350.7442,4544,2022-08-26 04:00:00
1002,344.43,348.07,75033,352.91,343,348.5873,4758,2022-08-29 04:00:00
1003,350.41,341.2,88312,350.41,341,343.1307,5500,2022-08-30 04:00:00
1004,343.12,337.08,82024,343.12,335.13,337.4879,4564,2022-08-31 04:00:00
1005,332.98,337.29,112189,338.52,327.395,334.7166,6557,2022-09-01 04:00:00
1006,339.48,330.8,97225,346.37,329.7,336.365,5514,2022-09-02 04:00:00
1007,331.13,331.34,83081,339.46,328.565,332.5609,5305,2022-09-06 04:00:00
1008,330.89,346.61,99900,347.74,330.89,343.0671,5437,2022-09-07 04:00:00
1009,342.04,341.82,95094,348.99,340.42,343.6861,5960,2022-09-08 04:00:00
1010,345.99,342.44,171334,349.465,341.16,344.2564,7057,2022-09-09 04:00:00
1011,343.74,346.52,128613,348.64,340.78,346.1265,6677,2022-09-12 04:00:00
1012,337.74,329.8,182672,338.3,325.07,329.4595,7125,2022-09-13 04:00:00
1013,328.82,329.48,122878,331.895,324.59,328.141,6033,2022-09-14 04:00:00
1014,328.34,329.11,88860,337.14,326.39,329.791,5060,2022-09-15 04:00:00
1015,327.98,326.94,129561,330.45,326.38,327.3874,4755,2022-09-16 04:00:00
1016,322.78,328.37,85170,329.1,322.78,327.1684,4560,2022-09-19 04:00:00
1017,325.01,332.49,98685,334.515,323.245,331.0941,4727,2022-09-20 04:00:00
1018,333.77,326.63,130871,335.9399,321.62,328.0167,5735,2022-09-21 04:00:00
1019,324.85,318.48,154607,325.325,311.77,317.5369,6368,2022-09-22 04:00:00
1020,315.46,317.64,111616,317.94,308.79,314.1251,6434,2022-09-23 04:00:00
1021,318.76,320.21,107458,326.29,318.37,321.6798,6110,2022-09-26 04:00:00
1022,321.61,324.67,118676,330,319.48,323.6005,6024,2022-09-27 04:00:00
1023,324.6,334.19,79355,335.15,324.6,332.6529,4762,2022-09-28 04:00:00
1024,328.92,332.18,126116,333,322.5,327.7291,6215,2022-09-29 04:00:00
1025,331.06,323.65,123629,336.265,323.38,329.0575,5072,2022-09-30 04:00:00
1026,322.83,328.94,71996,331.66,322.83,329.3433,3772,2022-10-03 04:00:00
1027,334.61,338.86,89711,341.99,334.61,338.3496,5342,2022-10-04 04:00:00
1028,336.91,337.22,141477,342.895,329.68,338.1513,5714,2022-10-05 04:00:00
1029,334.01,346.93,160594,349.22,334.01,345.4984,6354,2022-10-06 04:00:00
1030,344.68,342.45,162676,346.1,339.17,341.873,7374,2022-10-07 04:00:00
1031,342.29,348.25,121514,351.37,339.705,347.7713,6429,2022-10-10 04:00:00
1032,345.2,356.91,184552,364.08,344.1,357.0445,9162,2022-10-11 04:00:00
1033,359.99,368.37,177351,369.04,357,365.7314,7671,2022-10-12 04:00:00
1034,354.2,371.02,225342,371.38,345,365.6252,9945,2022-10-13 04:00:00
1035,373.24,350.68,256059,373.88,340.615,350.4136,9846,2022-10-14 04:00:00
1036,354.98,354.78,143316,364.8933,348.77,355.6165,7403,2022-10-17 04:00:00
1037,360.99,354.31,190951,367.8,350.05,356.6669,7447,2022-10-18 04:00:00
1038,345.11,335.28,226586,346.91,324.58,332.8238,9848,2022-10-19 04:00:00
1039,335.94,336.16,241713,343.71,331.15,337.2862,9800,2022-10-20 04:00:00
1040,353.5,402.28,768488,405,352,388.3581,23382,2022-10-21 04:00:00
1041,405.25,404.25,271098,422.75,400.935,406.7677,12602,2022-10-24 04:00:00
1042,408.39,415.21,191277,416.72,406.28,412.5525,8515,2022-10-25 04:00:00
1043,414.27,396.25,263310,417.72,395.05,402.1666,10198,2022-10-26 04:00:00
1044,394.56,379.06,190602,397.25,377.6168,384.3249,8305,2022-10-27 04:00:00
1045,379.21,383.75,184089,387.27,372.14,382.7234,6718,2022-10-28 04:00:00
1046,381.97,373.29,178973,384.21,373.01,376.6221,7800,2022-10-31 04:00:00
1047,377.52,370.27,157702,377.52,363.6,369.4745,7517,2022-11-01 04:00:00
1048,369.66,368.88,173582,381.07,368.27,373.3421,6867,2022-11-02 04:00:00
1049,362.74,371.67,145080,373.93,361.74,369.8367,6319,2022-11-03 04:00:00
1050,379.61,375.51,135738,383.82,368.82,375.1579,6050,2022-11-04 04:00:00
1051,368.01,367,189744,373.21,361,367.7551,6447,2022-11-07 05:00:00
1052,366.53,353.64,296490,369.03,352.02,359.4728,10623,2022-11-08 05:00:00
1053,350.98,347.04,138371,357.96,343.985,350.428,5617,2022-11-09 05:00:00
1054,359.99,369.82,183871,371.43,357.51,367.5134,7462,2022-11-10 05:00:00
1055,371.61,412.15,357405,420.835,371.61,406.6397,11367,2022-11-11 05:00:00
1056,408.01,378.67,242452,408.29,378.295,389.0617,9993,2022-11-14 05:00:00
1057,384.14,387.27,103982,391.88,382.01,387.787,5345,2022-11-15 05:00:00
1058,384.68,377.69,95074,385.42,375.745,378.8087,6136,2022-11-16 05:00:00
1059,371.76,377.04,106067,380.56,366.88,375.7353,6269,2022-11-17 05:00:00
1060,385.17,376.65,103140,385.17,367.11,374.7648,5469,2022-11-18 05:00:00
1061,376.65,374.06,74129,379.22,371.64,374.6585,4572,2022-11-21 05:00:00
1062,376.68,372.34,104029,377.125,364.55,370.0143,5429,2022-11-22 05:00:00
1063,370.51,373.76,71467,376,367.16,373.0092,4768,2022-11-23 05:00:00
1064,374,377.07,73532,377.13,368.7,372.2675,3489,2022-11-25 05:00:00
1065,377.07,375.5,85566,382.53,375,377.6154,4792,2022-11-28 05:00:00
1066,376,373.38,73720,376,365.95,371.0758,4361,2022-11-29 05:00:00
1067,375.71,384.37,96652,385.61,368.61,380.3127,4703,2022-11-30 05:00:00
1068,386.43,384.48,74665,391.5,381.78,384.3084,4421,2022-12-01 05:00:00
1069,384.81,388.72,62672,392.05,381.31,386.2779,4705,2022-12-02 05:00:00
1070,385.99,379.7,67797,385.99,377.888,380.8895,4954,2022-12-05 05:00:00
1071,369.68,359.92,165783,369.81,352.09,359.1022,7711,2022-12-06 05:00:00
1072,357.92,359.02,87353,367.76,357.92,362.0548,4595,2022-12-07 05:00:00
1073,358.9,359.32,88090,364.26,352.68,358.9859,4988,2022-12-08 05:00:00
1074,355.61,360.61,92470,362.64,352.6101,359.1046,4857,2022-12-09 05:00:00
1075,360.61,358.94,76299,362.535,354.2071,359.053,5058,2022-12-12 05:00:00
1076,369.04,363.49,106823,372.35,361.8,365.0611,5510,2022-12-13 05:00:00
1077,360.67,357.25,78822,364.56,356.1,359.3805,4363,2022-12-14 05:00:00
1078,352.5,345.34,99445,352.82,344.24,347.2969,5565,2022-12-15 05:00:00
1079,344.08,344.08,132338,347.65,338.3,343.0752,6056,2022-12-16 05:00:00
1080,344.92,339.45,70686,345.18,338.79,340.9757,4375,2022-12-19 05:00:00
1081,337.27,333.64,79402,344.045,333.3301,335.9871,4375,2022-12-20 05:00:00
1082,335.91,336.42,112218,339.3299,335,336.5255,6449,2022-12-21 05:00:00
1083,334.4,334.34,71486,335.39,331.35,333.7151,5033,2022-12-22 05:00:00
1084,333.56,336.02,76068,336.31,330.07,334.1543,4233,2022-12-23 05:00:00
1085,335.89,333.4,78303,337.95,332.83,334.6208,4197,2022-12-27 05:00:00
1086,332.22,328.26,85548,333.65,325.558,328.0294,4703,2022-12-28 05:00:00
1087,329.71,334.91,91462,335,327.99,333.7503,4632,2022-12-29 05:00:00
1088,329.4,329.52,132244,333.89,323.515,328.6539,6273,2022-12-30 05:00:00
1089,330,322.63,134230,333.11,321.9225,324.4861,5610,2023-01-03 05:00:00
1090,312.17,327.72,140953,332.575,310.1,324.8252,5614,2023-01-04 05:00:00
1091,320.93,324.52,109959,325.26,320,323.1747,5560,2023-01-05 05:00:00
1092,327.08,328.7,126828,337.12,325.02,331.0788,5836,2023-01-06 05:00:00
1093,328.97,322.62,127354,332.34,321.28,325.8862,5737,2023-01-09 05:00:00
1094,323.91,332.2,100564,332.6,320.941,328.07,5057,2023-01-10 05:00:00
1095,334.18,344.58,164941,348.5,332.17,342.6897,6904,2023-01-11 05:00:00
1096,345.23,349.95,139994,358.885,342.71,352.5476,6074,2023-01-12 05:00:00
1097,347.85,357.66,136124,361.58,346.2,357.3205,5933,2023-01-13 05:00:00
1098,355.15,359.35,171709,371.32,353.96,364.4267,6438,2023-01-17 05:00:00
1099,360.37,348.14,176015,364.81,346.81,354.6985,7525,2023-01-18 05:00:00
1100,347.97,348.57,103884,351.415,341.355,347.7867,4832,2023-01-19 05:00:00
1101,348.02,354.83,117077,358.235,345.63,353.2869,4801,2023-01-20 05:00:00
1102,352.7,364.76,113306,373.55,352.7,366.8063,5853,2023-01-23 05:00:00
1103,366.43,378.81,100987,379,363.73,373.9753,4468,2023-01-24 05:00:00
1104,373.59,381.9,97926,382.88,370.22,380.3626,4901,2023-01-25 05:00:00
1105,385.86,389.92,137158,390.92,375.215,385.892,5997,2023-01-26 05:00:00
1106,386.51,392.29,98762,393.81,384.57,390.2793,4520,2023-01-27 05:00:00
1107,388.8,377.47,121203,394.0881,377.02,382.7678,5905,2023-01-30 05:00:00
1108,377.47,388.61,107945,388.79,374.21,383.7374,4803,2023-01-31 05:00:00
1109,391.23,401.73,159099,406.27,390.38,397.6639,6847,2023-02-01 05:00:00
1110,404.83,417,235779,420.495,400.21,415.4948,8204,2023-02-02 05:00:00
1111,410.11,402.99,146470,414.22,400.505,405.5987,5821,2023-02-03 05:00:00
1112,399.26,395.07,144825,402.2276,393.69,395.7982,5431,2023-02-06 05:00:00
1113,391.54,377.12,202177,391.54,376.05,380.6259,8044,2023-02-07 05:00:00
1114,375.09,369.94,144723,378.47,368.07,372.0339,6461,2023-02-08 05:00:00
1115,372.11,364.67,172684,373.06,359.01,363.5008,7496,2023-02-09 05:00:00
1116,363.94,359.98,126450,363.94,355.46,359.7581,6322,2023-02-10 05:00:00
1117,361.85,375,250002,376.155,358.12,372.9011,8580,2023-02-13 05:00:00
1118,373.27,385.65,235914,388.97,371,383.5755,8632,2023-02-14 05:00:00
1119,387.49,392.91,264426,396.2,384.17,387.0222,10250,2023-02-15 05:00:00
1120,340.07,335.01,791711,348.8,330.3301,337.9084,24689,2023-02-16 05:00:00
1121,330.95,329.04,373072,340.1254,324.175,328.2471,14600,2023-02-17 05:00:00
1122,331.81,324.78,262633,334.71,322.54,326.6942,11458,2023-02-21 05:00:00
1123,324.8,334.09,181186,335.31,324.8,331.6756,7434,2023-02-22 05:00:00
1124,334.2,336.03,155267,338,329.65,334.5532,6972,2023-02-23 05:00:00
1125,330.46,332.03,114721,334.5,325.45,331.2582,5597,2023-02-24 05:00:00
1126,333.78,328.2,95724,334.455,324.84,328.5503,4465,2023-02-27 05:00:00
1127,328.41,323.8,93797,332.615,323.315,326.5634,4082,2023-02-28 05:00:00
1128,321.33,318.59,151153,322.88,317.09,319.2278,6075,2023-03-01 05:00:00
1129,316.11,317.23,74307,319.85,313.87,317.357,4014,2023-03-02 05:00:00
1130,317.58,319.14,100393,322,315.36,319.2795,4612,2023-03-03 05:00:00
1131,317.44,319.02,95372,320.49,316.7964,318.5685,4514,2023-03-06 05:00:00
1132,316.58,318.76,96353,321.1,316,318.969,4340,2023-03-07 05:00:00
1133,317.12,328.14,183708,328.99,316.32,326.236,6824,2023-03-08 05:00:00
1134,328.75,323.1,206598,333.6236,322.95,326.0569,7090,2023-03-09 05:00:00
1135,322.19,311.97,168335,322.58,305.12,311.8679,8243,2023-03-10 05:00:00
1136,309.03,306.13,156295,311.16,303.18,307.8665,6933,2023-03-13 04:00:00
1137,312.06,309.74,137711,312.11,304.03,308.3709,6071,2023-03-14 04:00:00
1138,306.03,315.48,131985,319.03,306.02,314.7005,6508,2023-03-15 04:00:00
1139,312.99,315.16,91117,316.51,310.77,314.6952,4710,2023-03-16 04:00:00
1140,314.33,310.21,168484,314.33,307.79,310.2221,6160,2023-03-17 04:00:00
1141,309.6,313.95,107978,318.77,309.455,314.1829,4906,2023-03-20 04:00:00
1142,316.06,319.52,111206,320.98,314.5,318.6056,4747,2023-03-21 04:00:00
1143,321,318.13,145054,329.34,317.99,323.5027,5793,2023-03-22 04:00:00
1144,319.5,320.94,117303,326.03,319.5,322.5202,5769,2023-03-23 04:00:00
1145,321.28,325.39,104983,328.41,319,324.5891,4865,2023-03-24 04:00:00
1146,326.93,327.51,118827,328.41,323.65,326.2237,5244,2023-03-27 04:00:00
1147,327.21,324.07,86255,327.8,324.06,325.4201,4258,2023-03-28 04:00:00
1148,326.15,326.19,92996,328.89,324.9,326.2757,4408,2023-03-29 04:00:00
1149,327,327.08,120335,329.12,324.47,326.7834,4170,2023-03-30 04:00:00
1150,329.62,328.7,92546,331.595,326.32,328.6991,5328,2023-03-31 04:00:00
1151,327.13,328.21,111934,331.71,325.82,328.487,6115,2023-04-03 04:00:00
1152,329.79,321.8,110065,330.06,321.02,324.3607,5323,2023-04-04 04:00:00
1153,321.35,320.19,105899,321.54,318.07,319.711,4874,2023-04-05 04:00:00
1154,319.91,319.27,94805,323.24,316.38,319.9276,4937,2023-04-06 04:00:00
1155,318.39,324.4,109236,325.73,317.655,322.4054,4686,2023-04-10 04:00:00
1156,325.26,325.19,129413,326.47,322.9714,324.9789,4965,2023-04-11 04:00:00
1157,326.61,317.64,164153,326.61,315.18,318.9263,7955,2023-04-12 04:00:00
1158,319.43,319.74,166974,321.97,314.2925,318.757,7730,2023-04-13 04:00:00
1159,319.11,323.13,85153,325.05,319.11,323.2956,4973,2023-04-14 04:00:00
1160,323.03,325.23,76584,325.4,319.74,322.8756,4701,2023-04-17 04:00:00
1161,325.71,320.14,82801,325.71,316.485,319.3479,4440,2023-04-18 04:00:00
1162,319.41,321.53,85787,321.865,319.06,320.1581,4292,2023-04-19 04:00:00
1163,319.74,320.1,64284,321.625,318.655,320.188,3976,2023-04-20 04:00:00
1164,321.76,322.16,91785,322.85,319.37,321.8495,5579,2023-04-21 04:00:00
1165,321.14,320.42,110517,326.05,319.27,321.0019,5070,2023-04-24 04:00:00
1166,319,315.29,97917,320.29,314.525,316.5346,4690,2023-04-25 04:00:00
1167,315.07,311.89,150015,315.1565,309.98,311.9855,6682,2023-04-26 04:00:00
1168,315.25,316.16,198428,324.715,314.8052,317.474,7811,2023-04-27 04:00:00
1169,310.37,317.51,294667,328.5,308.73,319.3356,8715,2023-04-28 04:00:00
1170,317.17,316.44,131152,323.77,315.15,317.1969,6314,2023-05-01 04:00:00
1171,314.64,311.31,109607,315.765,309.57,312.0729,5571,2023-05-02 04:00:00
1172,312.19,304.59,140308,313.31,304.49,307.9046,5663,2023-05-03 04:00:00
1173,305.47,304.34,137436,305.47,300.68,303.0578,6151,2023-05-04 04:00:00
1174,306.43,310.31,95843,310.82,304.96,309.2191,4915,2023-05-05 04:00:00
1175,308.4,312.09,113173,312.1,305.88,309.6406,5305,2023-05-08 04:00:00
1176,309.06,303.99,97226,312.32,303.1741,304.9474,5123,2023-05-09 04:00:00
1177,306,307.22,98828,311.45,304.63,308.445,4577,2023-05-10 04:00:00
1178,307,306.68,75467,307.82,303.33,305.7169,3883,2023-05-11 04:00:00
1179,306.33,308.14,78774,309.245,306.04,307.8078,4140,2023-05-12 04:00:00
1180,308.18,313.27,82439,313.37,306.69,310.9548,4485,2023-05-15 04:00:00
1181,312.32,319.16,164486,325.185,310.7599,320.374,7252,2023-05-16 04:00:00
1182,319.38,322.41,126597,322.91,315.46,320.8188,5427,2023-05-17 04:00:00
1183,322.21,326.2,88776,328.18,321.5,326.2812,5520,2023-05-18 04:00:00
1184,327.72,325.57,105844,328.987,322.8,326.3572,6512,2023-05-19 04:00:00
1185,326.38,330.75,162187,335.98,326.38,332.1188,7521,2023-05-22 04:00:00
1186,331.32,330.68,65984,334.64,329.95,331.759,4297,2023-05-23 04:00:00
1187,329.62,327.3,83299,329.65,323.02,327.3349,4806,2023-05-24 04:00:00
1188,327.04,317.22,86612,327.04,316.89,318.8886,4933,2023-05-25 04:00:00
1189,316.8,317.85,76942,320.04,316.565,318.3385,4327,2023-05-26 04:00:00
1190,329.95,334.93,299370,343.45,327.05,335.6629,12085,2023-05-30 04:00:00
1191,336.67,337.5,152807,342.33,333.785,338.5892,7374,2023-05-31 04:00:00
1192,338,334.5,105245,338,331.34,334.8153,5592,2023-06-01 04:00:00
1193,335.36,342.66,103988,342.82,335.36,340.7171,4566,2023-06-02 04:00:00
1194,341.35,340.11,161665,342.69,338.5601,341.1029,7014,2023-06-05 04:00:00
1195,340.2,334.73,91160,344.03,334.7,337.001,5351,2023-06-06 04:00:00
1196,335.87,332.38,81827,335.87,331.84,333.2348,4342,2023-06-07 04:00:00
1197,332.31,333.22,76236,335.23,330.2,333.069,4878,2023-06-08 04:00:00
1198,333.7,328.49,70957,335.29,328.46,330.3035,4479,2023-06-09 04:00:00
1199,331.29,330.12,122125,333.09,326.44,330.9526,5888,2023-06-12 04:00:00
1200,329.97,334.61,117588,336.28,328.74,334.0691,6785,2023-06-13 04:00:00
1201,334.81,335.21,65948,337.33,332.37,335.0739,4616,2023-06-14 04:00:00
1202,335.9,336.18,77810,337.01,331.82,335.2638,4972,2023-06-15 04:00:00
1203,338.26,332.84,112885,338.93,331.37,333.6849,5389,2023-06-16 04:00:00
1204,332.2,325.52,93488,332.25,325.24,327.1465,5621,2023-06-20 04:00:00
1205,325.15,324.22,102995,325.54,319.27,322.8862,5953,2023-06-21 04:00:00
1206,324.62,321.55,67143,324.62,320.05,322.2625,4873,2023-06-22 04:00:00
1207,318.8,312.7,191732,319.244,312.25,313.9206,8181,2023-06-23 04:00:00
1208,313.06,319.22,158037,321.88,313.06,319.2059,6912,2023-06-26 04:00:00
1209,318.23,315.71,96350,319.88,314.45,316.5278,4889,2023-06-27 04:00:00
1210,314,308.5,126699,314.55,308.25,310.0094,5896,2023-06-28 04:00:00
1211,308,309.66,122382,311.51,307.21,309.3296,6119,2023-06-29 04:00:00
1212,310.3,308.44,155644,311.09,306.805,308.7615,5466,2023-06-30 04:00:00
1213,307.55,309.54,61385,314.07,307.55,310.7478,3484,2023-07-03 04:00:00
1214,307,309.05,147703,309.64,305.22,307.5339,6650,2023-07-05 04:00:00
1215,306.66,305.75,110979,308.56,302.5,305.6593,6922,2023-07-06 04:00:00
1216,304.92,312.29,142550,313.99,304.8801,311.4977,6964,2023-07-07 04:00:00
1217,311.98,309.63,85090,315.22,308.97,311.4374,4424,2023-07-10 04:00:00
1218,309.45,303.14,204404,311.56,302.85,306.1964,8211,2023-07-11 04:00:00
1219,305.87,301.95,202971,306.96,300.72,302.8286,9130,2023-07-12 04:00:00
1220,302,299.76,129629,304.9799,299.22,301.5013,6278,2023-07-13 04:00:00
1221,299.75,302.19,125670,304.49,299.18,302.4507,6511,2023-07-14 04:00:00
1222,300.67,301.12,207901,306.38,300.1,301.8812,7870,2023-07-17 04:00:00
1223,301.67,300.8,119935,304,299.18,301.5777,5772,2023-07-18 04:00:00
1224,301.07,304.29,184660,305.685,296.27,302.0718,8505,2023-07-19 04:00:00
1225,304.2,301.29,102529,304.2,299.5,301.5546,5630,2023-07-20 04:00:00
1226,302.29,303.17,102800,304.91,301.2,302.9465,4843,2023-07-21 04:00:00
1227,302.5,306.4,133645,308.5,302.2,306.2243,6413,2023-07-24 04:00:00
1228,306.5,311.77,158828,313.49,303.62,309.612,6818,2023-07-25 04:00:00
1229,312.51,314.19,180947,316.61,312.4586,314.2166,8796,2023-07-26 04:00:00
1230,316.96,313.52,283968,321.73,313.44,318.261,12431,2023-07-27 04:00:00
1231,349.11,366.1,734172,377.99,349.05,368.4464,26929,2023-07-28 04:00:00
1232,366.1,371.44,269289,375.47,366.1,371.8051,12062,2023-07-31 04:00:00
1233,372.4,367.21,166659,374.51,365.99,368.2451,7566,2023-08-01 04:00:00
1234,365.67,359.17,148236,366.76,358.015,360.3874,7119,2023-08-02 04:00:00
1235,358.11,358.26,142347,361.56,352.92,357.3362,7584,2023-08-03 04:00:00
1236,357.1,353.18,110955,359.8,352.38,354.96,5204,2023-08-04 04:00:00
1237,353.44,359.71,128221,361.998,349.53,358.3574,6904,2023-08-07 04:00:00
1238,358.04,367.67,137396,369.235,353.99,365.2729,7920,2023-08-08 04:00:00
1239,368.6,364.27,103186,369.91,362.78,365.4965,5999,2023-08-09 04:00:00
1240,365.21,360.65,100953,365.745,359.2912,361.828,5109,2023-08-10 04:00:00
1241,358.64,358.75,113485,359.1735,353.24,357.2096,7491,2023-08-11 04:00:00
1242,357.64,361.36,74869,362.86,356.4,360.8993,4381,2023-08-14 04:00:00
1243,358.26,362.37,94677,366.2699,353.33,361.5728,5915,2023-08-15 04:00:00
1244,366.04,367.69,93414,370.19,365.5,368.1407,6840,2023-08-16 04:00:00
1245,367.99,371.17,127567,374.22,367.65,371.3834,5867,2023-08-17 04:00:00
1246,368.03,362.74,86868,369.01,362.115,365.0537,5927,2023-08-18 04:00:00
1247,362.6,367.71,92748,369.62,360.88,366.8214,6147,2023-08-21 04:00:00
1248,365.15,360.18,84463,367.7,357.15,360.1837,4605,2023-08-22 04:00:00
1249,361.49,363.57,72090,365.96,357.6089,364.0459,3848,2023-08-23 04:00:00
1250,362.99,358.37,45308,364.065,357.11,359.4519,3441,2023-08-24 04:00:00
1251,358.88,355.42,78698,359.53,351.86,355.4789,4561,2023-08-25 04:00:00
1252,356.53,357.53,45515,358.86,356.51,357.7907,3301,2023-08-28 04:00:00
1253,356.79,361.29,56508,361.3,355.44,360.1867,3372,2023-08-29 04:00:00
1254,360.49,364.82,57292,364.9,359.98,363.3703,3771,2023-08-30 04:00:00
1255,363.91,365.43,61344,368.71,362.53,365.7232,4469,2023-08-31 04:00:00
