TAP,open_price,close_price,trading_volume,highest_price,lowest_price,volume_weighted_avg_price,transaction_amt,date_time
0,64.39,65.65,1329168,65.9,64.37,65.5402,13160,2018-09-05 04:00:00
1,65.86,66.41,1368930,66.63,65.38,66.0738,13248,2018-09-06 04:00:00
2,65.5,63.78,2551805,65.52,63.3,63.8727,20662,2018-09-07 04:00:00
3,63.88,64.73,1929190,65.16,63.68,64.7795,16562,2018-09-10 04:00:00
4,64.05,62.83,2263542,64.48,62.69,63.3214,14956,2018-09-11 04:00:00
5,62.73,63.08,1589027,63.42,62.6,63.0312,13763,2018-09-12 04:00:00
6,63.47,63.48,929949,63.75,62.9,63.3798,8652,2018-09-13 04:00:00
7,63.27,63.14,1520587,63.29,62.63,63.0763,11610,2018-09-14 04:00:00
8,63.3,64.04,1592412,64.26,63,63.9248,13938,2018-09-17 04:00:00
9,64.27,63.87,1292080,64.504,63.49,63.8689,9982,2018-09-18 04:00:00
10,63.55,64.28,1721998,65.24,63.55,64.6218,13128,2018-09-19 04:00:00
11,64.78,64.92,2184163,65.97,64.34,64.9518,14859,2018-09-20 04:00:00
12,65.02,64.78,2948357,65.23,64.35,64.8326,13345,2018-09-21 04:00:00
13,64.18,62.48,3092852,64.5,62.23,62.6821,15965,2018-09-24 04:00:00
14,62.78,61.84,2105679,62.78,61.32,61.8049,17206,2018-09-25 04:00:00
15,62.21,62.27,1513743,62.9,61.74,62.428,13221,2018-09-26 04:00:00
16,62.06,61.74,921305,62.48,61.43,61.9385,9797,2018-09-27 04:00:00
17,61.51,61.5,1593925,61.95,61.23,61.4956,11719,2018-09-28 04:00:00
18,61.58,61.21,1650417,61.75,61.1,61.302,12005,2018-10-01 04:00:00
19,61.11,62.06,1784459,62.13,61.11,61.7912,15594,2018-10-02 04:00:00
20,62.59,61.35,2281024,62.88,60.98,61.7688,14710,2018-10-03 04:00:00
21,61.11,61.37,2127225,61.76,60.79,61.3203,11380,2018-10-04 04:00:00
22,61.65,61.89,1779992,62.38,61.36,61.7999,13094,2018-10-05 04:00:00
23,62.08,62.75,1144677,63.09,61.9,62.7521,9723,2018-10-08 04:00:00
24,62.37,61.73,1225689,62.39,61.555,61.8006,8931,2018-10-09 04:00:00
25,61.54,61.31,1339566,62.55,61.29,61.7186,11389,2018-10-10 04:00:00
26,61.35,59.59,2400886,61.7198,59.52,60.1659,19700,2018-10-11 04:00:00
27,60,59.33,1195903,60.19,58.8,59.3484,12371,2018-10-12 04:00:00
28,59.43,59.67,1326098,60.19,59.4,59.7785,10215,2018-10-15 04:00:00
29,60,60.23,1226113,60.55,59.44,60.1953,9503,2018-10-16 04:00:00
30,59.62,59.57,1468886,60.32,58.81,59.5101,10926,2018-10-17 04:00:00
31,59.75,58.97,1086900,60.38,58.75,59.2418,9645,2018-10-18 04:00:00
32,59.2,59.9,800674,60.44,59.2,59.8652,6938,2018-10-19 04:00:00
33,60.08,58.89,1274371,60.34,58.86,59.0829,10482,2018-10-22 04:00:00
34,58.61,58.3,1836285,58.99,57.02,57.9724,17170,2018-10-23 04:00:00
35,58.56,59.34,2062440,60.29,58.56,59.6392,18190,2018-10-24 04:00:00
36,58.21,56.83,4105924,58.34,56.65,57.3018,27812,2018-10-25 04:00:00
37,56.68,55.7,3617262,56.88,55.52,56.0422,25232,2018-10-26 04:00:00
38,56.3,56.59,3302420,57.01,56.06,56.5897,24415,2018-10-29 04:00:00
39,56.81,58.21,4770936,58.44,56.5,57.9858,34985,2018-10-30 04:00:00
40,62.1,64,6224893,64.91,61.32,63.3778,44582,2018-10-31 04:00:00
41,64.75,65.99,3939680,67.62,64.25,66.2522,33472,2018-11-01 04:00:00
42,66.09,63.12,2622121,66.42,62.39,63.3064,22890,2018-11-02 04:00:00
43,63.26,63.09,2125509,63.98,62.515,63.0147,17206,2018-11-05 05:00:00
44,62.41,62.65,2270430,63.45,61.17,62.393,19565,2018-11-06 05:00:00
45,63.13,63.62,2008520,63.98,62.255,63.5457,16491,2018-11-07 05:00:00
46,63.48,63.97,1848112,64.705,63.31,64.0731,13136,2018-11-08 05:00:00
47,64.05,64.5,2148231,64.76,63.61,64.2887,15456,2018-11-09 05:00:00
48,64.05,65.5,2376984,66.06,63.66,65.3575,20118,2018-11-12 05:00:00
49,65.72,64.49,1528097,66.11,64.17,64.6861,14776,2018-11-13 05:00:00
50,64.89,64.75,1196559,64.98,63.96,64.5737,11152,2018-11-14 05:00:00
51,64.73,64.69,1287156,64.83,63.93,64.4717,12303,2018-11-15 05:00:00
52,64.55,64.74,1626997,64.93,64.07,64.6131,14542,2018-11-16 05:00:00
53,64.94,66.39,2167860,66.71,64.9,65.9151,16629,2018-11-19 05:00:00
54,65.7,64.88,1976000,66.98,64.57,65.2314,15753,2018-11-20 05:00:00
55,64.83,64.13,1487688,65.29,63.79,64.308,14523,2018-11-21 05:00:00
56,64.18,64.1,703509,64.55,63.665,64.1047,4601,2018-11-23 05:00:00
57,64.73,64.98,1929207,65.34,64.3,64.9837,10982,2018-11-26 05:00:00
58,64.49,65.17,1299212,65.33,63.81,65.0123,12028,2018-11-27 05:00:00
59,65.07,65.91,2620528,66.11,64.68,65.6735,14519,2018-11-28 05:00:00
60,65.25,64.31,1823928,65.481,63.74,64.2625,16441,2018-11-29 05:00:00
61,64.52,65.77,2655753,65.855,64.5,65.5142,17660,2018-11-30 05:00:00
62,65.87,66.14,2014615,66.17,64.2,65.6802,18964,2018-12-03 05:00:00
63,65.88,64.87,2024604,66.31,64.72,65.2664,15778,2018-12-04 05:00:00
64,64.22,64.46,1972313,64.51,63.08,63.9502,19284,2018-12-06 05:00:00
65,64.15,63.37,1966265,65.38,63.03,63.9481,15621,2018-12-07 05:00:00
66,63.73,62.74,1415583,63.7543,61.7,62.5684,13032,2018-12-10 05:00:00
67,63,62.54,1225302,63.69,62.19,62.7875,12989,2018-12-11 05:00:00
68,63.08,63.07,2734408,64.77,63.01,63.481,14053,2018-12-12 05:00:00
69,63.46,63.2,1723231,64.19,62.74,63.1967,15867,2018-12-13 05:00:00
70,62.67,62,1600223,62.99,61.84,62.1335,15486,2018-12-14 05:00:00
71,61.85,60.57,2250669,62.29,60.28,60.9044,21778,2018-12-17 05:00:00
72,60.82,59.3,2246927,62.04,58.83,59.8189,22030,2018-12-18 05:00:00
73,59.4,57.77,2074084,60.2,57.52,58.7256,19259,2018-12-19 05:00:00
74,57.65,57.24,2179390,58.45,56.66,57.3887,18354,2018-12-20 05:00:00
75,57.24,55.5,2904768,58.62,55.44,56.3819,20140,2018-12-21 05:00:00
76,55.44,55.15,1086545,55.86,54.17,55.1784,10454,2018-12-24 05:00:00
77,55.31,56.16,3759037,56.17,54.6,55.241,22784,2018-12-26 05:00:00
78,55.69,56.54,2304472,56.56,54.71,55.5678,17151,2018-12-27 05:00:00
79,56.7,55.94,2401188,57.11,55.7,56.1596,19602,2018-12-28 05:00:00
80,55.87,56.16,1951892,56.29,54.94,55.8021,16450,2018-12-31 05:00:00
81,55.88,57.09,1646355,57.6,55.295,56.9931,16271,2019-01-02 05:00:00
82,57,57.87,2000967,58.1,56.65,57.6537,18431,2019-01-03 05:00:00
83,58.2,59.71,1601088,60.08,58.2,59.5127,15323,2019-01-04 05:00:00
84,59.33,59.58,2408168,60.393,58.89,59.6594,15019,2019-01-07 05:00:00
85,60,61.17,1946008,61.46,59.41,60.8657,16793,2019-01-08 05:00:00
86,60.51,61,1310694,61.29,59.98,60.8244,11644,2019-01-09 05:00:00
87,61.36,62.86,2668667,63.21,61.15,62.6845,21423,2019-01-10 05:00:00
88,63.28,63.34,1544149,63.69,62.72,63.1746,15640,2019-01-11 05:00:00
89,63.05,62.36,2608043,63.38,62.195,62.4973,11342,2019-01-14 05:00:00
90,62.49,62.43,1139434,62.72,61.73,62.3053,12223,2019-01-15 05:00:00
91,62.1,61.26,1253562,62.57,61.19,61.4589,12099,2019-01-16 05:00:00
92,61.14,61.78,1792708,62.09,61.086,61.5665,12759,2019-01-17 05:00:00
93,62.2,63.62,1630900,63.76,62.2,63.3334,12630,2019-01-18 05:00:00
94,63.55,64.1,2016632,64.15,62.835,63.6682,18890,2019-01-22 05:00:00
95,64.38,64.42,1172303,64.66,63.845,64.2646,9927,2019-01-23 05:00:00
96,64.1,63.39,1486744,64.21,63,63.442,9624,2019-01-24 05:00:00
97,63.86,64.4,1452871,65.17,63.82,64.4889,11335,2019-01-25 05:00:00
98,64.18,64.15,917967,64.3575,63.41,63.8503,9077,2019-01-28 05:00:00
99,64.35,64.75,957473,64.875,63.77,64.5381,8777,2019-01-29 05:00:00
100,64.99,65.33,1028543,65.89,64.34,65.2252,10751,2019-01-30 05:00:00
101,65.51,66.61,1272852,66.67,65.2,66.2344,10764,2019-01-31 05:00:00
102,66.68,66,1375885,66.98,65.91,66.2758,11544,2019-02-01 05:00:00
103,65.92,65.85,1160361,66.16,65.3692,65.867,9642,2019-02-04 05:00:00
104,66.25,66.51,1817405,67.24,65.91,66.7012,17915,2019-02-05 05:00:00
105,66.22,65.67,1442069,66.685,65.09,65.585,13584,2019-02-06 05:00:00
106,65.65,65.57,1190446,66.12,65.2,65.5384,12551,2019-02-07 05:00:00
107,65.42,64.94,1683601,65.74,64.46,64.9426,13717,2019-02-08 05:00:00
108,65.12,65.36,2507387,65.39,64.595,64.9354,19424,2019-02-11 05:00:00
109,60.21,59.19,7651173,62,59.01,59.7291,54363,2019-02-12 05:00:00
110,59.11,59.68,4930649,59.76,58.42,59.3278,37583,2019-02-13 05:00:00
111,59.37,59.84,2387905,60.35,59.32,59.8966,20854,2019-02-14 05:00:00
112,60.4,60.91,1618021,61.15,60.1,60.7704,13797,2019-02-15 05:00:00
113,60.66,61.11,1635238,61.35,60.189,60.9529,14822,2019-02-19 05:00:00
114,60.96,61.39,3103307,63.16,60.96,61.871,23343,2019-02-20 05:00:00
115,61.6,62.08,1425394,62.6908,61.08,62.0722,15492,2019-02-21 05:00:00
116,61.51,61.93,1228297,62.06,60.5,61.6776,10943,2019-02-22 05:00:00
117,62.24,61.04,2404179,62.24,61.04,61.3386,15136,2019-02-25 05:00:00
118,61.18,61.04,1131403,61.36,60.88,61.0735,10164,2019-02-26 05:00:00
119,60.82,61.11,2507704,61.34,60.68,61.0238,11684,2019-02-27 05:00:00
120,61.37,61.66,1682129,62.29,61.16,61.8298,13329,2019-02-28 05:00:00
121,61.54,61.41,2098402,62.15,61.31,61.5523,15164,2019-03-01 05:00:00
122,61.35,61.25,1590148,61.68,60.6,61.1421,14059,2019-03-04 05:00:00
123,61,61.09,1710993,61.41,60.48,60.8931,16066,2019-03-05 05:00:00
124,61.17,60.16,1622819,61.43,59.85,60.2872,14708,2019-03-06 05:00:00
125,60.2,60.04,1553037,60.26,59.75,59.9685,13360,2019-03-07 05:00:00
126,60.08,59.45,996869,60.17,59.32,59.5055,8672,2019-03-08 05:00:00
127,59.53,60.1,1140622,60.26,59.27,59.8934,11678,2019-03-11 04:00:00
128,60.2,60.21,1091832,60.52,59.96,60.2272,10308,2019-03-12 04:00:00
129,60.26,60.59,2108365,61.1791,60.16,60.5977,15799,2019-03-13 04:00:00
130,60.57,60.49,2109088,60.86,60.295,60.573,11440,2019-03-14 04:00:00
131,60.49,60.82,2439816,61.5408,60.43,60.9092,11403,2019-03-15 04:00:00
132,60.98,60.95,1098055,61.265,60.66,60.9355,9299,2019-03-18 04:00:00
133,61.12,60.76,1602474,61.44,60.47,60.8981,13924,2019-03-19 04:00:00
134,60.52,59.77,2212877,60.63,59.21,59.7271,16085,2019-03-20 04:00:00
135,59.48,60.81,1281399,60.81,59.45,60.3661,11369,2019-03-21 04:00:00
136,60.34,59.45,1225288,60.34,59.44,59.8326,11268,2019-03-22 04:00:00
137,59.36,58.75,1238865,59.52,58.75,58.9785,11638,2019-03-25 04:00:00
138,59.09,59.48,1295718,59.48,58.88,59.2756,10697,2019-03-26 04:00:00
139,59.3,59.29,1397267,59.77,58.78,59.3014,11367,2019-03-27 04:00:00
140,59.39,59.27,1374306,59.7,59.14,59.3842,11217,2019-03-28 04:00:00
141,59.69,59.65,1846556,60.23,59.44,59.8235,11447,2019-03-29 04:00:00
142,59.96,60.37,1333535,60.66,59.84,60.3134,11902,2019-04-01 04:00:00
143,60.42,60.15,1107189,60.48,59.84,60.1773,9775,2019-04-02 04:00:00
144,60.1,59.84,1493108,60.4,59.37,59.8213,12035,2019-04-03 04:00:00
145,60.05,60.76,1349446,60.91,59.83,60.6757,10709,2019-04-04 04:00:00
146,60.76,60.63,1069249,61,60.14,60.459,9101,2019-04-05 04:00:00
147,60.35,60.79,1171711,61.01,60.35,60.6882,10329,2019-04-08 04:00:00
148,60.28,59.55,1429056,60.51,59.23,59.5778,10550,2019-04-09 04:00:00
149,59.5,59.4,1680919,59.67,58.76,59.2703,13053,2019-04-10 04:00:00
150,59.82,60.07,1464063,60.72,59.725,60.1817,10656,2019-04-11 04:00:00
151,60.25,59.98,729293,60.94,59.88,60.1611,8001,2019-04-12 04:00:00
152,60.25,60.45,990662,60.61,60,60.4321,8051,2019-04-15 04:00:00
153,60.45,59.53,1771396,60.77,59.43,59.7457,14024,2019-04-16 04:00:00
154,59.59,59.42,1143408,60.14,59.22,59.5222,9997,2019-04-17 04:00:00
155,59.7,61.4,1917991,61.53,59.68,61.0242,14071,2019-04-18 04:00:00
156,61.49,61.16,1892208,62.33,61.04,61.4571,14465,2019-04-22 04:00:00
157,61.15,61.28,1583938,61.28,60.32,61.0416,13046,2019-04-23 04:00:00
158,61.39,62.51,1661221,62.53,61.24,62.2831,11704,2019-04-24 04:00:00
159,61.96,62.8,1359519,63,61.71,62.7029,12529,2019-04-25 04:00:00
160,63.01,63.83,1339783,64.12,63.01,63.7254,11776,2019-04-26 04:00:00
161,63.72,63.88,2163478,64.09,63.57,63.8286,13823,2019-04-29 04:00:00
162,63.72,64.19,2388769,64.32,63.27,63.9524,19499,2019-04-30 04:00:00
163,62.99,59.35,4781626,62.99,59.19,60.0099,38661,2019-05-01 04:00:00
164,59.2,59.92,1902241,59.99,58.51,59.631,17050,2019-05-02 04:00:00
165,60.46,61.37,1708162,61.44,60.3,61.0233,16558,2019-05-03 04:00:00
166,60.75,60.98,1166730,61.49,60.62,61.1189,11059,2019-05-06 04:00:00
167,60.59,60.08,1692930,60.735,59.58,60.0151,16262,2019-05-07 04:00:00
168,59.84,59.18,1955460,59.85,58.52,59.1357,17604,2019-05-08 04:00:00
169,58.79,58.35,1392280,58.97,57.53,58.1849,15012,2019-05-09 04:00:00
170,58.22,58.64,1285754,58.66,57.36,58.154,13411,2019-05-10 04:00:00
171,58.02,57.87,1074583,58.09,57.38,57.7686,13359,2019-05-13 04:00:00
172,58.1,58.42,1175023,58.88,57.89,58.4326,10696,2019-05-14 04:00:00
173,58.34,58.3,1240013,58.9,58.07,58.4847,12131,2019-05-15 04:00:00
174,58.37,58.54,1367067,59.24,58.26,58.7634,12001,2019-05-16 04:00:00
175,58.31,58.66,836855,58.99,58.2,58.6707,9343,2019-05-17 04:00:00
176,58.33,58.06,854105,58.75,57.88,58.2199,8718,2019-05-20 04:00:00
177,58.16,58.77,772961,58.82,58.06,58.6188,7882,2019-05-21 04:00:00
178,58.52,59.25,1021208,59.43,58.375,59.149,8236,2019-05-22 04:00:00
179,58.79,59.42,1235423,59.44,58.37,59.212,12533,2019-05-23 04:00:00
180,59.46,58.72,1081208,59.68,58.56,58.8687,11048,2019-05-24 04:00:00
181,58.73,57.24,1727447,58.96,57.13,57.4425,13740,2019-05-28 04:00:00
182,57.06,55.46,2175795,57.08,55.05,55.7312,17761,2019-05-29 04:00:00
183,55.29,54.75,2062378,55.72,54.3,54.9977,16771,2019-05-30 04:00:00
184,53.71,54.98,2538933,55.06,53.41,54.682,22194,2019-05-31 04:00:00
185,54.83,55.9,1771308,56.1,54.65,55.6685,19388,2019-06-03 04:00:00
186,56.42,57.98,1785862,58.02,56.355,57.5213,18551,2019-06-04 04:00:00
187,58.42,57.42,1570036,58.42,57.25,57.5888,16368,2019-06-05 04:00:00
188,57.59,57.71,1322761,57.93,57.48,57.6897,12649,2019-06-06 04:00:00
189,58.19,56.97,2768914,58.555,55.75,56.9982,24625,2019-06-07 04:00:00
190,56.54,54.74,2508503,56.574,54.5005,54.8912,22279,2019-06-10 04:00:00
191,54.73,54.63,2552689,54.98,53.84,54.5298,22487,2019-06-11 04:00:00
192,54.91,54.85,1405418,55.46,54.715,54.9506,11740,2019-06-12 04:00:00
193,55,55.11,1375430,55.275,54.57,54.9864,13599,2019-06-13 04:00:00
194,54.98,54,1954207,55.39,53.805,54.2439,17812,2019-06-14 04:00:00
195,53.87,53.66,1814781,54,53.25,53.7059,17418,2019-06-17 04:00:00
196,54.28,54.11,1328481,54.51,53.915,54.218,13256,2019-06-18 04:00:00
197,54.2,54.66,1351233,55.11,53.86,54.4257,12178,2019-06-19 04:00:00
198,54.76,54.98,1420461,55.45,54.64,55.0161,12264,2019-06-20 04:00:00
199,55,55.42,2205376,55.54,54.37,55.2424,12251,2019-06-21 04:00:00
200,55.44,55.46,1073139,55.81,54.95,55.4739,11199,2019-06-24 04:00:00
201,55.49,55.4,1385616,55.68,54.53,55.3372,13907,2019-06-25 04:00:00
202,55.23,54.96,1580081,55.4,54.66,55.0795,15359,2019-06-26 04:00:00
203,54.97,55.33,1254799,55.55,54.74,55.3079,7460,2019-06-27 04:00:00
204,55.75,56,1960072,56.4262,55.5,55.975,10539,2019-06-28 04:00:00
205,56.29,56.31,1241611,56.485,55.76,56.1682,13585,2019-07-01 04:00:00
206,56.59,56.13,772182,56.74,55.93,56.1679,8635,2019-07-02 04:00:00
207,56.52,56.86,789257,57.06,56.42,56.8495,7552,2019-07-03 04:00:00
208,56.77,56.85,614815,56.925,55.95,56.6204,6821,2019-07-05 04:00:00
209,56.91,56.45,758907,56.96,56.28,56.4739,7193,2019-07-08 04:00:00
210,56.16,55.54,1017200,56.205,55.1,55.44,11427,2019-07-09 04:00:00
211,55.88,55.87,1120353,56.31,55.68,56.0067,12256,2019-07-10 04:00:00
212,55.81,54.77,1116333,55.917,54.29,54.7643,11281,2019-07-11 04:00:00
213,54.8,54.38,2308613,54.98,54.24,54.5432,16128,2019-07-12 04:00:00
214,53.29,53.7,1957070,53.8,52.36,53.2383,18903,2019-07-15 04:00:00
215,53.64,54.49,1603872,54.57,53.39,54.2033,16275,2019-07-16 04:00:00
216,54.66,54.29,1266656,54.83,54.11,54.4497,14050,2019-07-17 04:00:00
217,54,54.39,1092191,54.65,53.48,54.2095,10636,2019-07-18 04:00:00
218,55.02,54.59,1546125,55.1,54.4,54.7404,13350,2019-07-19 04:00:00
219,54.78,54.23,1316422,55.05,54.03,54.4538,13271,2019-07-22 04:00:00
220,54.5,56.3,2525904,56.75,54.36,56.1442,24192,2019-07-23 04:00:00
221,56.26,56.65,1239571,56.755,56.07,56.5321,13406,2019-07-24 04:00:00
222,56.8,56.67,1696903,57.71,56.14,56.8985,16392,2019-07-25 04:00:00
223,56.73,56.59,1586821,56.98,56.38,56.6173,14915,2019-07-26 04:00:00
224,56.7,56.51,1236794,56.98,56.25,56.5286,12372,2019-07-29 04:00:00
225,56.39,56.92,1510858,57,56.09,56.6655,15600,2019-07-30 04:00:00
226,53.07,53.99,6779034,54.265,51.8,52.9893,54659,2019-07-31 04:00:00
227,53.01,52.49,3219910,54.245,52.46,53.1672,30581,2019-08-01 04:00:00
228,52.66,52.24,1980666,52.97,52.02,52.2749,18945,2019-08-02 04:00:00
229,51.9,50.59,3156138,52.07,49.92,50.4938,27840,2019-08-05 04:00:00
230,51.03,51.19,2697902,51.56,50.68,51.1292,23734,2019-08-06 04:00:00
231,50.92,52.14,1804240,52.29,50.55,51.7193,19234,2019-08-07 04:00:00
232,52.41,52.72,1368768,52.78,51.89,52.5206,13331,2019-08-08 04:00:00
233,52.47,52.65,1536447,52.75,52.13,52.5093,14533,2019-08-09 04:00:00
234,52.31,52.13,1790720,52.4,51.96,52.1311,17665,2019-08-12 04:00:00
235,52.21,51.68,1913869,52.95,51.62,52.0966,19494,2019-08-13 04:00:00
236,51.25,50.34,2103546,51.415,50.29,50.592,18346,2019-08-14 04:00:00
237,50.47,50.86,1458339,50.95,50.15,50.6984,13134,2019-08-15 04:00:00
238,50.98,51.88,1542534,52.05,50.685,51.5627,12744,2019-08-16 04:00:00
239,52.44,52.5,1493694,52.84,51.95,52.5836,12637,2019-08-19 04:00:00
240,52.52,52.16,949692,52.77,51.99,52.3869,10073,2019-08-20 04:00:00
241,52.11,51.78,1744862,52.42,51.52,51.8323,11965,2019-08-21 04:00:00
242,51.87,51.69,1296044,52.3,51.48,51.7443,11828,2019-08-22 04:00:00
243,51.56,50.07,1655775,51.66,49.945,50.4205,15163,2019-08-23 04:00:00
244,50.33,50.57,1470927,50.6005,50.09,50.4549,13017,2019-08-26 04:00:00
245,50.63,50.17,1657105,50.79,50.04,50.342,11961,2019-08-27 04:00:00
246,50.21,51.15,930160,51.26,49.92,50.8526,10202,2019-08-28 04:00:00
247,51.11,51.05,781518,51.4629,50.89,51.1488,8620,2019-08-29 04:00:00
248,51.2,51.36,1403953,51.6,51.07,51.3509,11917,2019-08-30 04:00:00
249,51.09,52.39,2130851,52.605,50.7803,52.104,19971,2019-09-03 04:00:00
250,52.81,53.13,937949,53.31,52.665,53.113,11462,2019-09-04 04:00:00
251,53.37,53.18,1675012,53.69,53.13,53.3463,15158,2019-09-05 04:00:00
252,53.38,53.42,1472873,53.49,53.13,53.3653,12162,2019-09-06 04:00:00
253,53.41,55.87,2031348,55.925,53.41,55.2506,19510,2019-09-09 04:00:00
254,55.8,56.6,2360838,56.8,55.42,56.1484,24920,2019-09-10 04:00:00
255,56.37,56.38,1710702,56.65,55.5,56.1665,16536,2019-09-11 04:00:00
256,56.9,56.25,1199838,56.99,56,56.4009,12251,2019-09-12 04:00:00
257,56.43,57.17,1419881,57.24,56.315,56.9526,14976,2019-09-13 04:00:00
258,56.99,57.55,1484837,57.6,56.68,57.3595,14667,2019-09-16 04:00:00
259,57.53,55.68,2223538,57.625,55.56,56.2179,22845,2019-09-17 04:00:00
260,55.4,55.04,2030000,55.56,54.43,54.8763,16813,2019-09-18 04:00:00
261,55.05,55.04,1270405,55.31,54.7001,55.0596,11156,2019-09-19 04:00:00
262,55.52,56.26,2341151,56.46,55.36,56.0449,15981,2019-09-20 04:00:00
263,56.22,56.21,1436913,56.5228,55.7572,56.1335,10870,2019-09-23 04:00:00
264,56.2,55.85,1352682,56.405,55.45,55.8563,10708,2019-09-24 04:00:00
265,56.05,56.14,1208194,56.22,55.53,55.9536,11791,2019-09-25 04:00:00
266,56.32,57.09,1417497,57.295,56.12,56.9717,14732,2019-09-26 04:00:00
267,57.34,57.47,1695265,57.71,56.94,57.3817,12941,2019-09-27 04:00:00
268,57.64,57.5,1612562,58.13,57.38,57.7202,14622,2019-09-30 04:00:00
269,57.7,58.11,1141426,58.36,57.6,58.0476,14533,2019-10-01 04:00:00
270,57.6,56.72,1381661,57.95,56.36,56.9323,13429,2019-10-02 04:00:00
271,56.22,56.62,1463253,56.845,55.18,56.3854,15064,2019-10-03 04:00:00
272,56.61,56.63,1272525,56.88,55.65,56.2411,14279,2019-10-04 04:00:00
273,56.73,56.17,1212932,57.12,56.13,56.4642,15127,2019-10-07 04:00:00
274,56,55.34,1340647,56,55.07,55.4192,16308,2019-10-08 04:00:00
275,55.71,55.51,1364564,55.875,55.16,55.5102,16276,2019-10-09 04:00:00
276,55.52,55.72,998238,56.08,55.22,55.6794,11776,2019-10-10 04:00:00
277,55.52,56.06,1049607,56.54,55.52,56.1216,11992,2019-10-11 04:00:00
278,55.82,56.24,818662,56.33,55.57,56.1198,9741,2019-10-14 04:00:00
279,56.25,56.68,1890371,56.83,55.97,56.645,18053,2019-10-15 04:00:00
280,56.95,56.32,1275065,56.95,56.21,56.4942,13206,2019-10-16 04:00:00
281,56.58,57,1503393,57.61,56.37,57.0192,14904,2019-10-17 04:00:00
282,57.15,56.98,1661717,57.15,56.735,57.0165,13791,2019-10-18 04:00:00
283,57.18,57.16,1367834,57.31,56.965,57.1707,13161,2019-10-21 04:00:00
284,57.36,59.3,2679370,59.32,57.115,58.232,23156,2019-10-22 04:00:00
285,58.9,59.47,1544574,59.56,58.61,59.1634,16953,2019-10-23 04:00:00
286,59.55,58.9,1602344,59.72,58.5315,58.9683,13549,2019-10-24 04:00:00
287,57.41,56.84,3536007,57.89,56.06,57.0404,28340,2019-10-25 04:00:00
288,56.74,54.57,3457026,57.13,54.55,55.3007,30424,2019-10-28 04:00:00
289,54.66,54.69,3502614,54.99,54.07,54.5852,30310,2019-10-29 04:00:00
290,52.97,53,4168189,54.86,51.9,53.1387,38701,2019-10-30 04:00:00
291,52.95,52.72,1987133,53.21,52.34,52.6488,20602,2019-10-31 04:00:00
292,52.79,52.7,1477142,53.33,52.58,52.8791,15491,2019-11-01 04:00:00
293,53.13,53.61,1308619,54.0691,52.82,53.5056,16104,2019-11-04 05:00:00
294,53.85,54.38,2084839,55.06,53.65,54.5137,19010,2019-11-05 05:00:00
295,54.72,54.48,1412137,54.92,54.12,54.5749,15906,2019-11-06 05:00:00
296,54.71,53.51,1321746,55.06,53.4,53.7321,13768,2019-11-07 05:00:00
297,53.55,53.79,1072696,53.84,53.19,53.6258,11928,2019-11-08 05:00:00
298,53.74,53.31,1046239,53.79,53.045,53.3097,11579,2019-11-11 05:00:00
299,53.5,52.67,1490741,53.53,52.62,52.7955,14948,2019-11-12 05:00:00
300,52.82,51.95,1747122,52.82,51.72,52.025,13864,2019-11-13 05:00:00
301,52.11,51.3,1512508,52.22,51.3,51.4947,14167,2019-11-14 05:00:00
302,51.37,52.52,1861135,52.72,51.2705,52.2912,16192,2019-11-15 05:00:00
303,52.54,51.96,1185164,52.84,51.8259,52.0541,10619,2019-11-18 05:00:00
304,51.97,52.41,1082384,52.43,51.67,52.1743,10118,2019-11-19 05:00:00
305,52.46,52.39,2213196,53.33,52.3,52.6694,18747,2019-11-20 05:00:00
306,52.39,52.55,1380816,52.75,52.205,52.523,14746,2019-11-21 05:00:00
307,52.81,52.28,815423,53.03,52.08,52.3965,8924,2019-11-22 05:00:00
308,51.73,52.42,1129012,52.6,51.65,52.2943,9670,2019-11-25 05:00:00
309,51.51,51.06,2246012,52.1,50.62,51.3722,18438,2019-11-26 05:00:00
310,51.21,50.73,2373661,51.45,50.615,50.8841,20595,2019-11-27 05:00:00
311,50.7,50.48,718094,50.7,50.22,50.4557,7114,2019-11-29 05:00:00
312,50.42,50.67,1781218,50.885,50.3,50.6941,16436,2019-12-02 05:00:00
313,50.56,50.1,1674604,50.75,49.82,50.1485,15514,2019-12-03 05:00:00
314,50.13,51.13,1901383,51.6504,50.1,51.1729,17825,2019-12-04 05:00:00
315,51.07,50.35,1520666,51.35,50.03,50.3621,13070,2019-12-05 05:00:00
316,50.69,51.06,1073273,51.2,50.53,51.0344,10507,2019-12-06 05:00:00
317,51.06,51.53,1637236,51.63,50.99,51.4697,10299,2019-12-09 05:00:00
318,51.36,51.21,1708664,51.44,50.77,51.2051,15965,2019-12-10 05:00:00
319,51.48,51.17,1144877,51.56,50.85,51.1375,10674,2019-12-11 05:00:00
320,51.16,51.36,1339827,51.83,51.08,51.4208,13460,2019-12-12 05:00:00
321,51.56,50.81,1607700,51.91,50.67,51.1444,15589,2019-12-13 05:00:00
322,51.2,51.98,2918582,52.1991,51,51.9163,18018,2019-12-16 05:00:00
323,51.8,52.45,1297214,52.62,51.8,52.3901,13979,2019-12-17 05:00:00
324,52.54,52.95,2571529,52.97,52.33,52.7676,19825,2019-12-18 05:00:00
325,52.83,53.25,2822197,53.45,52.44,53.1865,21841,2019-12-19 05:00:00
326,53.96,53.86,6601454,54.93,53.69,54.0947,27689,2019-12-20 05:00:00
327,54.04,53.05,2788674,54.25,52.86,53.1447,16998,2019-12-23 05:00:00
328,52.97,53.28,756204,53.62,52.82,53.3386,6769,2019-12-24 05:00:00
329,53.28,53.61,802549,53.61,53.21,53.4497,7038,2019-12-26 05:00:00
330,53.8,53.83,1098306,53.97,53.525,53.816,9047,2019-12-27 05:00:00
331,53.85,53.78,1405483,53.9694,53.4601,53.7169,12406,2019-12-30 05:00:00
332,53.76,53.9,1656359,54.0402,53.28,53.7716,13851,2019-12-31 05:00:00
333,54.25,53.54,1779652,54.42,53.09,53.5116,16881,2020-01-02 05:00:00
334,53.12,53.38,1966066,53.47,52.69,53.1723,15669,2020-01-03 05:00:00
335,53.71,54.63,2478296,54.98,53.55,54.4532,21841,2020-01-06 05:00:00
336,54.39,54.49,2400208,54.8,54.125,54.5115,17762,2020-01-07 05:00:00
337,54.62,55.02,1989419,55.47,54.08,54.9549,16039,2020-01-08 05:00:00
338,55.12,54.96,1352522,55.19,54.3105,54.8216,13091,2020-01-09 05:00:00
339,55.02,55.07,1056590,55.43,55,55.139,10405,2020-01-10 05:00:00
340,55.17,55.39,1804897,55.39,54.76,55.1852,14423,2020-01-13 05:00:00
341,55.25,55.95,2223969,55.95,55.06,55.7671,14977,2020-01-14 05:00:00
342,55.63,55.92,1278437,56.59,55.5,56.0277,13806,2020-01-15 05:00:00
343,55.94,56.57,1150432,56.7,55.735,56.4634,12769,2020-01-16 05:00:00
344,56.72,56.57,1112289,57.06,56.44,56.6337,10229,2020-01-17 05:00:00
345,56.32,56.5,1527071,56.79,55.89,56.377,13096,2020-01-21 05:00:00
346,56.45,56.48,954556,56.66,56.02,56.4383,11037,2020-01-22 05:00:00
347,56.21,56.74,1282692,57.0527,55.96,56.6283,13127,2020-01-23 05:00:00
348,56.89,56.12,1425077,56.92,55.56,56.1198,13941,2020-01-24 05:00:00
349,55.3,55.94,1311686,56.4,55.28,56.0803,13155,2020-01-27 05:00:00
350,56.03,56.09,1282946,56.57,55.89,56.2034,12068,2020-01-28 05:00:00
351,56.32,56.3,1055740,56.85,56.12,56.4187,11525,2020-01-29 05:00:00
352,56.1,56.26,1146539,56.37,55.73,56.0638,13842,2020-01-30 05:00:00
353,56.08,55.58,3864796,56.17,55.39,55.621,14568,2020-01-31 05:00:00
354,55.75,56.31,1666201,56.72,55.74,56.4035,17819,2020-02-03 05:00:00
355,56.87,56.91,1397631,57.31,56.82,57.0306,14431,2020-02-04 05:00:00
356,57.03,58.02,1502406,58.08,57.03,57.7599,14472,2020-02-05 05:00:00
357,58.27,57.5,1267771,58.375,57.5,57.8359,12842,2020-02-06 05:00:00
358,57.1,57.78,994122,57.91,57.02,57.5297,11207,2020-02-07 05:00:00
359,57.58,57.84,1326323,58.05,57.41,57.8039,12576,2020-02-10 05:00:00
360,58.27,58.05,1910461,58.69,57.88,58.2105,21133,2020-02-11 05:00:00
361,61.09,55.5,6538925,61.94,55.49,57.7621,54507,2020-02-12 05:00:00
362,55.28,55.36,2254951,55.73,54.47,55.162,22435,2020-02-13 05:00:00
363,55.48,55.25,2134844,55.79,54.88,55.2093,18535,2020-02-14 05:00:00
364,55.15,54.45,2405704,55.45,53.98,54.4935,18833,2020-02-18 05:00:00
365,54.38,54.88,1700682,55.09,53.92,54.6605,16395,2020-02-19 05:00:00
366,54.73,55.41,1122142,55.43,54.58,55.1026,11695,2020-02-20 05:00:00
367,55.03,55.29,1673908,55.48,54.8655,55.2631,14466,2020-02-21 05:00:00
368,54.34,54.2,1727539,54.6,53.47,54.0666,15931,2020-02-24 05:00:00
369,54.17,51.42,2288172,54.17,51.4,52.1147,19978,2020-02-25 05:00:00
370,51.54,51.74,3090202,53.13,51.42,52.2228,29017,2020-02-26 05:00:00
371,50.8,50.01,3173073,51.77,49,50.4501,33094,2020-02-27 05:00:00
372,48.71,49.61,3135948,49.62,47.62,48.8786,30993,2020-02-28 05:00:00
373,49.61,51.48,2498737,51.48,49.35,50.6952,25607,2020-03-02 05:00:00
374,51.4,50.43,1675128,52.235,49.705,50.635,19098,2020-03-03 05:00:00
375,50.84,52.48,2180448,52.49,50.57,51.6996,20341,2020-03-04 05:00:00
376,50.905,50.12,2387856,51.47,49.41,50.2479,23775,2020-03-05 05:00:00
377,48.16,48.04,3106399,49.43,47.16,47.9772,29411,2020-03-06 05:00:00
378,45.43,43.01,3171432,46,42.67,43.6391,33429,2020-03-09 04:00:00
379,44.12,43.89,2930305,45.185,41.7,43.2839,30708,2020-03-10 04:00:00
380,42.49,40.94,2697147,43.22,40.42,41.5117,29581,2020-03-11 04:00:00
381,38.55,38.4,4009429,39.24,36.32,38.0526,37732,2020-03-12 04:00:00
382,40.45,42.56,4377318,42.58,37.85,40.4056,37593,2020-03-13 04:00:00
383,37.5,41.85,3976428,44.22,37.44,41.0864,39096,2020-03-16 04:00:00
384,42.37,43.99,4547737,44.38,41.13,43.1123,45777,2020-03-17 04:00:00
385,41.59,40.45,4129482,45.39,38.51,41.44,39803,2020-03-18 04:00:00
386,39.99,38.51,2773724,42.08,37.34,39.2452,26187,2020-03-19 04:00:00
387,38.73,36.94,4318338,41.2,36.57,38.3489,36742,2020-03-20 04:00:00
388,36.65,34.56,3038407,37.27,34.01,35.376,31647,2020-03-23 04:00:00
389,36.33,37.47,3093964,39.05,36,37.5661,29407,2020-03-24 04:00:00
390,37.13,37.54,3099167,39.285,36.95,37.9049,24750,2020-03-25 04:00:00
391,37.81,38.62,2922928,38.9,37.35,38.2802,25153,2020-03-26 04:00:00
392,37.23,38.06,3093983,38.84,35.41,37.306,30786,2020-03-27 04:00:00
393,38.16,40.3,2232961,40.73,37.07,39.5861,21141,2020-03-30 04:00:00
394,39.9,39.01,2265083,40.7,38.65,39.1578,18367,2020-03-31 04:00:00
395,37.03,37.85,1590730,38.37,36.72,37.7519,16730,2020-04-01 04:00:00
396,37.47,40,2580013,40.22,37.05,39.4823,25061,2020-04-02 04:00:00
397,39.8,41.01,1869471,41.54,39.78,40.7577,17359,2020-04-03 04:00:00
398,42.41,42.9,2019754,43.225,41.14,42.4835,19116,2020-04-06 04:00:00
399,44.67,43.53,2151602,45.23,43.45,44.3179,18555,2020-04-07 04:00:00
400,43.74,45.62,1723097,46.06,43.56,45.0826,15943,2020-04-08 04:00:00
401,45.87,47.4,2100182,48.24,45.71,47.1377,22920,2020-04-09 04:00:00
402,47.24,45.02,1708884,47.5,44.07,44.8482,18721,2020-04-13 04:00:00
403,45.66,46.57,1835108,47.28,45.43,46.6009,18953,2020-04-14 04:00:00
404,45.51,44.6,1601982,45.762,43.45,44.4459,15676,2020-04-15 04:00:00
405,44.82,43.17,2711228,44.82,42.41,43.2657,23449,2020-04-16 04:00:00
406,44.14,44.38,2392312,44.76,43.51,44.1615,21794,2020-04-17 04:00:00
407,43.5,43.49,1655682,44.59,43.22,43.75,13089,2020-04-20 04:00:00
408,42.51,42.1,1859002,42.78,41.725,42.1829,18246,2020-04-21 04:00:00
409,42.9,42.1,1479641,42.9,41.85,42.3341,14419,2020-04-22 04:00:00
410,42.21,41.87,1515809,43.26,41.8,42.2156,14857,2020-04-23 04:00:00
411,42.07,43.03,1369287,43.22,41.88,42.6471,12917,2020-04-24 04:00:00
412,43.21,44.59,1665599,44.84,42.97,44.1762,14919,2020-04-27 04:00:00
413,46.13,45.44,2700577,46.27,44.9405,45.6152,24344,2020-04-28 04:00:00
414,46.24,46.17,3048894,47.235,45.92,46.4199,26957,2020-04-29 04:00:00
415,41.87,41.01,5499682,42.8167,40.55,41.2468,50018,2020-04-30 04:00:00
416,40.31,38.92,2694894,40.47,38.83,39.4554,25574,2020-05-01 04:00:00
417,38.5,38.19,2953722,38.7995,37.28,37.9537,27153,2020-05-04 04:00:00
418,38.43,37.44,2019392,38.6,37.44,37.9959,21191,2020-05-05 04:00:00
419,37.88,37.68,2041545,38.29,37.145,37.5832,18722,2020-05-06 04:00:00
420,38.14,37.6,2069481,38.63,37.15,37.7328,17528,2020-05-07 04:00:00
421,38.37,38.89,1619027,39.06,37.9617,38.6868,14885,2020-05-08 04:00:00
422,38.6,38.54,1898880,39.02,38.21,38.6673,18006,2020-05-11 04:00:00
423,38.59,37.69,2117411,38.78,37.69,37.9411,20162,2020-05-12 04:00:00
424,37.34,36.22,2413280,37.42,35.75,36.2518,25284,2020-05-13 04:00:00
425,35.56,36.29,2462371,36.5,34.63,35.6468,26464,2020-05-14 04:00:00
426,36.31,36.35,1985755,36.96,35.95,36.457,21542,2020-05-15 04:00:00
427,37.39,38.55,1902516,38.82,37.39,38.2323,18973,2020-05-18 04:00:00
428,38.5,37.83,1492003,38.64,37.5201,38.1055,16497,2020-05-19 04:00:00
429,38.28,37.89,1705488,38.57,37.72,38.0714,18648,2020-05-20 04:00:00
430,37.64,36.79,5596784,37.875,36.7,36.5956,24397,2020-05-21 04:00:00
431,36.54,36.83,2880724,37.13,36.12,36.5845,25541,2020-05-22 04:00:00
432,37.34,36.73,5801256,37.74,36.37,36.8923,41895,2020-05-26 04:00:00
433,37.63,39.74,4897121,39.8,37.31,39.0367,39946,2020-05-27 04:00:00
434,40.35,38.35,2933286,40.45,38.27,38.6928,29167,2020-05-28 04:00:00
435,37.6,37.96,3577317,38.04,37.11,37.7413,30458,2020-05-29 04:00:00
436,38.15,37.97,1942455,38.4,37.73,38.0451,17533,2020-06-01 04:00:00
437,38.62,39.32,2132217,39.4,38.3,39.1033,21287,2020-06-02 04:00:00
438,40,40.54,4146741,41.59,39.9,40.8829,33481,2020-06-03 04:00:00
439,40.6,42.31,7433831,42.31,40.41,41.3596,30532,2020-06-04 04:00:00
440,43.71,42.4,2989956,44.29,42.29,43.0042,26057,2020-06-05 04:00:00
441,43.25,43.37,2835515,43.68,42.62,43.3195,24280,2020-06-08 04:00:00
442,42.26,41.75,2744190,42.53,41.62,41.9328,24150,2020-06-09 04:00:00
443,41.72,39.5,2104662,41.73,39.47,40.1343,21630,2020-06-10 04:00:00
444,38,36.55,3188246,38.5,36.38,37.0901,29982,2020-06-11 04:00:00
445,37.65,38.05,3291811,38.1,36.75,37.6289,35827,2020-06-12 04:00:00
446,36.84,38.26,2494338,38.6599,36.51,37.862,24207,2020-06-15 04:00:00
447,39.75,39.8,4284399,39.98,38.14,39.4445,38603,2020-06-16 04:00:00
448,39.93,38.77,2021313,40.015,38.54,38.9468,18325,2020-06-17 04:00:00
449,38.26,39.08,1372860,39.3,38.06,38.9694,13378,2020-06-18 04:00:00
450,39.52,38.03,3981069,39.9,37.92,38.4339,20265,2020-06-19 04:00:00
451,37.81,37.95,1772709,38.08,37.27,37.8714,15509,2020-06-22 04:00:00
452,38.47,37.97,1909340,38.53,37.65,38.0751,15562,2020-06-23 04:00:00
453,37.38,36.5,3052199,37.4213,36.07,36.5814,26108,2020-06-24 04:00:00
454,36.14,35.58,3340562,36.14,35.02,35.4522,27974,2020-06-25 04:00:00
455,35.35,34.43,3629299,35.42,34.21,34.5822,30514,2020-06-26 04:00:00
456,34.99,35.42,2820519,35.7,34.81,35.3051,24859,2020-06-29 04:00:00
457,35.43,34.36,6539421,35.45,33.55,34.1727,48069,2020-06-30 04:00:00
458,34.53,35.06,2953024,35.56,34.011,35.0638,27344,2020-07-01 04:00:00
459,35.72,35.34,1467051,36.14,35.16,35.4874,15123,2020-07-02 04:00:00
460,36,35.66,1578830,36.29,35.15,35.6085,17050,2020-07-06 04:00:00
461,35.16,34.66,2027634,35.35,34.65,34.9156,16981,2020-07-07 04:00:00
462,34.8,34.74,2159053,35.12,34.4,34.7003,17720,2020-07-08 04:00:00
463,34.52,33.25,2172080,34.63,33.18,33.4597,22093,2020-07-09 04:00:00
464,33.36,34.66,1523616,34.7,33.22,34.2985,18159,2020-07-10 04:00:00
465,34.62,34.32,2127869,34.74,33.67,34.2771,23574,2020-07-13 04:00:00
466,34.06,35.08,1818586,35.22,33.71,34.9412,20598,2020-07-14 04:00:00
467,35.83,35.77,2179094,36.58,35.58,35.8828,20909,2020-07-15 04:00:00
468,35.67,36.07,1225562,36.45,35.48,36.0793,15983,2020-07-16 04:00:00
469,36.01,36.08,1539463,36.4,35.67,36.0578,14024,2020-07-17 04:00:00
470,35.92,35,1871851,35.92,34.79,35.021,16838,2020-07-20 04:00:00
471,35.31,35.85,1835547,36.24,35.31,35.8941,18259,2020-07-21 04:00:00
472,35.6,35.8,1439547,35.99,35.27,35.6865,14013,2020-07-22 04:00:00
473,35.74,36.55,1935755,36.77,35.675,36.397,15552,2020-07-23 04:00:00
474,36.4,36.49,1595180,36.7499,36.24,36.4284,17850,2020-07-24 04:00:00
475,36.33,36.15,1632302,36.49,35.8,36.1542,17116,2020-07-27 04:00:00
476,36,36.32,2141603,36.84,36,36.4299,19455,2020-07-28 04:00:00
477,36.51,36.73,2588750,36.93,36.02,36.6486,21329,2020-07-29 04:00:00
478,38.42,37.44,4350291,39.02,37.125,37.9639,33422,2020-07-30 04:00:00
479,37.53,37.52,4433787,38.31,36.98,37.4955,26181,2020-07-31 04:00:00
480,37.54,36.81,1782120,37.5567,36.68,36.9207,18436,2020-08-03 04:00:00
481,36.78,36.75,1587723,37.24,36.605,36.8924,16434,2020-08-04 04:00:00
482,37.08,36.53,1643194,37.28,36.33,36.5789,16139,2020-08-05 04:00:00
483,36.17,36.57,1598924,36.76,36.11,36.4699,14277,2020-08-06 04:00:00
484,36.26,37.27,1441801,37.32,36.26,36.9602,15854,2020-08-07 04:00:00
485,37.42,37.9,1765573,37.95,37.4,37.7884,18176,2020-08-10 04:00:00
486,38.72,38.21,1869976,39.24,38.11,38.422,18930,2020-08-11 04:00:00
487,38.73,38.43,1718688,39.09,38.16,38.476,17322,2020-08-12 04:00:00
488,38.13,37.81,1085426,38.42,37.6,37.8688,11243,2020-08-13 04:00:00
489,37.46,37.68,912371,38.07,37.36,37.7743,10528,2020-08-14 04:00:00
490,37.64,37.74,1641158,38.08,37.26,37.7731,14655,2020-08-17 04:00:00
491,37.81,37.76,1063484,38.01,37.39,37.7617,13102,2020-08-18 04:00:00
492,37.88,37.85,1151962,38.3,37.65,37.9074,12609,2020-08-19 04:00:00
493,37.5,37.16,1000519,37.73,37.13,37.3072,11338,2020-08-20 04:00:00
494,36.97,36.8,1864224,37.02,36.22,36.5884,16748,2020-08-21 04:00:00
495,36.98,38.02,1071448,38.04,36.6801,37.6946,11887,2020-08-24 04:00:00
496,38.25,37.62,945690,38.42,37.61,37.7823,11490,2020-08-25 04:00:00
497,37.62,37.5,869277,37.99,37.22,37.4742,10546,2020-08-26 04:00:00
498,37.54,37.57,879928,38.2799,37.44,37.6785,11212,2020-08-27 04:00:00
499,37.77,37.89,1286765,37.99,37.43,37.8024,12470,2020-08-28 04:00:00
500,37.69,37.64,1916599,37.93,37.48,37.7334,16755,2020-08-31 04:00:00
501,37.45,37.01,1880816,37.47,36.685,36.9586,15011,2020-09-01 04:00:00
502,37.17,37.92,1599578,38.03,37.04,37.7706,17223,2020-09-02 04:00:00
503,38.3,38,2351434,38.71,37.62,38.08,25794,2020-09-03 04:00:00
504,38.21,38.32,1664928,38.5893,37.59,38.1502,16871,2020-09-04 04:00:00
505,38.23,37.76,1834895,38.445,37.525,37.864,19655,2020-09-08 04:00:00
506,38,37.52,2438897,38.4,37.49,37.8651,21728,2020-09-09 04:00:00
507,37.77,35.6,3375701,37.77,35.455,36.1417,34672,2020-09-10 04:00:00
508,35.6,35.09,2850531,35.63,34.59,35.1316,29024,2020-09-11 04:00:00
509,35.33,35.01,1706924,35.51,34.9,35.1643,19390,2020-09-14 04:00:00
510,34.75,34.29,3799407,34.94,33.92,34.4394,34256,2020-09-15 04:00:00
511,34.69,34.56,2517319,35.25,34.5,34.814,26581,2020-09-16 04:00:00
512,34.47,35.06,2144240,35.105,33.96,34.8359,20279,2020-09-17 04:00:00
513,34.99,34.31,5161721,35.24,34.085,34.4206,29808,2020-09-18 04:00:00
514,33.87,33.59,3752460,33.98,33.08,33.4447,32749,2020-09-21 04:00:00
515,33.53,33.73,2214801,33.97,33.51,33.6854,21512,2020-09-22 04:00:00
516,33.87,33.08,2862459,34.165,33.08,33.4176,24772,2020-09-23 04:00:00
517,32.97,33.05,3619131,33.28,32.11,32.8314,34783,2020-09-24 04:00:00
518,32.87,32.65,2375161,33.2,32.19,32.6516,21977,2020-09-25 04:00:00
519,33.25,33.58,1855569,33.66,32.85,33.4246,18737,2020-09-28 04:00:00
520,34.75,33.53,3839485,35.25,33.53,34.1863,35014,2020-09-29 04:00:00
521,33.65,33.56,2445037,33.87,33.16,33.5228,20975,2020-09-30 04:00:00
522,33.5,32.78,3095950,33.61,32.63,33.07,28387,2020-10-01 04:00:00
523,32.49,34.04,2868428,34.25,32.35,33.6874,25773,2020-10-02 04:00:00
524,34.25,34.95,2642219,34.98,33.82,34.713,19811,2020-10-05 04:00:00
525,35.33,34.92,2317233,35.97,34.88,35.3776,20661,2020-10-06 04:00:00
526,35.63,35.68,2994767,36.54,35.51,35.978,24955,2020-10-07 04:00:00
527,35.81,36.8,2303752,36.91,35.58,36.5441,21317,2020-10-08 04:00:00
528,36.8,36.11,1668912,37.06,36.01,36.3017,15917,2020-10-09 04:00:00
529,36.01,35.65,5465481,36.24,35.15,35.5991,25926,2020-10-12 04:00:00
530,35.5,35.34,1938175,35.67,35.25,35.3934,17835,2020-10-13 04:00:00
531,35.2,35.4,1508539,35.6,35.16,35.4051,14358,2020-10-14 04:00:00
532,35.01,35.57,1921352,35.62,34.64,35.3265,19553,2020-10-15 04:00:00
533,35.5,35.4,1606793,35.84,35.2301,35.5013,16492,2020-10-16 04:00:00
534,35.46,34.72,1489695,35.67,34.55,34.9451,16286,2020-10-19 04:00:00
535,35.06,34.7,1444918,35.26,34.39,34.765,17722,2020-10-20 04:00:00
536,34.41,34.59,1885128,34.97,34.11,34.668,18150,2020-10-21 04:00:00
537,34.58,35.3,1494995,35.375,34.24,35.0166,17049,2020-10-22 04:00:00
538,35.96,35.68,1289556,36.2,35.35,35.7131,13590,2020-10-23 04:00:00
539,35.46,34.88,1548982,35.46,34.42,34.8246,18721,2020-10-26 04:00:00
540,34.53,33.81,1983124,34.74,33.76,34.0982,22402,2020-10-27 04:00:00
541,33.23,32.91,3288040,33.5,32.62,33.0599,29882,2020-10-28 04:00:00
542,33.15,33.38,5183297,34.47,32.54,33.5274,43251,2020-10-29 04:00:00
543,33.41,35.26,5613728,35.3,33.41,34.8138,46365,2020-10-30 04:00:00
544,35.5,37.55,4966186,37.56,35.01,36.991,45402,2020-11-02 05:00:00
545,37.98,38.68,4049827,38.99,37.81,38.5561,39017,2020-11-03 05:00:00
546,38.06,37.29,5680406,38.11,36.52,37.192,48826,2020-11-04 05:00:00
547,38.17,38.25,2925696,38.64,37.57,38.2585,28806,2020-11-05 05:00:00
548,38.3,38.32,2138636,38.66,38.075,38.3157,23036,2020-11-06 05:00:00
549,41.2,41.16,4405379,42.49,40.41,41.1982,38576,2020-11-09 05:00:00
550,41.54,42.8,3394300,43.13,40.84,42.5376,30852,2020-11-10 05:00:00
551,42.86,42.37,2144505,42.895,42,42.4201,22530,2020-11-11 05:00:00
552,41.87,42.2,1923259,42.57,41.4501,42.1273,20498,2020-11-12 05:00:00
553,42.4,44.14,2904608,44.51,42.29,43.5888,25267,2020-11-13 05:00:00
554,45.26,44.92,4006893,45.41,43.6201,44.5796,30369,2020-11-16 05:00:00
555,44.11,45.13,2442987,45.35,43.76,44.7684,19796,2020-11-17 05:00:00
556,45.3,43.56,3228167,45.4798,43.53,44.3252,31248,2020-11-18 05:00:00
557,43.41,44.04,1647508,44.37,43.25,43.993,18164,2020-11-19 05:00:00
558,43.8,43.56,1779207,44.3,43.27,43.5867,19724,2020-11-20 05:00:00
559,43.9,44.13,1866571,44.23,43.39,43.8592,18641,2020-11-23 05:00:00
560,44.79,47.04,3432793,47.3,44.79,46.6502,29768,2020-11-24 05:00:00
561,46.82,46.5,3501555,46.98,45.76,46.3135,27728,2020-11-25 05:00:00
562,46.37,46.8,2205252,47.19,46.1701,46.8018,15769,2020-11-27 05:00:00
563,46.33,46,5431942,46.625,45.71,46.1634,29123,2020-11-30 05:00:00
564,46.5,46.25,3345037,47.18,46.01,46.453,23103,2020-12-01 05:00:00
565,46.07,45.29,3274559,46.2204,44.8,45.2918,23955,2020-12-02 05:00:00
566,45.52,46.67,1851121,46.74,45.42,46.372,17381,2020-12-03 05:00:00
567,46.98,47.54,1774205,47.56,46.52,47.234,17804,2020-12-04 05:00:00
568,47.36,47.66,2111231,47.97,46.9,47.6434,19759,2020-12-07 05:00:00
569,47.18,47.93,2298262,48.6218,47.18,47.9977,21772,2020-12-08 05:00:00
570,48.3,48.08,1923410,48.3,47.5941,48.0308,16174,2020-12-09 05:00:00
571,48.03,48.21,1802628,48.54,47.825,48.2605,16621,2020-12-10 05:00:00
572,47.61,47.3,1695472,48.32,47.08,47.4399,16853,2020-12-11 05:00:00
573,47.89,45.92,2338099,48.27,45.9,46.4869,21159,2020-12-14 05:00:00
574,46.33,46.03,1532425,46.39,45.7,45.9855,18117,2020-12-15 05:00:00
575,45.69,46.27,3344709,46.805,45.69,46.3462,20044,2020-12-16 05:00:00
576,46.81,45.97,1805369,46.93,45.54,45.9868,18636,2020-12-17 05:00:00
577,45.78,45.51,3078468,45.82,44.805,45.3993,17345,2020-12-18 05:00:00
578,44.47,44.58,1404245,44.8191,43.96,44.4673,17193,2020-12-21 05:00:00
579,44.55,44.42,2802997,45.03,43.91,44.481,16570,2020-12-22 05:00:00
580,44.69,45.39,1140187,45.56,44.59,45.2955,12711,2020-12-23 05:00:00
581,45.6,45.47,510334,45.6,44.89,45.2693,5631,2020-12-24 05:00:00
582,45.83,45.48,2223428,45.93,44.96,45.261,13209,2020-12-28 05:00:00
583,45.91,45.54,2125557,46.23,45.32,45.7443,17507,2020-12-29 05:00:00
584,45.31,45.24,1213355,45.65,45,45.2281,12313,2020-12-30 05:00:00
585,45.12,45.19,1039250,45.28,44.8154,45.1291,11673,2020-12-31 05:00:00
586,46.52,45.65,1908891,46.52,44.81,45.5342,21400,2021-01-04 05:00:00
587,45.91,47,2653370,47.3,45.64,46.8342,25589,2021-01-05 05:00:00
588,47.88,49.25,3408270,50.05,47.86,49.3056,34605,2021-01-06 05:00:00
589,49.39,49.15,1944545,49.77,48.68,49.1507,18391,2021-01-07 05:00:00
590,49.18,49.5,1147121,49.545,48.83,49.3581,18665,2021-01-08 05:00:00
591,48.92,49.68,2221512,50.06,48.8153,49.7052,20939,2021-01-11 05:00:00
592,50,51.85,2937014,52.315,50,51.588,24576,2021-01-12 05:00:00
593,51.45,52.29,2627781,53.2299,51.16,52.5263,23709,2021-01-13 05:00:00
594,52.63,53.5,1930240,53.715,52.09,53.1681,20783,2021-01-14 05:00:00
595,53.24,52.54,1939437,53.32,52.3,52.6872,18944,2021-01-15 05:00:00
596,52.94,52.03,1808241,53.19,51.77,52.2416,20254,2021-01-19 05:00:00
597,51.98,51.14,2026394,52.12,50.52,51.0354,21119,2021-01-20 05:00:00
598,51.11,50.65,1585137,51.39,50,50.5393,19836,2021-01-21 05:00:00
599,50.15,50.52,1299914,50.72,49.95,50.4814,11764,2021-01-22 05:00:00
600,50,51.65,1847975,52.44,49.95,51.5232,22015,2021-01-25 05:00:00
601,52.2,53.33,2584112,53.36,51.915,52.8514,21238,2021-01-26 05:00:00
602,52.81,54.99,3832918,56.1,52.56,55.1422,36629,2021-01-27 05:00:00
603,54.78,51.98,2131443,55.31,51.87,52.6648,22455,2021-01-28 05:00:00
604,52.05,50.16,2538040,52.51,49.81,50.6064,27389,2021-01-29 05:00:00
605,50.54,49.51,2510606,50.95,49.04,49.5674,22406,2021-02-01 05:00:00
606,49.58,48.89,1924198,49.85,48.61,48.9944,18731,2021-02-02 05:00:00
607,49.21,49.37,1894438,49.76,48.73,49.3148,19474,2021-02-03 05:00:00
608,49.5,49.06,1782188,49.84,48.58,49.0871,21094,2021-02-04 05:00:00
609,49.23,48.98,2103925,49.89,48.62,49.0871,20873,2021-02-05 05:00:00
610,48.93,48.72,1847139,49.23,48.26,48.7021,16755,2021-02-08 05:00:00
611,48.87,48.66,1922037,49.18,48.15,48.7417,18260,2021-02-09 05:00:00
612,48.75,48.98,3027171,49.28,48.05,48.8238,21784,2021-02-10 05:00:00
613,45.99,44.5,8317424,46.49,43.43,44.4325,68059,2021-02-11 05:00:00
614,44.48,44.01,4806950,44.85,43.56,44.2573,39651,2021-02-12 05:00:00
615,44.69,44.5,3632120,45.1399,43.62,44.3423,33511,2021-02-16 05:00:00
616,44.4,45.38,3027966,45.51,44.18,44.9693,27573,2021-02-17 05:00:00
617,45.19,44.54,2221267,45.61,44.48,44.8324,20284,2021-02-18 05:00:00
618,44.85,44.4,3100107,45.79,44.33,44.8756,25030,2021-02-19 05:00:00
619,44.6,45.12,2242605,45.41,44.4249,44.9763,20196,2021-02-22 05:00:00
620,45.38,46.98,3479392,47.19,44.82,46.349,31626,2021-02-23 05:00:00
621,47.17,47.01,3072984,47.42,46.435,46.8335,24132,2021-02-24 05:00:00
622,46.73,45.83,2950741,47.355,45.8,46.3029,19495,2021-02-25 05:00:00
623,45.8,44.45,2678758,46.07,44.36,44.8583,23597,2021-02-26 05:00:00
624,45.32,44.85,1423202,46.14,44.78,45.329,16210,2021-03-01 05:00:00
625,44.55,44.97,1814309,45.36,44.37,45.0439,14570,2021-03-02 05:00:00
626,45.36,44.95,2739617,46.02,44.64,45.3058,24180,2021-03-03 05:00:00
627,45.26,45.39,2724790,46.41,44.51,45.4086,25825,2021-03-04 05:00:00
628,45.85,46.16,4008834,46.7,45.5,46.1021,35670,2021-03-05 05:00:00
629,46.48,47.67,2925530,48.14,46.37,47.4472,25862,2021-03-08 05:00:00
630,48.1,46.38,2517450,48.1,46.37,47.104,26745,2021-03-09 05:00:00
631,46.8,46.85,2361803,47.86,46.57,47.1178,20191,2021-03-10 05:00:00
632,46.24,45.98,2913508,46.89,45.7,46.2004,25436,2021-03-11 05:00:00
633,46.31,46.63,2374347,46.95,46.09,46.5204,20461,2021-03-12 05:00:00
634,46.61,47.64,2928954,48.13,46.51,47.4854,26220,2021-03-15 04:00:00
635,47.24,48.41,3389959,48.7,46.75,48.2435,27077,2021-03-16 04:00:00
636,48.66,48.66,4066472,49.12,48.02,48.6787,25522,2021-03-17 04:00:00
637,49.02,49.15,3354863,50.27,49.02,49.4884,31402,2021-03-18 04:00:00
638,48.6,49.2,4720725,49.42,47.36,48.669,29906,2021-03-19 04:00:00
639,49.2,49.85,2508668,49.85,48.6116,49.5188,22067,2021-03-22 04:00:00
640,49.9,48.79,2930442,49.9,48.3225,48.8154,25008,2021-03-23 04:00:00
641,48.82,48.36,2292773,49.0691,48.27,48.4429,24369,2021-03-24 04:00:00
642,48.43,50.1,2113455,50.41,48.025,49.5076,24297,2021-03-25 04:00:00
643,50.41,51.37,1815117,51.4,50.31,50.9867,20368,2021-03-26 04:00:00
644,51,52.91,3244415,53.22,50.99,52.5826,28894,2021-03-29 04:00:00
645,52.79,52.34,2175882,53.26,51.78,52.3437,21575,2021-03-30 04:00:00
646,51.9,51.15,2248358,52.405,51.12,51.4719,21444,2021-03-31 04:00:00
647,51.17,51.9,1937946,51.98,50.16,51.3866,17922,2021-04-01 04:00:00
648,52.35,52.75,1824062,53.25,52.08,52.8232,18593,2021-04-05 04:00:00
649,52.5,52.41,1997764,53.37,52.115,52.4956,19148,2021-04-06 04:00:00
650,52.71,51.72,1899986,53,51.57,52.0525,15993,2021-04-07 04:00:00
651,51.15,51.58,2940187,51.94,50.72,51.4771,24447,2021-04-08 04:00:00
652,51.78,50,2183736,51.81,49.92,50.3689,20975,2021-04-09 04:00:00
653,50.28,50.62,1553930,50.83,50.21,50.523,16139,2021-04-12 04:00:00
654,49.9,51.74,3646042,52.18,49.83,51.5191,24417,2021-04-13 04:00:00
655,51.87,51.15,2091657,52.06,50.77,51.2395,17875,2021-04-14 04:00:00
656,51.22,52.94,2144203,52.99,51.22,52.4081,21491,2021-04-15 04:00:00
657,53.2,53.47,1666355,53.59,52.85,53.2741,13818,2021-04-16 04:00:00
658,53.5,54.01,1676310,54.15,52.921,53.862,13903,2021-04-19 04:00:00
659,53.93,52.43,1999195,54.45,52.24,52.7878,22572,2021-04-20 04:00:00
660,52.74,53.17,2176832,53.59,52.46,53.1534,18201,2021-04-21 04:00:00
661,53.08,52.28,1607764,53.22,52.23,52.6725,14057,2021-04-22 04:00:00
662,52.25,52.27,1502648,52.79,52.02,52.4273,16188,2021-04-23 04:00:00
663,52.24,52.94,1464856,52.99,51.91,52.654,15945,2021-04-26 04:00:00
664,52.78,52.06,1465372,53.01,51.96,52.2415,17623,2021-04-27 04:00:00
665,52.53,51.87,2305273,52.8929,51.62,52.0465,23754,2021-04-28 04:00:00
666,53.05,55.5,4631329,55.71,52.35,54.7305,43393,2021-04-29 04:00:00
667,55.39,54.95,3017442,55.51,54.4,54.9655,27103,2021-04-30 04:00:00
668,55.24,57.14,2775644,57.355,55.02,56.6794,25663,2021-05-03 04:00:00
669,57.09,56.42,2625593,57.41,55.93,56.4477,23009,2021-05-04 04:00:00
670,56.28,56.95,1467832,57.03,56,56.7131,16184,2021-05-05 04:00:00
671,57.55,59.45,3322244,60.055,57.46,59.2617,27473,2021-05-06 04:00:00
672,58.68,59.51,2117069,59.635,58.45,59.1801,22676,2021-05-07 04:00:00
673,60.2,59.56,1746769,61.11,59.4,59.9787,19022,2021-05-10 04:00:00
674,58.95,57.8,2660401,59.28,57.23,57.9265,24677,2021-05-11 04:00:00
675,58.3,57.38,1431197,58.42,57.36,57.6267,17236,2021-05-12 04:00:00
676,57.42,58.24,1101778,58.47,57.059,58.1125,15028,2021-05-13 04:00:00
677,58.37,58.18,1076889,59.06,57.925,58.2897,12858,2021-05-14 04:00:00
678,58.47,57.93,1378078,58.9,57.91,58.3005,13170,2021-05-17 04:00:00
679,57.92,55.48,2942929,58.04,55.42,56.0844,28916,2021-05-18 04:00:00
680,55.09,55.57,2786056,55.69,53.7,54.7732,25690,2021-05-19 04:00:00
681,56.28,56.49,2100895,57.14,55.685,56.5489,22184,2021-05-20 04:00:00
682,56.59,57.15,2070268,57.25,56.28,57.0417,19978,2021-05-21 04:00:00
683,57.15,57.75,2136722,58.325,56.8,57.9288,22932,2021-05-24 04:00:00
684,58.6,58.06,1944259,58.69,57.83,58.2301,19586,2021-05-25 04:00:00
685,57.64,57.37,2457365,57.97,57.06,57.3835,23518,2021-05-26 04:00:00
686,57.75,57.38,2736191,58.19,57.2,57.5053,24321,2021-05-27 04:00:00
687,57.42,58.32,1829458,58.93,57.36,58.4332,18512,2021-05-28 04:00:00
688,58.79,58.2,1477243,58.93,58.04,58.3539,18635,2021-06-01 04:00:00
689,58.5,60.1,2788581,60.4,58.03,59.5642,25994,2021-06-02 04:00:00
690,59.55,59.8,1530170,59.91,59.16,59.5899,18733,2021-06-03 04:00:00
691,59.81,60.11,1550551,60.25,59.365,59.9412,17746,2021-06-04 04:00:00
692,60.44,60.66,1130830,60.67,60.02,60.5071,14507,2021-06-07 04:00:00
693,60.55,60.73,1813433,61.1912,60.38,60.7441,18017,2021-06-08 04:00:00
694,60.5,60.74,1070332,61.11,60.28,60.7494,12575,2021-06-09 04:00:00
695,60.99,60.72,1061028,61.48,60.68,60.999,14814,2021-06-10 04:00:00
696,60.75,59.96,1333547,60.75,59.33,59.7866,15923,2021-06-11 04:00:00
697,59.9,59.76,1456067,60.15,59.25,59.7254,17394,2021-06-14 04:00:00
698,59.95,58.14,3395484,59.98,57.91,58.4278,23977,2021-06-15 04:00:00
699,57.99,57.79,1946672,58.72,57.38,57.9312,24126,2021-06-16 04:00:00
700,57.63,56.14,1625150,57.78,55.705,56.368,19377,2021-06-17 04:00:00
701,55.99,54.23,3388188,56.13,54.21,54.7286,25265,2021-06-18 04:00:00
702,54.61,55.71,1948868,55.8652,54.61,55.4334,19124,2021-06-21 04:00:00
703,55.44,54.92,2924066,55.56,54.785,55.0296,17060,2021-06-22 04:00:00
704,54.94,54.72,1524126,55.15,54.21,54.8783,16524,2021-06-23 04:00:00
705,54.72,54.96,1225528,55.175,54.39,54.8943,15848,2021-06-24 04:00:00
706,54.8,55.08,1509930,55.22,54.58,54.9766,16679,2021-06-25 04:00:00
707,55.17,54.83,1095068,55.2,53.95,54.5828,15352,2021-06-28 04:00:00
708,55.03,54.43,1158156,55.21,54.3338,54.6924,16254,2021-06-29 04:00:00
709,54.54,53.69,2169688,54.8775,53.31,53.8223,22168,2021-06-30 04:00:00
710,53.91,53.98,1396826,54.29,53.77,54.0212,16238,2021-07-01 04:00:00
711,54,53.81,1160715,54.23,53.35,53.9087,14513,2021-07-02 04:00:00
712,53.54,52.02,2451010,53.64,51.53,52.1644,23449,2021-07-06 04:00:00
713,52.03,52.89,2011820,53.12,51.42,52.6445,20771,2021-07-07 04:00:00
714,52.01,52.73,1639448,53.34,51.93,52.7269,16581,2021-07-08 04:00:00
715,53.19,53.18,1286845,53.74,52.93,53.2689,17451,2021-07-09 04:00:00
716,52.66,52.85,1208884,52.88,52.26,52.7471,12830,2021-07-12 04:00:00
717,52.94,51.69,1631020,53.1699,51.56,52.2281,19189,2021-07-13 04:00:00
718,51.87,51.54,1351101,52.18,51.45,51.6663,18069,2021-07-14 04:00:00
719,51.5,51.04,1345915,51.76,50.65,51.213,13357,2021-07-15 04:00:00
720,51.34,50.49,1797939,52.2773,50.36,50.9707,18812,2021-07-16 04:00:00
721,50,50.36,2757162,50.59,49.45,50.1727,25471,2021-07-19 04:00:00
722,50.36,50.93,1723870,51.455,49.935,51.0582,20504,2021-07-20 04:00:00
723,51.31,50.59,1440133,51.62,50.4901,50.9849,17888,2021-07-21 04:00:00
724,50.5,50.45,1794068,50.54,49.55,50.2297,19230,2021-07-22 04:00:00
725,50.39,49.7,3039272,50.425,49.2,49.7499,23725,2021-07-23 04:00:00
726,49.73,50.49,1852671,50.59,49.51,50.1035,17667,2021-07-26 04:00:00
727,50.3,50.01,1427221,50.56,49.79,50.1341,16245,2021-07-27 04:00:00
728,49.69,49.53,2048826,49.89,49.12,49.5144,22116,2021-07-28 04:00:00
729,50,49.41,3191812,50.4899,48.42,49.5131,27864,2021-07-29 04:00:00
730,49.7,48.89,1704484,50.15,48.8,49.2479,16564,2021-07-30 04:00:00
731,48.89,49.25,1934542,50.5699,48.89,49.5615,22395,2021-08-02 04:00:00
732,49.45,49.13,2020530,49.45,48.4,48.9814,22286,2021-08-03 04:00:00
733,48.74,48.02,1531106,49.2,47.995,48.4184,16792,2021-08-04 04:00:00
734,48.29,48.3,1220159,48.5999,48.13,48.3219,14401,2021-08-05 04:00:00
735,48.65,49.1,1351839,49.575,48.45,49.1642,14950,2021-08-06 04:00:00
736,49,49.34,1045698,49.65,48.89,49.3815,14147,2021-08-09 04:00:00
737,49.42,51.2,2365985,51.36,49.41,50.8409,26251,2021-08-10 04:00:00
738,51.43,52.05,2334783,52.15,51.145,51.8252,24591,2021-08-11 04:00:00
739,52.16,50.37,1300057,52.16,50.35,50.7228,14793,2021-08-12 04:00:00
740,50.55,50.54,1110515,51.19,50.34,50.7507,12232,2021-08-13 04:00:00
741,50.56,50.38,945462,51.02,49.87,50.3397,15341,2021-08-16 04:00:00
742,50.07,49.66,1065356,50.545,49.39,49.8215,14431,2021-08-17 04:00:00
743,49.69,48.88,1097703,49.81,48.85,49.2726,11312,2021-08-18 04:00:00
744,48.84,48.05,1309725,49.08,47.87,48.2223,13555,2021-08-19 04:00:00
745,47.91,47.79,1531610,48.13,47.605,47.8064,18873,2021-08-20 04:00:00
746,48,48.03,1252566,48.59,47.625,48.082,15324,2021-08-23 04:00:00
747,48.18,48.45,1019012,48.645,48.04,48.4437,13207,2021-08-24 04:00:00
748,48.37,47.91,1078425,48.37,47.73,48.0141,14021,2021-08-25 04:00:00
749,47.56,47.17,1757450,47.81,46.86,47.1849,20450,2021-08-26 04:00:00
750,46.98,47.51,940806,47.81,46.77,47.5271,12343,2021-08-27 04:00:00
751,47.5,46.74,1230055,47.69,46.7,47.1126,14067,2021-08-30 04:00:00
752,46.76,47.53,2218452,47.81,46.55,47.4055,18781,2021-08-31 04:00:00
753,47.73,47.27,981711,47.83,47.02,47.4076,13297,2021-09-01 04:00:00
754,47.34,47.09,781865,47.66,46.82,47.0983,11681,2021-09-02 04:00:00
755,47.13,46.98,842558,47.23,46.675,46.9346,11928,2021-09-03 04:00:00
756,46.76,45.82,1748565,46.85,45.77,46.1027,18579,2021-09-07 04:00:00
757,45.84,46.28,1347976,46.48,45.42,46.1166,16503,2021-09-08 04:00:00
758,45.64,46.05,2282939,46.22,45.02,45.8002,25802,2021-09-09 04:00:00
759,46.56,45.57,1530899,46.795,45.54,45.995,19105,2021-09-10 04:00:00
760,45.98,46.94,1547431,47.59,45.83,46.9901,18631,2021-09-13 04:00:00
761,46.85,46.58,1502592,46.9,46.165,46.4814,15730,2021-09-14 04:00:00
762,46.52,46.57,1417595,46.73,45.95,46.4301,16733,2021-09-15 04:00:00
763,46.47,46.38,1360560,46.745,46.21,46.4772,17351,2021-09-16 04:00:00
764,46.2,45.8,3053160,46.36,45.42,45.7905,17709,2021-09-17 04:00:00
765,45.04,45.1,1821101,45.4,44.49,44.9179,20539,2021-09-20 04:00:00
766,45.28,44.8,1586498,45.77,44.62,44.9612,17204,2021-09-21 04:00:00
767,45.21,45.63,1668202,46.065,44.99,45.6843,16858,2021-09-22 04:00:00
768,45.79,46.36,1508970,46.57,45.76,46.2728,15809,2021-09-23 04:00:00
769,46.4,46.51,1073470,46.74,46.24,46.5748,11824,2021-09-24 04:00:00
770,47,48.8,2615684,49.51,46.902,48.8654,26426,2021-09-27 04:00:00
771,48.68,47.49,1970072,48.92,47.44,47.8219,22375,2021-09-28 04:00:00
772,47.34,47.32,1362034,47.815,47.11,47.4903,13913,2021-09-29 04:00:00
773,47.43,46.38,1836240,47.53,46.2,46.5141,19216,2021-09-30 04:00:00
774,46.65,47.13,1192502,47.199,46.21,46.9328,16043,2021-10-01 04:00:00
775,47.22,47.61,1522991,48.2216,47.06,47.6704,16545,2021-10-04 04:00:00
776,47.69,48.25,1141204,48.425,47.34,48.1262,13726,2021-10-05 04:00:00
777,47.68,47.32,2261238,47.96,46.28,46.9958,24771,2021-10-06 04:00:00
778,47.73,47.19,1535097,48.275,47.02,47.5282,17467,2021-10-07 04:00:00
779,47.26,46.77,1427460,47.26,46.64,46.8915,15699,2021-10-08 04:00:00
780,46.55,45.85,1574108,46.94,45.7701,46.1684,16785,2021-10-11 04:00:00
781,45.87,45.77,1073723,46.6,45.71,46.0014,12083,2021-10-12 04:00:00
782,45.76,45.79,1080445,46.025,45.05,45.7107,11598,2021-10-13 04:00:00
783,46.12,46.33,977685,46.59,45.94,46.2793,11991,2021-10-14 04:00:00
784,46.3,45.62,1823149,46.61,45.3,45.6833,18170,2021-10-15 04:00:00
785,44.86,44.97,1686977,45.31,44.18,44.8929,18163,2021-10-18 04:00:00
786,44.96,44.96,1608878,45.05,44.26,44.6978,20357,2021-10-19 04:00:00
787,45.23,45.34,1301978,45.83,45.2,45.4765,14497,2021-10-20 04:00:00
788,45.09,44.45,1634884,45.31,44.0198,44.4965,16117,2021-10-21 04:00:00
789,44.27,44.44,1216679,44.56,43.97,44.3346,14021,2021-10-22 04:00:00
790,44.38,43.76,1915216,44.75,43.52,43.9597,22494,2021-10-25 04:00:00
791,43.76,43.55,1576718,44.05,43.1201,43.6697,19656,2021-10-26 04:00:00
792,43.72,43.62,3033328,43.91,42.875,43.4683,34142,2021-10-27 04:00:00
793,43.975,43.86,3525019,44.06,42.46,43.4287,35215,2021-10-28 04:00:00
794,43.69,44.09,3059025,45,43.69,44.2915,28284,2021-10-29 04:00:00
795,44.11,45.18,1575161,45.325,43.86,44.9971,17080,2021-11-01 04:00:00
796,45.05,45.61,1605262,45.78,44.68,45.3715,17507,2021-11-02 04:00:00
797,45.605,46.85,2855154,47.78,45.24,47.1202,26786,2021-11-03 04:00:00
798,46.66,46.21,1646333,46.91,45.33,46.0001,15775,2021-11-04 04:00:00
799,46.61,46.61,1360470,47.05,46.18,46.5168,16892,2021-11-05 04:00:00
800,46.67,46.09,1209602,46.86,45.8,46.1132,12073,2021-11-08 05:00:00
801,45.98,45.69,774440,46.255,45.38,45.6567,10871,2021-11-09 05:00:00
802,45.96,46.04,1106179,46.43,45.57,46.0853,13949,2021-11-10 05:00:00
803,46,47.34,1166389,47.52,45.88,47.0698,14410,2021-11-11 05:00:00
804,47.34,47.6,1249784,47.9,46.77,47.6063,13518,2021-11-12 05:00:00
805,47.88,49.21,1714403,49.34,47.65,48.8369,18129,2021-11-15 05:00:00
806,49.5,48.23,1379325,49.65,48.22,48.6673,15366,2021-11-16 05:00:00
807,47.99,47.72,1032179,48.1,47.4,47.6911,13331,2021-11-17 05:00:00
808,47.53,46.52,1565792,47.58,46.44,46.6656,18525,2021-11-18 05:00:00
809,46.29,45.91,1069661,46.47,45.55,45.9452,13160,2021-11-19 05:00:00
810,46.09,47.47,1764743,47.52,45.55,47.2053,18457,2021-11-22 05:00:00
811,47.96,47.73,1371178,48.16,47.22,47.7634,15466,2021-11-23 05:00:00
812,47.59,47.26,658023,47.9,47.04,47.3204,8466,2021-11-24 05:00:00
813,45.94,45.6,913024,46.09,45.01,45.4495,12537,2021-11-26 05:00:00
814,45.89,45.33,1394378,46.1,44.72,45.4065,15535,2021-11-29 05:00:00
815,44.67,44.44,3047550,45.049,44.08,44.529,22039,2021-11-30 05:00:00
816,45.3,43.98,1541326,45.95,43.97,44.6259,17712,2021-12-01 05:00:00
817,44.31,45.38,2111611,45.6304,43.65,45.0429,18457,2021-12-02 05:00:00
818,45.495,45.75,1509131,45.9,45.31,45.6934,16618,2021-12-03 05:00:00
819,46.39,46.84,1747512,48.16,46.33,47.2098,18346,2021-12-06 05:00:00
820,46.71,46.69,1177105,47.21,46.235,46.7828,16902,2021-12-07 05:00:00
821,46.49,46.11,1234257,46.97,45.95,46.2518,13190,2021-12-08 05:00:00
822,45.91,45.57,1293717,46.1,45.31,45.6618,14837,2021-12-09 05:00:00
823,46,46.23,1217423,46.44,45.93,46.2238,16185,2021-12-10 05:00:00
824,46.16,46.02,1192070,46.55,45.21,45.9299,12258,2021-12-13 05:00:00
825,46.23,45.87,1158741,46.77,45.78,46.0464,12482,2021-12-14 05:00:00
826,45.75,44.92,1735166,45.84,44.31,44.912,18990,2021-12-15 05:00:00
827,45.27,45,2716940,46.03,44.925,45.2819,30119,2021-12-16 05:00:00
828,44.68,44.74,4029672,45.3,44.33,44.8337,29982,2021-12-17 05:00:00
829,44.27,43.38,2467247,44.309,42.6,43.3016,25815,2021-12-20 05:00:00
830,43.73,44.54,2167247,44.59,43.62,44.4165,25127,2021-12-21 05:00:00
831,44.54,44.66,2069797,45.33,44.54,44.7674,21552,2021-12-22 05:00:00
832,44.89,45.59,2374299,45.65,44.89,45.2745,16332,2021-12-23 05:00:00
833,45.54,45.68,984248,45.77,45.21,45.5987,12296,2021-12-27 05:00:00
834,45.42,45.77,815406,46.11,45.42,45.7376,9110,2021-12-28 05:00:00
835,45.59,45.95,1082333,46.02,45.58,45.864,13455,2021-12-29 05:00:00
836,46.2,45.9,942792,46.37,45.84,46.0609,11661,2021-12-30 05:00:00
837,45.78,46.35,1070017,46.51,45.64,46.1377,11825,2021-12-31 05:00:00
838,46.54,47.35,1262506,47.38,46.47,47.144,13853,2022-01-03 05:00:00
839,47.8,48.9,1882382,49.17,47.6,48.7812,23293,2022-01-04 05:00:00
840,49.08,49.41,2497711,50.04,49.01,49.5744,25955,2022-01-05 05:00:00
841,50.08,49.78,2976022,50.543,49.31,49.8382,31540,2022-01-06 05:00:00
842,49.87,50.64,2939473,50.98,49.85,50.601,29791,2022-01-07 05:00:00
843,50.695,49.29,2177063,51.33,49.06,49.8142,23443,2022-01-10 05:00:00
844,49.18,49.25,1445051,49.475,48.33,48.9845,17277,2022-01-11 05:00:00
845,49.22,48.58,1814717,49.25,48.28,48.6325,17147,2022-01-12 05:00:00
846,49.15,50.28,1369073,50.46,48.9,50.1033,14598,2022-01-13 05:00:00
847,50.05,51.69,1736578,51.91,49.87,51.232,19310,2022-01-14 05:00:00
848,51.6,51.65,1929833,52.15,51.3,51.6823,21209,2022-01-18 05:00:00
849,51.77,50.24,1222708,51.89,50.2,50.5733,15753,2022-01-19 05:00:00
850,49.94,49.37,2057520,50.45,49.21,49.6585,20373,2022-01-20 05:00:00
851,49.72,48.62,1682585,49.92,48.41,49.0035,20850,2022-01-21 05:00:00
852,48.13,49.86,1814384,50.03,47.95,49.0287,21630,2022-01-24 05:00:00
853,49.57,50.22,1338269,50.4,48.62,49.8476,17464,2022-01-25 05:00:00
854,50.09,48.38,2051610,50.56,47.83,48.5199,23480,2022-01-26 05:00:00
855,48.46,48.16,1073019,49.7,47.86,48.5364,17861,2022-01-27 05:00:00
856,47.66,48.21,894305,48.28,47.21,47.871,13108,2022-01-28 05:00:00
857,47.55,47.66,1421002,48.1,47.25,47.6466,16184,2022-01-31 05:00:00
858,47.58,48.24,1089379,48.529,47.34,48.1172,15510,2022-02-01 05:00:00
859,48.19,48.51,1183107,48.59,47.76,48.2979,14138,2022-02-02 05:00:00
860,48.57,48.82,1361264,49.28,48.24,48.8519,15159,2022-02-03 05:00:00
861,48.51,47.71,1660684,48.67,47.34,47.7117,19334,2022-02-04 05:00:00
862,47.94,47.44,1173093,48.1,47.349,47.6148,15438,2022-02-07 05:00:00
863,47.92,48.4,1598189,48.94,47.78,48.4711,18308,2022-02-08 05:00:00
864,48.65,49.1,1148890,49.405,48.61,49.1207,18908,2022-02-09 05:00:00
865,48.92,49.23,1358315,49.7,48.68,49.227,17496,2022-02-10 05:00:00
866,49.18,49.79,1332232,50,49.06,49.7051,18180,2022-02-11 05:00:00
867,50.07,49.41,1168387,50.1199,48.69,49.2724,12472,2022-02-14 05:00:00
868,49.44,49.52,974053,50.17,49.28,49.6216,14304,2022-02-15 05:00:00
869,49.45,49.44,926482,50.365,49.15,49.6027,14818,2022-02-16 05:00:00
870,49.14,48.75,1059619,49.36,48.45,48.7852,14195,2022-02-17 05:00:00
871,48.47,49,1003412,49.51,48.47,48.9671,13471,2022-02-18 05:00:00
872,48.82,48.59,2444762,49.17,48.54,48.7769,25172,2022-02-22 05:00:00
873,49.25,50.81,4391400,51.24,48.29,50.4602,43301,2022-02-23 05:00:00
874,50.93,49.42,3603340,50.93,47.64,48.8472,37557,2022-02-24 05:00:00
875,50.09,52.92,3655023,52.95,49.935,52.2782,37773,2022-02-25 05:00:00
876,51.31,52.18,1955500,52.3,51.14,51.9231,24174,2022-02-28 05:00:00
877,51.76,50.4,2819885,52.06,49.12,50.287,34210,2022-03-01 05:00:00
878,50.6,51.21,2229923,51.46,50.2708,50.8801,24522,2022-03-02 05:00:00
879,51.61,51.12,1208294,51.845,50.73,51.0972,15295,2022-03-03 05:00:00
880,49.9,50.87,1925255,50.91,49.6501,50.4975,21514,2022-03-04 05:00:00
881,50.39,51.56,3404494,52.43,50.26,51.6774,32498,2022-03-07 05:00:00
882,52.11,51.95,3394435,52.86,50.88,51.923,32680,2022-03-08 05:00:00
883,52.91,52.48,2784735,53.81,51.85,52.8008,26645,2022-03-09 05:00:00
884,51.92,50.34,1971913,52.1,50.025,50.5593,29060,2022-03-10 05:00:00
885,50.75,50.82,1434978,51.58,50.75,51.0273,19333,2022-03-11 05:00:00
886,51.5,50.81,1330386,51.54,50.28,50.7997,16063,2022-03-14 04:00:00
887,51.14,50.85,1222737,51.375,50.36,50.7775,18832,2022-03-15 04:00:00
888,51.14,52.13,1404913,52.19,50.875,51.672,17807,2022-03-16 04:00:00
889,51.98,52.39,1203372,52.68,51.325,52.2373,16004,2022-03-17 04:00:00
890,52.3,52.96,2600477,53.11,51.71,52.7691,16676,2022-03-18 04:00:00
891,53.16,52.65,1429942,53.92,52.49,52.8502,16499,2022-03-21 04:00:00
892,53,52.88,876390,53.14,52.16,52.7699,14101,2022-03-22 04:00:00
893,53.04,52.5,937384,53.39,52.49,52.7565,13880,2022-03-23 04:00:00
894,52.63,52.92,728483,52.93,52.33,52.7218,10873,2022-03-24 04:00:00
895,53.01,53.96,727552,53.985,52.94,53.7119,13715,2022-03-25 04:00:00
896,53.96,53.35,848709,53.96,52.765,53.2667,13143,2022-03-28 04:00:00
897,53.87,54.07,906268,54.66,53.2,53.8861,15785,2022-03-29 04:00:00
898,53.95,54.3,860659,54.305,53.87,54.1542,15109,2022-03-30 04:00:00
899,53.94,53.38,1161170,54.5,53.36,53.5827,13289,2022-03-31 04:00:00
900,53.39,52.42,1189735,53.55,51.52,52.2081,17977,2022-04-01 04:00:00
901,52.25,52.07,1368187,52.38,50.75,51.8836,18404,2022-04-04 04:00:00
902,51.69,51.39,1292713,52.4,51.29,51.572,14422,2022-04-05 04:00:00
903,51.3,50.76,1370292,51.66,50.52,50.8999,19695,2022-04-06 04:00:00
904,50.66,50.49,1517600,50.875,49.77,50.4177,19926,2022-04-07 04:00:00
905,50.93,51.56,1137412,51.7389,50.59,51.4299,15425,2022-04-08 04:00:00
906,51.81,52.84,1219850,53.64,51.8,52.8995,19627,2022-04-11 04:00:00
907,52.88,53.67,1300724,53.74,52.65,53.5023,19067,2022-04-12 04:00:00
908,53.71,54.29,1263773,54.56,53.64,54.2213,19263,2022-04-13 04:00:00
909,54.5,55.61,2333225,55.81,54.5,55.4932,21866,2022-04-14 04:00:00
910,55.71,55.63,1501997,56.4,55.34,55.7791,20609,2022-04-18 04:00:00
911,55.81,55.87,996133,56.3,55.7075,55.9127,16802,2022-04-19 04:00:00
912,56.08,56.78,1204735,57.17,55.96,56.7974,17338,2022-04-20 04:00:00
913,56.95,55.87,1407368,57.45,55.8,56.4233,18589,2022-04-21 04:00:00
914,55.51,53.77,1147108,55.69,53.72,54.2539,17342,2022-04-22 04:00:00
915,53.75,54.44,1343356,54.48,52.53,53.7634,19846,2022-04-25 04:00:00
916,54.31,54.17,1039490,54.73,53.94,54.3028,15313,2022-04-26 04:00:00
917,54.17,54.23,1119421,55.03,53.33,54.4369,20549,2022-04-27 04:00:00
918,54.2,55.1,1384838,55.21,53.75,54.8232,16306,2022-04-28 04:00:00
919,55.22,54.14,1682155,55.5,53.97,54.366,15689,2022-04-29 04:00:00
920,54.52,54.32,2101610,54.98,53.4,54.2128,25868,2022-05-02 04:00:00
921,54.95,52.69,3259200,56.45,52.05,53.7843,37175,2022-05-03 04:00:00
922,52.68,53.24,2340699,53.42,51.23,52.4261,31051,2022-05-04 04:00:00
923,52.76,52.64,1395211,53.4,52.36,52.7412,19444,2022-05-05 04:00:00
924,52.7,53.14,1008826,53.49,52.44,53.0884,17584,2022-05-06 04:00:00
925,52.88,53.67,1764110,54.11,52.37,53.3801,25297,2022-05-09 04:00:00
926,53.82,54.84,1849433,54.86,53.66,54.4004,24461,2022-05-10 04:00:00
927,55.21,55.82,2068752,56.96,55.21,56.1247,27014,2022-05-11 04:00:00
928,55.87,55.57,2067243,56.285,54.67,55.3297,25230,2022-05-12 04:00:00
929,56.07,55.93,1312920,56.4699,55.55,55.9506,16409,2022-05-13 04:00:00
930,55.89,56.76,939778,56.94,55.7,56.452,16801,2022-05-16 04:00:00
931,56.25,55.85,1771896,56.44,54.5782,55.5112,24752,2022-05-17 04:00:00
932,55.33,52.44,1859639,55.45,52.33,52.9478,27234,2022-05-18 04:00:00
933,51.77,50.78,2149999,51.98,50.32,50.9267,26315,2022-05-19 04:00:00
934,51.2,51.23,1624683,52,50.04,50.9608,20542,2022-05-20 04:00:00
935,51.96,52.12,1203234,52.5,51.43,52.1182,18188,2022-05-23 04:00:00
936,52.1,53.73,1292625,53.8,51.84,53.007,22539,2022-05-24 04:00:00
937,53.83,54.33,1220101,54.54,53.47,54.1783,20058,2022-05-25 04:00:00
938,54.75,54.53,1328934,55,54.205,54.5679,19534,2022-05-26 04:00:00
939,54.53,55.15,1662131,55.51,54.38,54.9221,22266,2022-05-27 04:00:00
940,54.95,55.84,2716827,56.01,54.27,55.6415,21794,2022-05-31 04:00:00
941,55.98,54.72,1599060,56.13,53.295,54.5077,23682,2022-06-01 04:00:00
942,54.44,53.98,1169199,54.44,52.81,53.6798,19183,2022-06-02 04:00:00
943,53.75,53.56,985046,54.08,53.43,53.7305,17770,2022-06-03 04:00:00
944,53.97,54.06,969759,54.25,53.48,53.8974,15117,2022-06-06 04:00:00
945,53.73,54.65,959350,54.775,53.6,54.346,15501,2022-06-07 04:00:00
946,54.39,53.93,706392,54.91,53.87,54.2513,13287,2022-06-08 04:00:00
947,53.96,52.41,788419,54.24,52.41,53.019,13775,2022-06-09 04:00:00
948,51.52,52.34,907768,52.855,51.08,52.3505,14957,2022-06-10 04:00:00
949,51.69,50.63,1568702,52.15,50.31,50.963,22323,2022-06-13 04:00:00
950,50.65,51.36,1580527,51.6,50.41,51.218,19820,2022-06-14 04:00:00
951,51.83,51.82,1386128,52.3,51.23,51.855,19787,2022-06-15 04:00:00
952,51.01,50.46,1628885,51.09,50.295,50.5993,26577,2022-06-16 04:00:00
953,50.77,50.37,3788532,50.89,49.46,50.3396,24119,2022-06-17 04:00:00
954,49.89,52.21,1753577,52.37,49.855,51.5785,24762,2022-06-21 04:00:00
955,51.64,52.72,1291377,52.95,51.5,52.5767,19703,2022-06-22 04:00:00
956,52.72,53.8,1513396,53.88,52.61,53.4414,16956,2022-06-23 04:00:00
957,54.22,55.77,1661568,56.13,53.915,55.5605,20351,2022-06-24 04:00:00
958,55.74,55.38,1198897,55.985,55.22,55.4545,14017,2022-06-27 04:00:00
959,56.6,55.76,1587157,57.75,55.56,56.2764,25643,2022-06-28 04:00:00
960,55.74,55.36,1343365,56.24,54.78,55.4166,16100,2022-06-29 04:00:00
961,54.83,54.51,1418962,55.06,54.14,54.4979,17843,2022-06-30 04:00:00
962,54.48,55.62,1182433,55.76,54.195,55.2214,15049,2022-07-01 04:00:00
963,55.11,55.34,1779324,55.53,54.29,55.0234,21766,2022-07-05 04:00:00
964,55.36,55.23,1396505,55.69,54.29,55.096,16745,2022-07-06 04:00:00
965,55.24,54.63,1196761,55.46,54.45,54.748,16023,2022-07-07 04:00:00
966,54.86,55.5,1546189,55.85,54.57,55.2904,20013,2022-07-08 04:00:00
967,55.2,56.06,1488431,56.46,55.2,55.9815,17733,2022-07-11 04:00:00
968,56.04,57.4,2294430,58.4196,56.03,57.6863,29247,2022-07-12 04:00:00
969,57.5,58.25,1887464,58.6599,57.47,58.1228,21123,2022-07-13 04:00:00
970,57.3,58.18,1654378,58.27,56.94,57.7404,20490,2022-07-14 04:00:00
971,58.62,58.64,1703856,58.94,57.97,58.5069,22671,2022-07-15 04:00:00
972,58.8,58.11,1820088,59.38,57.915,58.6384,20554,2022-07-18 04:00:00
973,58.62,58.57,1410973,59,58.21,58.5699,17745,2022-07-19 04:00:00
974,58.38,57.89,1343200,58.735,57.61,58.1186,17060,2022-07-20 04:00:00
975,57.59,57.18,1546788,57.63,56.83,57.1713,17403,2022-07-21 04:00:00
976,56.96,57.91,1833915,58.1689,56.81,57.6494,22635,2022-07-22 04:00:00
977,58.11,58.22,1471883,58.53,57.4901,58.2117,20958,2022-07-25 04:00:00
978,57.97,58.12,1176679,58.53,57.77,58.1541,16563,2022-07-26 04:00:00
979,58.08,58.92,1214207,59.08,57.42,58.3675,17282,2022-07-27 04:00:00
980,58.61,59.04,1845590,59.18,57.84,58.5276,22914,2022-07-28 04:00:00
981,59.04,59.75,1591076,59.85,58.53,59.5204,19834,2022-07-29 04:00:00
982,59.49,59.68,1892576,60.12,59.325,59.6522,23546,2022-08-01 04:00:00
983,57.01,53.44,6237483,57.14,53.14,53.7903,68287,2022-08-02 04:00:00
984,53.45,54.19,2788241,55.32,53.45,54.3623,34504,2022-08-03 04:00:00
985,53.92,52.91,2075949,54.34,52.84,53.3469,27741,2022-08-04 04:00:00
986,52.94,54.07,1247775,54.09,52.59,53.7062,17796,2022-08-05 04:00:00
987,54.12,54.64,1375910,55.24,54.1,54.7813,17625,2022-08-08 04:00:00
988,55,55.13,1218982,55.2,54.67,55.023,19093,2022-08-09 04:00:00
989,55.44,55.72,1141113,56.2563,55.16,55.7764,15446,2022-08-10 04:00:00
990,55.99,56.7,1275212,57.59,55.71,56.799,20196,2022-08-11 04:00:00
991,56.85,56.71,1078323,57.06,56.11,56.5669,15256,2022-08-12 04:00:00
992,56.41,56.46,987361,56.755,56.04,56.5242,16992,2022-08-15 04:00:00
993,56.44,56.48,1190396,56.765,56.16,56.4624,16001,2022-08-16 04:00:00
994,56.04,55.68,1357603,56.35,55.17,55.6271,18812,2022-08-17 04:00:00
995,55.61,56.12,1018464,56.27,55.23,55.8283,14155,2022-08-18 04:00:00
996,55.83,56.09,936842,56.29,55.45,55.9382,13230,2022-08-19 04:00:00
997,55.75,55.33,825476,55.84,55.23,55.4434,12934,2022-08-22 04:00:00
998,55.57,55.88,779538,56,55.485,55.8098,11929,2022-08-23 04:00:00
999,55.97,56.62,884426,56.72,55.62,56.5167,14659,2022-08-24 04:00:00
1000,56.63,55.67,1182320,56.87,55.5,55.9396,15750,2022-08-25 04:00:00
1001,55.7,53.87,1020419,55.8972,53.83,54.3703,14221,2022-08-26 04:00:00
1002,53.57,53.21,1019981,53.75,53.1,53.342,15895,2022-08-29 04:00:00
1003,53.4,52.25,1389503,53.56,52.19,52.5956,20342,2022-08-30 04:00:00
1004,52.34,51.67,1873358,52.61,51.4,51.7786,20946,2022-08-31 04:00:00
1005,50.96,51.37,1358305,51.555,50.45,51.2097,20166,2022-09-01 04:00:00
1006,51.94,51.7,1160940,52.59,51.48,51.9833,19134,2022-09-02 04:00:00
1007,52.27,51.65,1016919,52.445,51.3478,51.7758,15714,2022-09-06 04:00:00
1008,51.48,52.23,944291,52.31,51.33,52.0479,16851,2022-09-07 04:00:00
1009,52.02,51.82,1071132,52.06,51.04,51.6573,16574,2022-09-08 04:00:00
1010,52.17,52.17,903520,52.71,51.83,52.2485,15928,2022-09-09 04:00:00
1011,52.61,53.28,1480349,53.43,52.5336,53.1768,20845,2022-09-12 04:00:00
1012,52.65,51.23,1171747,53.03,51.06,51.7758,17079,2022-09-13 04:00:00
1013,51.26,50.65,948372,51.58,50.265,50.6469,15827,2022-09-14 04:00:00
1014,50.68,50.94,1124995,51.375,50.43,51.0123,17145,2022-09-15 04:00:00
1015,50.87,50.44,2203210,51.08,50.04,50.4168,18528,2022-09-16 04:00:00
1016,50,51.11,886105,51.28,50,50.9534,14885,2022-09-19 04:00:00
1017,50.81,49.92,1488702,50.81,49.56,49.9591,18378,2022-09-20 04:00:00
1018,50.08,49.29,974690,50.55,49.29,49.932,13288,2022-09-21 04:00:00
1019,49.54,49.15,1379768,49.6256,49.1,49.2691,17862,2022-09-22 04:00:00
1020,48.26,47.68,1616660,48.4401,46.85,47.4948,20824,2022-09-23 04:00:00
1021,47.31,47.49,1459348,47.76,46.99,47.4504,18048,2022-09-26 04:00:00
1022,47.94,47.59,1253435,48.25,47.33,47.6473,20545,2022-09-27 04:00:00
1023,47.81,48.32,1095196,48.48,47.395,48.2704,14604,2022-09-28 04:00:00
1024,48.45,48.17,1533770,48.46,47.39,48.0898,20996,2022-09-29 04:00:00
1025,48.35,47.99,1416803,48.88,47.95,48.2517,18651,2022-09-30 04:00:00
1026,48.29,48.58,1092759,48.87,48.015,48.4797,16622,2022-10-03 04:00:00
1027,49.03,49.25,971856,49.75,49,49.287,14731,2022-10-04 04:00:00
1028,48.67,48.46,1146067,48.92,48.01,48.4601,16111,2022-10-05 04:00:00
1029,48.25,47.73,903438,48.47,47.53,47.8088,19743,2022-10-06 04:00:00
1030,47.52,47.02,1032453,47.72,46.685,47.0655,16038,2022-10-07 04:00:00
1031,47.15,47.31,840161,47.44,46.91,47.238,13724,2022-10-10 04:00:00
1032,47.34,47.75,989642,48.1,46.82,47.6719,15361,2022-10-11 04:00:00
1033,48.02,48.76,1413885,49.42,47.76,48.9246,19749,2022-10-12 04:00:00
1034,48.28,49.45,1206407,49.67,48.02,49.1156,17916,2022-10-13 04:00:00
1035,49.62,48.8,906827,49.955,48.64,48.9398,13984,2022-10-14 04:00:00
1036,49.46,49.12,1013210,49.66,48.92,49.1878,13557,2022-10-17 04:00:00
1037,49.68,49.22,1023795,49.93,48.82,49.2164,16656,2022-10-18 04:00:00
1038,49.1,48.31,921138,49.27,48.255,48.4948,14911,2022-10-19 04:00:00
1039,48.43,48.24,910571,48.65,48.0001,48.2748,14751,2022-10-20 04:00:00
1040,48.42,49.16,954257,49.34,48.2,49.0099,13403,2022-10-21 04:00:00
1041,49.49,49.8,811474,50.28,49.2624,49.7114,14116,2022-10-24 04:00:00
1042,49.73,50.57,1003902,50.75,49.5,50.436,15137,2022-10-25 04:00:00
1043,50.6,50.06,1145653,51.1,49.99,50.2396,17333,2022-10-26 04:00:00
1044,50.32,49.87,1315205,50.89,49.77,50.1474,19383,2022-10-27 04:00:00
1045,50.12,51.1,891986,51.13,50.105,50.8829,14496,2022-10-28 04:00:00
1046,51.16,50.43,1739854,51.57,50.29,50.7127,24726,2022-10-31 04:00:00
1047,50.35,48.81,3553362,50.35,46.9,48.2393,47849,2022-11-01 04:00:00
1048,49.13,49.34,2798636,50.775,49.105,49.6961,43242,2022-11-02 04:00:00
1049,48.85,49.48,1404495,49.72,48.61,49.3483,24272,2022-11-03 04:00:00
1050,50.15,51.2,1253072,51.23,49.91,50.6994,21565,2022-11-04 04:00:00
1051,51.51,50.98,1119952,51.88,50.1896,50.8969,20325,2022-11-07 05:00:00
1052,51,51.29,1005996,51.59,50.75,51.2747,17347,2022-11-08 05:00:00
1053,51.04,49.76,1072282,51.04,49.71,50.1369,17128,2022-11-09 05:00:00
1054,50.9,51.45,1074427,52.105,50.84,51.395,17761,2022-11-10 05:00:00
1055,51.46,51.9,1440342,52.14,50.6291,51.4787,22267,2022-11-11 05:00:00
1056,51.9,51.95,806119,52.64,51.75,52.259,15163,2022-11-14 05:00:00
1057,52.15,52.08,1249252,52.555,51.88,52.1927,21040,2022-11-15 05:00:00
1058,52.27,52.11,649881,52.38,51.64,52.0739,13125,2022-11-16 05:00:00
1059,51.62,53.01,949120,53.07,51.62,52.7161,16765,2022-11-17 05:00:00
1060,53.57,53.5,1030762,53.74,53.19,53.4771,13814,2022-11-18 05:00:00
1061,53.09,54.33,1152230,54.62,53.09,54.3191,18687,2022-11-21 05:00:00
1062,54.65,54.8,953109,55.15,54.215,54.6758,16606,2022-11-22 05:00:00
1063,54.89,55.27,734679,55.305,54.79,55.1307,13798,2022-11-23 05:00:00
1064,55.27,55.58,378213,55.65,55.14,55.4776,6464,2022-11-25 05:00:00
1065,55.17,54.93,979330,55.7,54.92,55.1251,15926,2022-11-28 05:00:00
1066,54.88,54.92,860598,55.357,54.56,54.9096,13975,2022-11-29 05:00:00
1067,55.13,55.11,2272936,55.47,54.04,54.9706,20080,2022-11-30 05:00:00
1068,54.82,54.97,1067306,55.485,54.82,55.1005,20722,2022-12-01 05:00:00
1069,54.76,55.57,1111844,55.7,54.735,55.3479,16493,2022-12-02 05:00:00
1070,55.09,54.5,1064978,55.23,54.445,54.6856,19428,2022-12-05 05:00:00
1071,53.75,53.26,1664277,54.24,52.47,53.2127,25781,2022-12-06 05:00:00
1072,53.37,53.05,1211729,53.69,52.8,53.2048,19638,2022-12-07 05:00:00
1073,53.1,52.66,1065923,53.165,52.38,52.675,17658,2022-12-08 05:00:00
1074,52.55,52.46,1157672,52.84,51.955,52.4916,17860,2022-12-09 05:00:00
1075,52.41,52.96,956386,52.97,52.06,52.6956,15726,2022-12-12 05:00:00
1076,53.67,52.61,1597736,53.76,52.46,52.7896,19862,2022-12-13 05:00:00
1077,52.47,52.89,1288330,53.345,52.28,52.8491,16249,2022-12-14 05:00:00
1078,52.35,51.74,1177666,52.58,51.491,51.8562,19594,2022-12-15 05:00:00
1079,51.19,51.18,2243990,51.48,50.63,51.1352,18068,2022-12-16 05:00:00
1080,51.23,51.69,1171634,52.125,51.095,51.7027,17176,2022-12-19 05:00:00
1081,51.77,50.77,1026300,51.795,50.72,50.9683,15275,2022-12-20 05:00:00
1082,51.01,51.45,791676,51.57,50.885,51.3774,12037,2022-12-21 05:00:00
1083,51.34,51.44,763162,51.57,50.765,51.2507,12787,2022-12-22 05:00:00
1084,51.47,51.93,536208,51.93,51.275,51.7756,8330,2022-12-23 05:00:00
1085,52,52.33,639999,52.54,51.98,52.3298,9215,2022-12-27 05:00:00
1086,52.25,51.38,921213,52.48,51.32,51.6484,14370,2022-12-28 05:00:00
1087,51.37,51.6,744999,51.68,51.355,51.5491,12196,2022-12-29 05:00:00
1088,51.39,51.52,993228,51.625,51.11,51.4209,13053,2022-12-30 05:00:00
1089,50.55,49.44,2770362,50.67,48.66,49.5084,32552,2023-01-03 05:00:00
1090,49.78,51.36,1672111,51.58,49.66,51.1003,25114,2023-01-04 05:00:00
1091,50.46,49.58,1849824,50.76,49.21,49.6197,25180,2023-01-05 05:00:00
1092,50.86,50.88,2145002,51.194,50.45,50.9077,28432,2023-01-06 05:00:00
1093,50.73,50.21,1466930,51.18,50.16,50.4468,18049,2023-01-09 05:00:00
1094,50.33,50.86,1225645,50.99,50.24,50.695,17267,2023-01-10 05:00:00
1095,50.94,50.92,1641376,51.29,50.71,50.9683,24508,2023-01-11 05:00:00
1096,50.86,50.33,1143011,50.96,50.163,50.4259,18265,2023-01-12 05:00:00
1097,50.11,50.76,1126061,50.9,49.96,50.6299,16871,2023-01-13 05:00:00
1098,50.82,50.38,1691597,51.12,50.355,50.5647,23807,2023-01-17 05:00:00
1099,50.32,49.03,1483731,50.62,48.965,49.289,19757,2023-01-18 05:00:00
1100,48.9,49.59,1356257,49.72,48.485,49.3833,16947,2023-01-19 05:00:00
1101,49.7,49.98,906349,49.99,49.25,49.7596,13857,2023-01-20 05:00:00
1102,50.15,50.09,1069854,50.34,49.66,50.0302,17150,2023-01-23 05:00:00
1103,50.27,51.47,1322780,52.01,50.27,51.3885,21126,2023-01-24 05:00:00
1104,51.54,52.92,1899371,53.23,51.25,52.5525,24953,2023-01-25 05:00:00
1105,52.81,52.77,2600277,53.58,52.51,52.9435,30879,2023-01-26 05:00:00
1106,52.31,51.3,2211817,52.47,50.9438,51.4027,28149,2023-01-27 05:00:00
1107,51.24,51.23,1187244,52.05,51.06,51.5548,18862,2023-01-30 05:00:00
1108,51.54,52.58,1387286,52.59,50.88,52.1717,17046,2023-01-31 05:00:00
1109,52.4,53.31,2016486,53.47,52.37,53.0994,21054,2023-02-01 05:00:00
1110,53.02,54.18,1999593,54.23,52.74,53.9017,25806,2023-02-02 05:00:00
1111,54.18,53.62,1850554,54.3,52.92,53.4409,22569,2023-02-03 05:00:00
1112,53.29,53.58,1939830,53.71,53.0173,53.4328,22097,2023-02-06 05:00:00
1113,53.02,52.3,1991063,53.02,52.08,52.3754,26462,2023-02-07 05:00:00
1114,52.02,51.41,1979139,52.515,51.2,51.744,30635,2023-02-08 05:00:00
1115,51.61,51.22,1087204,51.73,51.0497,51.312,18078,2023-02-09 05:00:00
1116,51.22,51.44,901185,51.465,50.97,51.3116,14984,2023-02-10 05:00:00
1117,51.51,51.97,1232012,52.01,51.2,51.7881,16108,2023-02-13 05:00:00
1118,51.88,51.65,1207668,52.11,51.44,51.7489,16525,2023-02-14 05:00:00
1119,51.65,52.31,922473,52.33,51.31,52.0686,14474,2023-02-15 05:00:00
1120,51.39,51.4,1028849,51.8,51.31,51.4779,16880,2023-02-16 05:00:00
1121,51.36,52.02,1919184,52.12,51.25,51.8803,25555,2023-02-17 05:00:00
1122,56.28,53.65,3407136,56.28,53.19,54.0187,46562,2023-02-21 05:00:00
1123,53.1,52.97,2474943,53.57,52.43,52.8848,31782,2023-02-22 05:00:00
1124,53.32,53.5,1827836,53.655,52.88,53.434,32554,2023-02-23 05:00:00
1125,53.17,53.78,1334304,53.89,52.96,53.6619,20401,2023-02-24 05:00:00
1126,54.14,53.75,1440313,54.22,53.46,53.7959,19393,2023-02-27 05:00:00
1127,53.65,53.19,1841240,54.1388,53.17,53.4134,21140,2023-02-28 05:00:00
1128,52.88,53.05,2054630,53.15,52.4,52.8986,28966,2023-03-01 05:00:00
1129,52.56,53.28,1323926,53.3,52.42,53.0942,17227,2023-03-02 05:00:00
1130,53.27,53.46,1172952,53.55,52.78,53.3526,18048,2023-03-03 05:00:00
1131,53.26,53.09,1664380,53.66,52.96,53.1638,24814,2023-03-06 05:00:00
1132,53.03,52.84,1377576,53.355,52.51,52.8757,24477,2023-03-07 05:00:00
1133,53.34,54.35,4905257,55.68,53.34,54.6021,70275,2023-03-08 05:00:00
1134,54.64,53.06,2562893,54.64,52.46,53.274,34944,2023-03-09 05:00:00
1135,53.25,52.31,1559301,53.51,52.08,52.5874,26531,2023-03-10 05:00:00
1136,51.8,52.08,1667951,52.62,51.44,52.1954,28504,2023-03-13 04:00:00
1137,52.51,51.85,1456736,52.84,51.26,51.8523,22819,2023-03-14 04:00:00
1138,50.93,52.06,1529840,52.1,50.415,51.5329,24717,2023-03-15 04:00:00
1139,51.97,51.48,1414032,52.04,51.165,51.4375,23141,2023-03-16 04:00:00
1140,50.98,49.91,5250091,51.145,49.56,50.0414,32222,2023-03-17 04:00:00
1141,50.3,50.86,1484361,51.12,50.27,50.8228,23524,2023-03-20 04:00:00
1142,51.35,50.91,1517153,51.35,50.7,50.9357,18744,2023-03-21 04:00:00
1143,50.99,49.99,996949,51.17,49.98,50.5796,16015,2023-03-22 04:00:00
1144,49.99,49.56,1087746,50.4,49.38,49.847,18781,2023-03-23 04:00:00
1145,49.57,50.7,1083658,50.74,49.32,50.355,16998,2023-03-24 04:00:00
1146,51.06,51.08,1124999,51.46,50.98,51.1676,16214,2023-03-27 04:00:00
1147,51.09,51.4,857038,51.87,51.08,51.5065,14192,2023-03-28 04:00:00
1148,51.84,51.95,1036368,52.03,51.56,51.8838,14424,2023-03-29 04:00:00
1149,52.41,51.69,1269943,52.56,51.41,51.7597,19074,2023-03-30 04:00:00
1150,51.94,51.68,1480581,51.945,51.44,51.6613,18620,2023-03-31 04:00:00
1151,51.81,52.12,1263969,52.68,51.81,52.2208,19364,2023-04-03 04:00:00
1152,52.4,51.94,1582919,52.55,51.45,51.8393,22489,2023-04-04 04:00:00
1153,52.02,52.5,1714775,52.5,51.93,52.3459,25042,2023-04-05 04:00:00
1154,52.74,52.15,1068764,52.95,51.98,52.3069,18800,2023-04-06 04:00:00
1155,52.02,53.15,1487637,53.16,51.9,52.7903,20043,2023-04-10 04:00:00
1156,53.23,54.05,1487714,54.27,53.23,54.0485,26470,2023-04-11 04:00:00
1157,54.1,54.27,2315795,54.42,53.75,54.1666,27841,2023-04-12 04:00:00
1158,54.17,56.23,4250714,56.96,54.17,56.0172,56546,2023-04-13 04:00:00
1159,55.97,56.06,1905051,56.66,55.86,56.1903,27911,2023-04-14 04:00:00
1160,56.16,56.98,1984260,57.005,56,56.7715,28801,2023-04-17 04:00:00
1161,56.74,57.32,2584461,57.725,56.74,57.4175,32338,2023-04-18 04:00:00
1162,57.03,57.43,1888124,57.65,57.03,57.3396,28369,2023-04-19 04:00:00
1163,57,57.7,2190533,57.865,57,57.651,26399,2023-04-20 04:00:00
1164,57.55,58.32,1888985,58.53,57.55,58.2401,26458,2023-04-21 04:00:00
1165,58.51,58.29,1860631,59.26,58.26,58.6061,27044,2023-04-24 04:00:00
1166,58.07,58.71,1660377,58.77,58.07,58.614,24923,2023-04-25 04:00:00
1167,58.71,59.13,1307452,59.27,58.6971,59.0637,20237,2023-04-26 04:00:00
1168,59.16,59.09,1736136,59.547,58.955,59.1796,23687,2023-04-27 04:00:00
1169,58.97,59.48,1906336,59.61,58.42,59.3809,27174,2023-04-28 04:00:00
1170,59.47,60.45,2595406,60.73,59.47,60.4009,37428,2023-05-01 04:00:00
1171,62.8101,65.08,8686377,66.67,62.8101,65.2622,90910,2023-05-02 04:00:00
1172,65.73,64.96,4657607,65.93,64.53,65.1545,57818,2023-05-03 04:00:00
1173,65.12,65.01,2488792,65.48,64.46,64.9861,34562,2023-05-04 04:00:00
1174,64.78,64.89,1586425,65.49,64.59,65.0347,27310,2023-05-05 04:00:00
1175,64.47,64.47,1835791,64.925,64.345,64.554,24004,2023-05-08 04:00:00
1176,64.21,64.52,1560924,64.85,63.9,64.5402,19792,2023-05-09 04:00:00
1177,64.48,64.44,2789307,64.95,64.22,64.5676,26812,2023-05-10 04:00:00
1178,64.15,64,2404134,64.455,63.75,64.0365,30333,2023-05-11 04:00:00
1179,64.02,64.25,1709231,64.4,63.95,64.1439,25844,2023-05-12 04:00:00
1180,64.58,63.7,2135902,64.95,63.59,63.9342,31636,2023-05-15 04:00:00
1181,63.15,63.19,2926045,63.88,62.595,63.3238,37503,2023-05-16 04:00:00
1182,63.1,62.13,3795562,63.1,61.4847,62.0593,43677,2023-05-17 04:00:00
1183,61.74,61.88,2350671,62.04,61.32,61.7846,26247,2023-05-18 04:00:00
1184,62.06,62.61,2106207,62.99,61.89,62.5191,30412,2023-05-19 04:00:00
1185,62.88,62.45,2187734,63,62.4,62.6025,30440,2023-05-22 04:00:00
1186,62.38,61.62,1639675,62.39,61.59,61.8897,27049,2023-05-23 04:00:00
1187,61.62,60.91,2287728,61.65,60.64,61.0129,32823,2023-05-24 04:00:00
1188,60.55,60.73,1964071,61.105,60.035,60.633,29613,2023-05-25 04:00:00
1189,60.71,60.64,1739538,60.85,59.9,60.4582,26349,2023-05-26 04:00:00
1190,59.56,60.4,2440289,60.64,59.5,60.2814,29548,2023-05-30 04:00:00
1191,60.93,61.85,4271828,62.08,60.77,61.7427,42911,2023-05-31 04:00:00
1192,61.51,62.33,2688817,62.44,61.24,62.1382,32101,2023-06-01 04:00:00
1193,62.68,63.87,2647456,64.31,62.54,63.9199,39214,2023-06-02 04:00:00
1194,63.74,63.81,1942875,64.41,63.35,63.8991,31238,2023-06-05 04:00:00
1195,65.68,65.14,4092945,65.88,64.18,64.9769,42040,2023-06-06 04:00:00
1196,65,66.15,3094547,66.51,64.75,65.8975,45541,2023-06-07 04:00:00
1197,66.59,66.4,2374477,66.655,65.84,66.3752,28771,2023-06-08 04:00:00
1198,66.5,66.46,2208651,67.105,66.24,66.5656,32813,2023-06-09 04:00:00
1199,66.8,67.1,2799621,67.33,66.6694,67.0746,28929,2023-06-12 04:00:00
1200,66.98,67.75,3083231,68.13,66.95,67.7032,38967,2023-06-13 04:00:00
1201,67.63,67.45,1559625,67.88,67.29,67.5703,22546,2023-06-14 04:00:00
1202,67.5,66.6,2032402,67.76,66.45,66.7314,25682,2023-06-15 04:00:00
1203,66.84,66.28,2523071,66.9575,66.05,66.4072,23008,2023-06-16 04:00:00
1204,66.31,66.6,1414158,66.88,66.2,66.6197,24199,2023-06-20 04:00:00
1205,66.8,66.54,2128704,66.9,66.25,66.54,27663,2023-06-21 04:00:00
1206,66.85,66.47,1049508,66.87,66.19,66.4676,16469,2023-06-22 04:00:00
1207,66.61,66.18,1701164,67,66.08,66.3877,20820,2023-06-23 04:00:00
1208,66.3,65.67,2290099,66.405,65.31,65.6462,30296,2023-06-26 04:00:00
1209,65.58,65.81,2037037,65.96,65.3,65.7811,23124,2023-06-27 04:00:00
1210,65.51,65.65,1698052,65.82,65.41,65.6444,23401,2023-06-28 04:00:00
1211,65.6,65.62,1820295,65.965,65.41,65.6905,27836,2023-06-29 04:00:00
1212,65.5,65.84,2408745,65.93,65.38,65.7484,28197,2023-06-30 04:00:00
1213,65.64,66.61,1943966,66.82,65.63,66.492,22517,2023-07-03 04:00:00
1214,66.36,66.64,2093357,66.8168,66.25,66.6407,26410,2023-07-05 04:00:00
1215,66.51,66.09,2051079,66.51,65.95,66.1457,26687,2023-07-06 04:00:00
1216,66,65.92,1898684,66.36,65.78,66.0963,24512,2023-07-07 04:00:00
1217,65.79,65.53,1444897,65.95,65.29,65.569,23172,2023-07-10 04:00:00
1218,65.64,64.44,2717287,65.73,63.74,64.3936,35539,2023-07-11 04:00:00
1219,64.62,65.99,3135068,66.02,64.51,65.6422,30160,2023-07-12 04:00:00
1220,65.92,66.7,3084427,66.85,65.92,66.461,28614,2023-07-13 04:00:00
1221,66.68,67.28,1540028,67.35,66.5,67.1577,19893,2023-07-14 04:00:00
1222,67.27,67.99,2704572,68,66.805,67.494,31037,2023-07-17 04:00:00
1223,68.41,67.9,1784746,69.05,67.56,68.1195,24940,2023-07-18 04:00:00
1224,68.26,69.18,1826811,69.29,68.055,68.9447,29744,2023-07-19 04:00:00
1225,69.37,70.06,1355060,70.22,69.3065,69.8846,22210,2023-07-20 04:00:00
1226,70.2,69.95,1142080,70.5,69.855,70.0659,18854,2023-07-21 04:00:00
1227,69.95,69.85,1052101,70.705,69.78,70.0494,20088,2023-07-24 04:00:00
1228,69.79,70.67,1714487,70.7382,69.321,70.3972,20495,2023-07-25 04:00:00
1229,70.67,70.49,1310645,70.9,70.06,70.38,19529,2023-07-26 04:00:00
1230,70.68,69.26,1948687,70.72,68.7,69.3416,28435,2023-07-27 04:00:00
1231,69.91,70.55,3816205,70.89,69.61,70.2454,30353,2023-07-28 04:00:00
1232,70.11,69.77,3286730,70.41,69.2,69.7185,37850,2023-07-31 04:00:00
1233,65.15,66.52,6082942,67.49,64.05,66.2067,78031,2023-08-01 04:00:00
1234,66.3,67.33,3788775,68.64,66,67.4602,50512,2023-08-02 04:00:00
1235,67.05,65.12,2566542,67.15,65.02,65.4938,38874,2023-08-03 04:00:00
1236,65.33,65.31,2015194,66.51,65.19,65.7942,31555,2023-08-04 04:00:00
1237,65.5,65.02,1494475,65.69,64.63,64.984,24845,2023-08-07 04:00:00
1238,65.17,64.85,1740907,65.29,63.85,64.7278,28189,2023-08-08 04:00:00
1239,65.08,64.61,1460162,65.2,63.91,64.5746,23671,2023-08-09 04:00:00
1240,64.5,64.32,1300399,64.92,64.02,64.4333,19247,2023-08-10 04:00:00
1241,64.17,64.22,1375162,64.29,63.77,64.117,21195,2023-08-11 04:00:00
1242,64.37,64.48,1154058,64.79,64.23,64.5025,20077,2023-08-14 04:00:00
1243,64.22,63.65,1389399,64.36,63.505,63.7307,20662,2023-08-15 04:00:00
1244,63.61,62.45,1523802,63.7299,62.335,62.7628,22704,2023-08-16 04:00:00
1245,62.4,62.17,1285793,62.71,62.15,62.3612,20438,2023-08-17 04:00:00
1246,62,63.03,1748419,63.08,61.97,62.8128,25458,2023-08-18 04:00:00
1247,63.01,62.78,986247,63.155,62.34,62.655,20157,2023-08-21 04:00:00
1248,62.71,62.46,1154982,62.89,62.04,62.4516,19593,2023-08-22 04:00:00
1249,62.74,62.81,1297992,63.17,62.35,62.686,22548,2023-08-23 04:00:00
1250,62.82,62.54,1206612,63.43,62.455,62.7393,19246,2023-08-24 04:00:00
1251,62.67,62.85,1046214,62.945,62.27,62.7623,14030,2023-08-25 04:00:00
1252,63.04,62.89,1706586,63.58,62.62,62.9436,20787,2023-08-28 04:00:00
1253,63.06,63.28,1119548,63.33,62.53,63.1233,20735,2023-08-29 04:00:00
1254,63.26,63.08,1163707,63.43,62.96,63.1235,17370,2023-08-30 04:00:00
1255,62.82,63.49,1736916,63.88,62.81,63.4527,22710,2023-08-31 04:00:00
