TSLA,open_price,close_price,trading_volume,highest_price,lowest_price,volume_weighted_avg_price,transaction_amt,date_time
0,111.01,108.49,32872352,111.42,108.1,109.0066,234347,2018-09-05 04:00:00
1,108.25,108.74,23477624,108.99,107.51,108.3969,172963,2018-09-06 04:00:00
2,108.23,108.21,22498646,108.7248,107.23,108.2165,162158,2018-09-07 04:00:00
3,108.84,109.38,20727906,109.64,108.36,109.1765,127931,2018-09-10 04:00:00
4,108.9,111.24,24301774,111.59,108.89,110.8503,162661,2018-09-11 04:00:00
5,111.43,111.71,18888064,111.85,110.51,111.364,146109,2018-09-12 04:00:00
6,112.12,112.91,26055620,113.725,112.12,112.8916,161907,2018-09-13 04:00:00
7,113.36,113.37,19122349,113.73,112.44,113.2611,142651,2018-09-14 04:00:00
8,113.69,112.14,20736516,113.7,111.86,112.5498,142715,2018-09-17 04:00:00
9,112.19,113.21,22170934,113.695,111.72,113.2633,153296,2018-09-18 04:00:00
10,113.05,111.7,21728429,113.32,111.035,111.7803,162257,2018-09-19 04:00:00
11,112.28,113.57,23714512,113.8,111.93,113.4,170212,2018-09-20 04:00:00
12,114,114.26,71229698,115.29,113.51,114.1735,205028,2018-09-21 04:00:00
13,113.03,114.67,27334460,114.9,112.2175,114.1959,159757,2018-09-24 04:00:00
14,114.8,114.45,22668014,115.1,113.75,114.3534,125939,2018-09-25 04:00:00
15,114.47,113.98,19352025,115.055,113.74,114.3985,136534,2018-09-26 04:00:00
16,114.78,114.41,19091299,114.91,114.2,114.5605,115753,2018-09-27 04:00:00
17,114.19,114.37,21647811,114.57,113.68,114.2546,137439,2018-09-28 04:00:00
18,114.75,115.61,18883079,115.68,114.73,115.4232,134876,2018-10-01 04:00:00
19,115.3,115.15,20787239,115.84,114.44,115.2686,141359,2018-10-02 04:00:00
20,115.42,115.17,16648018,116.18,114.93,115.5153,130287,2018-10-03 04:00:00
21,114.61,112.79,34821717,114.7588,111.63,112.8634,266275,2018-10-04 04:00:00
22,112.63,112.13,29068859,113.17,110.64,112.0292,232117,2018-10-05 04:00:00
23,111.66,110.85,29640588,112.03,109.34,110.7949,232758,2018-10-08 04:00:00
24,111.14,112.26,26198594,113.08,110.8,112.2135,208549,2018-10-09 04:00:00
25,111.24,106.16,61376315,111.5,105.79,108.1315,449835,2018-10-10 04:00:00
26,105.35,105.91,63904282,108.93,104.2,106.8336,580831,2018-10-11 04:00:00
27,109.01,109.57,47742109,111.24,107.12,108.7379,386353,2018-10-12 04:00:00
28,108.91,107.6,32068103,109.48,106.9468,108.1725,240514,2018-10-15 04:00:00
29,109.54,111,31610164,111.41,108.95,110.4576,226292,2018-10-16 04:00:00
30,111.68,110.71,26548243,111.81,109.5482,110.5309,201337,2018-10-17 04:00:00
31,110.1,108.5,32506192,110.53,107.83,108.8337,246740,2018-10-18 04:00:00
32,108.93,108.66,32785475,110.86,108.21,109.2686,234723,2018-10-19 04:00:00
33,109.32,109.63,26545607,110.54,108.24,109.5877,198605,2018-10-22 04:00:00
34,107.77,108.1,43770429,108.97,105.11,107.0477,362185,2018-10-23 04:00:00
35,108.41,102.32,63897759,108.49,101.5901,104.8057,495734,2018-10-24 04:00:00
36,106.55,108.3,61646819,109.27,106.15,107.9947,438344,2018-10-25 04:00:00
37,105.69,106.96,55523104,108.75,104.76,106.6866,418273,2018-10-26 04:00:00
38,108.105,103.85,55162001,108.7,101.63,105.0361,406530,2018-10-29 04:00:00
39,103.66,103.73,65350878,104.38,100.11,102.5724,468916,2018-10-30 04:00:00
40,105.435,106.81,51062383,108.14,105.39,107.1448,344703,2018-10-31 04:00:00
41,107.05,105.92,33384201,107.32,105.53,106.1695,248401,2018-11-01 04:00:00
42,106.48,106.16,37680194,107.32,104.975,106.0177,279521,2018-11-02 04:00:00
43,106.37,107.51,27922144,107.74,105.9,106.8289,198115,2018-11-05 05:00:00
44,107.38,107.72,24340248,108.84,106.28,107.5818,174886,2018-11-06 05:00:00
45,109.44,111.96,37901704,112.24,109.4,111.4774,261304,2018-11-07 05:00:00
46,111.8,111.75,25644105,112.21,110.91,111.4801,187684,2018-11-08 05:00:00
47,110.85,109.57,32039223,111.45,108.76,109.6478,214769,2018-11-09 05:00:00
48,109.42,106.87,33621807,109.96,106.1,107.2495,249830,2018-11-12 05:00:00
49,107.55,106.94,35374583,108.74,106.64,107.5414,244010,2018-11-13 05:00:00
50,108.1,104.97,39495141,108.26,104.47,105.7192,287567,2018-11-14 05:00:00
51,104.99,107.28,38505165,107.8,103.91,106.3156,267157,2018-11-15 05:00:00
52,107.08,108.29,33502121,108.88,106.8,108.0264,222812,2018-11-16 05:00:00
53,108.27,104.62,44673899,108.56,103.55,104.9292,287756,2018-11-19 05:00:00
54,101.8,101.71,64052457,102.97,99.3528,101.5923,401823,2018-11-20 05:00:00
55,103.6,103.11,28130621,104.43,102.24,103.4887,201119,2018-11-21 05:00:00
56,102.17,103.07,13823099,103.8099,102,103.1392,95175,2018-11-23 05:00:00
57,104.79,106.47,32336165,106.63,104.58,105.6641,231439,2018-11-26 05:00:00
58,106.27,107.14,29124486,107.33,105.36,106.6972,217311,2018-11-27 05:00:00
59,107.89,111.12,46788461,111.33,107.86,109.9457,329529,2018-11-28 05:00:00
60,110.33,110.19,28123195,111.115,109.03,110.2014,198238,2018-11-29 05:00:00
61,110.7,110.89,33665624,110.97,109.36,110.4543,188917,2018-11-30 05:00:00
62,113,112.09,34732772,113.42,110.73,112.0114,228790,2018-12-03 05:00:00
63,111.94,108.52,45196984,112.6373,108.2115,109.9599,295838,2018-12-04 05:00:00
64,105.82,109.19,49107431,109.24,105,107.4382,365103,2018-12-06 05:00:00
65,108.38,104.82,45044937,109.45,104.3,106.1258,323654,2018-12-07 05:00:00
66,104.8,107.59,40801525,107.98,103.89,106.1469,292427,2018-12-10 05:00:00
67,109.8,108.59,42381947,110.95,107.44,109.2085,301736,2018-12-11 05:00:00
68,110.89,109.08,36183020,111.27,109.04,110.0983,237363,2018-12-12 05:00:00
69,109.58,109.45,31333362,110.87,108.63,109.3842,215711,2018-12-13 05:00:00
70,108.25,106.03,47043136,109.26,105.5,107.099,333362,2018-12-14 05:00:00
71,105.41,102.89,56952064,105.8,101.71,103.429,333569,2018-12-17 05:00:00
72,103.75,103.97,49319196,104.51,102.52,103.607,283343,2018-12-18 05:00:00
73,103.65,103.69,68198186,106.88,101.35,104.2944,426354,2018-12-19 05:00:00
74,103.05,101.51,70334184,104.31,98.78,101.4997,496984,2018-12-20 05:00:00
75,101.63,98.23,111242070,103,97.46,99.4737,543592,2018-12-21 05:00:00
76,97.68,94.13,43935192,97.97,93.98,95.6806,330237,2018-12-24 05:00:00
77,95.14,100.56,51634793,100.69,93.96,97.8411,371662,2018-12-26 05:00:00
78,99.3,101.18,49464509,101.19,96.4,98.8587,338488,2018-12-27 05:00:00
79,102.09,100.39,38169312,102.41,99.52,100.8317,285143,2018-12-28 05:00:00
80,101.29,101.57,33173765,102.4,100.44,101.3798,214363,2018-12-31 05:00:00
81,99.55,101.12,35329345,101.75,98.94,100.693,238244,2019-01-02 05:00:00
82,100.1,97.4,42578410,100.185,97.2,98.2312,301141,2019-01-03 05:00:00
83,99.72,101.93,44060590,102.51,98.93,101.4444,300148,2019-01-04 05:00:00
84,101.64,102.06,35656136,103.2681,100.98,102.275,238930,2019-01-07 05:00:00
85,103.04,102.8,31514415,103.97,101.7134,102.7505,223595,2019-01-08 05:00:00
86,103.86,104.27,32280840,104.88,103.2445,104.1886,232146,2019-01-09 05:00:00
87,103.22,103.6,30067556,103.75,102.38,103.2642,176725,2019-01-10 05:00:00
88,103.19,102.8,28314202,103.44,101.64,102.3999,186885,2019-01-11 05:00:00
89,101.9,102.05,28437079,102.8716,101.26,101.98,148450,2019-01-14 05:00:00
90,102.51,105.01,31587616,105.05,101.88,104.5025,207261,2019-01-15 05:00:00
91,105.26,105.38,29853865,106.255,104.96,105.4535,196230,2019-01-16 05:00:00
92,105,106.12,28393015,106.625,104.76,105.7275,183080,2019-01-17 05:00:00
93,107.46,107.71,37427587,107.9,105.91,107.2599,215769,2019-01-18 05:00:00
94,106.75,105.68,32371253,107.1,104.86,105.9292,198405,2019-01-22 05:00:00
95,106.12,106.71,25874294,107.04,105.34,106.2944,179029,2019-01-23 05:00:00
96,106.86,106.2,23164838,107,105.34,106.063,165275,2019-01-24 05:00:00
97,107.24,107.17,31205188,107.88,106.59,107.2114,190568,2019-01-25 05:00:00
98,106.26,105.08,29476719,106.48,104.66,105.1142,212830,2019-01-28 05:00:00
99,104.88,102.94,31490547,104.97,102.17,103.1184,211623,2019-01-29 05:00:00
100,104.62,106.38,49471866,106.38,104.33,105.2969,319791,2019-01-30 05:00:00
101,103.8,104.43,55636381,105.22,103.18,104.3492,326614,2019-01-31 05:00:00
102,103.775,102.78,35535690,104.0999,102.35,103.1187,214452,2019-02-01 05:00:00
103,102.87,105.74,31315282,105.8,102.77,105.1362,193659,2019-02-04 05:00:00
104,106.06,107.22,27325365,107.27,105.96,106.8994,167997,2019-02-05 05:00:00
105,107,106.03,20609759,107,105.53,106.0969,145728,2019-02-06 05:00:00
106,105.185,105.27,29760697,105.59,104.29,105.0665,196221,2019-02-07 05:00:00
107,104.39,105.67,21461093,105.78,104.2603,105.1134,136049,2019-02-08 05:00:00
108,106.2,105.25,18914123,106.58,104.965,105.476,132578,2019-02-11 05:00:00
109,106.14,106.89,25056595,107.14,105.48,106.7046,159333,2019-02-12 05:00:00
110,107.5,106.81,18394869,107.78,106.71,107.1006,124894,2019-02-13 05:00:00
111,106.31,106.9,21784703,107.29,105.66,106.672,142117,2019-02-14 05:00:00
112,107.91,108.22,26606886,108.3,107.3624,107.9242,155667,2019-02-15 05:00:00
113,107.79,108.17,18038460,108.66,107.78,108.2393,120031,2019-02-19 05:00:00
114,107.86,107.15,21554671,107.94,106.29,107.1461,143107,2019-02-20 05:00:00
115,106.9,109.41,29063231,109.48,106.87,108.668,199035,2019-02-21 05:00:00
116,110.05,110.97,27763218,111.2,109.82,110.7649,182498,2019-02-22 05:00:00
117,111.76,111.59,23750599,112.18,111.26,111.7237,154668,2019-02-25 05:00:00
118,111.26,112.36,21536733,113.24,111.17,112.5053,147824,2019-02-26 05:00:00
119,111.69,112.17,21487062,112.36,110.88,111.9128,127157,2019-02-27 05:00:00
120,112.04,112.03,29083934,112.88,111.73,112.1862,136857,2019-02-28 05:00:00
121,112.89,112.53,23501169,113.02,111.665,112.4235,132338,2019-03-01 05:00:00
122,113.02,112.26,26608014,113.25,110.8,112.0564,170808,2019-03-04 05:00:00
123,112.25,111.7,19538318,112.39,111.23,111.7105,117994,2019-03-05 05:00:00
124,111.87,111.75,17686996,112.66,111.43,111.9181,129586,2019-03-06 05:00:00
125,111.4,110.39,25338954,111.55,109.865,110.5109,166523,2019-03-07 05:00:00
126,109.16,110.51,22818430,110.71,108.8,109.7913,159305,2019-03-08 05:00:00
127,110.99,112.83,26491618,112.95,110.98,112.5767,158008,2019-03-11 04:00:00
128,112.82,113.62,26132717,113.99,112.6499,113.5563,160477,2019-03-12 04:00:00
129,114.13,114.5,35513771,115,113.78,114.5093,165840,2019-03-13 04:00:00
130,114.54,114.59,30763367,115.2,114.33,114.696,141671,2019-03-14 04:00:00
131,115.34,115.91,54630661,117.25,114.59,116.0524,209495,2019-03-15 04:00:00
132,116.17,117.57,31207596,117.61,116.05,117.1326,163246,2019-03-18 04:00:00
133,118.09,117.65,37588697,118.44,116.99,117.6494,190255,2019-03-19 04:00:00
134,117.39,117.52,28113343,118.75,116.71,117.5995,178016,2019-03-20 04:00:00
135,117.135,120.22,29854446,120.82,117.09,119.2963,177073,2019-03-21 04:00:00
136,119.5,117.05,33599528,119.59,117.04,117.9472,216928,2019-03-22 04:00:00
137,116.56,117.66,27067117,118.01,116.3224,117.397,191853,2019-03-25 04:00:00
138,118.62,117.91,26097665,118.705,116.85,117.7242,187012,2019-03-26 04:00:00
139,117.875,116.77,22733427,118.21,115.5215,116.7193,165643,2019-03-27 04:00:00
140,117.44,116.93,18334755,117.58,116.13,116.8532,133564,2019-03-28 04:00:00
141,118.07,117.94,25399752,118.32,116.96,117.7111,135651,2019-03-29 04:00:00
142,118.95,119.02,22789103,119.1085,118.1,118.8377,139648,2019-04-01 04:00:00
143,119.06,119.19,18142297,119.48,118.52,119.1019,113157,2019-04-02 04:00:00
144,119.86,119.97,22860744,120.43,119.15,119.8401,145346,2019-04-03 04:00:00
145,120.1,119.36,20112848,120.23,118.38,119.2273,144204,2019-04-04 04:00:00
146,119.39,119.89,15826245,120.23,119.37,119.8557,103321,2019-04-05 04:00:00
147,119.81,119.93,15116186,120.02,118.64,119.6461,104368,2019-04-08 04:00:00
148,118.63,119.28,17611981,119.54,118.58,119.1812,119225,2019-04-09 04:00:00
149,119.76,120.19,16477169,120.35,119.54,120.0469,111589,2019-04-10 04:00:00
150,120.54,120.33,14209121,120.85,119.92,120.2332,112621,2019-04-11 04:00:00
151,120.64,120.95,19745143,120.98,120.37,120.7266,124455,2019-04-12 04:00:00
152,120.94,121.05,15792572,121.58,120.57,121.0318,112378,2019-04-15 04:00:00
153,121.64,120.77,14071787,121.65,120.1,120.9975,111986,2019-04-16 04:00:00
154,121.24,121.77,19300938,121.85,120.54,121.3243,137781,2019-04-17 04:00:00
155,122.19,123.37,27990998,123.52,121.3018,122.6744,162839,2019-04-18 04:00:00
156,122.62,123.76,15648724,124,122.57,123.5817,109054,2019-04-22 04:00:00
157,124.1,125.44,24025521,125.58,123.83,124.9316,167915,2019-04-23 04:00:00
158,125.79,125.01,31256980,125.85,124.52,125.5092,198513,2019-04-24 04:00:00
159,130.06,129.15,37873892,131.37,128.83,129.7507,261735,2019-04-25 04:00:00
160,129.7,129.89,23654933,130.5152,129.02,129.6867,159772,2019-04-26 04:00:00
161,129.9,129.77,16324183,130.18,129.35,129.798,118151,2019-04-29 04:00:00
162,129.81,130.6,24166503,130.7,129.3947,130.2384,157407,2019-04-30 04:00:00
163,130.53,127.88,26821692,130.65,127.7,129.1234,176193,2019-05-01 04:00:00
164,127.98,126.21,27350161,128,125.52,126.5615,215743,2019-05-02 04:00:00
165,127.36,128.9,24911126,129.43,127.25,128.5622,161462,2019-05-03 04:00:00
166,126.39,128.15,24239464,128.56,126.11,127.7852,186210,2019-05-06 04:00:00
167,126.46,125.52,36017661,127.18,124.22,125.4257,282978,2019-05-07 04:00:00
168,125.44,125.51,28407996,126.37,124.75,125.6306,194208,2019-05-08 04:00:00
169,124.29,125.5,27197435,125.79,123.57,124.7066,211709,2019-05-09 04:00:00
170,124.91,127.13,30915084,127.93,123.82,125.9464,245852,2019-05-10 04:00:00
171,124.11,123.35,33944923,125.55,123.04,123.8184,286571,2019-05-13 04:00:00
172,123.87,124.73,25266315,125.88,123.7,124.9585,191848,2019-05-14 04:00:00
173,124.26,126.02,24722708,126.71,123.7,125.6924,187850,2019-05-15 04:00:00
174,126.75,128.93,30112216,129.38,126.46,128.7412,213884,2019-05-16 04:00:00
175,128.305,128.07,25770539,130.46,127.92,128.8576,188553,2019-05-17 04:00:00
176,126.52,126.22,23706934,127.5894,125.7607,126.5523,161872,2019-05-20 04:00:00
177,127.43,126.9,15293260,127.5273,126.58,127.0378,115599,2019-05-21 04:00:00
178,126.62,127.67,15396485,128.24,126.52,127.57,118985,2019-05-22 04:00:00
179,126.2,126.18,23603810,126.29,124.74,125.6866,187282,2019-05-23 04:00:00
180,126.91,126.24,14123358,127.415,125.97,126.5694,115085,2019-05-24 04:00:00
181,126.98,126.16,23128359,128,126.05,126.806,144831,2019-05-28 04:00:00
182,125.38,124.94,22643140,125.39,124.04,124.8637,172866,2019-05-29 04:00:00
183,125.26,125.73,16829613,125.76,124.78,125.3101,134268,2019-05-30 04:00:00
184,124.23,123.68,26646769,124.615,123.32,123.7612,176192,2019-05-31 04:00:00
185,123.85,119.84,37983637,124.37,119.01,120.9505,315885,2019-06-03 04:00:00
186,121.28,123.16,29382642,123.28,120.6522,122.2941,223842,2019-06-04 04:00:00
187,124.95,125.83,24926140,125.87,124.21,125.2254,185851,2019-06-05 04:00:00
188,126.44,127.82,21458961,127.97,125.6,126.8944,152967,2019-06-06 04:00:00
189,129.19,131.4,33885588,132.25,128.26,131.2595,240618,2019-06-07 04:00:00
190,132.4,132.6,26477098,134.08,132,133.0596,203418,2019-06-10 04:00:00
191,133.88,132.1,23913731,134.24,131.2757,132.2526,163000,2019-06-11 04:00:00
192,131.4,131.49,17092464,131.97,130.71,131.2391,136839,2019-06-12 04:00:00
193,131.98,132.32,17200848,132.67,131.56,132.0988,130109,2019-06-13 04:00:00
194,132.26,132.45,17821703,133.79,131.64,132.5202,125537,2019-06-14 04:00:00
195,132.63,132.85,14508185,133.73,132.53,132.9894,106458,2019-06-17 04:00:00
196,134.19,135.16,25934458,135.24,133.57,134.8074,209168,2019-06-18 04:00:00
197,135,135.69,23744441,135.93,133.81,135.0506,165317,2019-06-19 04:00:00
198,137.45,136.95,33042587,137.66,135.72,136.7466,200157,2019-06-20 04:00:00
199,136.58,136.97,36727892,137.73,136.46,136.998,175878,2019-06-21 04:00:00
200,137,137.78,20628841,138.4,137,137.8217,135770,2019-06-24 04:00:00
201,137.25,133.43,33327420,137.59,132.73,134.3793,261084,2019-06-25 04:00:00
202,134.35,133.93,23657745,135.74,133.6,134.5203,165662,2019-06-26 04:00:00
203,134.14,134.15,16557482,134.71,133.51,134.1368,127576,2019-06-27 04:00:00
204,134.57,133.96,30042969,134.6,133.1558,133.8043,142931,2019-06-28 04:00:00
205,136.63,135.68,22654160,136.7,134.97,135.7229,172751,2019-07-01 04:00:00
206,136.12,136.58,15237843,136.59,135.34,136.0982,140664,2019-07-02 04:00:00
207,136.8,137.46,13629296,137.74,136.295,137.1935,100839,2019-07-03 04:00:00
208,135.94,137.06,18141140,137.33,135.72,136.5848,138765,2019-07-05 04:00:00
209,136.4,136.96,16779748,137.1,135.3701,136.4119,127681,2019-07-08 04:00:00
210,136,136.46,19953097,136.97,135.8,136.4474,139628,2019-07-09 04:00:00
211,137.13,137.85,24204362,138.58,137.02,137.7554,155042,2019-07-10 04:00:00
212,138.2,138.4,22308942,139.22,137.87,138.4793,165859,2019-07-11 04:00:00
213,138.85,138.9,18936832,139.13,138.0099,138.7638,134851,2019-07-12 04:00:00
214,139.44,138.9,16651457,139.54,138.46,138.8712,127543,2019-07-15 04:00:00
215,138.96,137.08,22726128,139.05,136.52,137.3667,172111,2019-07-16 04:00:00
216,137.7,136.27,20210956,137.93,136.22,137.0052,146048,2019-07-17 04:00:00
217,135.55,136.42,30773707,136.62,134.67,136.0649,232582,2019-07-18 04:00:00
218,140.22,136.62,48992364,140.67,136.45,138.2755,338252,2019-07-19 04:00:00
219,137.41,138.43,25080760,139.19,137.33,138.4063,170373,2019-07-22 04:00:00
220,139.76,139.29,18034589,139.99,138.03,138.87,134742,2019-07-23 04:00:00
221,138.9,140.72,20738275,140.74,138.85,140.0648,137831,2019-07-24 04:00:00
222,140.43,140.19,18356883,140.61,139.3215,140.1015,146680,2019-07-25 04:00:00
223,140.37,141.34,19037600,141.675,140.3,141.1647,122525,2019-07-26 04:00:00
224,141.5,141.03,16605870,141.51,139.3663,140.6772,123133,2019-07-29 04:00:00
225,140.14,140.35,16846528,141.2199,139.8005,140.556,114240,2019-07-30 04:00:00
226,140.33,136.27,38598786,140.49,135.08,137.7819,271994,2019-07-31 04:00:00
227,137,138.06,40557502,140.9383,136.93,138.9988,321336,2019-08-01 04:00:00
228,138.09,136.9,30791624,138.32,135.26,136.3743,244993,2019-08-02 04:00:00
229,133.3,132.21,42749551,133.9298,130.78,132.5302,331409,2019-08-05 04:00:00
230,133.8,134.69,32696651,135.68,133.21,134.3967,237995,2019-08-06 04:00:00
231,133.79,135.28,33414539,135.65,131.8284,134.4,240547,2019-08-07 04:00:00
232,136.6,138.89,27496508,138.99,135.93,138.0571,183288,2019-08-08 04:00:00
233,138.61,137.71,23466701,139.38,136.46,137.7565,173383,2019-08-09 04:00:00
234,137.07,135.79,20484348,137.86,135.24,136.266,144470,2019-08-12 04:00:00
235,136.05,138.6,25496593,138.8,135,138.1002,204661,2019-08-13 04:00:00
236,136.36,133.98,32527251,136.92,133.67,134.6245,228362,2019-08-14 04:00:00
237,134.39,133.68,28035416,134.58,132.25,133.5045,210629,2019-08-15 04:00:00
238,134.88,136.13,25026151,136.46,134.72,135.7616,156841,2019-08-16 04:00:00
239,137.855,138.41,24370543,138.55,136.885,138.0571,157806,2019-08-19 04:00:00
240,138.21,137.26,21158398,138.71,137.24,137.7411,129614,2019-08-20 04:00:00
241,138.55,138.79,14982314,139.4935,138,138.7846,116471,2019-08-21 04:00:00
242,138.66,137.78,18709662,139.2,136.29,137.6093,134792,2019-08-22 04:00:00
243,137.1897,133.39,38515386,138.35,132.8,134.5182,289935,2019-08-23 04:00:00
244,134.99,135.45,20325271,135.56,133.9,134.9855,147288,2019-08-26 04:00:00
245,136.39,135.74,23106835,136.72,134.66,135.8088,151482,2019-08-27 04:00:00
246,134.88,135.56,17410828,135.76,133.55,135.0154,134512,2019-08-28 04:00:00
247,137.25,138.12,20161716,138.44,136.91,137.9725,151711,2019-08-29 04:00:00
248,139.15,137.86,23946123,139.18,136.27,137.5733,149853,2019-08-30 04:00:00
249,136.61,136.04,18880773,137.2,135.7,136.2774,145241,2019-09-03 04:00:00
250,137.3,137.63,18015310,137.69,136.48,137.2819,135143,2019-09-04 04:00:00
251,139.11,140.05,26119520,140.3837,138.76,139.6884,196125,2019-09-05 04:00:00
252,140.03,139.1,20824504,140.18,138.2,139.1883,180903,2019-09-06 04:00:00
253,139.59,137.52,25773932,139.75,136.46,137.4818,253677,2019-09-09 04:00:00
254,136.8,136.08,28903378,136.8862,134.51,135.5019,256037,2019-09-10 04:00:00
255,135.91,136.12,24726117,136.27,135.09,135.7663,200395,2019-09-11 04:00:00
256,137.85,137.52,27009981,138.42,136.87,137.6626,195621,2019-09-12 04:00:00
257,137.78,137.32,23363057,138.06,136.57,137.3547,187417,2019-09-13 04:00:00
258,135.83,136.33,16731440,136.7,135.66,136.3307,160556,2019-09-16 04:00:00
259,136.96,137.39,17976285,137.52,136.425,137.0945,129192,2019-09-17 04:00:00
260,137.36,138.52,24473386,138.67,136.5299,137.8351,181394,2019-09-18 04:00:00
261,140.3,141.07,36095413,142.37,140.0736,141.2046,268324,2019-09-19 04:00:00
262,141.01,139.44,40040766,141.65,138.25,140.0924,208399,2019-09-20 04:00:00
263,139.23,139.14,16908374,139.63,138.44,139.1873,141524,2019-09-23 04:00:00
264,140.36,137.38,30016670,140.69,136.88,138.2692,254373,2019-09-24 04:00:00
265,137.5,139.36,22544054,139.958,136.03,138.2896,225044,2019-09-25 04:00:00
266,139.44,139.54,17813512,140.18,138.44,139.4029,179578,2019-09-26 04:00:00
267,140.15,137.73,22498958,140.36,136.645,138.1262,200516,2019-09-27 04:00:00
268,138.05,139.03,18430390,139.215,137.78,138.7949,133965,2019-09-30 04:00:00
269,139.66,137.07,22581929,140.25,137,138.0748,182324,2019-10-01 04:00:00
270,136.25,134.65,31949263,136.37,133.5799,134.5864,257953,2019-10-02 04:00:00
271,134.95,136.28,26379798,136.75,133.22,135.6664,218725,2019-10-03 04:00:00
272,136.75,138.12,23839548,138.25,136.42,137.6888,165035,2019-10-04 04:00:00
273,137.14,137.12,16351284,138.18,137.02,137.4363,129883,2019-10-07 04:00:00
274,137.08,135.67,26783336,137.76,135.62,136.538,228417,2019-10-08 04:00:00
275,137.46,138.24,20178482,138.7,136.97,137.9392,164217,2019-10-09 04:00:00
276,138.49,139.1,18396605,139.6699,138.25,139.0894,158395,2019-10-10 04:00:00
277,140.12,139.68,25551065,141.03,139.5,140.3575,221787,2019-10-11 04:00:00
278,139.69,139.55,13553839,140.29,139.52,139.7822,98715,2019-10-14 04:00:00
279,140.06,141.575,19917762,141.79,139.81,141.3198,142044,2019-10-15 04:00:00
280,140.79,140.41,20841687,140.99,139.53,140.1956,154233,2019-10-16 04:00:00
281,140.95,139.69,22102797,141.42,139.02,139.8303,157500,2019-10-17 04:00:00
282,139.76,137.41,32284428,140,136.56,138.0639,211080,2019-10-18 04:00:00
283,138.45,138.43,20716039,138.5,137.01,138.0017,144612,2019-10-21 04:00:00
284,138.97,136.37,27935270,140.01,136.26,137.7329,206328,2019-10-22 04:00:00
285,136.88,137.24,31380309,137.45,135.61,136.5111,238255,2019-10-23 04:00:00
286,139.39,139.94,37278399,140.42,138.67,139.7292,249592,2019-10-24 04:00:00
287,139.34,140.73,25959724,141.14,139.2,140.6483,174457,2019-10-25 04:00:00
288,144.4,144.19,35280137,145.67,143.51,144.3211,253257,2019-10-28 04:00:00
289,144.08,142.83,20589469,144.5,142.65,143.3185,163307,2019-10-29 04:00:00
290,143.52,144.61,18496591,145,142.79,143.9254,155629,2019-10-30 04:00:00
291,144.9,143.37,24605135,144.93,142.99,143.6482,163313,2019-10-31 04:00:00
292,144.26,143.72,33128366,144.42,142.965,143.3907,167398,2019-11-01 04:00:00
293,144.83,144.55,16911999,145,144.16,144.5474,129434,2019-11-04 05:00:00
294,144.97,144.46,18250172,145.02,143.905,144.5115,130222,2019-11-05 05:00:00
295,144.37,144.06,16575798,144.52,143.2,143.9237,131675,2019-11-06 05:00:00
296,143.84,144.26,17786715,144.88,143.77,144.4489,137852,2019-11-07 05:00:00
297,143.98,145.96,16752939,145.99,143.76,145.083,128107,2019-11-08 05:00:00
298,145.34,146.11,14370178,146.42,144.73,145.8329,121540,2019-11-11 05:00:00
299,146.28,147.07,18635512,147.57,146.06,147.0596,133098,2019-11-12 05:00:00
300,146.74,147.31,17444230,147.4625,146.28,147.0829,128844,2019-11-13 05:00:00
301,147.02,148.06,19755100,148.41,147,147.8604,123123,2019-11-14 05:00:00
302,148.93,149.97,23358807,149.99,148.27,149.512,145929,2019-11-15 05:00:00
303,150.07,150.34,21304762,150.55,148.98,149.9131,152356,2019-11-18 05:00:00
304,150.88,150.39,23960164,151.33,150.195,150.6202,161459,2019-11-19 05:00:00
305,150.31,149.62,25720060,150.84,148.46,149.7112,194235,2019-11-20 05:00:00
306,149.4,149.48,18001083,149.8,148.501,149.3521,122327,2019-11-21 05:00:00
307,150.07,149.59,15741680,150.3,148.82,149.4887,110983,2019-11-22 05:00:00
308,150,151.23,22178585,151.35,149.92,150.9582,118669,2019-11-25 05:00:00
309,151.36,152.03,24635100,152.42,151.32,152.0172,129195,2019-11-26 05:00:00
310,152.33,152.32,15201293,152.5,151.52,152.129,108372,2019-11-27 05:00:00
311,152.1,151.38,11977300,152.3,151.28,151.6048,74764,2019-11-29 05:00:00
312,151.81,149.55,27473616,151.83,148.32,149.6379,204733,2019-12-02 05:00:00
313,147.49,149.31,25192145,149.43,146.65,148.3682,171791,2019-12-03 05:00:00
314,150.14,149.85,17580617,150.1799,149.2,149.6983,139551,2019-12-04 05:00:00
315,150.05,149.93,17880601,150.32,149.48,149.9145,110896,2019-12-05 05:00:00
316,150.99,151.75,16410400,151.87,150.27,151.3111,123433,2019-12-06 05:00:00
317,151.07,151.36,16741350,152.21,150.91,151.5789,110782,2019-12-09 05:00:00
318,151.29,151.13,16481060,151.89,150.765,151.3255,130069,2019-12-10 05:00:00
319,151.54,151.7,18859981,151.87,150.33,151.3357,116410,2019-12-11 05:00:00
320,151.65,153.24,24645366,153.44,151.02,152.6589,184669,2019-12-12 05:00:00
321,153.0035,154.53,23850062,154.89,152.83,154.2722,178654,2019-12-13 05:00:00
322,155.11,155.53,24152770,155.9,154.82,155.4082,142210,2019-12-16 05:00:00
323,155.45,154.69,25443527,155.71,154.45,154.8939,150538,2019-12-17 05:00:00
324,154.3,154.37,24132379,155.48,154.18,154.6421,122813,2019-12-18 05:00:00
325,154,155.71,25813825,155.77,153.75,155.3067,133288,2019-12-19 05:00:00
326,157.35,157.41,53599613,158.49,156.29,157.322,161412,2019-12-20 05:00:00
327,158.12,157.41,17726283,158.12,157.27,157.509,121832,2019-12-23 05:00:00
328,157.48,157.38,8989150,157.71,157.115,157.4053,51541,2019-12-24 05:00:00
329,157.56,158.67,14526926,158.73,157.4,158.367,92058,2019-12-26 05:00:00
330,159.45,158.96,18414352,159.55,158.22,158.8597,115649,2019-12-27 05:00:00
331,158.9865,157.59,16356720,159.02,156.73,157.6742,134688,2019-12-30 05:00:00
332,156.77,157.7,18393383,157.77,156.45,157.3149,123113,2019-12-31 05:00:00
333,158.78,160.62,22634546,160.73,158.33,159.7765,175502,2020-01-02 05:00:00
334,158.32,158.62,21121681,159.945,158.06,159.179,166450,2020-01-03 05:00:00
335,157.08,159.03,20826702,159.1,156.51,158.4836,148389,2020-01-06 05:00:00
336,159.32,157.58,21881740,159.67,157.32,158.2987,167836,2020-01-07 05:00:00
337,158.93,160.09,27762026,160.8,157.9491,159.6,198630,2020-01-08 05:00:00
338,161.835,162.09,21399730,162.215,161.03,161.8187,160995,2020-01-09 05:00:00
339,162.8235,161.34,20733946,163.22,161.18,162.0945,160002,2020-01-10 05:00:00
340,161.76,163.28,21637007,163.31,161.26,162.5914,155175,2020-01-13 05:00:00
341,163.39,162.13,23500783,163.6,161.72,162.711,176572,2020-01-14 05:00:00
342,162.62,163.18,21406771,163.94,162.57,163.346,167359,2020-01-15 05:00:00
343,164.35,166.17,23865360,166.24,164.03,165.4093,169029,2020-01-16 05:00:00
344,167.42,167.1,34371659,167.4675,165.43,166.6855,201344,2020-01-17 05:00:00
345,166.68,166.5,29286191,168.19,166.43,166.9603,179782,2020-01-21 05:00:00
346,167.4,165.7,24138777,167.49,165.68,166.3296,181397,2020-01-22 05:00:00
347,166.19,166.72,19680766,166.8,165.27,166.3697,134803,2020-01-23 05:00:00
348,167.51,165.04,24918117,167.53,164.45,165.8513,198575,2020-01-24 05:00:00
349,161.15,162.28,32078067,163.375,160.2,162.3536,238977,2020-01-27 05:00:00
350,163.78,165.46,24899940,165.755,163.073,165.1146,172402,2020-01-28 05:00:00
351,167.84,168.04,35127771,168.75,165.69,168.1809,279793,2020-01-29 05:00:00
352,174.05,172.78,51593470,174.05,170.79,172.4802,408450,2020-01-30 05:00:00
353,172.21,170.23,36142690,172.4,169.58,170.6209,290137,2020-01-31 05:00:00
354,170.43,174.38,30149052,174.5,170.4,173.2983,220735,2020-02-03 05:00:00
355,177.14,180.12,36433339,180.64,176.31,178.9967,270084,2020-02-04 05:00:00
356,184.03,179.9,39186324,184.2,178.4101,180.4486,323395,2020-02-05 05:00:00
357,180.97,183.63,27671381,183.8199,180.059,182.5847,230442,2020-02-06 05:00:00
358,182.845,183.89,33511074,185.63,182.48,184.1795,245035,2020-02-07 05:00:00
359,183.58,188.7,35844267,188.84,183.25,186.9678,260619,2020-02-10 05:00:00
360,190.65,184.44,53159906,190.7,183.5,186.815,476625,2020-02-11 05:00:00
361,185.58,184.71,47062921,185.85,181.85,183.8736,378189,2020-02-12 05:00:00
362,183.08,183.71,35295834,186.23,182.872,184.3966,292075,2020-02-13 05:00:00
363,183.25,185.35,23149516,185.41,182.65,184.4383,181074,2020-02-14 05:00:00
364,185.605,187.23,27853098,187.7,185.5,186.8286,235448,2020-02-18 05:00:00
365,188.06,187.28,29979871,188.18,186.47,187.3321,192918,2020-02-19 05:00:00
366,186.95,184.42,36862376,187.25,181.1,184.2513,309644,2020-02-20 05:00:00
367,183.17,178.59,48600385,183.5,177.25,179.4969,409067,2020-02-21 05:00:00
368,167.77,170.89,68311066,174.55,163.23,171.4975,621686,2020-02-24 05:00:00
369,174.2,168.07,68060395,174.84,167.6462,170.3379,581400,2020-02-25 05:00:00
370,169.71,170.17,56387016,173.26,168.21,170.6653,490428,2020-02-26 05:00:00
371,163.32,158.18,93174906,167.03,157.98,162.9986,866603,2020-02-27 05:00:00
372,152.41,162.01,97073557,163.71,152,158.4436,844896,2020-02-28 05:00:00
373,165.31,172.79,71030810,172.92,162.31,167.7688,599577,2020-03-02 05:00:00
374,173.8,164.51,71677019,175,162.26,167.7047,646145,2020-03-03 05:00:00
375,168.485,170.55,49789383,170.7,165.62,168.4006,401790,2020-03-04 05:00:00
376,166.045,166.27,47817251,170.87,165.69,167.2764,416251,2020-03-05 05:00:00
377,162.61,161.57,72821057,163.11,156,160.15,682138,2020-03-06 05:00:00
378,151,150.62,70419274,157.75,150,153.6008,635297,2020-03-09 04:00:00
379,158.16,160.92,65354385,161.03,152.58,157.2977,549194,2020-03-10 04:00:00
380,157.13,153.63,56504304,157.7,151.15,154.3216,502055,2020-03-11 04:00:00
381,145.3,139.06,93226366,153.47,138.58,143.6615,822935,2020-03-12 04:00:00
382,147.5,158.83,92727446,161.91,140.73,148.4942,824550,2020-03-13 04:00:00
383,140,135.42,87905868,149.35,135,141.4669,826770,2020-03-16 04:00:00
384,140,146.57,81059817,147.4998,135,143.1736,736489,2020-03-17 04:00:00
385,138,140.4,81523673,146,135.02,139.9698,755214,2020-03-18 04:00:00
386,142.77,142.71,85922661,150.15,139,144.9034,709133,2020-03-19 04:00:00
387,146,137.35,84855815,147.1,135.86,142.1316,711971,2020-03-20 04:00:00
388,137.01,135.98,78975176,140.57,132.52,136.3775,699898,2020-03-23 04:00:00
389,143.75,148.34,82516727,149.6,141.27,145.8862,690409,2020-03-24 04:00:00
390,148.91,146.92,75638224,154.33,144.44,149.3688,695838,2020-03-25 04:00:00
391,148.4,156.11,64694427,156.66,148.37,153.522,530888,2020-03-26 04:00:00
392,151.75,149.7,57042291,154.89,149.2,151.4188,483417,2020-03-27 04:00:00
393,152.44,160.23,63420326,160.6,150.01,158.3951,583392,2020-03-30 04:00:00
394,159.4,157.71,77927186,164.78,156.56,160.0192,663805,2020-03-31 04:00:00
395,153,152.11,57969926,157.75,150.82,153.7717,531817,2020-04-01 04:00:00
396,151.86,155.26,49630735,155.48,150.36,153.4202,434963,2020-04-02 04:00:00
397,155.1,153.83,41243284,157.38,152.19,154.4691,370332,2020-04-03 04:00:00
398,160.32,165.27,67111697,166.5,157.58,162.4059,485897,2020-04-06 04:00:00
399,169.585,163.49,62769038,170,163.26,166.0004,559569,2020-04-07 04:00:00
400,165.67,165.13,48318234,166.67,163.5,165.0244,411368,2020-04-08 04:00:00
401,166.36,165.14,51431775,167.37,163.33,164.9623,456124,2020-04-09 04:00:00
402,164.35,165.51,41905264,165.57,162.3,163.7979,336332,2020-04-13 04:00:00
403,169,173.7,52874338,173.75,168,171.866,431909,2020-04-14 04:00:00
404,171.2,171.88,40940833,173.57,169.24,171.8549,341685,2020-04-15 04:00:00
405,174.3,177.04,50479610,177.28,172.9,175.3928,404056,2020-04-16 04:00:00
406,179.5,178.6,52765625,180,175.87,177.9109,419339,2020-04-17 04:00:00
407,176.63,175.06,36669595,178.75,174.99,176.8374,307960,2020-04-20 04:00:00
408,173.5,167.82,56203749,173.6699,166.1102,169.0585,531390,2020-04-21 04:00:00
409,171.39,173.52,34651504,174,170.82,172.6061,266612,2020-04-22 04:00:00
410,174.11,171.42,32786684,175.06,170.91,172.941,287762,2020-04-23 04:00:00
411,172.06,174.55,34305320,174.56,170.71,172.9351,263911,2020-04-24 04:00:00
412,176.59,174.05,33194384,176.9,173.3,174.7931,303519,2020-04-27 04:00:00
413,175.59,169.81,34392694,175.67,169.39,171.6142,337983,2020-04-28 04:00:00
414,173.22,177.43,51286559,177.68,171.88,176.4028,433870,2020-04-29 04:00:00
415,180,179.21,53875857,180.4,176.23,178.6392,421047,2020-04-30 04:00:00
416,175.8,174.57,39370474,178.64,174.01,175.8458,326900,2020-05-01 04:00:00
417,174.49,178.84,30372862,179,173.8,177.313,259170,2020-05-04 04:00:00
418,180.62,180.76,36839168,183.65,179.9,181.7395,331178,2020-05-05 04:00:00
419,182.08,182.54,32139299,184.2,181.6306,183.1263,266730,2020-05-06 04:00:00
420,184.17,183.6,28294992,184.55,182.58,183.6486,239375,2020-05-07 04:00:00
421,184.9797,184.68,30912638,185,183.36,184.3557,235795,2020-05-08 04:00:00
422,183.15,186.74,30892660,187.51,182.85,185.7864,246566,2020-05-11 04:00:00
423,186.8,182.51,32038199,187.04,182.3,184.8976,273677,2020-05-12 04:00:00
424,182.55,179.75,44711488,184.05,176.54,179.9475,415440,2020-05-13 04:00:00
425,177.54,180.53,41870711,180.69,175.68,178.1964,336425,2020-05-14 04:00:00
426,179.06,183.16,46580982,187.06,177,180.7786,318622,2020-05-15 04:00:00
427,185.75,184.91,35306620,186.2,183.96,185.1707,284836,2020-05-18 04:00:00
428,185.03,183.63,26799116,186.6,183.49,185.2588,231088,2020-05-19 04:00:00
429,184.81,185.66,31261334,185.85,183.94,185.0199,241123,2020-05-20 04:00:00
430,185.4,183.43,29119513,186.67,183.29,184.564,246134,2020-05-21 04:00:00
431,183.19,183.51,20826898,184.46,182.54,183.374,192274,2020-05-22 04:00:00
432,186.34,181.57,36073609,186.5,181.1,183.0024,331207,2020-05-26 04:00:00
433,180.2,181.81,39517146,181.9877,176.6,179.4341,398879,2020-05-27 04:00:00
434,180.74,181.4,33820124,184.1474,180.38,182.1246,280191,2020-05-28 04:00:00
435,182.73,183.25,42146720,184.27,180.41,182.6736,294858,2020-05-29 04:00:00
436,182.54,182.83,22668821,183,181.46,182.3988,212797,2020-06-01 04:00:00
437,184.25,184.91,30794585,185,181.35,183.4267,244794,2020-06-02 04:00:00
438,184.815,185.36,27281016,185.94,183.58,184.6862,241309,2020-06-03 04:00:00
439,184.3,182.92,28742809,185.84,182.3,183.6869,251522,2020-06-04 04:00:00
440,182.62,187.2,39893643,187.73,182.01,185.9204,339318,2020-06-05 04:00:00
441,185.94,188.36,33211590,188.55,184.44,186.7424,270231,2020-06-08 04:00:00
442,188,189.8,29783916,190.7,187.2605,189.3095,258152,2020-06-09 04:00:00
443,191.125,196.84,43872329,198.52,191.01,195.3133,389026,2020-06-10 04:00:00
444,193.13,186.27,52854672,195.76,186.07,190.1712,510975,2020-06-11 04:00:00
445,190.54,187.74,43373587,191.72,185.18,188.3666,404362,2020-06-12 04:00:00
446,184.58,188.94,32738189,190.82,184.01,188.1047,295619,2020-06-15 04:00:00
447,192.89,193.57,42556656,195.58,191.46,193.4845,364139,2020-06-16 04:00:00
448,195.03,194.24,25687822,196.32,193.69,194.9653,222702,2020-06-17 04:00:00
449,194,196.32,23061648,196.49,194,195.6077,202978,2020-06-18 04:00:00
450,198.59,195.15,44441141,199.29,194.37,196.8801,318972,2020-06-19 04:00:00
451,195.79,200.57,32818929,200.76,195.2301,199.0119,281599,2020-06-22 04:00:00
452,202.09,201.91,30917447,203.95,201.425,202.595,286560,2020-06-23 04:00:00
453,201.6043,197.84,36740647,203.25,196.56,198.6688,382854,2020-06-24 04:00:00
454,197.8,200.34,27803933,200.61,195.4675,198.4563,266466,2020-06-25 04:00:00
455,199.73,196.33,54675780,199.89,194.88,196.9368,410681,2020-06-26 04:00:00
456,195.78,198.44,26701586,198.53,193.55,196.8609,273302,2020-06-29 04:00:00
457,197.8816,203.51,34306533,204.4,197.74,202.0308,268144,2020-06-30 04:00:00
458,203.14,204.7,32040206,206.35,201.77,204.5761,294019,2020-07-01 04:00:00
459,205.68,206.26,29315762,208.02,205,206.9513,272179,2020-07-02 04:00:00
460,208.8335,210.7,31897629,211.13,208.09,210.1369,310507,2020-07-06 04:00:00
461,210.45,208.25,33600708,214.67,207.99,211.293,335829,2020-07-07 04:00:00
462,210.07,212.83,33600025,213.26,208.69,211.5195,308100,2020-07-08 04:00:00
463,216.33,214.32,33113681,216.38,211.47,213.9775,361610,2020-07-09 04:00:00
464,213.62,213.67,26177633,214.08,211.08,212.8786,298001,2020-07-10 04:00:00
465,214.48,207.07,38135606,215.8,206.5,211.8741,448029,2020-07-13 04:00:00
466,206.13,208.35,37591820,208.85,202.03,206.1675,449500,2020-07-14 04:00:00
467,209.56,208.04,32131409,211.33,205.03,208.1239,374067,2020-07-15 04:00:00
468,205.4,203.92,29940653,205.7,202.31,203.9402,365924,2020-07-16 04:00:00
469,204.47,202.88,31551081,205.04,201.39,202.8588,314747,2020-07-17 04:00:00
470,205,211.6,36884836,212.3,203.01,208.6524,373542,2020-07-20 04:00:00
471,213.66,208.75,38075777,213.94,208.03,210.3773,384563,2020-07-21 04:00:00
472,209.2,211.75,49571192,212.3,208.39,210.0052,471004,2020-07-22 04:00:00
473,207.19,202.54,67457035,210.92,202.15,205.6419,740552,2020-07-23 04:00:00
474,200.42,201.3,39826989,202.86,197.51,200.9493,462874,2020-07-24 04:00:00
475,201.47,203.85,30160867,203.97,200.86,202.7479,312268,2020-07-27 04:00:00
476,203.61,202.02,23251388,204.7,201.74,203.0783,229471,2020-07-28 04:00:00
477,202.5,204.06,19532602,204.65,202.01,203.723,210832,2020-07-29 04:00:00
478,201,203.9,25079596,204.46,199.57,202.2838,289992,2020-07-30 04:00:00
479,204.4,205.01,51247969,205.1,199.01,202.441,490475,2020-07-31 04:00:00
480,211.52,216.54,78903009,217.64,210.44,214.4825,758497,2020-08-03 04:00:00
481,214.17,213.29,48644158,214.77,210.31,212.4496,473784,2020-08-04 04:00:00
482,214.9,212.94,28858621,215,211.57,213.105,301620,2020-08-05 04:00:00
483,212.34,216.35,32656843,216.3705,211.55,214.3912,315041,2020-08-06 04:00:00
484,214.85,212.48,27820421,215.7,210.93,213.0286,297381,2020-08-07 04:00:00
485,211.67,208.25,36704662,211.88,206.35,208.1038,387996,2020-08-10 04:00:00
486,207.155,203.38,36446459,207.65,203.14,205.3726,371722,2020-08-11 04:00:00
487,205.29,209.19,28041364,210.28,204.75,208.6064,298979,2020-08-12 04:00:00
488,209.44,208.7,22588870,211.35,208.15,209.7497,246464,2020-08-13 04:00:00
489,208.76,208.9,17930136,209.59,207.51,208.5552,185585,2020-08-14 04:00:00
490,209.6,210.28,20160757,211.1874,208.915,210.1064,187308,2020-08-17 04:00:00
491,210.53,211.49,21336167,212.36,209.21,211.0094,212557,2020-08-18 04:00:00
492,211.49,209.7,27627561,212.1,209.25,210.6102,229719,2020-08-19 04:00:00
493,209.54,214.58,26981478,215,208.91,213.0658,259097,2020-08-20 04:00:00
494,213.86,213.02,36249319,216.25,212.85,213.9434,282195,2020-08-21 04:00:00
495,214.79,213.69,25460147,215.52,212.43,213.7727,266339,2020-08-24 04:00:00
496,213.1,216.47,23043696,216.61,213.1,215.5607,231161,2020-08-25 04:00:00
497,217.88,221.15,39574983,222.09,217.36,220.2102,333742,2020-08-26 04:00:00
498,222.89,226.58,57602195,231.15,219.4,227.252,576400,2020-08-27 04:00:00
499,228.18,228.91,26292896,230.644,226.58,228.7277,298618,2020-08-28 04:00:00
500,227,225.53,28711156,228.7,224.31,226.0691,343597,2020-08-31 04:00:00
501,225.51,227.27,25791235,227.45,224.43,226.2117,290340,2020-09-01 04:00:00
502,227.97,231.65,34032089,232.86,227.35,230.7741,369393,2020-09-02 04:00:00
503,229.27,217.3,58386688,229.31,214.9602,219.6205,697774,2020-09-03 04:00:00
504,215.1,214.25,59264072,218.3599,205.19,212.3298,774406,2020-09-04 04:00:00
505,206.5,202.66,52774330,210.03,202.2,205.6027,641476,2020-09-08 04:00:00
506,207.6,211.29,45672786,214.8399,206.7,211.1946,487132,2020-09-09 04:00:00
507,213.4,205.37,35427164,214.74,204.11,208.58,408302,2020-09-10 04:00:00
508,207.2,204.03,33617623,208.63,201.24,204.5595,374774,2020-09-11 04:00:00
509,204.24,205.41,30375713,209.2,204.03,206.4337,324458,2020-09-14 04:00:00
510,208.42,208.78,21820942,209.78,206.93,208.5111,251529,2020-09-15 04:00:00
511,210.62,205.05,26371864,210.65,204.64,207.0659,289737,2020-09-16 04:00:00
512,200.05,202.91,34005257,204.33,199.96,202.1004,396439,2020-09-17 04:00:00
513,202.8,200.39,55225326,203.65,196.25,200.3407,465276,2020-09-18 04:00:00
514,197.19,202.54,39839657,202.71,196.38,199.4993,448842,2020-09-21 04:00:00
515,205.06,207.42,33517065,208.1,202.075,205.4506,335185,2020-09-22 04:00:00
516,207.9,200.59,30803780,208.1,200.03,203.1063,309915,2020-09-23 04:00:00
517,199.85,203.19,31202493,205.57,199.2,203.3038,312989,2020-09-24 04:00:00
518,203.55,207.82,29437312,209.04,202.54,206.5234,291003,2020-09-25 04:00:00
519,210.88,209.44,32004936,212.57,208.06,209.6154,296010,2020-09-28 04:00:00
520,209.35,207.26,24464472,210.07,206.81,208.0942,236988,2020-09-29 04:00:00
521,207.73,210.33,33829088,211.98,206.54,210.0916,284380,2020-09-30 04:00:00
522,213.49,212.46,27142418,213.99,211.32,212.5139,246304,2020-10-01 04:00:00
523,208,206.19,33134781,210.99,205.54,207.7122,363723,2020-10-02 04:00:00
524,207.22,210.38,21331561,210.41,206.98,209.2233,204818,2020-10-05 04:00:00
525,208.82,205.91,28554261,210.18,204.82,207.4603,302635,2020-10-06 04:00:00
526,207.06,209.83,25681054,210.11,206.72,208.8982,228591,2020-10-07 04:00:00
527,210.51,210.58,19925837,211.19,208.32,210.1118,202388,2020-10-08 04:00:00
528,211.23,215.81,26458047,215.86,211.23,214.3997,270136,2020-10-09 04:00:00
529,218.79,221.4,40456493,223.86,216.81,221.1056,391647,2020-10-12 04:00:00
530,222.72,222.86,28950843,225.21,220.43,223.1048,293244,2020-10-13 04:00:00
531,223,220.86,23451713,224.22,219.13,221.41,244243,2020-10-14 04:00:00
532,217.1,219.66,22733064,220.36,216.01,218.5767,226540,2020-10-15 04:00:00
533,220.15,219.66,25882732,222.29,219.32,220.4622,222213,2020-10-16 04:00:00
534,220.415,214.22,27625841,222.3,213.72,216.7103,283539,2020-10-19 04:00:00
535,215.8,214.65,22753511,217.37,213.0901,215.3232,245349,2020-10-20 04:00:00
536,213.12,214.8,22699906,216.92,213.12,215.1687,230446,2020-10-21 04:00:00
537,213.93,214.89,22351450,216.055,211.7,214.1883,218137,2020-10-22 04:00:00
538,215.03,216.23,18772608,216.28,213.16,215.2053,188454,2020-10-23 04:00:00
539,213.85,210.08,37111561,216.3399,208.1,210.9515,405587,2020-10-26 04:00:00
540,211.59,213.25,36685925,214.67,210.329,212.9825,359568,2020-10-27 04:00:00
541,207.67,202.68,51178393,208.84,202.1,204.9126,613378,2020-10-28 04:00:00
542,204.07,204.72,31372563,207.36,203.37,205.1144,350614,2020-10-29 04:00:00
543,203.5,202.47,36968111,204.29,199.62,201.4772,467253,2020-10-30 04:00:00
544,204.29,202.33,30842163,205.28,200.12,202.3706,339681,2020-11-02 05:00:00
545,203.89,206.43,27511636,208.12,203.12,206.487,277385,2020-11-03 05:00:00
546,214.02,216.39,42299777,218.32,212.4185,216.1049,460852,2020-11-04 05:00:00
547,222.04,223.29,36080137,224.12,221.15,222.9468,362014,2020-11-05 05:00:00
548,222.26,223.72,25231895,224.36,218.03,222.2102,264715,2020-11-06 05:00:00
549,224.435,218.39,44347950,228.12,217.88,222.4811,465495,2020-11-09 05:00:00
550,214.5,211.01,44022470,216.5,209.72,211.8445,504391,2020-11-10 05:00:00
551,212.39,216.55,29440788,218.04,212.2,215.6128,270700,2020-11-11 05:00:00
552,217.21,215.44,21616115,219.11,214.46,216.5288,245295,2020-11-12 05:00:00
553,216.36,216.51,18630307,217.42,214.16,216.001,191297,2020-11-13 05:00:00
554,214.87,217.23,24953344,217.74,214.52,216.489,234034,2020-11-16 05:00:00
555,216.1,214.46,24154112,217.68,214.08,215.3621,233158,2020-11-17 05:00:00
556,213.65,211.08,28372789,215.17,210.93,212.4425,273276,2020-11-18 05:00:00
557,211.38,212.42,24792746,213.03,209.93,211.7601,230817,2020-11-19 05:00:00
558,212.2,210.39,22843119,213.285,210,211.636,214089,2020-11-20 05:00:00
559,210.95,210.11,25683507,212.29,208.16,209.9553,260026,2020-11-23 05:00:00
560,209.59,213.86,33979731,214.25,208.86,211.9157,294859,2020-11-24 05:00:00
561,215.11,213.87,20938887,215.29,212.46,213.8127,228100,2020-11-25 05:00:00
562,214.85,215.23,14512213,216.27,214.04,215.2732,140034,2020-11-27 05:00:00
563,214.1,214.07,33064753,214.76,210.835,213.0843,303757,2020-11-30 05:00:00
564,214.51,216.21,30931318,217.32,213.35,215.3713,289366,2020-12-01 05:00:00
565,214.88,215.37,23724509,215.47,212.8,214.52,222825,2020-12-02 05:00:00
566,214.61,214.24,25120922,216.3757,213.65,214.6474,227067,2020-12-03 05:00:00
567,214.22,214.36,24144649,215.38,213.18,214.1772,218372,2020-12-04 05:00:00
568,214.37,214.29,24496997,215.54,212.99,214.0972,217373,2020-12-07 05:00:00
569,213.97,216.01,23284094,216.95,212.89,215.4765,230118,2020-12-08 05:00:00
570,215.16,211.8,32282603,215.225,211.214,212.9181,319612,2020-12-09 05:00:00
571,211.77,210.52,26467017,213.08,210.36,211.332,253160,2020-12-10 05:00:00
572,210.05,213.26,30786640,213.32,209.11,211.7619,259253,2020-12-11 05:00:00
573,213.1,214.2,28794179,216.21,212.88,214.6585,274315,2020-12-14 05:00:00
574,215.165,214.13,27018106,215.42,212.24,213.6235,228727,2020-12-15 05:00:00
575,214.75,219.28,35021923,220.11,214.72,218.4502,303982,2020-12-16 05:00:00
576,219.87,219.42,32442784,220.89,217.92,219.1113,250328,2020-12-17 05:00:00
577,218.59,218.59,63354922,219.69,216.02,218.2968,292060,2020-12-18 05:00:00
578,217.55,222.59,37181886,224,217.2801,221.1861,331598,2020-12-21 05:00:00
579,222.69,223.94,22643397,225.63,221.85,223.9544,240475,2020-12-22 05:00:00
580,223.11,221.02,18699638,223.5589,220.8,222.2573,188293,2020-12-23 05:00:00
581,221.42,222.75,10550572,223.61,221.2,222.4604,120864,2020-12-24 05:00:00
582,224.45,224.96,17933496,226.03,223.02,224.9729,205180,2020-12-28 05:00:00
583,226.31,224.15,17402513,227.18,223.58,224.9706,200622,2020-12-29 05:00:00
584,225.23,221.68,20272337,225.63,221.47,222.4642,203626,2020-12-30 05:00:00
585,221.7,222.42,20692132,223,219.68,221.503,181623,2020-12-31 05:00:00
586,222.53,217.69,37130139,223,214.81,217.817,390920,2021-01-04 05:00:00
587,217.26,217.9,23808703,218.52,215.7,217.4062,257709,2021-01-05 05:00:00
588,212.17,212.25,35930653,216.4899,211.94,213.8241,421013,2021-01-06 05:00:00
589,214.04,218.29,27694480,219.34,213.71,217.6921,268911,2021-01-07 05:00:00
590,218.68,219.62,22956136,220.58,217.0261,219.0003,255786,2021-01-08 05:00:00
591,218.47,217.49,23047029,218.91,216.73,217.7663,226361,2021-01-11 05:00:00
592,216.5,214.93,23249336,217.1,213.3202,215.0353,269901,2021-01-12 05:00:00
593,214.02,216.34,20087080,216.76,213.9266,215.7136,215173,2021-01-13 05:00:00
594,215.91,213.02,28846837,217.46,212.74,214.2465,295723,2021-01-14 05:00:00
595,213.52,212.65,31730012,214.51,212.03,213.257,268490,2021-01-15 05:00:00
596,213.75,216.44,30480859,216.98,212.63,215.3548,277437,2021-01-19 05:00:00
597,217.7,224.34,37777260,225.79,217.2908,223.5157,396266,2021-01-20 05:00:00
598,224.7,224.97,30746353,226.3,222.42,224.8931,298735,2021-01-21 05:00:00
599,227.08,225.95,30172663,230.07,225.8,227.8147,311529,2021-01-22 05:00:00
600,229.12,229.53,33152095,229.78,224.22,227.9923,396893,2021-01-25 05:00:00
601,231.86,232.33,49167001,234.18,230.08,234.1045,507659,2021-01-26 05:00:00
602,238,232.9,69789638,240.44,230.14,235.2498,793734,2021-01-27 05:00:00
603,235.61,238.93,49111159,242.64,235.09,239.3331,534419,2021-01-28 05:00:00
604,235.99,231.96,42503138,238.02,231.35,233.9235,526270,2021-01-29 05:00:00
605,235.06,239.65,33314193,242.5,232.43,238.7587,401530,2021-02-01 05:00:00
606,241.3,239.51,25916337,242.31,238.69,240.2685,299116,2021-02-02 05:00:00
607,239.57,243,27033104,245.09,239.26,242.769,289327,2021-02-03 05:00:00
608,242.66,242.01,25196100,243.2399,240.37,241.4567,269882,2021-02-04 05:00:00
609,242.23,242.2,18054752,243.28,240.42,241.7288,218266,2021-02-05 05:00:00
610,243.15,242.47,22211929,243.68,240.81,242.1367,219524,2021-02-08 05:00:00
611,241.87,243.77,23564953,244.76,241.38,243.3312,210433,2021-02-09 05:00:00
612,245,242.82,22186706,245.92,240.89,242.7461,262693,2021-02-10 05:00:00
613,244.78,244.49,15741059,245.15,242.15,243.6826,187496,2021-02-11 05:00:00
614,243.9332,244.99,16561079,245.3,242.73,244.1618,176508,2021-02-12 05:00:00
615,245.03,243.7,26578487,246.13,242.92,243.9244,242308,2021-02-16 05:00:00
616,241.32,244.2,20685609,244.31,240.94,242.6323,190806,2021-02-17 05:00:00
617,241.8,243.79,16925563,243.93,240.86,242.5452,191731,2021-02-18 05:00:00
618,243.75,240.97,25262600,243.86,240.18,241.5301,256308,2021-02-19 05:00:00
619,237.42,234.51,36310936,237.93,232.4,234.7145,395982,2021-02-22 05:00:00
620,230.325,233.27,30228704,234.83,228.73,232.0664,429053,2021-02-23 05:00:00
621,230.01,234.55,26339746,235.2,229,232.5896,303223,2021-02-24 05:00:00
622,232.08,228.99,39437555,234.5852,227.88,230.6303,506079,2021-02-25 05:00:00
623,231.525,232.38,37818227,235.37,229.54,232.7611,442933,2021-02-26 05:00:00
624,235.9,236.94,25332837,237.47,233.15,236.387,295565,2021-03-01 05:00:00
625,237.01,233.87,22812459,237.3,233.45,234.6764,310399,2021-03-02 05:00:00
626,232.155,227.56,33944526,233.5799,227.26,229.2909,513167,2021-03-03 05:00:00
627,226.735,226.73,44727785,232.49,224.26,227.5043,684212,2021-03-04 05:00:00
628,229.5165,231.6,41865120,233.27,226.46,230.322,645035,2021-03-05 05:00:00
629,231.37,227.39,35267440,233.365,227.13,229.9848,581643,2021-03-08 05:00:00
630,232.88,233.78,33080531,235.3839,231.67,233.8078,391046,2021-03-09 05:00:00
631,237,232.42,29715812,237,232.04,234.0674,473802,2021-03-10 05:00:00
632,234.96,237.13,29907586,239.17,234.31,237.2411,354196,2021-03-11 05:00:00
633,234.01,235.75,22653662,235.82,233.23,234.8259,300692,2021-03-12 05:00:00
634,234.96,234.81,25974669,235.185,231.81,233.6182,333447,2021-03-15 04:00:00
635,236.28,237.71,28092196,240.055,235.94,238.3783,367070,2021-03-16 04:00:00
636,236.15,237.04,29562100,238.55,233.23,235.8953,398845,2021-03-17 04:00:00
637,232.56,230.72,34852251,234.19,230.33,231.9027,457289,2021-03-18 04:00:00
638,231.02,230.35,46430730,232.474,229.3496,230.8355,386912,2021-03-19 04:00:00
639,230.27,235.99,30121755,236.9,230.14,235.3089,325313,2021-03-22 04:00:00
640,237.485,237.58,31638376,241.05,237.07,238.812,358868,2021-03-23 04:00:00
641,237.845,235.46,25620127,238,235.32,236.3442,383284,2021-03-24 04:00:00
642,235.3,232.34,34061853,236.94,231.57,233.0894,468546,2021-03-25 04:00:00
643,231.55,236.48,25470753,236.71,231.55,234.6441,310059,2021-03-26 04:00:00
644,236.59,235.24,25227455,236.8,231.88,234.4416,319201,2021-03-29 04:00:00
645,233.525,231.85,24792012,233.85,231.1,232.007,307223,2021-03-30 04:00:00
646,232.91,235.77,43614871,239.1,232.39,236.0499,408582,2021-03-31 04:00:00
647,238.47,242.35,30337982,242.84,238.0501,241.3165,369531,2021-04-01 04:00:00
648,242.76,249.07,36890609,249.96,242.7,248.2333,422755,2021-04-05 04:00:00
649,247.61,247.86,22816923,249.4,246.88,248.208,271870,2021-04-06 04:00:00
650,247.81,249.9,22713585,250.93,247.19,249.7597,263867,2021-04-07 04:00:00
651,252.77,253.25,23625197,254.139,252,253.0524,280008,2021-04-08 04:00:00
652,252.87,255.85,24326833,255.99,252.44,254.6528,268038,2021-04-09 04:00:00
653,254.71,255.91,27148668,257.67,254.62,256.1295,324848,2021-04-12 04:00:00
654,257.2573,258.49,23837469,259.19,256.83,257.9831,285551,2021-04-13 04:00:00
655,257.475,255.59,23070938,258.83,255.16,256.5377,323890,2021-04-14 04:00:00
656,257.931,259.5,25627481,259.93,257.73,259.0892,306428,2021-04-15 04:00:00
657,259.47,260.74,24878582,261,257.6014,260.0374,302985,2021-04-16 04:00:00
658,260.19,258.74,23209260,261.48,257.821,259.0721,293641,2021-04-19 04:00:00
659,257.82,258.26,19722875,260.2,256.84,258.2719,281309,2021-04-20 04:00:00
660,258.94,260.58,23990383,260.68,257.25,259.575,272767,2021-04-21 04:00:00
661,260.21,257.17,25593777,261.78,255.64,258.419,368851,2021-04-22 04:00:00
662,257.88,261.15,21499286,261.51,257.27,260.377,248124,2021-04-23 04:00:00
663,261.66,261.55,19763346,262.435,260.17,261.3754,261642,2021-04-26 04:00:00
664,261.585,261.97,30764213,263.19,260.12,260.0699,405196,2021-04-27 04:00:00
665,256.078,254.56,46903119,256.5399,252.95,254.5516,640658,2021-04-28 04:00:00
666,255.46,252.51,40589023,256.1,249,251.8285,556646,2021-04-29 04:00:00
667,249.74,252.18,30945098,253.08,249.6,251.6108,358913,2021-04-30 04:00:00
668,253.4,251.86,19426568,254.35,251.12,252.3653,300183,2021-05-03 04:00:00
669,250.97,247.79,32756052,251.21,245.76,247.5786,444266,2021-05-04 04:00:00
670,249.06,246.47,21888125,249.5,245.82,247.7274,276824,2021-05-05 04:00:00
671,246.45,249.73,26478085,249.86,244.69,247.6608,336494,2021-05-06 04:00:00
672,252.15,252.46,27032912,254.3,251.17,252.7538,303497,2021-05-07 04:00:00
673,250.87,247.18,29299890,251.73,247.12,248.6859,303212,2021-05-10 04:00:00
674,244.55,246.23,33641589,246.6,242.57,245.2323,389102,2021-05-11 04:00:00
675,242.165,239,36684370,244.38,238.07,240.0312,436656,2021-05-12 04:00:00
676,241.8,243.03,29585298,245.6,241.42,243.3712,367834,2021-05-13 04:00:00
677,245.575,248.15,23901081,249.18,245.49,247.9397,279555,2021-05-14 04:00:00
678,246.55,245.18,24970168,246.59,243.52,244.8521,292523,2021-05-17 04:00:00
679,246.27,243.08,20167975,246.41,242.9,244.6274,235575,2021-05-18 04:00:00
680,239.31,243.12,25739807,243.23,238.6,241.5888,340725,2021-05-19 04:00:00
681,243.96,246.48,21800716,247.95,243.86,246.5319,226710,2021-05-20 04:00:00
682,247.565,245.17,21830058,248.33,244.74,245.9809,233481,2021-05-21 04:00:00
683,247.785,250.78,21411547,251.16,247.51,250.3348,239776,2021-05-24 04:00:00
684,251.769,251.72,17700303,252.75,250.82,251.4842,212083,2021-05-25 04:00:00
685,251.43,251.49,17771600,252.94,250.75,251.3609,195777,2021-05-26 04:00:00
686,251.17,249.31,24426244,251.48,249.25,249.9316,223093,2021-05-27 04:00:00
687,250.995,249.68,18265642,252.08,249.56,250.6562,190179,2021-05-28 04:00:00
688,251.23,247.4,23213310,251.29,246.96,248.592,266678,2021-06-01 04:00:00
689,248.125,247.3,19406705,249.27,245.84,247.6484,231542,2021-06-02 04:00:00
690,245.22,245.71,25108111,246.34,243,245.0698,254084,2021-06-03 04:00:00
691,247.76,250.79,25281094,251.65,247.51,250.2145,246739,2021-06-04 04:00:00
692,249.98,253.81,23079167,254.09,249.81,252.6622,239409,2021-06-07 04:00:00
693,255.16,252.57,22454998,256.01,252.51,253.5686,239693,2021-06-08 04:00:00
694,253.81,253.59,17937634,255.53,253.21,254.2112,210570,2021-06-09 04:00:00
695,254.29,257.24,24563619,257.46,253.67,256.4281,264424,2021-06-10 04:00:00
696,257.985,257.89,18949731,258.4868,256.61,257.5993,220398,2021-06-11 04:00:00
697,257.9,259.89,19150507,259.95,256.8,258.7219,198533,2021-06-14 04:00:00
698,259.775,258.36,18016931,259.99,257.68,258.6822,209487,2021-06-15 04:00:00
699,259.4,257.38,27219955,260.58,254.42,257.8147,308926,2021-06-16 04:00:00
700,256.065,260.9,27565537,261.75,256.01,260.038,304743,2021-06-17 04:00:00
701,259.63,259.43,37162767,262.3,258.75,260.1638,316742,2021-06-18 04:00:00
702,259.82,262.63,26696119,263.52,257.92,261.9392,298361,2021-06-21 04:00:00
703,262.72,265.51,24694090,265.79,262.4,264.7953,253763,2021-06-22 04:00:00
704,265.99,265.275,19518681,266.83,264.43,265.3424,236577,2021-06-23 04:00:00
705,266.16,266.69,21346867,267.85,265.47,266.7737,235958,2021-06-24 04:00:00
706,266.23,265.02,23891113,267.25,264.76,265.3848,215061,2021-06-25 04:00:00
707,266.185,268.72,19590024,268.9,265.91,268.1287,239210,2021-06-28 04:00:00
708,268.865,271.4,19921311,271.65,267.98,270.4822,238419,2021-06-29 04:00:00
709,270.69,270.9,21547257,271.3598,269.6043,270.6723,232757,2021-06-30 04:00:00
710,269.61,271.6,16725323,271.84,269.6,270.7933,196894,2021-07-01 04:00:00
711,272.82,277.65,26474408,278,272.5,276.3861,283710,2021-07-02 04:00:00
712,278.03,277.66,31565556,279.3698,274.3,277.4582,365687,2021-07-06 04:00:00
713,279.4,279.93,23260031,280.6945,277.15,279.6527,299189,2021-07-07 04:00:00
714,276.9,277.42,24605941,278.73,274.87,277.1555,333194,2021-07-08 04:00:00
715,275.72,277.94,23676665,278.05,275.32,277.0749,264353,2021-07-09 04:00:00
716,279.157,277.32,18931695,279.77,276.58,277.5176,212250,2021-07-12 04:00:00
717,277.52,280.98,26120128,282.8477,277.39,281.0168,305657,2021-07-13 04:00:00
718,282.345,282.51,23113662,283.66,280.55,282.6312,268304,2021-07-14 04:00:00
719,282,281.03,22604227,282.51,279.83,281.0044,296274,2021-07-15 04:00:00
720,282.07,280.75,26186848,284.1,279.46,281.6857,283333,2021-07-16 04:00:00
721,278.9335,277.01,32935634,280.37,274.45,277.0244,405114,2021-07-19 04:00:00
722,278.03,279.32,26259741,280.97,276.26,279.0782,267195,2021-07-20 04:00:00
723,278.905,281.4,24364320,281.52,277.29,280.489,254890,2021-07-21 04:00:00
724,283.84,286.14,23384059,286.42,283.42,285.5054,257353,2021-07-22 04:00:00
725,287.37,289.67,22767371,289.99,286.5,288.9299,277182,2021-07-23 04:00:00
726,289,289.05,23153573,289.69,286.642,288.5004,260023,2021-07-26 04:00:00
727,289.43,286.54,33592179,289.575,282.95,285.3983,427018,2021-07-27 04:00:00
728,288.99,286.22,33506853,290.15,283.8303,287.211,392256,2021-07-28 04:00:00
729,286.235,286.5,18168294,288.618,286.08,286.8593,227631,2021-07-29 04:00:00
730,285.17,284.91,20944846,286.66,283.91,284.9562,258726,2021-07-30 04:00:00
731,286.36,284.82,16261757,286.775,283.74,285.2642,216148,2021-08-02 04:00:00
732,285.42,287.12,17879048,287.23,284,286.0974,227749,2021-08-03 04:00:00
733,286.22,286.51,16187331,287.5883,284.65,286.3071,204550,2021-08-04 04:00:00
734,286.88,289.52,13900167,289.63,286.1,288.4802,184739,2021-08-05 04:00:00
735,288.505,289.46,16589336,289.5,287.6238,288.8028,175525,2021-08-06 04:00:00
736,289.75,288.33,16117629,291.55,287.81,288.6941,189324,2021-08-09 04:00:00
737,288.8,286.44,18616578,289.25,285.2,286.8988,211784,2021-08-10 04:00:00
738,287.21,286.95,13955934,288.66,285.86,286.9447,189792,2021-08-11 04:00:00
739,286.63,289.81,14570391,289.97,286.34,289.0645,174282,2021-08-12 04:00:00
740,289.48,292.85,18249046,292.9,289.3,291.3639,192365,2021-08-13 04:00:00
741,293.19,294.6,22516027,294.82,290.02,293.0005,255726,2021-08-16 04:00:00
742,292.39,293.08,20075250,293.43,291.08,292.6055,262741,2021-08-17 04:00:00
743,292.04,290.73,21619885,294.82,290.27,292.5995,251718,2021-08-18 04:00:00
744,288.6935,296.77,29850461,297.47,288.64,294.7394,356371,2021-08-19 04:00:00
745,299.72,304.36,40815006,305.84,298.06,303.5992,424370,2021-08-20 04:00:00
746,303.245,304.65,22820157,305.4,301.85,304.2828,273395,2021-08-23 04:00:00
747,305.02,302.62,18153274,305.65,302.0035,303.0899,239282,2021-08-24 04:00:00
748,304.3,302.01,19906057,304.59,300.42,301.9554,227170,2021-08-25 04:00:00
749,300.99,299.09,17666084,302.429,298.95,300.2966,243800,2021-08-26 04:00:00
750,298.987,299.72,22605726,300.87,296.83,299.2422,242943,2021-08-27 04:00:00
751,301.115,303.59,16348072,304.22,301.06,303.2701,209224,2021-08-30 04:00:00
752,304.42,301.88,26274238,304.5,301.5,302.7647,234756,2021-08-31 04:00:00
753,302.865,301.83,18914026,305.19,301.49,303.0256,244910,2021-09-01 04:00:00
754,302.2,301.15,16290545,303.3602,300.18,301.3689,227810,2021-09-02 04:00:00
755,300.99,301.14,14751609,302.6,300.26,301.4777,181614,2021-09-03 04:00:00
756,301.005,300.18,17369332,301.09,298.2,299.9436,270623,2021-09-07 04:00:00
757,299.78,300.21,15046819,300.61,297.4651,299.1185,246198,2021-09-08 04:00:00
758,300.82,297.25,19927000,302.14,297,298.6934,274731,2021-09-09 04:00:00
759,298.415,295.71,19633363,299.92,295.38,297.3192,296248,2021-09-10 04:00:00
760,297.55,296.99,23931707,298.54,294.08,296.1317,309936,2021-09-13 04:00:00
761,299.56,299.79,22189292,301.39,298.1,299.9204,279350,2021-09-14 04:00:00
762,303.26,304.82,28728377,305.32,301.82,303.9982,351816,2021-09-15 04:00:00
763,303.76,305.22,19550815,305.31,300.76,303.5104,251476,2021-09-16 04:00:00
764,304.17,299.87,41372456,304.5,299.53,301.0029,330843,2021-09-17 04:00:00
765,296.33,294.3,38278661,298.72,289.52,293.8269,546438,2021-09-20 04:00:00
766,295.69,294.8,22364103,297.54,294.07,295.6193,297336,2021-09-21 04:00:00
767,296.725,298.58,26626342,300.22,294.51,298.1538,337059,2021-09-22 04:00:00
768,298.845,299.56,18604601,300.9,297.5339,299.7428,236240,2021-09-23 04:00:00
769,298.23,299.35,14998978,299.8,296.93,298.4973,218412,2021-09-24 04:00:00
770,296.14,294.17,23559276,296.47,292.9449,294.4246,328836,2021-09-27 04:00:00
771,289.795,283.52,43184837,290.78,282.75,285.4855,616437,2021-09-28 04:00:00
772,285.1,284,26353696,286.77,283.01,284.6546,358442,2021-09-29 04:00:00
773,285.71,281.92,32921298,287.83,281.62,283.9371,402930,2021-09-30 04:00:00
774,282.1217,289.1,30086280,289.98,281.29,286.6369,363793,2021-10-01 04:00:00
775,287.4,283.11,31333747,287.75,280.25,282.6776,455635,2021-10-04 04:00:00
776,284.0464,288.76,24993024,290.398,284.0464,288.1714,296311,2021-10-05 04:00:00
777,285.78,293.11,28002550,293.63,285.5093,290.4564,406529,2021-10-06 04:00:00
778,295.175,294.85,20430471,296.64,293.92,295.4481,282926,2021-10-07 04:00:00
779,296.219,294.85,17950627,296.6409,293.76,295.1334,253035,2021-10-08 04:00:00
780,292.92,294.23,19298634,297.97,292.745,295.5286,242967,2021-10-11 04:00:00
781,295.34,292.88,17885643,295.44,292.35,293.5962,266397,2021-10-12 04:00:00
782,294.91,296.31,23424025,297.28,293.49,295.4309,301391,2021-10-13 04:00:00
783,299.21,302.75,27254902,303.27,297.83,301.3498,305022,2021-10-14 04:00:00
784,302.34,304.21,24724803,304.45,300.5191,302.7966,275911,2021-10-15 04:00:00
785,303.57,307.29,22654296,308.21,302.69,305.8543,289612,2021-10-18 04:00:00
786,308.348,308.23,17682139,309.3,307.22,308.284,226293,2021-10-19 04:00:00
787,309.21,307.41,16537069,309.7,306.11,307.6084,237432,2021-10-20 04:00:00
788,307.1702,310.76,16918100,311.02,306.36,309.387,222078,2021-10-21 04:00:00
789,310.4,309.16,17449332,311.09,307.8,309.3104,244615,2021-10-22 04:00:00
790,309.36,308.13,17554469,309.4,306.46,308.1977,244415,2021-10-25 04:00:00
791,311,310.11,28107349,312.395,308.5967,310.5962,367536,2021-10-26 04:00:00
792,316,323.17,52587690,326.0973,316,322.6143,593988,2021-10-27 04:00:00
793,324.325,324.35,26297943,324.87,321.3601,323.3879,347710,2021-10-28 04:00:00
794,324.13,331.62,34765982,332,323.9,329.1131,381600,2021-10-29 04:00:00
795,331.355,329.37,26923181,331.49,326.37,328.4407,393780,2021-11-01 04:00:00
796,330.31,333.13,26487109,333.45,330,332.5283,310165,2021-11-02 04:00:00
797,333.9,334,21370082,334.9,330.65,332.9858,293957,2021-11-03 04:00:00
798,332.89,336.44,23892202,336.54,329.51,334.9213,328854,2021-11-04 04:00:00
799,338.51,336.06,22570097,338.79,334.4217,336.4792,316800,2021-11-05 04:00:00
800,337.3,336.99,20897001,337.65,334.44,336.2122,287657,2021-11-08 05:00:00
801,337.1071,335.95,21307369,338.72,334.53,336.3103,295386,2021-11-09 05:00:00
802,334.57,330.8,25500807,334.6303,329.92,331.7579,332397,2021-11-10 05:00:00
803,331.25,332.43,16649844,333.7746,330.51,332.6575,217134,2021-11-11 05:00:00
804,333.92,336.72,23831048,337.23,333.79,335.5457,239697,2021-11-12 05:00:00
805,337.54,336.07,16723009,337.88,334.034,335.6981,249217,2021-11-15 05:00:00
806,335.68,339.51,20886832,340.67,335.51,339.0523,255378,2021-11-16 05:00:00
807,338.94,339.12,18703380,342.19,338,339.8226,245204,2021-11-17 05:00:00
808,338.18,341.27,22452333,342.45,337.12,340.1626,252477,2021-11-18 05:00:00
809,342.64,343.11,21903403,345.1,342.2,343.3237,267653,2021-11-19 05:00:00
810,344.62,339.83,31031113,349.67,339.55,343.9656,407010,2021-11-22 05:00:00
811,337.05,337.68,30252563,339.45,333.56,336.5601,388979,2021-11-23 05:00:00
812,336.28,337.91,21655557,338.16,333.911,336.6413,266154,2021-11-24 05:00:00
813,334.35,329.68,24217241,337.93,328.12,332.2818,360133,2021-11-26 05:00:00
814,334.94,336.63,28563481,339.03,334.74,336.9814,361924,2021-11-29 05:00:00
815,335.32,330.59,42885609,337.78,328.99,331.867,466083,2021-11-30 05:00:00
816,335.13,330.08,33401146,339.28,329.39,334.3751,489735,2021-12-01 05:00:00
817,330.3,329.49,30704852,333.49,327.8028,330.0851,435978,2021-12-02 05:00:00
818,331.99,323.01,41779279,332.7,318.03,322.6431,626436,2021-12-03 05:00:00
819,323.95,326.19,30032556,327.45,319.23,324.3146,416525,2021-12-06 05:00:00
820,331.64,334.92,31021936,335.8,330.1,334.1083,418516,2021-12-07 05:00:00
821,335.31,334.97,24760988,335.5,330.8,333.395,354291,2021-12-08 05:00:00
822,334.41,333.1,22214157,336.489,332.12,333.901,323814,2021-12-09 05:00:00
823,334.98,342.54,38095694,343,334.79,340.3678,415946,2021-12-10 05:00:00
824,340.68,339.4,28899431,343.79,339.08,340.802,333627,2021-12-13 05:00:00
825,333.22,328.34,44438696,334.64,324.11,328.0207,586397,2021-12-14 05:00:00
826,328.61,334.65,35381122,335.19,324.5,330.3825,459466,2021-12-15 05:00:00
827,335.71,324.9,35034831,336.76,323.02,327.6775,502538,2021-12-16 05:00:00
828,320.88,323.8,47883712,324.92,317.25,322.3973,462554,2021-12-17 05:00:00
829,320.05,319.91,28326532,322.8,317.57,319.6158,437500,2021-12-20 05:00:00
830,323.29,327.29,24740597,327.73,319.8,324.8129,366633,2021-12-21 05:00:00
831,328.3,333.2,24831493,333.605,325.75,330.8736,315700,2021-12-22 05:00:00
832,332.75,334.69,19617848,336.39,332.73,334.9327,244523,2021-12-23 05:00:00
833,335.46,342.45,19947029,342.48,335.43,340.5691,313725,2021-12-27 05:00:00
834,343.15,341.25,15661467,343.81,340.32,341.7182,229689,2021-12-28 05:00:00
835,341.3,341.95,15041956,344.3,339.68,341.9364,223483,2021-12-29 05:00:00
836,341.91,339.32,15994471,343.13,338.82,340.8846,213550,2021-12-30 05:00:00
837,338.51,336.32,17995517,339.355,335.85,336.9168,215861,2021-12-31 05:00:00
838,335.35,334.75,28918012,338,329.78,333.3801,395292,2022-01-03 05:00:00
839,334.83,329.01,32670706,335.2,326.12,329.4477,517992,2022-01-04 05:00:00
840,325.86,316.38,40054325,326.07,315.98,320.0278,640413,2022-01-05 05:00:00
841,313.15,313.88,39632144,318.7,311.49,315.2052,628047,2022-01-06 05:00:00
842,314.15,314.04,32710400,316.5,310.09,313.7812,499823,2022-01-07 05:00:00
843,309.485,314.27,44273717,314.72,304.69,309.9294,692526,2022-01-10 05:00:00
844,313.38,314.98,29386774,316.61,309.89,314.2093,421384,2022-01-11 05:00:00
845,319.67,318.27,34372217,323.41,317.08,319.4289,498637,2022-01-12 05:00:00
846,320.4658,304.8,45365979,320.88,304,309.6876,712340,2022-01-13 05:00:00
847,304.25,310.2,39844762,310.82,303.75,307.9922,527079,2022-01-14 05:00:00
848,304.07,302.65,42204112,309.8,301.74,304.6894,658678,2022-01-18 05:00:00
849,306.29,303.33,45933855,313.9093,302.7,308.2993,680162,2022-01-19 05:00:00
850,309.07,301.6,35380675,311.6494,301.14,307.057,552351,2022-01-20 05:00:00
851,302.685,296.03,57984403,304.11,295.61,299.621,887179,2022-01-21 05:00:00
852,292.2,296.37,86025393,297.11,276.05,288.8074,1302281,2022-01-24 05:00:00
853,291.52,288.49,72848368,294.99,285.17,288.3988,1113735,2022-01-25 05:00:00
854,307.985,296.71,90428853,308.5,293.03,300.3828,1195374,2022-01-26 05:00:00
855,302.66,299.84,53481317,307.3,297.93,302.4325,741935,2022-01-27 05:00:00
856,300.23,308.26,49743698,308.48,294.45,302.7982,696183,2022-01-28 05:00:00
857,308.95,310.98,46444536,312.38,306.37,309.4288,645244,2022-01-31 05:00:00
858,310.41,308.76,40950396,310.63,305.1293,307.3995,598895,2022-02-01 05:00:00
859,309.63,313.46,36635989,315.12,308.88,312.2137,513102,2022-02-02 05:00:00
860,309.49,301.25,43729972,311.23,299.96,305.2465,585711,2022-02-03 05:00:00
861,300.21,305.94,35093302,308.8,299.97,305.3962,509726,2022-02-04 05:00:00
862,306.17,300.95,28533286,307.84,299.9,303.3434,426621,2022-02-07 05:00:00
863,301.25,304.56,32314988,305.561,299.95,303.6698,423786,2022-02-08 05:00:00
864,309.865,311.21,31280171,311.93,307.39,309.6261,444035,2022-02-09 05:00:00
865,304.04,302.38,45386199,309.12,300.7,304.061,608483,2022-02-10 05:00:00
866,303.19,295.04,39160620,304.29,294.22,298.1235,615557,2022-02-11 05:00:00
867,293.77,295,36359487,296.76,291.35,294.405,539722,2022-02-14 05:00:00
868,300.008,300.47,27370688,300.8,297.02,299.5681,400816,2022-02-15 05:00:00
869,298.365,299.5,29970121,300.87,293.68,297.4874,415675,2022-02-16 05:00:00
870,296.36,290.73,32461580,296.8,290,292.994,507106,2022-02-17 05:00:00
871,293.05,287.93,34256508,293.86,286.305,289.1356,554368,2022-02-18 05:00:00
872,285,287.72,41736117,291.54,284.5,287.6534,605791,2022-02-22 05:00:00
873,290.18,280.27,37797167,291.7,280.1,284.2303,647355,2022-02-23 05:00:00
874,272.51,294.59,56989686,295.16,271.52,285.4542,809370,2022-02-24 05:00:00
875,295.14,297.31,32546721,297.63,291.655,295.6957,521051,2022-02-25 05:00:00
876,294.31,298.79,34627457,299.14,293,296.5331,452982,2022-02-28 05:00:00
877,296.4,294.95,31217778,299.97,292.15,295.8563,468639,2022-03-01 05:00:00
878,295.36,300.19,31873007,301.47,293.698,298.8646,531573,2022-03-02 05:00:00
879,302.89,295.92,27314469,303.13,294.05,297.4481,408448,2022-03-03 05:00:00
880,294.29,289.86,32369655,295.66,287.165,289.9672,539374,2022-03-04 05:00:00
881,288.53,278.91,43157178,289.69,278.53,281.6699,672964,2022-03-07 05:00:00
882,277.8,275.85,48157675,283.96,270,276.5819,700050,2022-03-08 05:00:00
883,283.44,288.5,35204480,289.6,280.78,286.2058,506108,2022-03-09 05:00:00
884,283.02,285.59,30628012,286.6,280.58,283.9699,461547,2022-03-10 05:00:00
885,287.96,280.07,27209330,289.51,279.43,283.7288,421226,2022-03-11 05:00:00
886,280.34,276.44,30660747,285.3992,275.82,279.6999,435907,2022-03-14 04:00:00
887,280.35,287.15,34245085,287.82,278.725,284.064,507324,2022-03-15 04:00:00
888,289.11,294.39,37729529,294.57,283.2,290.7357,532827,2022-03-16 04:00:00
889,293.29,295.22,30802133,295.61,289.37,293.1691,434753,2022-03-17 04:00:00
890,295.37,300.43,43222225,301,292.73,297.9485,416437,2022-03-18 04:00:00
891,298.89,299.16,28351245,300.14,294.9,297.8602,437234,2022-03-21 04:00:00
892,299.8,304.06,27599689,305,298.77,303.1289,404197,2022-03-22 04:00:00
893,300.51,299.49,25715377,303.23,297.7201,300.5899,359919,2022-03-23 04:00:00
894,299.14,304.1,24484456,304.2,298.315,301.84,318259,2022-03-24 04:00:00
895,305.23,303.68,22566453,305.5,299.2855,302.5129,340082,2022-03-25 04:00:00
896,304.33,310.7,29553438,310.8,304.33,308.8785,368660,2022-03-28 04:00:00
897,313.91,315.41,30393403,315.82,309.05,313.2741,423166,2022-03-29 04:00:00
898,313.76,313.86,28163555,315.95,311.58,313.7134,340160,2022-03-30 04:00:00
899,313.9,308.31,33422070,315.14,307.89,310.4193,355031,2022-03-31 04:00:00
900,309.37,309.42,27101029,310.13,305.54,308.0485,315032,2022-04-01 04:00:00
901,310.09,314.97,24335868,315.11,309.71,313.7554,300000,2022-04-04 04:00:00
902,313.27,310.88,23156719,314.865,309.87,311.7992,312602,2022-04-05 04:00:00
903,305.19,299.5,40110372,307,296.71,300.4693,548742,2022-04-06 04:00:00
904,296.66,301.37,31411155,303.65,296.35,300.9241,360492,2022-04-07 04:00:00
905,300.44,296.97,24361917,301.12,296.28,298.2833,309094,2022-04-08 04:00:00
906,291.79,285.26,34519264,292.61,285,286.8651,502222,2022-04-11 04:00:00
907,289.235,282.06,30966721,290.739,280.49,284.9687,435819,2022-04-12 04:00:00
908,282.73,287.62,21904429,288.58,281.3,285.8202,290613,2022-04-13 04:00:00
909,288.09,279.83,28221607,288.305,279.32,282.3705,381427,2022-04-14 04:00:00
910,278.91,280.52,20748800,282.46,278.34,280.1829,299125,2022-04-18 04:00:00
911,279.38,285.3,22297720,286.17,278.41,283.7503,312037,2022-04-19 04:00:00
912,289.4,286.36,22901807,289.7,285.3702,286.9915,313844,2022-04-20 04:00:00
913,288.58,280.81,29454587,293.3,280.06,285.5863,411095,2022-04-21 04:00:00
914,281.68,274.03,29405798,283.2,273.38,277.0631,455519,2022-04-22 04:00:00
915,273.29,280.72,35678852,281.11,270.77,276.9162,507837,2022-04-25 04:00:00
916,277.5,270.22,46512195,278.3599,270,273.1034,703111,2022-04-26 04:00:00
917,282.1,283.22,63468094,290.97,279.16,285.1692,823597,2022-04-27 04:00:00
918,285.185,289.63,33646570,290.98,281.4562,286.9376,448000,2022-04-28 04:00:00
919,288.61,277.52,37073923,289.88,276.5,281.5777,475254,2022-04-29 04:00:00
920,277.71,284.47,35127105,284.94,276.22,280.8292,501418,2022-05-02 04:00:00
921,283.96,281.78,25978605,284.13,280.15,281.9915,352891,2022-05-03 04:00:00
922,282.59,289.98,33598320,290.88,276.73,284.0704,460201,2022-05-04 04:00:00
923,285.54,277.35,43260386,286.35,274.34,277.791,593657,2022-05-05 04:00:00
924,274.805,274.73,37776182,279.25,271.27,274.9419,536610,2022-05-06 04:00:00
925,270.06,264.58,47725952,272.36,263.32,266.3383,649440,2022-05-09 04:00:00
926,271.69,269.5,39336424,273.75,265.07,269.8717,526747,2022-05-10 04:00:00
927,265.68,260.55,48975898,271.36,259.3,263.2184,633608,2022-05-11 04:00:00
928,257.69,255.35,51033802,259.88,250.02,254.7634,715930,2022-05-12 04:00:00
929,257.35,261.12,34918893,263.04,255.35,260.1715,452458,2022-05-13 04:00:00
930,259.955,261.5,32539933,265.82,255.78,260.8411,402395,2022-05-16 04:00:00
931,266.11,266.82,28828799,268.33,262.46,265.5584,346098,2022-05-17 04:00:00
932,263,254.08,31355985,263.6,252.77,256.42,414290,2022-05-18 04:00:00
933,253.9,253.14,32692286,257.67,251.88,254.4025,408722,2022-05-19 04:00:00
934,257.24,252.56,39164899,258.54,246.44,251.557,518558,2022-05-20 04:00:00
935,255.49,260.65,33175379,261.5,253.43,258.9217,386147,2022-05-23 04:00:00
936,257.89,259.62,29043904,261.33,253.5,257.8803,357104,2022-05-24 04:00:00
937,258.14,262.52,28547947,264.58,257.125,260.9506,340324,2022-05-25 04:00:00
938,262.27,265.9,25002105,267.11,261.4294,265.2818,297969,2022-05-26 04:00:00
939,268.48,273.24,26910824,273.34,267.56,271.6528,307860,2022-05-27 04:00:00
940,272.53,271.87,37827695,274.77,268.93,272.0011,363100,2022-05-31 04:00:00
941,275.195,272.42,25285874,277.69,270.04,273.3295,321548,2022-06-01 04:00:00
942,264.45,274.58,44008205,274.65,261.6,269.0219,532530,2022-06-02 04:00:00
943,270.31,270.02,28058958,273.45,268.41,270.3279,303810,2022-06-03 04:00:00
944,272.06,268.75,22397042,274.18,267.22,270.0763,260013,2022-06-06 04:00:00
945,266.635,272.5,22860677,273.13,265.94,270.6967,247047,2022-06-07 04:00:00
946,271.71,270.41,17372341,273,269.61,271.1519,234208,2022-06-08 04:00:00
947,267.78,264.79,26439728,272.7081,264.63,268.0203,301845,2022-06-09 04:00:00
948,260.58,252.99,31445841,260.58,252.53,254.9867,459375,2022-06-10 04:00:00
949,245.11,242.26,45913188,249.0242,241.53,244.2909,587062,2022-06-13 04:00:00
950,243.86,244.49,28651487,245.74,241.51,243.7922,370359,2022-06-14 04:00:00
951,248.31,251.76,33111729,255.3,246.42,250.6363,410433,2022-06-15 04:00:00
952,245.98,244.97,33169160,247.4174,243.02,244.875,437473,2022-06-16 04:00:00
953,244.7,247.65,43081680,250.5,244.03,247.3623,426273,2022-06-17 04:00:00
954,250.255,253.74,29928297,254.75,249.51,253.4288,325280,2022-06-21 04:00:00
955,251.89,253.13,25961215,257.17,250.37,254.1738,305208,2022-06-22 04:00:00
956,255.57,258.86,25861449,259.37,253.63,257.2249,317666,2022-06-23 04:00:00
957,261.808,267.7,33908991,267.98,261.72,265.9715,341714,2022-06-24 04:00:00
958,268.205,264.89,24615114,268.3,263.28,265.2573,288957,2022-06-27 04:00:00
959,263.98,256.48,27377747,266.91,256.32,259.1302,337120,2022-06-28 04:00:00
960,257.59,260.26,20069839,261.97,255.76,260.0577,267537,2022-06-29 04:00:00
961,257.05,256.83,31713368,259.53,252.9,256.7307,350608,2022-06-30 04:00:00
962,256.39,259.58,22837692,259.77,254.61,257.7792,298425,2022-07-01 04:00:00
963,256.16,262.85,22971634,262.98,254.74,259.6188,336748,2022-07-05 04:00:00
964,263.75,266.21,23809419,267.99,262.4,265.3515,297474,2022-07-06 04:00:00
965,265.12,268.4,20859874,269.055,265.02,267.941,279545,2022-07-07 04:00:00
966,264.79,267.66,19658751,268.1,263.285,266.3527,263735,2022-07-08 04:00:00
967,265.65,264.51,19497608,266.53,262.18,264.4908,233465,2022-07-11 04:00:00
968,265.88,253.67,35846600,265.94,252.04,256.3041,432650,2022-07-12 04:00:00
969,250.19,252.72,29497423,253.55,248.11,251.3602,388753,2022-07-13 04:00:00
970,250.57,254.08,25102823,255.1374,245.94,251.4169,338720,2022-07-14 04:00:00
971,255.72,256.72,29774050,260.3699,254.7727,257.0741,320549,2022-07-15 04:00:00
972,259.75,254.25,20975034,260.84,253.3,256.9949,259992,2022-07-18 04:00:00
973,257.575,259.53,25012562,259.72,253.68,257.9481,285207,2022-07-19 04:00:00
974,259.9,262.27,22788282,264.87,258.91,261.9933,292189,2022-07-20 04:00:00
975,259.79,264.84,22404675,264.89,257.03,262.0806,266470,2022-07-21 04:00:00
976,265.24,260.36,21880990,265.33,259.07,261.3876,275092,2022-07-22 04:00:00
977,260.995,258.83,21055998,261.5,256.81,258.5975,245812,2022-07-25 04:00:00
978,259.86,251.9,39322017,259.88,249.57,252.4793,523732,2022-07-26 04:00:00
979,261.16,268.74,45987389,270.05,258.85,265.6154,539330,2022-07-27 04:00:00
980,269.75,276.41,33459327,277.84,267.87,274.291,413167,2022-07-28 04:00:00
981,277.7,280.74,32138752,282,276.63,279.8359,359385,2022-07-29 04:00:00
982,277.82,278.01,21539580,281.28,275.84,278.4445,296190,2022-08-01 04:00:00
983,276,274.82,22754184,277.89,272.38,274.9038,302750,2022-08-02 04:00:00
984,276.76,282.47,23518874,283.5,276.61,281.282,305573,2022-08-03 04:00:00
985,281.8,283.65,18098668,283.8,280.1677,282.5465,242902,2022-08-04 04:00:00
986,279.15,282.91,16774606,283.65,278.68,281.721,240178,2022-08-05 04:00:00
987,284.05,280.32,18757818,285.92,279.32,282.0016,258506,2022-08-08 04:00:00
988,279.64,282.3,23405238,283.08,277.61,281.3194,264734,2022-08-09 04:00:00
989,288.17,289.16,24652845,289.81,286.94,288.6242,301911,2022-08-10 04:00:00
990,290.85,287.02,20065938,291.21,286.51,288.1876,250692,2022-08-11 04:00:00
991,288.48,291.91,22619675,291.91,286.94,289.9108,236645,2022-08-12 04:00:00
992,291,293.47,18053154,294.18,290.11,292.4294,220400,2022-08-15 04:00:00
993,291.99,292.71,18102882,294.04,290.42,292.4112,238194,2022-08-16 04:00:00
994,289.74,291.32,18203358,293.35,289.47,291.3739,243421,2022-08-17 04:00:00
995,290.189,290.17,17032192,291.91,289.08,290.5375,220664,2022-08-18 04:00:00
996,288.9,286.15,20570033,289.25,285.56,286.8317,242758,2022-08-19 04:00:00
997,282.08,277.75,25061070,282.46,277.22,278.8803,291816,2022-08-22 04:00:00
998,276.44,276.44,17527409,278.86,275.4,276.841,216859,2022-08-23 04:00:00
999,275.41,275.79,18137019,277.23,275.11,276.0336,225085,2022-08-24 04:00:00
1000,277.33,278.85,16583407,279.02,274.52,276.986,207794,2022-08-25 04:00:00
1001,279.08,268.09,27549307,280.34,267.98,271.1515,333187,2022-08-26 04:00:00
1002,265.85,265.23,20320044,267.4,263.85,265.6183,268266,2022-08-29 04:00:00
1003,266.67,262.97,22767071,267.05,260.66,262.964,273161,2022-08-30 04:00:00
1004,265.39,261.47,24791834,267.11,261.33,262.8825,273069,2022-08-31 04:00:00
1005,258.87,260.4,23263431,260.89,255.41,258.2566,332384,2022-09-01 04:00:00
1006,261.695,256.06,22855380,264.74,254.47,258.8321,308514,2022-09-02 04:00:00
1007,256.2,253.25,21328242,257.83,251.94,254.1903,295717,2022-09-06 04:00:00
1008,254.7,258.09,24126700,258.83,253.22,256.7283,259248,2022-09-07 04:00:00
1009,257.51,258.52,20319911,260.43,254.79,257.6878,256506,2022-09-08 04:00:00
1010,260.5,264.46,22093190,265.23,260.29,263.845,279508,2022-09-09 04:00:00
1011,265.78,266.65,18747690,267.45,265.16,266.392,230393,2022-09-12 04:00:00
1012,258.84,251.99,33353318,260.4,251.59,254.603,431420,2022-09-13 04:00:00
1013,253.53,252.22,23912954,254.23,249.86,252.032,303097,2022-09-14 04:00:00
1014,249.77,245.38,31530948,251.4,244.02,246.6039,437477,2022-09-15 04:00:00
1015,244.26,244.74,39758168,245.3,242.0627,243.9454,363897,2022-09-16 04:00:00
1016,242.465,244.52,26826931,245.14,240.85,243.2548,327277,2022-09-19 04:00:00
1017,242.065,242.45,26660299,243.51,239.64,241.8909,322476,2022-09-20 04:00:00
1018,244.27,238.95,28625557,247.66,238.9,242.6906,356095,2022-09-21 04:00:00
1019,237.8704,240.98,31058162,243.86,237.57,240.7113,368591,2022-09-22 04:00:00
1020,239.54,237.92,34126048,241.13,235.2,238.2822,402915,2022-09-23 04:00:00
1021,237.045,237.45,27435190,241.45,236.9,238.5748,298277,2022-09-26 04:00:00
1022,239.98,236.41,27018732,241.8,234.5,237.0677,313534,2022-09-27 04:00:00
1023,236.81,241.07,28969679,242.33,234.73,239.2601,321343,2022-09-28 04:00:00
1024,238.89,237.5,27467433,239.95,234.41,236.4609,324999,2022-09-29 04:00:00
1025,238.29,232.9,35692780,240.54,232.73,235.717,349460,2022-09-30 04:00:00
1026,235.41,240.74,28855357,241.61,234.66,238.9979,310569,2022-10-03 04:00:00
1027,245.09,248.88,34888416,250.36,244.975,248.3777,363475,2022-10-04 04:00:00
1028,245.99,249.2,20316136,250.58,244.1,247.5403,240366,2022-10-05 04:00:00
1029,247.93,246.79,20239886,250.34,246.08,247.8246,248352,2022-10-06 04:00:00
1030,240.902,234.24,37737102,241.32,233.17,235.5773,434172,2022-10-07 04:00:00
1031,233.05,229.25,29743608,234.559,226.73,229.7802,379327,2022-10-10 04:00:00
1032,227.62,225.41,30473954,229.06,224.11,226.3341,349682,2022-10-11 04:00:00
1033,225.4,225.75,21903937,227.86,223.96,225.9151,260518,2022-10-12 04:00:00
1034,219.85,234.24,42551818,236.1,219.13,230.3739,489794,2022-10-13 04:00:00
1035,235.54,228.56,30198588,237.24,228.34,230.805,342373,2022-10-14 04:00:00
1036,235.82,237.53,28142268,238.96,235.135,237.102,305966,2022-10-17 04:00:00
1037,243.24,238.5,26329591,243.93,235.37,239.04,325506,2022-10-18 04:00:00
1038,237.04,236.48,19985698,239.61,234.29,236.6482,232870,2022-10-19 04:00:00
1039,235.77,236.15,21811015,241.31,234.87,237.1951,255775,2022-10-20 04:00:00
1040,234.74,242.12,26299733,243,234.5,239.3394,290614,2022-10-21 04:00:00
1041,243.76,247.25,24781432,247.84,241.295,245.3763,321981,2022-10-24 04:00:00
1042,247.26,250.66,34775505,251.04,245.83,247.9143,431898,2022-10-25 04:00:00
1043,231.17,231.32,82684846,238.3,230.06,233.5731,979052,2022-10-26 04:00:00
1044,231.04,226.75,40424645,233.69,225.78,227.6391,502651,2022-10-27 04:00:00
1045,226.24,235.87,40647724,236.6,226.05,233.1644,453458,2022-10-28 04:00:00
1046,233.76,232.13,28357265,234.92,231.15,232.713,310749,2022-10-31 04:00:00
1047,234.6,228.17,30582271,235.74,227.325,229.2736,355473,2022-11-01 04:00:00
1048,229.46,220.1,38400237,231.3,220.04,224.7701,463714,2022-11-02 04:00:00
1049,220.09,214.25,36633922,220.41,213.98,216.6521,461770,2022-11-03 04:00:00
1050,217.55,221.39,36789063,221.59,213.431,218.3495,410751,2022-11-04 04:00:00
1051,221.99,227.87,33497979,228.41,221.28,225.8583,346832,2022-11-07 05:00:00
1052,228.7,228.87,28192548,231.65,225.84,229.2191,328460,2022-11-08 05:00:00
1053,227.37,224.51,27851835,228.6327,224.33,225.9814,275026,2022-11-09 05:00:00
1054,235.43,242.98,46268021,243.33,235,239.8423,490190,2022-11-10 05:00:00
1055,242.99,247.11,34620246,247.99,241.93,245.5838,368001,2022-11-11 05:00:00
1056,241.985,241.55,31123340,243.91,239.21,242.0967,351680,2022-11-14 05:00:00
1057,245.66,241.97,31380517,247,240.03,243.3448,377449,2022-11-15 05:00:00
1058,242.79,241.73,24093272,243.8,240.42,242.0599,270175,2022-11-16 05:00:00
1059,237.78,241.68,23123544,243.25,237.63,241.2058,267476,2022-11-17 05:00:00
1060,243.51,241.22,27613523,243.74,239.03,240.7679,265827,2022-11-18 05:00:00
1061,241.43,242.05,26393200,244.67,241.19,242.283,270839,2022-11-21 05:00:00
1062,243.59,245.03,19665699,245.31,240.71,243.6504,216514,2022-11-22 05:00:00
1063,245.105,247.58,19508462,248.28,244.27,246.8767,229081,2022-11-23 05:00:00
1064,247.31,247.49,9200772,248.7,246.73,247.6767,126714,2022-11-25 05:00:00
1065,246.08,241.76,24810271,246.65,240.8,242.5337,273059,2022-11-28 05:00:00
1066,241.4,240.33,17956313,242.79,238.21,240.2757,222057,2022-11-29 05:00:00
1067,240.57,255.14,47594239,255.33,239.86,250.4124,448911,2022-11-30 05:00:00
1068,253.87,254.69,26028524,256.12,250.9156,254.3605,352798,2022-12-01 05:00:00
1069,249.82,255.02,21528520,256.06,249.69,253.1141,278398,2022-12-02 05:00:00
1070,252.01,250.2,23435294,253.819,248.06,250.6795,276722,2022-12-05 05:00:00
1071,250.82,245.12,22463727,251.86,243.78,246.1697,274238,2022-12-06 05:00:00
1072,244.83,244.37,20479222,246.16,242.205,244.4617,226749,2022-12-07 05:00:00
1073,244.84,247.4,22611757,248.74,243.06,246.7518,248284,2022-12-08 05:00:00
1074,244.695,245.42,20609743,248.31,244.16,246.2204,238476,2022-12-09 05:00:00
1075,247.445,252.51,30665069,252.54,247.17,250.9043,325566,2022-12-12 05:00:00
1076,261.69,256.92,42192634,263.915,253.07,258.0996,486403,2022-12-13 05:00:00
1077,257.13,257.22,35376633,262.588,254.31,258.7836,458426,2022-12-14 05:00:00
1078,253.72,249.01,35568093,254.2,247.34,249.5733,380775,2022-12-15 05:00:00
1079,248.55,244.69,86101994,249.84,243.51,245.2971,388901,2022-12-16 05:00:00
1080,244.86,240.45,29696436,245.21,238.71,240.6751,333301,2022-12-19 05:00:00
1081,239.4,241.8,25115802,242.91,238.42,241.363,255790,2022-12-20 05:00:00
1082,241.69,244.43,23690607,245.615,240.11,244.0321,249789,2022-12-21 05:00:00
1083,241.255,238.19,28651664,241.99,233.87,237.1404,349537,2022-12-22 05:00:00
1084,236.11,238.73,21206982,238.87,233.9428,237.2671,258172,2022-12-23 05:00:00
1085,238.7,236.96,16688648,238.93,235.83,237.264,226696,2022-12-27 05:00:00
1086,236.89,234.53,17457104,239.72,234.17,236.25,215793,2022-12-28 05:00:00
1087,235.65,241.01,19770693,241.92,235.65,240.1837,224833,2022-12-29 05:00:00
1088,238.21,239.82,21938472,239.96,236.66,238.6986,244268,2022-12-30 05:00:00
1089,243.08,239.58,25740036,245.75,237.4,239.8394,314904,2023-01-03 05:00:00
1090,232.275,229.1,50623394,232.87,225.96,228.5518,679231,2023-01-04 05:00:00
1091,227.2,222.31,39577823,227.55,221.7602,223.604,471302,2023-01-05 05:00:00
1092,223,224.93,43613574,225.7601,219.35,223.3788,495762,2023-01-06 05:00:00
1093,226.45,227.12,27369784,231.2366,226.41,228.5989,363680,2023-01-09 05:00:00
1094,227.755,228.85,27033881,231.31,227.33,228.7878,334659,2023-01-10 05:00:00
1095,231.29,235.77,28633081,235.95,231.11,233.9843,340052,2023-01-11 05:00:00
1096,235.26,238.51,27269486,239.9,233.56,237.813,400489,2023-01-12 05:00:00
1097,237.002,239.23,21333265,239.37,234.92,237.4748,300118,2023-01-13 05:00:00
1098,237.97,240.35,29831257,240.91,237.09,239.6706,370168,2023-01-17 05:00:00
1099,241.565,235.81,30028692,242.38,235.52,237.875,377927,2023-01-18 05:00:00
1100,233.78,231.93,28592433,235.52,230.68,232.5374,362262,2023-01-19 05:00:00
1101,234.855,240.22,35249809,240.74,234.51,238.2032,364051,2023-01-20 05:00:00
1102,241.1,242.58,31933951,245.165,239.65,242.7509,413335,2023-01-23 05:00:00
1103,242.5,242.04,40218444,243.95,240.44,243.7867,512442,2023-01-24 05:00:00
1104,234.48,240.61,66526641,243.3,230.9,237.4755,745426,2023-01-25 05:00:00
1105,243.65,248,33454491,248.31,242,245.411,401891,2023-01-26 05:00:00
1106,248.99,248.16,26498939,249.83,246.83,248.3935,336282,2023-01-27 05:00:00
1107,244.51,242.71,25867365,245.6,242.2,243.2164,308895,2023-01-30 05:00:00
1108,243.45,247.81,26541072,247.95,242.945,246.5374,256082,2023-01-31 05:00:00
1109,248,252.75,31259912,255.18,245.47,250.3172,386960,2023-02-01 05:00:00
1110,258.82,264.6,39931837,264.69,257.25,261.6241,533818,2023-02-02 05:00:00
1111,259.542,258.35,29059256,264.2,257.1,259.9308,408058,2023-02-03 05:00:00
1112,257.44,256.77,22517997,258.3,254.78,256.76,276674,2023-02-06 05:00:00
1113,260.53,267.56,50841365,268.775,260.08,264.6898,618791,2023-02-07 05:00:00
1114,273.2,266.73,54674349,276.76,266.21,270.3434,659530,2023-02-08 05:00:00
1115,273.8,263.62,42375102,273.98,262.8,267.304,472027,2023-02-09 05:00:00
1116,261.53,263.1,25808489,264.09,260.662,262.4025,334145,2023-02-10 05:00:00
1117,267.64,271.32,44614921,274.6,267.15,271.4438,499425,2023-02-13 05:00:00
1118,272.67,272.17,37047924,274.97,269.28,272.0367,471699,2023-02-14 05:00:00
1119,268.32,269.32,28962163,270.73,266.18,268.4251,370701,2023-02-15 05:00:00
1120,264.02,262.15,29529391,266.74,261.9,264.1021,389910,2023-02-16 05:00:00
1121,259.39,258.06,29998205,260.09,256,257.6854,392723,2023-02-17 05:00:00
1122,254.48,252.67,28372844,255.49,251.59,253.0254,341324,2023-02-21 05:00:00
1123,254.09,251.51,22491056,254.34,250.34,252.2065,276380,2023-02-22 05:00:00
1124,255.56,254.77,29219095,256.84,250.48,253.9406,366248,2023-02-23 05:00:00
1125,249.96,249.22,24860205,251,248.1,249.4099,339809,2023-02-24 05:00:00
1126,252.46,250.16,21184867,252.82,249.39,250.4964,267766,2023-02-27 05:00:00
1127,249.07,249.42,22490950,251.49,248.73,249.7791,250572,2023-02-28 05:00:00
1128,250.76,246.27,27530059,250.93,245.79,247.4368,331723,2023-03-01 05:00:00
1129,246.55,251.11,24795896,251.4,245.61,248.8533,317083,2023-03-02 05:00:00
1130,252.19,255.29,30760136,255.62,251.39,254.6492,326868,2023-03-03 05:00:00
1131,256.425,256.87,24099799,260.12,255.98,257.791,304174,2023-03-06 05:00:00
1132,256.3,254.15,21473179,257.69,253.39,254.9132,331543,2023-03-07 05:00:00
1133,254.04,253.7,17281277,254.5417,250.81,252.804,266009,2023-03-08 05:00:00
1134,255.82,252.32,26652187,259.56,251.58,255.2369,379554,2023-03-09 05:00:00
1135,251.08,248.59,28273930,252.79,247.6,249.6614,412570,2023-03-10 05:00:00
1136,247.4,253.92,33292721,257.91,245.73,253.747,444778,2023-03-13 04:00:00
1137,256.75,260.79,33614078,261.07,255.86,259.1414,424540,2023-03-14 04:00:00
1138,259.98,265.44,45990647,266.48,259.21,263.7382,609854,2023-03-15 04:00:00
1139,265.205,276.2,54832140,276.56,263.28,272.5174,689137,2023-03-16 04:00:00
1140,278.26,279.43,69527371,283.33,276.3201,279.3912,695574,2023-03-17 04:00:00
1141,276.98,272.23,43466649,277.48,269.85,272.0137,604272,2023-03-20 04:00:00
1142,274.88,273.78,34545504,275,269.5191,272.3447,425457,2023-03-21 04:00:00
1143,273.4,272.29,34871230,281.04,272.18,275.8227,486919,2023-03-22 04:00:00
1144,277.94,277.66,36610879,281.06,275.2,278.2622,447986,2023-03-23 04:00:00
1145,277.24,280.57,28199962,280.63,275.28,278.6135,391637,2023-03-24 04:00:00
1146,280.5,276.38,26840212,281.4589,275.52,277.6231,336991,2023-03-27 04:00:00
1147,275.79,275.23,21878647,276.14,272.0451,273.8328,288361,2023-03-28 04:00:00
1148,278.96,280.51,25087032,281.1398,278.41,279.8952,312671,2023-03-29 04:00:00
1149,284.23,284.05,25053410,284.46,281.48,283.1788,338299,2023-03-30 04:00:00
1150,283.73,288.3,32765976,289.27,283,286.5132,398970,2023-03-31 04:00:00
1151,286.52,287.23,24743342,288.27,283.95,286.2717,351148,2023-04-03 04:00:00
1152,287.23,287.18,25824299,290.4499,285.67,287.9298,351664,2023-04-04 04:00:00
1153,285.85,284.34,22064770,287.15,282.92,284.4017,315075,2023-04-05 04:00:00
1154,283.21,291.6,29770334,292.08,282.03,288.6584,391332,2023-04-06 04:00:00
1155,289.208,289.39,23095494,289.6,284.71,287.7271,320739,2023-04-10 04:00:00
1156,285.75,282.83,27011589,285.98,281.64,283.2909,397668,2023-04-11 04:00:00
1157,284.79,283.49,27392932,287.01,281.96,284.4641,392791,2023-04-12 04:00:00
1158,283.59,289.84,24212878,289.9,283.17,288.1325,319817,2023-04-13 04:00:00
1159,287,286.14,20982817,288.48,283.69,285.9764,325336,2023-04-14 04:00:00
1160,289.93,288.8,23836223,291.6,286.16,288.2686,327268,2023-04-17 04:00:00
1161,291.57,288.37,20129345,291.755,287.01,288.499,283384,2023-04-18 04:00:00
1162,285.99,288.45,17150271,289.05,284.54,287.4678,280116,2023-04-19 04:00:00
1163,285.25,286.11,23244363,289.03,285.08,286.6919,307055,2023-04-20 04:00:00
1164,285.01,285.76,21676387,286.27,283.0608,285.0868,312673,2023-04-21 04:00:00
1165,282.09,281.77,26611014,284.95,278.72,281.7132,420683,2023-04-24 04:00:00
1166,279.51,275.42,45759736,281.6,275.37,280.4904,616117,2023-04-25 04:00:00
1167,296.7,295.37,64542982,299.57,292.73,296.0297,870311,2023-04-26 04:00:00
1168,295.97,304.83,46462608,305.2,295.25,302.55,650723,2023-04-27 04:00:00
1169,304.01,307.26,36469613,308.93,303.31,306.256,496688,2023-04-28 04:00:00
1170,306.97,305.56,21267115,308.6,305.15,306.615,316909,2023-05-01 04:00:00
1171,307.76,305.41,26404431,309.18,303.91,306.093,393439,2023-05-02 04:00:00
1172,306.62,304.4,22360754,308.61,304.09,305.7745,352104,2023-05-03 04:00:00
1173,306.24,305.41,22519907,307.7626,303.4,305.777,311224,2023-05-04 04:00:00
1174,305.72,310.65,28196052,311.97,304.27,309.5482,381026,2023-05-05 04:00:00
1175,310.13,308.65,21308813,310.2,306.09,308.0936,335929,2023-05-08 04:00:00
1176,308,307,21340829,310.04,306.31,307.7179,299950,2023-05-09 04:00:00
1177,308.62,312.31,30078044,313,307.67,310.9026,398456,2023-05-10 04:00:00
1178,310.1,310.11,31680179,311.12,306.2601,309.3559,381620,2023-05-11 04:00:00
1179,310.55,308.97,19672946,310.65,306.6,308.1878,298800,2023-05-12 04:00:00
1180,309.095,309.46,16336547,309.905,307.59,309.0666,269983,2023-05-15 04:00:00
1181,309.83,311.74,25680347,313.71,309.83,312.432,352425,2023-05-16 04:00:00
1182,312.29,314,24315012,314.43,310.74,313.0997,308657,2023-05-17 04:00:00
1183,314.53,318.52,27275991,319.04,313.72,317.1105,386415,2023-05-18 04:00:00
1184,316.74,318.34,27543551,318.75,316.37,317.8475,325653,2023-05-19 04:00:00
1185,318.6,321.18,24115664,322.59,318.01,320.8507,342361,2023-05-22 04:00:00
1186,320.03,315.26,30797173,322.72,315.25,317.7116,430792,2023-05-23 04:00:00
1187,314.73,313.85,23384887,316.5,312.61,314.2333,353391,2023-05-24 04:00:00
1188,323.24,325.92,43205743,326.9,320,324.1808,549354,2023-05-25 04:00:00
1189,324.02,332.89,36630633,333.4,323.88,330.8431,509702,2023-05-26 04:00:00
1190,335.23,331.21,29503070,335.74,330.52,332.3713,522152,2023-05-30 04:00:00
1191,332.29,328.39,45950553,335.94,327.33,329.8836,494039,2023-05-31 04:00:00
1192,325.93,332.58,26773851,333.53,324.72,330.6137,412274,2023-06-01 04:00:00
1193,334.247,335.4,25853669,337.5,332.55,334.9782,392402,2023-06-02 04:00:00
1194,335.22,335.94,21307053,338.5599,334.6601,336.6865,374635,2023-06-05 04:00:00
1195,335.33,333.68,20396223,335.37,332.17,333.7197,339188,2023-06-06 04:00:00
1196,331.65,323.38,40706629,334.49,322.5,325.7113,615252,2023-06-07 04:00:00
1197,323.935,325.26,23260258,326.64,323.35,325.0463,373419,2023-06-08 04:00:00
1198,324.99,326.79,22528950,329.99,324.41,327.3052,367279,2023-06-09 04:00:00
1199,328.58,331.85,24281753,332.0999,325.16,329.5156,390478,2023-06-12 04:00:00
1200,334.465,334.29,22801279,336.98,330.39,333.4592,356040,2023-06-13 04:00:00
1201,334.34,337.34,26003791,339.04,332.81,336.4501,456396,2023-06-14 04:00:00
1202,337.48,348.1,38852845,349.84,337.2,345.5015,594418,2023-06-15 04:00:00
1203,351.32,342.33,46546285,351.47,341.95,345.87,481102,2023-06-16 04:00:00
1204,339.31,338.05,26333307,342.08,335.86,338.2942,421893,2023-06-20 04:00:00
1205,336.37,333.56,25117799,337.73,332.07,334.2187,386737,2023-06-21 04:00:00
1206,334.12,339.71,23556764,340.12,333.34,337.7777,374340,2023-06-22 04:00:00
1207,334.36,335.02,23146901,337.96,333.45,335.5853,351843,2023-06-23 04:00:00
1208,333.72,328.6,21520582,336.11,328.49,330.8935,391852,2023-06-26 04:00:00
1209,331.86,334.57,24353972,336.15,329.3,333.4372,345545,2023-06-27 04:00:00
1210,334.66,335.85,20259523,337.98,333.81,335.7149,327478,2023-06-28 04:00:00
1211,334.71,335.05,16997042,336.11,332.62,334.6334,276397,2023-06-29 04:00:00
1212,337.75,340.54,26832756,342.73,337.2,340.6447,364616,2023-06-30 04:00:00
1213,339.19,337.99,12507092,340.9,336.571,338.2957,252534,2023-07-03 04:00:00
1214,335.09,338.15,18172378,341.65,334.7276,338.6334,346745,2023-07-05 04:00:00
1215,337.3,341.27,28195534,342.99,335.5,340.0806,453686,2023-07-06 04:00:00
1216,339.32,337.22,21208974,341.79,337,339.134,336861,2023-07-07 04:00:00
1217,334.6,331.83,32739449,335.23,327.59,330.9423,551490,2023-07-10 04:00:00
1218,331.06,332.47,26698218,332.86,327,330.6934,428341,2023-07-11 04:00:00
1219,336.6,337.2,29995262,341.652,335.67,337.9785,443122,2023-07-12 04:00:00
1220,339.56,342.66,20567159,343.74,339.02,341.6023,352822,2023-07-13 04:00:00
1221,347.59,345.24,28349069,351.43,344.31,347.4862,474705,2023-07-14 04:00:00
1222,345.678,345.73,20363927,346.99,342.2,345.3375,354554,2023-07-17 04:00:00
1223,345.83,359.49,64851305,366.78,342.17,358.335,903519,2023-07-18 04:00:00
1224,361.75,355.08,39720401,362.46,352.435,356.9136,627574,2023-07-19 04:00:00
1225,353.57,346.87,33729395,357.97,345.37,349.2517,537719,2023-07-20 04:00:00
1226,349.15,343.77,69402882,350.3,339.83,344.6154,533848,2023-07-21 04:00:00
1227,345.85,345.11,26724646,346.92,342.31,344.8138,387230,2023-07-24 04:00:00
1228,347.11,350.98,41614439,351.89,345.07,348.2785,622408,2023-07-25 04:00:00
1229,341.44,337.77,58383702,344.67,333.11,337.2226,990567,2023-07-26 04:00:00
1230,340.48,330.72,39611012,341.33,329.05,334.6987,745452,2023-07-27 04:00:00
1231,333.67,338.37,28449068,340.01,333.17,337.4318,447434,2023-07-28 04:00:00
1232,336.92,335.92,25445972,337.695,333.36,335.1445,461944,2023-07-31 04:00:00
1233,335.19,336.34,18381253,338.54,333.7,336.4363,332085,2023-08-01 04:00:00
1234,333.63,327.5,27759757,333.63,326.3551,328.8435,521033,2023-08-02 04:00:00
1235,326,326.66,18360352,329.88,325.95,327.6559,323370,2023-08-03 04:00:00
1236,331.88,327.78,23741484,335.14,327.24,330.8896,430655,2023-08-04 04:00:00
1237,328.37,330.11,17023526,331.11,327.52,329.5521,307078,2023-08-07 04:00:00
1238,326.96,326.05,22274170,328.75,323,325.1445,389123,2023-08-08 04:00:00
1239,326.47,322.23,22339508,327.11,321.0499,323.2968,352448,2023-08-09 04:00:00
1240,326.015,322.93,20103165,328.26,321.18,323.9963,295450,2023-08-10 04:00:00
1241,320.26,321.01,24355491,322.41,319.21,321.0487,355599,2023-08-11 04:00:00
1242,321.39,324.04,18814579,324.06,320.08,322.6942,302315,2023-08-14 04:00:00
1243,323,321.86,16813785,325.09,320.9034,322.9819,294672,2023-08-15 04:00:00
1244,320.8,320.4,20698864,324.42,319.8035,321.7008,299352,2023-08-16 04:00:00
1245,320.54,316.88,21257161,321.87,316.21,318.3484,342111,2023-08-17 04:00:00
1246,314.49,316.48,24751706,318.38,311.5508,315.3222,404544,2023-08-18 04:00:00
1247,317.93,321.88,23989956,322.77,317.04,320.4589,358127,2023-08-21 04:00:00
1248,325.5,322.46,16018024,326.075,321.46,323.4052,294427,2023-08-22 04:00:00
1249,323.82,327,21164682,329.2,323.46,327.3649,289589,2023-08-23 04:00:00
1250,332.85,319.97,23277194,332.98,319.96,323.1078,338014,2023-08-24 04:00:00
1251,321.47,322.98,21684104,325.36,318.8001,322.1106,318092,2023-08-25 04:00:00
1252,325.66,323.7,14808482,326.15,321.722,323.4131,248204,2023-08-28 04:00:00
1253,321.88,328.41,19284590,328.9835,321.88,327.1681,299190,2023-08-29 04:00:00
1254,328.67,328.79,15222110,329.81,326.445,328.5478,251172,2023-08-30 04:00:00
1255,329.2,327.76,26466215,330.9099,326.78,328.0883,271746,2023-08-31 04:00:00
