WTER,open_price,close_price,trading_volume,highest_price,lowest_price,volume_weighted_avg_price,transaction_amt,date_time
0,77.25,77.7,47348.4,82.5,72,78.0465,2669,2018-12-10 05:00:00
1,82.5,73.5,27600.1333,83.4375,72,77.1915,1736,2018-12-11 05:00:00
2,76.8,72.9,17227,77.25,70.2,72.3525,1193,2018-12-12 05:00:00
3,77.1,64.2,24631.5333,77.25,63.15,70.4655,1513,2018-12-13 05:00:00
4,61.5,67.95,12116.5333,68.775,58.65,63.5145,810,2018-12-14 05:00:00
5,68.85,67.05,8980.2667,71.043,63.9555,67.3365,566,2018-12-17 05:00:00
6,67.5,61.2,11952.4,69.615,60,63.5805,829,2018-12-18 05:00:00
7,63.45,59.55,11940.3333,64.65,58.65,60.408,781,2018-12-19 05:00:00
8,59.55,54.6,15646.3333,59.55,48.75,54.624,937,2018-12-20 05:00:00
9,55.65,47.1,25003.6,55.65,43.2,47.691,1225,2018-12-21 05:00:00
10,45,43.35,5784.3333,46.5,41.85,43.851,367,2018-12-24 05:00:00
11,46.35,47.4,12240.3333,52.5,44.1,48.657,620,2018-12-26 05:00:00
12,48,48.45,14418.7333,55.95,45.45,50.6625,683,2018-12-27 05:00:00
13,48.9,48.6,12013.1333,52.35,48,49.296,673,2018-12-28 05:00:00
14,50.7,46.35,8439.8,50.7,45,47.7045,444,2018-12-31 05:00:00
15,45.45,44.25,12954.5333,47.4,42,44.064,706,2019-01-02 05:00:00
16,44.7,40.2,23002.7333,44.7,39.75,41.265,898,2019-01-03 05:00:00
17,40.5,43.32,25370.4667,45.45,36.75,40.617,1115,2019-01-04 05:00:00
18,43.5,41.25,14936.6667,43.941,39.75,41.7855,810,2019-01-07 05:00:00
19,42.75,40.8,22267.3333,42.75,37.8,39.642,935,2019-01-08 05:00:00
20,42,39.6,21283.4667,42,37.2,38.391,930,2019-01-09 05:00:00
21,40.35,39.75,10522.8,40.35,37.8,39.105,570,2019-01-10 05:00:00
22,39.75,46.9425,56706.6,47.4,38.7,43.9485,2652,2019-01-11 05:00:00
23,55.2,56.25,157767.7333,57,51,54.7455,7892,2019-01-14 05:00:00
24,62.25,54.75,149126.8,64.5,49.5,57.8025,7172,2019-01-15 05:00:00
25,53.4,50.25,49641.5333,53.7,48,50.376,2160,2019-01-16 05:00:00
26,52.5,55.65,72197,57.7095,51.09,54.6225,3344,2019-01-17 05:00:00
27,56.7,54.9,53714.4667,56.94,52.65,54.774,2446,2019-01-18 05:00:00
28,54.9,56.1,55900.0667,56.25,51.15,54.5655,3012,2019-01-22 05:00:00
29,57.15,53.7,68679.5333,57.6,51.75,53.8995,2560,2019-01-23 05:00:00
30,54.15,54.6,25500.0667,54.6,50.4,52.2585,1333,2019-01-24 05:00:00
31,55.5,54,22176.9333,55.5,52.05,53.601,1029,2019-01-25 05:00:00
32,54,54.75,26040.2667,54.75,52.35,53.604,1118,2019-01-28 05:00:00
33,55.2,54,20960.0667,55.2,52.35,53.3955,873,2019-01-29 05:00:00
34,53.7,51.75,24795.9333,53.85,51,52.293,1007,2019-01-30 05:00:00
35,51.3,51,16198.5333,51.9,50.7,51.327,732,2019-01-31 05:00:00
36,51.45,50.25,24196.8667,51.75,48.75,50.121,948,2019-02-01 05:00:00
37,51.15,57.45,188762.8,59.85,50.25,56.466,8334,2019-02-04 05:00:00
38,61.5,57.3,153845.2,62.7,54.45,58.836,6106,2019-02-05 05:00:00
39,57.3,57,41571.6667,57.75,54.15,55.791,1935,2019-02-06 05:00:00
40,56.1,57.6,28634.9333,57.6,54.1515,55.812,1287,2019-02-07 05:00:00
41,58.05,58.2,32543.2667,59.25,55.65,57.9375,1458,2019-02-08 05:00:00
42,58.5,56.85,27729,58.5,54.75,56.7525,1335,2019-02-11 05:00:00
43,56.4,55.5,32138.4667,56.5485,54.45,55.2015,1501,2019-02-12 05:00:00
44,55.5,54.3,28259.2,55.5,53.25,54.156,1253,2019-02-13 05:00:00
45,54,53.85,31204,54.75,52.5,53.655,1328,2019-02-14 05:00:00
46,55.5,52.2,40505.5333,55.95,51.6,53.199,2199,2019-02-15 05:00:00
47,52.35,51.3,40730.2,53.85,50.85,51.759,2081,2019-02-19 05:00:00
48,51.3,50.4,21637.1333,51.3,49.65,50.3685,1279,2019-02-20 05:00:00
49,50.85,50.7,52657.6667,52.35,47.25,49.395,2362,2019-02-21 05:00:00
50,51.45,52.2,21747.5333,53.85,51,52.1415,1119,2019-02-22 05:00:00
51,52.5,49.95,26895.2667,52.95,49.5,50.655,1349,2019-02-25 05:00:00
52,51.15,50.25,23617.2,51.15,48.15,49.2045,1373,2019-02-26 05:00:00
53,50.25,48.45,24237.1333,50.25,48,48.7275,1646,2019-02-27 05:00:00
54,48.75,51.15,32379.4667,51.45,48.156,50.124,1914,2019-02-28 05:00:00
55,51,50.25,14779.1333,51.75,49.95,50.532,927,2019-03-01 05:00:00
56,51,49.95,19689.8667,51,47.55,48.9345,1429,2019-03-04 05:00:00
57,50.7,51.75,56176.3333,52.35,48.456,50.832,2561,2019-03-05 05:00:00
58,51.75,50.4,19299.2,51.75,49.05,50.184,1048,2019-03-06 05:00:00
59,50.55,48,33842.8667,51.213,47.4,47.3985,2431,2019-03-07 05:00:00
60,40.2,41.25,193036.1333,44.55,38.25,40.3935,11345,2019-03-08 05:00:00
61,40.05,41.1,54844.6667,41.7,39.9,40.83,4918,2019-03-11 04:00:00
62,41.55,43.05,138218,47.1,41.55,44.0325,8525,2019-03-12 04:00:00
63,42.75,45,84991.9333,46.95,42.75,45.237,4908,2019-03-13 04:00:00
64,46.5,46.2,65364.6,47.85,45.45,46.4685,4675,2019-03-14 04:00:00
65,46.35,43.05,174947.6,47.25,42.3,43.4535,4969,2019-03-15 04:00:00
66,43.2,43.65,43505.6667,44.403,42,43.317,2350,2019-03-18 04:00:00
67,43.95,43.65,37855.5333,44.1,42.15,43.2105,1820,2019-03-19 04:00:00
68,43.35,42.9,31164,43.575,41.7,42.7635,1869,2019-03-20 04:00:00
69,42.45,42,53255.5333,42.6,40.95,41.4795,2878,2019-03-21 04:00:00
70,41.7,40.65,20748.2,42,40.65,41.0625,1222,2019-03-22 04:00:00
71,40.5,37.95,31388.3333,40.65,37.8,39.3675,2117,2019-03-25 04:00:00
72,38.25,39,41691.8,41.1,37.95,39.507,2311,2019-03-26 04:00:00
73,39,38.1,28329.7333,39.735,37.5,38.214,1637,2019-03-27 04:00:00
74,38.25,35.7,42449.8,38.4,34.8,36.3075,2351,2019-03-28 04:00:00
75,35.85,35.85,21254.8,37.05,35.1,35.751,1223,2019-03-29 04:00:00
76,36.45,36.15,36004.7333,37.5,35.55,36.342,2297,2019-04-01 04:00:00
77,36.15,33.9,61695.2,36.27,33,34.362,3059,2019-04-02 04:00:00
78,34.95,32.25,61926,34.95,31.2,32.478,2948,2019-04-03 04:00:00
79,32.55,32.85,29733.9333,33.576,32.1015,32.709,2161,2019-04-04 04:00:00
80,33.3,32.1,41724.9333,34.2,31.35,32.826,1922,2019-04-05 04:00:00
81,32.55,34.5,131097.8,38.7,32.25,35.2905,5371,2019-04-08 04:00:00
82,35.85,33.6,42247.8667,35.85,32.4,33.882,2030,2019-04-09 04:00:00
83,34.2,33.75,16907.7333,34.5,33,33.465,875,2019-04-10 04:00:00
84,34.8,37.05,131537.7333,38.496,34.3605,36.9405,5787,2019-04-11 04:00:00
85,39.3,38.85,127475.2,42,37.05,39.372,7054,2019-04-12 04:00:00
86,39.15,37.05,53252.4,39.75,34.3575,36.726,2175,2019-04-15 04:00:00
87,36.9,35.7,22387.2,37.35,35.25,35.8275,1354,2019-04-16 04:00:00
88,35.85,34.35,20371.8,35.85,34.2,34.6575,1465,2019-04-17 04:00:00
89,34.65,35.1,23718.7333,35.4,34.0785,35.031,1155,2019-04-18 04:00:00
90,35.1,34.5,16613.6,36,34.2,34.5375,830,2019-04-22 04:00:00
91,34.5,34.65,18767.8,34.6515,33.75,34.1445,873,2019-04-23 04:00:00
92,34.35,34.8,19229.6,35.25,33.9,34.533,856,2019-04-24 04:00:00
93,36,34.65,19707.2667,36,34.05,34.503,615,2019-04-25 04:00:00
94,35.1,34.5,16053.5333,35.25,33.675,34.497,936,2019-04-26 04:00:00
95,34.05,34.35,16195.2667,35.1,33.15,33.924,1101,2019-04-29 04:00:00
96,35.25,34.05,11100.2667,35.25,33.3,33.687,632,2019-04-30 04:00:00
97,34.35,33.15,17823.5333,34.35,32.55,33.156,956,2019-05-01 04:00:00
98,33,31.5,32832.8,33.15,30,31.059,1467,2019-05-02 04:00:00
99,31.65,31.2,21500.8667,32.4,30.6,31.5705,990,2019-05-03 04:00:00
100,30.75,30.9,14708.4,31.35,30,30.7875,679,2019-05-06 04:00:00
101,30.75,30.75,62429.9333,32.7,30.15,30.9315,1373,2019-05-07 04:00:00
102,31.05,31.35,21018.9333,32.1,30.6,31.146,802,2019-05-08 04:00:00
103,30.75,30.6,14513,31.947,30,30.462,667,2019-05-09 04:00:00
104,30.45,29.7,28380,30.45,28.95,29.814,925,2019-05-10 04:00:00
105,29.25,27.9,25137.5333,30.15,27.75,28.209,962,2019-05-13 04:00:00
106,28.05,29.85,13830.4,30,28.05,29.4075,620,2019-05-14 04:00:00
107,29.55,28.65,10989.2,29.691,28.05,28.752,526,2019-05-15 04:00:00
108,28.5,28.8,13044.2667,28.95,28.05,28.4205,602,2019-05-16 04:00:00
109,28.65,28.5,8047.5333,29.4,28.5,28.83,423,2019-05-17 04:00:00
110,28.5,28.5,9900.5333,29.1,27.9,28.632,716,2019-05-20 04:00:00
111,28.35,27.15,22521.6,28.8,27.15,27.7515,1262,2019-05-21 04:00:00
112,27.45,27.3,30160.2667,27.585,25.5,26.5275,968,2019-05-22 04:00:00
113,27,25.65,17453.9333,27.6,25.35,26.457,838,2019-05-23 04:00:00
114,26.4,26.25,10498.2,27,25.8,26.238,604,2019-05-24 04:00:00
115,26.55,27.3,26170,28.5,26.4,27.5895,1190,2019-05-28 04:00:00
116,26.7,26.4,8420.5333,27,26.25,26.5665,481,2019-05-29 04:00:00
117,26.7,26.1,5782,26.7,25.65,26.0415,417,2019-05-30 04:00:00
118,25.8,23.85,23443.1333,25.8015,23.85,24.879,811,2019-05-31 04:00:00
119,24.15,23.7,39711.3333,24.15,21.6,22.7115,1333,2019-06-03 04:00:00
120,23.7,26.1,36348.6,26.55,23.1,24.9465,1595,2019-06-04 04:00:00
121,26.55,25.05,18107.6667,27.75,24.75,26.1795,857,2019-06-05 04:00:00
122,24.75,23.7,14124.1333,25.377,23.1,23.862,621,2019-06-06 04:00:00
123,23.85,24.3,10949.9333,24.75,23.55,24.0195,602,2019-06-07 04:00:00
124,24.75,25.8,11114.8,26.25,24.45,25.296,667,2019-06-10 04:00:00
125,26.4,25.95,10991.2,26.568,24.75,25.644,529,2019-06-11 04:00:00
126,25.95,24.75,8931.7333,26.55,24,24.915,535,2019-06-12 04:00:00
127,25.2,25.05,7921.4667,25.65,24.6,24.981,546,2019-06-13 04:00:00
128,25.05,25.35,6702.6667,25.65,24.45,25.062,559,2019-06-14 04:00:00
129,25.5,25.2,9233.4667,25.65,24.75,25.281,621,2019-06-17 04:00:00
130,25.35,25.5,7305.8667,25.95,24.75,25.353,549,2019-06-18 04:00:00
131,25.8,25.2,6242.3333,25.8,24.75,25.212,381,2019-06-19 04:00:00
132,25.2,24.9,8661.2,25.8,24.3,25.116,580,2019-06-20 04:00:00
133,24.75,24.45,11605,25.5,24.15,24.8055,547,2019-06-21 04:00:00
134,24.45,24.9,13712.4,25.35,24,24.687,819,2019-06-24 04:00:00
135,24.6,24.45,6697.6,25.1745,24.405,24.6645,470,2019-06-25 04:00:00
136,24.9,28.5,30614.6,28.5,24.45,26.817,1603,2019-06-26 04:00:00
137,28.8,33,106083.3333,34.05,28.608,31.941,3942,2019-06-27 04:00:00
138,33.3,32.7,69323.8667,34.2,31.2,32.46,3317,2019-06-28 04:00:00
139,33.3,34.5,41691.2667,35.25,31.65,33.6855,2043,2019-07-01 04:00:00
140,36.3,32.4,76926.0667,36.75,30,32.916,4343,2019-07-02 04:00:00
141,31.5,32.4,14929.4667,33.6,31.2,32.64,944,2019-07-03 04:00:00
142,31.5,31.2,22902.2667,31.95,30.6,31.152,1117,2019-07-05 04:00:00
143,30,30.6,11093.2,31.35,30,30.4725,813,2019-07-08 04:00:00
144,30.6,30.45,13553.3333,30.6,29.25,29.811,721,2019-07-09 04:00:00
145,30.3,28.95,15137.3333,30.3,28.65,29.4165,817,2019-07-10 04:00:00
146,29.25,29.7,10044.8,30.3,28.95,29.4315,667,2019-07-11 04:00:00
147,29.4,28.35,16854.6667,30,27.75,28.752,876,2019-07-12 04:00:00
148,28.2,27.45,16864.8667,28.803,27,27.645,994,2019-07-15 04:00:00
149,27.45,27.6,11319.2667,28.3575,27,27.4095,870,2019-07-16 04:00:00
150,27.6,26.4,12001.3333,28.35,26.25,26.733,812,2019-07-17 04:00:00
151,26.25,25.8,15293.5333,26.7,25.2,25.9095,875,2019-07-18 04:00:00
152,25.8,27,30025.6,27.6,25.5,26.562,1261,2019-07-19 04:00:00
153,25.95,25.5,37233.1333,27,25.5,26.214,1320,2019-07-22 04:00:00
154,25.8,25.8,26103.8667,27,25.5675,26.2785,1289,2019-07-23 04:00:00
155,25.8,26.55,16750.7333,26.85,25.5,25.9485,894,2019-07-24 04:00:00
156,26.25,26.1,12067.4,26.7,25.65,26.19,467,2019-07-25 04:00:00
157,26.1,26.85,15151.8667,27,26.1,26.817,738,2019-07-26 04:00:00
158,27.6,27,18412.4,27.9,26.25,27.009,925,2019-07-29 04:00:00
159,26.85,27.15,13380.2,27.45,26.55,27.21,877,2019-07-30 04:00:00
160,27.45,27.75,18529.2,27.9,26.5515,27.3165,945,2019-07-31 04:00:00
161,27.75,26.25,20220.6,28.125,25.5,26.7,1041,2019-08-01 04:00:00
162,25.8,28.2,19509.7333,28.5,25.65,27.165,1038,2019-08-02 04:00:00
163,28.2,27,20311.6667,28.2,26.1,27.012,1197,2019-08-05 04:00:00
164,27,26.7,23916.7333,28.5,26.25,27.4125,1554,2019-08-06 04:00:00
165,26.85,28.5,43144.4667,28.5,25.65,27.45,2843,2019-08-07 04:00:00
166,28.5,26.1,46085,28.8,25.5,27.3285,2991,2019-08-08 04:00:00
167,26.25,25.95,19535.6,26.664,25.5,25.986,1651,2019-08-09 04:00:00
168,25.95,24.6,41601.4667,25.95,22.0545,23.6925,1815,2019-08-12 04:00:00
169,24.45,23.85,19533.4,25.191,23.7,24.1725,1074,2019-08-13 04:00:00
170,23.7,22.5,33135.2667,24.033,22.05,22.8105,1478,2019-08-14 04:00:00
171,22.5,23.7,28478.1333,24.15,22.05,23.3775,1707,2019-08-15 04:00:00
172,23.7,23.25,22506.7333,24.45,22.518,23.316,1311,2019-08-16 04:00:00
173,23.25,23.25,10016.1333,23.85,22.65,23.4915,1289,2019-08-19 04:00:00
174,23.25,22.2,18496.6667,23.7,22.05,22.707,1157,2019-08-20 04:00:00
175,22.35,22.65,27968.1333,23.1,21.75,22.3605,1508,2019-08-21 04:00:00
176,22.5,23.1,9917.9333,23.25,22.5,22.8375,416,2019-08-22 04:00:00
177,22.95,21.75,24673.2,23.7,21.75,22.425,1282,2019-08-23 04:00:00
178,22.05,20.85,27791.4667,22.95,20.55,21.6165,1414,2019-08-26 04:00:00
179,21,21.9,23113.9333,22.5,20.85,21.9465,1114,2019-08-27 04:00:00
180,22.2,27,78296,27.75,22.05,25.9155,2949,2019-08-28 04:00:00
181,27.6,27.3,25873,28.05,26.25,27.297,1512,2019-08-29 04:00:00
182,27.45,29.85,64419,30.75,27.45,29.4045,2494,2019-08-30 04:00:00
183,29.85,30,22709.4667,30.15,28.05,29.247,1255,2019-09-03 04:00:00
184,30.45,29.5575,18466.4,30.75,29.4,30.045,1339,2019-09-04 04:00:00
185,31.35,30.75,25422.5333,31.35,29.829,30.8025,966,2019-09-05 04:00:00
186,31.2,32.7,33234.6,33,31.2,32.082,1533,2019-09-06 04:00:00
187,33,34.5,53901.4,34.5,32.85,35.0205,2219,2019-09-09 04:00:00
188,38.4,31.2,210731.7333,42,30.9,35.9475,8763,2019-09-10 04:00:00
189,31.2,32.85,56416.4667,33.75,30.9,32.5545,2718,2019-09-11 04:00:00
190,33,30.9,48662.0667,33,29.85,30.759,2276,2019-09-12 04:00:00
191,31.35,28.8,40387.8,31.35,28.5,29.487,2451,2019-09-13 04:00:00
192,28.95,27.6,47663.2,29.7,26.55,27.4695,2223,2019-09-16 04:00:00
193,27.45,25.8,35409.2,27.45,25.65,26.256,2296,2019-09-17 04:00:00
194,25.8,25.05,33427.8,26.25,24.45,24.963,2172,2019-09-18 04:00:00
195,25.05,26.25,32647.7333,26.25,24.45,25.413,2319,2019-09-19 04:00:00
196,26.55,25.65,29175.1333,26.5515,25.05,25.5465,2132,2019-09-20 04:00:00
197,25.65,25.95,26419.6,27,25.2,25.9185,1813,2019-09-23 04:00:00
198,26.25,25.05,35023.6667,26.7,24.3,25.0395,2150,2019-09-24 04:00:00
199,25.65,23.55,21671.3333,25.65,23.1,24.105,1863,2019-09-25 04:00:00
200,23.4,23.25,17824.8,23.55,22.95,23.2215,1189,2019-09-26 04:00:00
201,23.25,22.65,22108.5333,23.25,22.2,22.758,1200,2019-09-27 04:00:00
202,22.65,22.05,25453.7333,23.2425,21.75,22.3215,1123,2019-09-30 04:00:00
203,22.5,23.1,22732.0667,23.7,21.75,22.5765,966,2019-10-01 04:00:00
204,23.25,22.35,22745.6667,23.25,21,22.0845,909,2019-10-02 04:00:00
205,22.35,22.8,12521.2667,23.1,22.35,22.6785,612,2019-10-03 04:00:00
206,23.55,22.5,19385.5333,23.55,21.9,22.551,611,2019-10-04 04:00:00
207,22.5,22.65,11717.6,23.25,22.35,22.6935,765,2019-10-07 04:00:00
208,22.65,22.65,5717.8,22.95,22.2,22.494,472,2019-10-08 04:00:00
209,23.1,22.8,9490.0667,23.1,22.2,22.656,567,2019-10-09 04:00:00
210,22.8,22.2,12811.2667,22.8,22.05,22.473,623,2019-10-10 04:00:00
211,22.5,22.35,10822.6,22.8,22.2,22.5015,593,2019-10-11 04:00:00
212,22.65,22.8,24254.6667,24.9,22.5,23.688,1316,2019-10-14 04:00:00
213,22.35,22.5,14471.4,23.8215,21.9,22.5795,865,2019-10-15 04:00:00
214,22.65,23.6415,36484.2667,24.75,22.35,23.6055,1940,2019-10-16 04:00:00
215,24.75,23.25,17541.0667,24.75,23.25,23.8005,876,2019-10-17 04:00:00
216,23.55,22.65,17560.1333,23.562,22.2,22.596,1030,2019-10-18 04:00:00
217,22.95,21.6,26932.9333,22.95,21.15,21.879,1513,2019-10-21 04:00:00
218,22.2,21.6,23091.0667,22.5,21,21.4035,1269,2019-10-22 04:00:00
219,21.45,21,15141.1333,21.6,21,21.228,986,2019-10-23 04:00:00
220,21.75,21,25349.1333,21.75,20.55,20.9805,1327,2019-10-24 04:00:00
221,21.15,21.3,20197.9333,21.45,20.5815,21.084,992,2019-10-25 04:00:00
222,21.3,20.55,24042.7333,21.4935,20.25,20.676,1289,2019-10-28 04:00:00
223,20.55,20.55,13536.8667,21,20.4,20.625,708,2019-10-29 04:00:00
224,20.55,20.1,28847.3333,20.55,19.2,19.7175,1358,2019-10-30 04:00:00
225,19.8,19.5,16794,20.25,18.9,19.2945,845,2019-10-31 04:00:00
226,18.9,19.2,18998.6667,20.1,18.3045,19.095,842,2019-11-01 04:00:00
227,19.35,20.4,20140,20.7,19.2,20.1075,1013,2019-11-04 05:00:00
228,20.25,21.15,57353.3333,23.1,20.25,21.8775,2209,2019-11-05 05:00:00
229,22.8,21.75,32254.0667,22.8,21,21.975,1525,2019-11-06 05:00:00
230,21.9,20.7,27217.8667,22.8,20.4,21.3825,1182,2019-11-07 05:00:00
231,20.85,20.7,13683.1333,21.15,20.4,20.691,721,2019-11-08 05:00:00
232,21,21,9472.1333,21.45,20.25,20.5995,656,2019-11-11 05:00:00
233,21,21.297,13881.1333,21.6,20.7,20.9115,619,2019-11-12 05:00:00
234,20.85,20.25,28042.8667,21.3,18.75,20.379,901,2019-11-13 05:00:00
235,19.65,19.65,10844.5333,20.25,19.3695,19.833,506,2019-11-14 05:00:00
236,19.5,19.5,15810.2,19.65,18.75,19.137,706,2019-11-15 05:00:00
237,18.3,18.864,18981.3333,19.4295,18.15,18.8295,708,2019-11-18 05:00:00
238,18.45,17.4,29020.1333,18.75,16.95,17.6925,1077,2019-11-19 05:00:00
239,17.1,17.25,19521.1333,18.3,17.1,17.6145,905,2019-11-20 05:00:00
240,17.55,18.9,38113.2,18.9,17.4,18.1755,1513,2019-11-21 05:00:00
241,18.75,17.4,21660.6667,19.134,17.4,18.0315,805,2019-11-22 05:00:00
242,17.85,17.4,13022.6,18.4365,17.25,17.544,561,2019-11-25 05:00:00
243,17.25,16.65,26540.8,17.4,16.35,16.7655,861,2019-11-26 05:00:00
244,16.8,16.95,15812,17.4,16.5,16.89,734,2019-11-27 05:00:00
245,17.25,17.55,7026.1333,17.55,16.8,17.232,438,2019-11-29 05:00:00
246,17.55,16.8,8959.4,17.7,16.65,17.0835,508,2019-12-02 05:00:00
247,16.8,16.35,15439.9333,17.1,16.35,16.608,648,2019-12-03 05:00:00
248,16.65,16.8,10621.1333,17.25,16.5,16.887,599,2019-12-04 05:00:00
249,16.35,16.8,5796.8667,17.0985,16.35,16.782,444,2019-12-05 05:00:00
250,16.65,16.65,13019.7333,16.95,16.4985,16.6995,504,2019-12-06 05:00:00
251,16.8,18,18857.2,18,16.5,17.3175,925,2019-12-09 05:00:00
252,17.85,17.25,4073.1333,17.85,16.95,17.292,399,2019-12-10 05:00:00
253,16.8,16.65,9292.7333,17.25,16.65,16.872,480,2019-12-11 05:00:00
254,16.8,16.5,11832.0667,17.4,16.5,16.7865,581,2019-12-12 05:00:00
255,16.8,16.35,18091.3333,16.8,16.2,16.4205,775,2019-12-13 05:00:00
256,16.2,15.75,30093.4,16.5,15.45,15.861,1388,2019-12-16 05:00:00
257,15.75,16.8,23335.3333,17.1,15.75,16.668,713,2019-12-17 05:00:00
258,17.1,16.95,37129,18.6,16.8,17.655,1527,2019-12-18 05:00:00
259,17.55,17.4,47155.5333,18.75,17.25,18.0585,1790,2019-12-19 05:00:00
260,18.45,19.05,48512.6,20.1,18,18.906,2079,2019-12-20 05:00:00
261,18.75,19.2,13762.8667,19.65,18.75,19.095,918,2019-12-23 05:00:00
262,18.9,18.9,9172.9333,19.5,18.75,19.014,432,2019-12-24 05:00:00
263,19.2,16.95,36593.6667,19.2,16.65,17.514,1297,2019-12-26 05:00:00
264,16.95,18.75,63529.8667,19.2,16.95,18.3915,2171,2019-12-27 05:00:00
265,18.75,18.9,43883,19.35,18.3,18.924,2145,2019-12-30 05:00:00
266,18.75,19.05,14620.4667,19.35,18.75,19.095,654,2019-12-31 05:00:00
267,19.2,20.55,27508.1333,20.85,19.05,19.923,1116,2020-01-02 05:00:00
268,22.05,19.95,26415.6667,22.05,19.65,20.8905,1083,2020-01-03 05:00:00
269,20.1,20.4,12881.4,20.745,19.95,20.271,739,2020-01-06 05:00:00
270,21.15,20.7,11245.3333,21.3,20.25,20.694,574,2020-01-07 05:00:00
271,20.55,19.5,16812,20.7,19.2,19.7175,779,2020-01-08 05:00:00
272,19.65,19.8,11879.2667,20.1,19.2,19.689,572,2020-01-09 05:00:00
273,19.8,19.8,9540.4667,19.8,19.5,19.6665,520,2020-01-10 05:00:00
274,19.95,21.3,53421.6,21.75,19.5,20.7645,1581,2020-01-13 05:00:00
275,21.75,24.6,79560,25.95,21,23.4525,2619,2020-01-14 05:00:00
276,24.75,25.05,77015.8,26.25,22.65,25.0575,3023,2020-01-15 05:00:00
277,25.5,25.05,24997.5333,26.0985,24,24.933,1089,2020-01-16 05:00:00
278,25.05,23.7,23702.6,25.05,23.25,23.9115,1032,2020-01-17 05:00:00
279,23.7,24.15,15838.4667,24.9,23.4,24.1095,841,2020-01-21 05:00:00
280,24,22.65,17055.8,24.15,22.35,22.9935,922,2020-01-22 05:00:00
281,22.65,22.5,12959.4,22.95,21.9,22.452,778,2020-01-23 05:00:00
282,22.8,21.75,15211.5333,22.8,21.75,21.9225,844,2020-01-24 05:00:00
283,21.75,20.25,23509.2,21.75,19.65,20.661,786,2020-01-27 05:00:00
284,20.55,22.65,17804.5333,22.65,20.55,21.7155,918,2020-01-28 05:00:00
285,22.8,22.05,15459.3333,22.8,21.3,22.23,509,2020-01-29 05:00:00
286,22.05,21.45,9015.6,22.2,21.3,21.552,493,2020-01-30 05:00:00
287,21.3,21,11464.8,21.6,20.85,21.2145,755,2020-01-31 05:00:00
288,21,21.3,13673,22.65,21,21.852,903,2020-02-03 05:00:00
289,21.6,22.2,10046.4667,22.65,21.6,22.2225,755,2020-02-04 05:00:00
290,22.2,21.45,18045.8667,22.56,21.15,21.6315,937,2020-02-05 05:00:00
291,21.6,21.6,7218.8,21.96,21,21.504,519,2020-02-06 05:00:00
292,21.75,22.2,20478.6667,22.5,21.15,21.6615,907,2020-02-07 05:00:00
293,22.95,22.2,33111,23.1,22.2,22.3185,1574,2020-02-10 05:00:00
294,19.8,15,252268.2667,20.7,13.833,16.7655,6124,2020-02-11 05:00:00
295,15.6,16.8,73872.2,16.8,15.3,16.0335,2291,2020-02-12 05:00:00
296,16.8,15.9,50512.6667,17.1,15.6,16.2075,1852,2020-02-13 05:00:00
297,16.5,15.6,27128.4,16.5,15.3,15.6675,1016,2020-02-14 05:00:00
298,15.9,15.45,24632.2,16.05,15,15.426,1351,2020-02-18 05:00:00
299,15.6,15.45,35373.6667,15.75,15,15.105,1299,2020-02-19 05:00:00
300,15.3,14.91,38668.7333,15.45,14.25,14.799,1255,2020-02-20 05:00:00
301,15,14.7735,20832.1333,15.15,14.7,14.9625,865,2020-02-21 05:00:00
302,14.4225,14.1615,38689.6,14.55,13.8,14.1015,1510,2020-02-24 05:00:00
303,13.8015,12.951,50168.4,14.55,11.8575,13.128,2107,2020-02-25 05:00:00
304,13.8,13.485,26788.8,14.1,12.825,13.554,1233,2020-02-26 05:00:00
305,12.45,12.3,51892.6667,13.35,11.301,12.036,2145,2020-02-27 05:00:00
306,11.4,13.65,34915.0667,13.9425,11.4,12.3105,1445,2020-02-28 05:00:00
307,13.35,13.7475,21332.6667,15,12.675,13.6065,998,2020-03-02 05:00:00
308,14.25,13.4865,10255.2667,14.25,13.2015,13.8105,659,2020-03-03 05:00:00
309,14.1,14.1,10278.4667,14.1,13.65,13.869,635,2020-03-04 05:00:00
310,13.95,13.062,13720.9333,14.1,13.05,13.6635,656,2020-03-05 05:00:00
311,13.062,12.75,13930.4,13.2,12.75,12.942,765,2020-03-06 05:00:00
312,12.6,10.6665,32611.8667,12.7185,10.503,11.586,1316,2020-03-09 04:00:00
313,10.8,11.5365,18672.1333,12.564,10.8,11.4795,837,2020-03-10 04:00:00
314,11.469,11.025,16834.7333,12.1485,10.5015,10.9815,721,2020-03-11 04:00:00
315,10.35,10.2,28026.9333,10.5,9.75,9.957,982,2020-03-12 04:00:00
316,11.8575,9.45,34160.4,11.8575,8.55,9.588,1225,2020-03-13 04:00:00
317,9,7.5,105768.3333,9.3,6.5325,8.0625,2374,2020-03-16 04:00:00
318,8.55,7.593,37642.5333,8.55,6.9015,7.515,1661,2020-03-17 04:00:00
319,7.9005,6.45,49052.6667,7.9298,6.15,6.705,1503,2020-03-18 04:00:00
320,6.45,7.05,41422.4667,7.1985,6,6.678,1382,2020-03-19 04:00:00
321,8.1,7.4985,49511.4667,8.25,7.2,7.6455,1848,2020-03-20 04:00:00
322,8.1525,6.8415,32877.6667,8.25,6.6165,7.0995,1148,2020-03-23 04:00:00
323,7.35,8.1,26083.3333,8.25,7.1835,7.761,1127,2020-03-24 04:00:00
324,8.25,8.0985,53430.2,10.149,7.95,8.4945,2524,2020-03-25 04:00:00
325,7.95,9.27,35593.2,9.375,7.833,8.3505,1536,2020-03-26 04:00:00
326,7.95,9.4515,25735.9333,9.6,7.95,8.844,961,2020-03-27 04:00:00
327,9.63,9.3,23353.0667,10.149,9,9.5865,838,2020-03-30 04:00:00
328,9.45,9,10482.4,9.6555,9,9.105,543,2020-03-31 04:00:00
329,8.55,8.475,13308.2667,9,8.1,8.4435,541,2020-04-01 04:00:00
330,8.25,8.0055,22210.9333,9,7.68,8.067,807,2020-04-02 04:00:00
331,7.8,8.3445,9548.5333,8.4,7.8,8.085,683,2020-04-03 04:00:00
332,8.7615,8.2005,16466.8667,8.814,7.95,8.3325,925,2020-04-06 04:00:00
333,8.25,8.61,14958.0667,8.7,8.205,8.433,626,2020-04-07 04:00:00
334,9,8.85,13808,9,8.43,8.724,683,2020-04-08 04:00:00
335,9.3,10.2,37194.5333,10.3485,8.85,9.738,1082,2020-04-09 04:00:00
336,11.4,11.25,22177.0667,11.7,10.2,10.6395,1095,2020-04-13 04:00:00
337,11.655,13.035,49694.2667,14.2215,11.655,12.8805,2082,2020-04-14 04:00:00
338,13.4625,13.35,31935.2667,13.5,11.43,12.243,1531,2020-04-15 04:00:00
339,13.2,12.3225,16891.4,13.3485,12,12.5295,1188,2020-04-16 04:00:00
340,12.6,13.2435,21426.6,13.245,11.4,12.3825,1204,2020-04-17 04:00:00
341,13.986,16.8,304590.7333,20.1,13.5,16.7205,9646,2020-04-20 04:00:00
342,16.65,15.6,54139,16.797,15,15.6675,2118,2020-04-21 04:00:00
343,15.6,16.8,279258.5333,18.75,15.3,17.421,8149,2020-04-22 04:00:00
344,16.65,16.2,62153.2667,17.55,16.05,16.8375,2115,2020-04-23 04:00:00
345,16.5,16.2,20713.4,16.5,15.9,16.0455,958,2020-04-24 04:00:00
346,15.3,15.15,145083.3333,16.05,13.5,14.625,2966,2020-04-27 04:00:00
347,16.5,14.7405,73181.1333,16.65,13.35,14.8635,1921,2020-04-28 04:00:00
348,14.94,15,20421.0667,15.45,14.4,14.8155,1110,2020-04-29 04:00:00
349,15.9,15,50064.3333,15.9,15,15.393,1334,2020-04-30 04:00:00
350,15.6,14.328,31290.9333,15.6,14.328,14.634,1259,2020-05-01 04:00:00
351,13.5,13.755,28777.8,14.25,13.5,13.815,840,2020-05-04 04:00:00
352,14.1,13.6575,16386.1333,14.25,13.65,14.001,908,2020-05-05 04:00:00
353,13.9335,13.65,17363.4667,13.95,13.35,13.599,691,2020-05-06 04:00:00
354,13.74,13.725,18351.0667,14.025,13.509,13.857,738,2020-05-07 04:00:00
355,13.5,14.427,25627.2,14.85,13.5,14.451,1391,2020-05-08 04:00:00
356,14.55,13.65,19784.7333,14.658,13.425,13.836,1079,2020-05-11 04:00:00
357,13.812,14.1375,23379.7333,14.5485,13.65,14.286,1334,2020-05-12 04:00:00
358,15,13.833,19084.0667,15,13.5,13.935,916,2020-05-13 04:00:00
359,13.575,13.5405,23551.5333,14.1,13.05,13.4415,895,2020-05-14 04:00:00
360,13.2,13.7175,11034.3333,13.8,13.2,13.611,697,2020-05-15 04:00:00
361,14.55,14.475,37230.9333,14.97,14.25,14.568,1314,2020-05-18 04:00:00
362,14.7825,15.15,79082.6667,15.9,14.5515,15.4305,2163,2020-05-19 04:00:00
363,15.45,16.5,47120.1333,16.95,15.3,16.1445,1587,2020-05-20 04:00:00
364,16.65,16.35,47058.9333,17.4,16.2,16.6665,1665,2020-05-21 04:00:00
365,16.65,16.5,21278.2667,16.65,15.3,15.846,1042,2020-05-22 04:00:00
366,16.2,16.5,30665.2667,16.95,15.45,16.1925,1352,2020-05-26 04:00:00
367,17.55,16.65,62547.0667,17.9985,15.9015,17.286,2203,2020-05-27 04:00:00
368,16.65,17.1,42812.4,18.3,16.5,17.3025,1893,2020-05-28 04:00:00
369,17.4,16.8,29031.1333,17.7,16.5,17.0085,1514,2020-05-29 04:00:00
370,16.95,17.25,24106.6667,17.5845,16.5,17.289,1100,2020-06-01 04:00:00
371,17.55,18.9,64101.6,19.2,17.4,18.468,2030,2020-06-02 04:00:00
372,19.65,20.7,159067.3333,22.5,19.35,21.0225,4478,2020-06-03 04:00:00
373,21.75,20.25,56778.8667,21.75,19.5,20.343,2058,2020-06-04 04:00:00
374,21.15,20.25,66129.6667,21.15,19.05,20.0145,1893,2020-06-05 04:00:00
375,20.85,21.3,63898.7333,21.6,19.65,20.6475,2440,2020-06-08 04:00:00
376,21,20.1,38621.7333,21,19.5,20.1255,1742,2020-06-09 04:00:00
377,20.4,19.95,27960,20.85,19.1355,19.722,1230,2020-06-10 04:00:00
378,18.45,17.4,57301.8,19.05,16.5,17.679,1794,2020-06-11 04:00:00
379,18,19.05,57312,19.95,18,18.8115,2133,2020-06-12 04:00:00
380,18.9,19.95,55080.2,20.25,18.45,19.476,1893,2020-06-15 04:00:00
381,21.45,20.1,116844.0667,21.75,19.5,20.8395,4168,2020-06-16 04:00:00
382,25.65,22.8,512775.2,27,22.2,25.521,19041,2020-06-17 04:00:00
383,24.45,24.3,166550.6667,25.875,23.85,24.6345,6059,2020-06-18 04:00:00
384,25.65,23.25,127962.3333,25.65,22.95,23.7915,5326,2020-06-19 04:00:00
385,24.3,24.375,124223.3333,26.1,23.85,24.9,5430,2020-06-22 04:00:00
386,24.492,24.3,72810.7333,25.8,24,24.795,3448,2020-06-23 04:00:00
387,24.3,25.5,95361.5333,25.5,23.4,24.516,3911,2020-06-24 04:00:00
388,25.35,25.05,69418.3333,25.5,24.1515,24.837,3452,2020-06-25 04:00:00
389,25.2,23.4,60330.3333,25.2,23.4,23.997,2927,2020-06-26 04:00:00
390,23.25,21.15,105521.3333,23.7,20.85,21.8625,4106,2020-06-29 04:00:00
391,22.5,21.45,65664.7333,22.65,21.15,21.7155,3118,2020-06-30 04:00:00
392,22.8,24,120102.6667,25.2,21.9,23.4945,4823,2020-07-01 04:00:00
393,25.65,24.9,131118.4667,26.25,24.45,25.02,4590,2020-07-02 04:00:00
394,24.9,31.2,376058.9333,31.35,24.75,28.245,10865,2020-07-06 04:00:00
395,29.7,30.3,147209.6667,30.75,27.6,29.5575,5679,2020-07-07 04:00:00
396,30.9,36.75,397337.4,36.75,30.45,34.245,15329,2020-07-08 04:00:00
397,36.15,33.3,285096.8,37.5,31.05,33.981,11839,2020-07-09 04:00:00
398,33.15,35.25,108973,35.7,32.55,34.596,4687,2020-07-10 04:00:00
399,36,33.6,242618.4667,39,32.55,35.997,9467,2020-07-13 04:00:00
400,33.15,31.95,155650.1333,34.35,30.3015,31.8525,5186,2020-07-14 04:00:00
401,32.55,34.05,110020.4,34.05,30.9,32.757,4474,2020-07-15 04:00:00
402,34.05,34.5,81760.5333,34.65,32.25,33.714,3484,2020-07-16 04:00:00
403,34.5,34.5,78088.4,35.3745,33.75,34.5585,3468,2020-07-17 04:00:00
404,34.65,33.75,100364.1333,35.25,33,33.897,3948,2020-07-20 04:00:00
405,33.75,35.55,177401.6,37.35,33.6015,35.9175,6700,2020-07-21 04:00:00
406,36,34.05,85310.2667,36.45,33.45,34.344,4512,2020-07-22 04:00:00
407,34.5,35.1,108390.8,35.1,33.75,34.3635,4717,2020-07-23 04:00:00
408,33.3,32.85,127095.4,34.5,32.25,33.171,4883,2020-07-24 04:00:00
409,32.7,29.7,188646.2667,33.525,28.65,31.3245,6756,2020-07-27 04:00:00
410,30,32.4,111497.8667,33,29.4,31.863,3792,2020-07-28 04:00:00
411,32.85,30.9,60884,33,30.6,31.4805,2561,2020-07-29 04:00:00
412,30.9,31.95,72743.7333,32.55,29.7,31.2105,3067,2020-07-30 04:00:00
413,31.2,30.3,79770.4667,31.8,29.4,30.387,3049,2020-07-31 04:00:00
414,30.45,28.5,98338.7333,30.6,28.5,29.4405,3940,2020-08-03 04:00:00
415,28.5,29.25,62964.5333,30,28.5,28.989,2291,2020-08-04 04:00:00
416,29.4,29.25,50189.8,29.775,28.8,29.277,2172,2020-08-05 04:00:00
417,29.25,27.3,91290.3333,29.4,27.15,27.9285,3228,2020-08-06 04:00:00
418,27.15,27.3,145266.9333,27.45,24,25.704,5500,2020-08-07 04:00:00
419,27.75,25.65,75568.5333,28.05,25.5,26.28,3064,2020-08-10 04:00:00
420,25.5,24.45,107962.2,25.95,24.3,24.8445,4539,2020-08-11 04:00:00
421,25.5,26.85,70339.1333,27.075,24.6,26.2215,2734,2020-08-12 04:00:00
422,27.15,28.05,74956.5333,28.2,26.4,27.4125,2936,2020-08-13 04:00:00
423,28.05,25.8,93003.4667,28.2,25.5,26.301,4022,2020-08-14 04:00:00
424,25.5,25.8,63937.9333,26.4,24.45,25.6095,3169,2020-08-17 04:00:00
425,26.1,25.65,48988.7333,26.4,24.9015,25.866,2412,2020-08-18 04:00:00
426,25.8,25.05,56497.4,26.25,24.3,25.023,2488,2020-08-19 04:00:00
427,24.6,25.2,28744.6,25.35,24.6,24.978,1451,2020-08-20 04:00:00
428,24.75,23.175,106088.1333,25.05,22.8,23.6685,3770,2020-08-21 04:00:00
429,22.95,22.95,61798.9333,23.55,22.2,22.893,2454,2020-08-24 04:00:00
430,22.05,21.15,95168.4,22.275,21,21.417,3384,2020-08-25 04:00:00
431,21.45,23.55,315962.8,26.85,21.45,24.5565,10623,2020-08-26 04:00:00
432,23.4,22.65,86361.9333,23.4,21.3,22.119,3812,2020-08-27 04:00:00
433,22.5,21.9,56714.3333,22.8,21.45,22.0785,3276,2020-08-28 04:00:00
434,21.75,22.35,102765.1333,22.875,20.25,21.303,4455,2020-08-31 04:00:00
435,22.35,22.8,88109.1333,23.1,21,22.2705,3907,2020-09-01 04:00:00
436,22.95,22.65,55939.6,22.95,21.6,22.1955,3037,2020-09-02 04:00:00
437,22.35,20.7,65429.1333,22.617,20.4,21.279,2585,2020-09-03 04:00:00
438,21,21.45,63885.2,21.6,19.5,20.7765,2279,2020-09-04 04:00:00
439,21.45,20.55,53561.4667,21.576,20.25,20.805,2600,2020-09-08 04:00:00
440,21,20.85,40712.1333,21.15,20.25,20.6925,1975,2020-09-09 04:00:00
441,20.55,20.55,31505.4667,21.15,20.1,20.571,1593,2020-09-10 04:00:00
442,20.7,19.95,54181.7333,20.7,19.05,19.8405,2072,2020-09-11 04:00:00
443,20.25,20.7,50139.9333,21,19.35,20.097,2461,2020-09-14 04:00:00
444,21,19.95,84087.0667,21.75,19.8,20.8485,4196,2020-09-15 04:00:00
445,20.1,20.4,67313.2667,21.3,20.1,20.6325,3178,2020-09-16 04:00:00
446,21.15,20.55,72437.3333,21.45,20.4,21,3403,2020-09-17 04:00:00
447,21,20.4,82042.8667,21.4485,19.575,20.388,4343,2020-09-18 04:00:00
448,20.4,20.7,52191.1333,20.85,19.8,20.3535,2519,2020-09-21 04:00:00
449,20.4,19.5,74135.0667,20.7,19.5,19.854,3668,2020-09-22 04:00:00
450,19.8,18.45,89920.5333,20.1,18.3,18.9585,3607,2020-09-23 04:00:00
451,18.6,18.15,80743,18.75,17.4,18.0495,3720,2020-09-24 04:00:00
452,18.15,18.75,48809.6,18.975,18,18.591,3631,2020-09-25 04:00:00
453,19.05,19.5,77474.8667,20.1,18.9,19.4505,4777,2020-09-28 04:00:00
454,20.4,19.05,163032.0667,22.35,18.75,20.082,6506,2020-09-29 04:00:00
455,20.1,18.9,77079.1333,20.85,18.9,19.572,4330,2020-09-30 04:00:00
456,19.35,20.4,150854.0667,21.6,19.2,20.4315,5884,2020-10-01 04:00:00
457,20.4,20.25,105678.2,21.6,19.8,20.472,4319,2020-10-02 04:00:00
458,21.267,21,107819.1333,21.6,20.55,21.1335,4709,2020-10-05 04:00:00
459,21.45,19.95,89920.2,21.6,19.65,20.3955,4753,2020-10-06 04:00:00
460,20.85,21.15,121222.8,22.2,20.4105,21.4575,4883,2020-10-07 04:00:00
461,21.75,21.75,99869.5333,22.8,21,21.831,3717,2020-10-08 04:00:00
462,21.9,22.2,106946.4,23.1,21.9,22.44,4432,2020-10-09 04:00:00
463,23.25,23.25,106458.4667,24,22.95,23.478,4272,2020-10-12 04:00:00
464,24,24.3,198162.9333,26.025,23.1,24.612,7234,2020-10-13 04:00:00
465,24.9,24.15,105108.3333,24.9,23.4,24.078,4788,2020-10-14 04:00:00
466,23.7,25.2,87355.8,25.2,23.4,24.3495,4247,2020-10-15 04:00:00
467,25.5,24.45,175062.0667,26.85,24.3,25.5705,6207,2020-10-16 04:00:00
468,25.05,24.225,104836.4667,25.35,24,24.645,3696,2020-10-19 04:00:00
469,24.15,24,90045.2,24.75,23.25,23.784,3171,2020-10-20 04:00:00
470,23.7,22.35,99411.2667,24,21.825,22.8585,3380,2020-10-21 04:00:00
471,22.05,21.9,90670.8667,22.125,21,21.552,3687,2020-10-22 04:00:00
472,21.75,21.75,44154.0667,22.5,21.45,21.8025,2231,2020-10-23 04:00:00
473,21.75,20.1,78903.4667,21.75,19.95,20.5095,2701,2020-10-26 04:00:00
474,20.1,20.1,49040.7333,20.9985,19.8,20.0895,1785,2020-10-27 04:00:00
475,19.5,18.75,72604.4,19.65,18.45,18.966,2722,2020-10-28 04:00:00
476,18.9,19.5,92509,21.75,18.45,19.491,3818,2020-10-29 04:00:00
477,19.2,18.75,69208,19.35,18.3,18.609,2812,2020-10-30 04:00:00
478,18.6,19.05,40356.3333,19.35,18.6,18.8475,2095,2020-11-02 05:00:00
479,19.35,19.65,29455.2667,20.1,19.086,19.713,1458,2020-11-03 05:00:00
480,19.8,19.2,25761.6667,19.8,19.05,19.3095,1159,2020-11-04 05:00:00
481,19.5,20.1,43263.8667,20.1,19.2,19.71,2285,2020-11-05 05:00:00
482,19.8,22.35,287600.3333,23.25,19.5,21.732,9435,2020-11-06 05:00:00
483,22.95,20.55,126094.6667,23.25,20.1,21.0165,5179,2020-11-09 05:00:00
484,21,20.25,39297.0667,21,20.25,20.367,1452,2020-11-10 05:00:00
485,20.4,20.4,113825.4,21.225,19.65,20.5245,3740,2020-11-11 05:00:00
486,20.1,19.2,101925.4,20.55,18.9,19.5255,4026,2020-11-12 05:00:00
487,19.65,19.05,80909.6,19.65,18.75,19.1145,2646,2020-11-13 05:00:00
488,20.049,19.95,175318.4667,20.4,19.2,18.906,5293,2020-11-16 05:00:00
489,16.8,16.95,319873.8,17.25,16.2,16.734,9784,2020-11-17 05:00:00
490,16.65,16.35,140032.3333,17.25,16.2,16.602,4802,2020-11-18 05:00:00
491,16.5,16.35,121185.1333,16.8,15.99,16.3005,3797,2020-11-19 05:00:00
492,16.5,16.65,61858.8,16.65,16.05,16.431,2476,2020-11-20 05:00:00
493,17.1,16.35,95176.4667,17.1,16.2,16.4475,3979,2020-11-23 05:00:00
494,16.8,18,310273.9333,18.45,16.5,17.2365,8041,2020-11-24 05:00:00
495,18.15,17.55,115059.5333,18.3,17.25,17.658,4725,2020-11-25 05:00:00
496,17.4,17.85,125113.7333,18.525,17.1,17.7945,3707,2020-11-27 05:00:00
497,18,17.85,250568.8667,18.75,17.25,18.012,7572,2020-11-30 05:00:00
498,18.15,16.95,167208.8,18.15,16.65,17.172,5092,2020-12-01 05:00:00
499,17.1,16.8,109981.2,17.25,16.425,16.6905,3345,2020-12-02 05:00:00
500,16.95,16.2,143727.4,17.1,15.9,16.257,4323,2020-12-03 05:00:00
501,16.35,16.35,209688.5333,16.65,15.45,16.056,5197,2020-12-04 05:00:00
502,16.2,15.6,128748.6,16.2,15.3,15.7275,3868,2020-12-07 05:00:00
503,15.6,16.65,264266.3333,17.55,15.6,16.557,6683,2020-12-08 05:00:00
504,16.65,16.2,127697.6,17.1,15.75,16.4745,3700,2020-12-09 05:00:00
505,16.2,16.2,65138.8,16.425,15.9,16.131,2615,2020-12-10 05:00:00
506,16.2,15.9,86523.9333,16.2,15.75,15.993,3326,2020-12-11 05:00:00
507,16.65,16.5,91210.6,16.8,16.2,16.4415,3928,2020-12-14 05:00:00
508,16.245,15.9,80865.4,16.5,15.75,16.0455,3406,2020-12-15 05:00:00
509,16.2,15.9,95699.7333,16.35,15.6,15.84,3266,2020-12-16 05:00:00
510,15.75,16.05,73917.8,16.2,15.6,16.0635,4318,2020-12-17 05:00:00
511,16.05,15.45,75357.9333,16.05,15.45,15.798,3113,2020-12-18 05:00:00
512,15.6,16.05,94698.4667,16.2,15.45,15.9465,4351,2020-12-21 05:00:00
513,15.75,15.75,71819.5333,16.2,15.6,15.8115,3489,2020-12-22 05:00:00
514,15.6,16.05,260322.7333,17.55,15.45,16.1745,7192,2020-12-23 05:00:00
515,16.05,15.75,38337.6667,16.35,15.6,15.942,1533,2020-12-24 05:00:00
516,16.4325,15.6,88959.4,16.4325,15.45,15.7185,2848,2020-12-28 05:00:00
517,15.6,15.3,112260.5333,15.747,15.15,15.279,3383,2020-12-29 05:00:00
518,15.15,15,79764.1333,15.3,15,15.1695,2980,2020-12-30 05:00:00
519,15,15.15,154820.6,15.45,15,15.1065,2966,2020-12-31 05:00:00
520,15.15,14.508,154243.5333,15.3,13.95,14.4105,4905,2021-01-04 05:00:00
521,14.55,14.967,75716.2667,15,14.274,14.6985,2499,2021-01-05 05:00:00
522,14.85,15.3,156154.7333,16.2,14.85,15.5715,3883,2021-01-06 05:00:00
523,15.6,15.9,66633.8667,15.9,15.45,15.7005,2249,2021-01-07 05:00:00
524,15.75,15.75,76823.0667,15.975,15,15.6075,2923,2021-01-08 05:00:00
525,15.45,16.5,277411.9333,16.8,15.15,16.242,6176,2021-01-11 05:00:00
526,16.95,16.2,89906.6,16.95,16.05,16.407,3252,2021-01-12 05:00:00
527,16.5585,16.2,60433,16.5585,15.9,16.0365,2491,2021-01-13 05:00:00
528,16.05,16.8,119734.1333,16.95,15.9,16.6725,4211,2021-01-14 05:00:00
529,16.95,16.8,102081,17.1,15.9,16.3815,3691,2021-01-15 05:00:00
530,16.65,16.65,149804.6,16.95,15.9,16.449,4738,2021-01-19 05:00:00
531,17.4,16.95,185583.6,17.55,16.2,16.938,7320,2021-01-20 05:00:00
532,17.25,17.25,113729.4,17.4,16.8,17.1735,4723,2021-01-21 05:00:00
533,17.1,18.6,446671.2667,20.1,16.95,18.5535,11254,2021-01-22 05:00:00
534,19.5,20.1,314310.5333,21.3,18.6,20.13,9460,2021-01-25 05:00:00
535,20.1,19.35,168575.1333,20.397,18.45,19.1565,5854,2021-01-26 05:00:00
536,19.35,18.9,161977.4,19.5,18.45,19.062,6120,2021-01-27 05:00:00
537,18,18,145492.6,18.3,16.95,17.7915,5939,2021-01-28 05:00:00
538,17.7,18,99263.9333,19.05,16.95,18.2085,4140,2021-01-29 05:00:00
539,18,17.85,78546.4667,18.15,17.25,17.718,3622,2021-02-01 05:00:00
540,18,18.9,127702.6,18.9,17.55,18.3765,5176,2021-02-02 05:00:00
541,19.05,19.2,202074.9333,20.4,18.75,19.6095,5707,2021-02-03 05:00:00
542,19.05,19.5,104099.1333,19.5,18.3,19.0455,2965,2021-02-04 05:00:00
543,19.8,19.05,87810.0667,19.95,19.05,19.485,4027,2021-02-05 05:00:00
544,19.5,20.85,166734.9333,20.85,19.35,20.217,5560,2021-02-08 05:00:00
545,20.55,22.95,563555.7333,25.2,20.55,22.965,16772,2021-02-09 05:00:00
546,24.6,21.3,343038.6667,24.9,20.55,21.951,11581,2021-02-10 05:00:00
547,23.25,21,237894.7333,23.7,20.55,21.4875,8374,2021-02-11 05:00:00
548,20.55,20.55,152026.1333,21.75,20.25,20.8035,5848,2021-02-12 05:00:00
549,21,21.375,249271.2,22.2,20.85,21.837,8692,2021-02-16 05:00:00
550,22.35,20.25,340617.4,23.25,20.25,21.6555,12511,2021-02-17 05:00:00
551,20.55,18.75,195355.5333,20.7,18.75,19.6605,7118,2021-02-18 05:00:00
552,19.05,18.9,100698.3333,20.25,18.9,19.527,4018,2021-02-19 05:00:00
553,19.4415,19.5,159236.1333,21,19.05,20.1555,5588,2021-02-22 05:00:00
554,19.5,18.15,232827.9333,19.5,17.1,18.0855,6856,2021-02-23 05:00:00
555,18.9,18.75,114286.8,18.975,18.15,18.5925,4048,2021-02-24 05:00:00
556,18.75,18,119324.4,19.35,17.7,18.408,4070,2021-02-25 05:00:00
557,17.9685,17.25,104497.0667,17.9685,17.1,17.481,3463,2021-02-26 05:00:00
558,17.7,18.3,50659,18.3,17.55,18.0195,2140,2021-03-01 05:00:00
559,18.6,18.15,55512.0667,19.05,18,18.585,2081,2021-03-02 05:00:00
560,18.3165,17.55,111057.8667,18.45,17.25,17.5965,3496,2021-03-03 05:00:00
561,16.95,16.8,189931.2667,17.55,15.75,16.6755,5027,2021-03-04 05:00:00
562,16.8,16.5,120903.8667,17.1,15.3,15.9075,4024,2021-03-05 05:00:00
563,16.5,16.65,55802.7333,16.8,16.2,16.4715,2236,2021-03-08 05:00:00
564,16.65,18.9,254973.4,19.05,16.35,17.9655,5784,2021-03-09 05:00:00
565,18.1545,18,93598.6,18.9,18,18.4245,3313,2021-03-10 05:00:00
566,18.15,18.3,52558.8667,18.6,18,18.2595,2277,2021-03-11 05:00:00
567,18,18,85099.0667,18.3,17.25,17.7555,3208,2021-03-12 05:00:00
568,17.8335,18.15,64174.6,18.45,17.7,18.0495,3009,2021-03-15 04:00:00
569,18,16.95,110026.7333,18.15,16.8,17.295,4405,2021-03-16 04:00:00
570,16.95,17.4,77163.4667,17.7,16.5,17.0595,2635,2021-03-17 04:00:00
571,17.4,16.95,62778.8667,17.472,16.5,16.8765,2646,2021-03-18 04:00:00
572,17.022,16.8,46972.6,17.25,16.65,16.9485,2107,2021-03-19 04:00:00
573,16.8,16.8,37124.7333,17.25,16.65,16.914,1569,2021-03-22 04:00:00
574,16.8,16.8,36287.4,17.25,16.8,16.983,1931,2021-03-23 04:00:00
575,16.9875,16.8,61350.2667,17.55,16.65,16.9815,2876,2021-03-24 04:00:00
576,16.65,16.8,74842.7333,16.95,16.05,16.476,2583,2021-03-25 04:00:00
577,16.8,16.95,46753,16.95,16.3515,16.701,1913,2021-03-26 04:00:00
578,17.25,16.5,63311.1333,17.4,16.35,16.731,2127,2021-03-29 04:00:00
579,16.35,16.2,64397.2,16.65,15.9,16.2795,2394,2021-03-30 04:00:00
580,16.05,16.35,32830,16.65,16.05,16.3575,1899,2021-03-31 04:00:00
581,16.5,16.2,83639,16.65,15.75,16.14,3455,2021-04-01 04:00:00
582,16.35,16.35,58582.6,16.5,16.05,16.248,2382,2021-04-05 04:00:00
583,16.35,16.2,48881.7333,16.5,15.9,16.14,1890,2021-04-06 04:00:00
584,16.2,15.6,74612.8667,16.2,15.6,15.8565,2619,2021-04-07 04:00:00
585,15.6,16.2,94114.6667,16.5,15.6,16.1025,2844,2021-04-08 04:00:00
586,16.05,16.2,42467.7333,16.2,15.9,16.0545,1744,2021-04-09 04:00:00
587,16.35,15.9,43557.6667,16.5,15.6,15.888,2672,2021-04-12 04:00:00
588,15.9,15.6,60608.1333,15.9,15.3,15.489,2508,2021-04-13 04:00:00
589,15.3,15.45,45046.8,15.75,15.3,15.4485,2170,2021-04-14 04:00:00
590,15.45,15.3,61697,15.5985,15.15,15.258,2185,2021-04-15 04:00:00
591,15.15,15.45,103304.8,15.45,14.403,14.976,3764,2021-04-16 04:00:00
592,15.6,15.3,44267.8,15.624,15,15.2385,2460,2021-04-19 04:00:00
593,15.15,14.742,99045.3333,15.3,14.55,14.793,3766,2021-04-20 04:00:00
594,14.715,15.75,67644.9333,15.75,14.715,15.297,2570,2021-04-21 04:00:00
595,15.6,15.6,47913.5333,15.897,15.3,15.6615,1672,2021-04-22 04:00:00
596,15.9,16.35,47063.9333,16.5,15.6,16.2075,1819,2021-04-23 04:00:00
597,16.8,16.5,50067.4667,17.1,16.5,16.8495,1951,2021-04-26 04:00:00
598,16.5,16.5,38866.7333,16.95,16.5,16.6575,1376,2021-04-27 04:00:00
599,16.8,17.1,72714.5333,17.7,16.5,17.1735,2486,2021-04-28 04:00:00
600,17.25,17.1,56094.0667,17.7,16.95,17.1525,1960,2021-04-29 04:00:00
601,17.1,16.95,50240,17.55,16.575,17.1705,2102,2021-04-30 04:00:00
602,17.1,16.2,62296.7333,17.1,15.9,16.3095,2336,2021-05-03 04:00:00
603,16.05,16.05,47983.4667,16.35,15.6,15.8955,2192,2021-05-04 04:00:00
604,16.35,15.9,32264.4,16.35,15.75,16.0305,1637,2021-05-05 04:00:00
605,15.75,15.6,47291.9333,15.75,15.6,15.666,1983,2021-05-06 04:00:00
606,15.6,15.6,22389.4667,15.75,15.6,15.684,1129,2021-05-07 04:00:00
607,15.6,15.45,45197.3333,15.75,15.3,15.504,2278,2021-05-10 04:00:00
608,15.15,15.6,67561.4,15.75,15.15,15.3165,1753,2021-05-11 04:00:00
609,15.3,15,43759,15.6,15,15.1875,1906,2021-05-12 04:00:00
610,16.2,15.45,137355.6667,16.35,15.3,15.7425,5346,2021-05-13 04:00:00
611,16.2,15.9,72132.0667,16.35,15.75,15.945,2673,2021-05-14 04:00:00
612,16.35,17.85,119245.1333,18.15,16.2,17.184,3235,2021-05-17 04:00:00
613,18.15,17.4,89322.2667,18.6,17.25,17.82,3354,2021-05-18 04:00:00
614,17.25,17.25,53604.6,17.25,16.95,17.133,1697,2021-05-19 04:00:00
615,17.385,17.1,47186.4,17.55,16.95,17.3085,1865,2021-05-20 04:00:00
616,17.1,18.45,58369.4667,18.45,16.95,17.6745,2587,2021-05-21 04:00:00
617,18.6,18.45,53303,18.6,17.85,18.366,2112,2021-05-24 04:00:00
618,18.075,17.25,46853.0667,18.45,17.25,17.604,1780,2021-05-25 04:00:00
619,16.95,16.8,56168.7333,17.4,16.8,16.9335,2309,2021-05-26 04:00:00
620,17.1,17.55,53895.8,17.625,16.95,17.367,2379,2021-05-27 04:00:00
621,18,17.55,119091.5333,18.15,17.25,17.8065,3821,2021-05-28 04:00:00
622,17.85,18.45,170055.4667,19.35,17.85,18.546,4533,2021-06-01 04:00:00
623,18.234,18.75,63867.9333,18.75,18,18.345,2619,2021-06-02 04:00:00
624,18.4605,18.9,100369.6,19.2,18.45,18.7635,3500,2021-06-03 04:00:00
625,19.05,20.4,123931.5333,20.4,19.05,19.767,5142,2021-06-04 04:00:00
626,20.25,20.7,77568.7333,20.85,20.25,20.589,3814,2021-06-07 04:00:00
627,20.85,22.05,123296.2667,22.05,20.7,21.2085,5849,2021-06-08 04:00:00
628,22.95,24.6,398420.7333,25.05,22.5,23.7615,14729,2021-06-09 04:00:00
629,24.666,23.1,216689.5333,24.9,22.2,23.157,7555,2021-06-10 04:00:00
630,23.2005,21.75,114514.8,23.6505,21.3,22.0005,5637,2021-06-11 04:00:00
631,22.077,21.6,76913.9333,22.35,21,21.4695,5282,2021-06-14 04:00:00
632,21.45,19.95,106281.5333,21.6,19.725,20.1885,4188,2021-06-15 04:00:00
633,19.8645,22.35,108525.5333,22.5,19.8,21.24,5871,2021-06-16 04:00:00
634,22.2,22.65,129070.1333,23.025,21,22.158,4796,2021-06-17 04:00:00
635,22.2375,21.3,87925.2667,22.65,21.3,21.813,3530,2021-06-18 04:00:00
636,22.239,22.2,85668.2667,22.65,21,22.0695,4609,2021-06-21 04:00:00
637,23.1,23.7,171448.4667,24.15,22.5,23.5365,6746,2021-06-22 04:00:00
638,24.1695,24,124392.5333,24.5385,23.25,23.799,4891,2021-06-23 04:00:00
639,24.3,23.55,99181.5333,24.3,23.1,23.529,3963,2021-06-24 04:00:00
640,23.55,24,90501.6,24,22.8,23.4705,3884,2021-06-25 04:00:00
641,24.15,23.25,89386.2,24.3,22.8,23.3625,3972,2021-06-28 04:00:00
642,23.1,22.95,76938.4,23.1,21.9,22.431,3636,2021-06-29 04:00:00
643,23.4,22.95,63934,23.4,22.2,22.6695,2782,2021-06-30 04:00:00
644,22.8,23.7,94632.0667,24,22.275,23.328,4264,2021-07-01 04:00:00
645,22.65,21.9,115297.8,22.9635,21.75,22.2255,3653,2021-07-02 04:00:00
646,22.35,22.05,94753.8,22.962,21.45,21.9165,4141,2021-07-06 04:00:00
647,19.5,20.4,259180.5333,22.05,18.9,20.2935,7998,2021-07-07 04:00:00
648,21.45,20.85,73140,21.45,20.4,20.7825,3293,2021-07-08 04:00:00
649,21.876,23.25,173591.7333,23.4,21,22.482,6192,2021-07-09 04:00:00
650,24,23.85,148710.2,24.15,23.4,23.6805,4735,2021-07-12 04:00:00
651,23.85,23.55,506218.8667,26.25,23.25,24.8355,14009,2021-07-13 04:00:00
652,24.0855,23.4,115112.4667,24.15,22.5,23.1975,4565,2021-07-14 04:00:00
653,23.7,23.4,98866.2,24.6,22.875,23.496,3928,2021-07-15 04:00:00
654,23.1,23.7,87780.2,24.15,22.95,23.673,4081,2021-07-16 04:00:00
655,23.55,23.85,138918.4,24,22.5,23.121,5086,2021-07-19 04:00:00
656,24.225,24.75,194881.4667,25.2,23.25,24.2385,7256,2021-07-20 04:00:00
657,25.5,26.4,335445.3333,27.45,24.9,26.0775,11540,2021-07-21 04:00:00
658,26.4,26.85,148816.8,27,25.5,26.3535,6590,2021-07-22 04:00:00
659,26.85,25.95,146569.2,27.45,24.15,25.719,6115,2021-07-23 04:00:00
660,26.55,26.25,108311.4,26.925,25.95,26.343,4641,2021-07-26 04:00:00
661,26.5035,26.25,106698.6667,26.55,24.45,25.536,5393,2021-07-27 04:00:00
662,26.25,27.75,199799.5333,28.05,25.8,27.057,8089,2021-07-28 04:00:00
663,28.05,27.9,142480.3333,28.65,26.85,27.7395,6632,2021-07-29 04:00:00
664,27.75,29.4,378679.6667,30.6,27.75,29.1465,14860,2021-07-30 04:00:00
665,30.8055,32.85,668622.1333,34.35,30.75,32.385,23871,2021-08-02 04:00:00
666,33,29.1,541990.4667,33.6,27.6,29.4795,17160,2021-08-03 04:00:00
667,29.4,28.65,185058.0667,29.7645,27.75,28.4685,8045,2021-08-04 04:00:00
668,28.95,31.2,247494.3333,31.5,28.65,30.2445,11865,2021-08-05 04:00:00
669,30.9,31.05,144941.4667,31.275,29.85,30.57,7093,2021-08-06 04:00:00
670,31.5,33.75,247962.2667,33.75,31.35,32.7975,10893,2021-08-09 04:00:00
671,33.3,32.7,236915.8667,35.25,31.9515,33.3225,10091,2021-08-10 04:00:00
672,33.3,32.7,143267.4667,33.6,31.8,32.619,6311,2021-08-11 04:00:00
673,32.331,32.25,97426.6667,32.7,31.5,31.941,4473,2021-08-12 04:00:00
674,32.4,30.75,117337.6,32.475,30.3,31.188,5346,2021-08-13 04:00:00
675,30.9375,28.8,224252.1333,31.05,27.975,28.9095,9265,2021-08-16 04:00:00
676,28.05,26.85,231311.3333,28.5,25.65,26.772,7980,2021-08-17 04:00:00
677,27,27.15,115188.8,28.8,26.25,27.5235,5844,2021-08-18 04:00:00
678,26.25,25.8,123336,27.15,25.65,26.2605,4764,2021-08-19 04:00:00
679,25.8,26.4,77993.9333,27,25.65,26.4195,3903,2021-08-20 04:00:00
680,26.85,27.6,94111.0667,28.3485,26.55,27.6975,4537,2021-08-23 04:00:00
681,27.6,28.5,67533.8,28.5,27.15,27.8415,3451,2021-08-24 04:00:00
682,28.35,28.65,106115.7333,29.7,28.05,29.121,4540,2021-08-25 04:00:00
683,29.175,28.05,72172.4667,29.55,27.45,28.308,3236,2021-08-26 04:00:00
684,27.9,28.5,44500.8667,28.9365,27.75,28.455,2499,2021-08-27 04:00:00
685,28.5,28.2,61483.1333,28.8,27.75,28.248,3070,2021-08-30 04:00:00
686,28.2,28.05,99895,28.35,27,27.699,4943,2021-08-31 04:00:00
687,28.3125,26.85,92591.2,28.3125,26.7,27.219,3979,2021-09-01 04:00:00
688,27,28.35,77839.6667,28.5,26.85,27.7215,3880,2021-09-02 04:00:00
689,28.5,27.3,60977.2,28.5,27.15,27.6195,3001,2021-09-03 04:00:00
690,27.5055,26.25,105891.6,27.75,25.95,26.6655,5023,2021-09-07 04:00:00
691,26.7,24.9,122902.9333,26.7,24.45,25.2885,5068,2021-09-08 04:00:00
692,24.9,25.2,62277.0667,25.8,24.45,25.2075,3117,2021-09-09 04:00:00
693,25.2,25.05,75453.4,25.2,24.15,24.633,3989,2021-09-10 04:00:00
694,24.75,25.35,177159,25.95,23.7,24.6525,6469,2021-09-13 04:00:00
695,25.35,24.3,93072.3333,25.5,24,24.54,5136,2021-09-14 04:00:00
696,24.15,24.6,37357.0667,24.9,24,24.486,2379,2021-09-15 04:00:00
697,24.15,23.85,90055,24.552,23.25,23.7225,5015,2021-09-16 04:00:00
698,24.15,24.6,103653,24.6,23.25,23.9625,3942,2021-09-17 04:00:00
699,23.85,22.95,102583.6,23.85,22.65,22.9665,4607,2021-09-20 04:00:00
700,22.95,22.95,61353.8,23.55,22.65,22.9995,3460,2021-09-21 04:00:00
701,22.95,23.55,47858.9333,24,22.95,23.4855,2399,2021-09-22 04:00:00
702,24,25.35,78359.3333,25.35,23.859,24.7965,4334,2021-09-23 04:00:00
703,25.35,24.3,50524.8667,25.35,24,24.7455,3039,2021-09-24 04:00:00
704,24.75,24,47163.2,25.05,24,24.3675,2700,2021-09-27 04:00:00
705,23.85,23.1,61048.4,23.8785,23.1,23.3865,3620,2021-09-28 04:00:00
706,23.4,22.95,45235.2,23.85,22.95,23.3085,3080,2021-09-29 04:00:00
707,23.4,23.85,55323,24.15,23.1,23.718,3623,2021-09-30 04:00:00
708,23.85,23.4,47701.5333,23.85,23.25,23.46,2928,2021-10-01 04:00:00
709,23.85,22.5,62834.3333,23.8875,22.5,22.926,3955,2021-10-04 04:00:00
710,22.5,21.3,118609.7333,22.65,21.15,21.759,5196,2021-10-05 04:00:00
711,21.6,23.55,251072.3333,24.15,20.4,22.518,10307,2021-10-06 04:00:00
712,24,25.8,393520.7333,26.25,22.8,24.681,14143,2021-10-07 04:00:00
713,26.4,25.5,277723.3333,27,23.55,25.218,10347,2021-10-08 04:00:00
714,24.9795,24.3,97169.4,25.5,24,24.6375,4919,2021-10-11 04:00:00
715,24.75,24.15,71984.6667,24.9,24,24.4065,4082,2021-10-12 04:00:00
716,24.3,23.85,88245,24.525,23.4,23.7675,3844,2021-10-13 04:00:00
717,24.15,24.15,66812.7333,24.45,23.7,23.985,3488,2021-10-14 04:00:00
718,24,23.4,61557.2667,24.099,23.25,23.634,3163,2021-10-15 04:00:00
719,23.55,22.8,80531.2667,23.6985,22.65,22.9845,3453,2021-10-18 04:00:00
720,23.4,23.1,74021.0667,23.4,22.8,23.0805,2928,2021-10-19 04:00:00
721,23.7735,24.15,109316.4,24.45,23.1,23.694,4440,2021-10-20 04:00:00
722,24.15,24.6,91159.8,24.6,23.7,24.156,3744,2021-10-21 04:00:00
723,24.15,23.55,113307.4,24.75,23.25,23.97,5705,2021-10-22 04:00:00
724,24,25.2,130714.5333,25.5,23.868,24.7365,5503,2021-10-25 04:00:00
725,25.2,25.5,108237.6,25.65,24.75,25.1865,4477,2021-10-26 04:00:00
726,25.5,24.45,102291.2667,25.95,24.45,24.9195,4618,2021-10-27 04:00:00
727,24.9,25.5,131713.9333,26.175,24.45,25.176,5950,2021-10-28 04:00:00
728,25.8,25.5,69676.0667,26.1,25.05,25.4625,3217,2021-10-29 04:00:00
729,25.8,26.1,238954.8667,27.525,25.5,26.4915,9780,2021-11-01 04:00:00
730,27.1395,25.95,120610.1333,27.1395,24.75,25.581,6373,2021-11-02 04:00:00
731,25.8,25.2,72292.1333,25.8,24.9,25.2075,3330,2021-11-03 04:00:00
732,25.2,25.2,86584.9333,25.65,25.05,25.2615,4363,2021-11-04 04:00:00
733,25.05,24.9,101499.6667,25.2,24,24.57,4310,2021-11-05 04:00:00
734,25.05,25.2,79499.6,25.5,24.45,25.122,4722,2021-11-08 05:00:00
735,25.05,24.15,114567.0667,25.2,24,24.303,4931,2021-11-09 05:00:00
736,23.799,24.6,234417.2667,24.6,22.8705,23.6595,8407,2021-11-10 05:00:00
737,24.3,22.65,354263.2667,24.45,22.5,23.0235,11120,2021-11-11 05:00:00
738,22.8,23.25,176897.8,23.25,21.45,22.3725,6582,2021-11-12 05:00:00
739,22.8,21.75,95413.6667,22.8,21.6,22.0695,4401,2021-11-15 05:00:00
740,21.75,20.85,133207.8,21.75,20.55,21.0045,5024,2021-11-16 05:00:00
741,21,20.85,91565.0667,22.65,20.7,21.1695,4308,2021-11-17 05:00:00
742,21,19.95,85256.3333,21,19.65,20.124,3456,2021-11-18 05:00:00
743,20.1,19.5,90083.2667,20.25,19.05,19.4415,3768,2021-11-19 05:00:00
744,19.5,18.3,167203.5333,19.65,17.7,18.387,6012,2021-11-22 05:00:00
745,18.15,18.15,78815.1333,19.05,18.0015,18.378,3404,2021-11-23 05:00:00
746,18.3,19.95,274047.2,20.7,18.003,19.7565,8388,2021-11-24 05:00:00
747,19.8,19.5,53590.8667,19.95,18.705,19.1925,2483,2021-11-26 05:00:00
748,19.5,18.45,107220.2,19.8,18.15,18.6675,4148,2021-11-29 05:00:00
749,18.3,18.75,69169.3333,19.05,17.85,18.372,3278,2021-11-30 05:00:00
750,19.05,18.15,126348.1333,20.7,18,19.14,5685,2021-12-01 05:00:00
751,18.3,18.15,91134.6,18.6,17.55,17.958,4153,2021-12-02 05:00:00
752,18,17.7,94859.2,18.3,16.95,17.4825,3492,2021-12-03 05:00:00
753,18.3,18.75,104215.8667,18.9,17.55,18.3885,5757,2021-12-06 05:00:00
754,19.5,20.4,166778.8,20.85,19.2,20.196,7095,2021-12-07 05:00:00
755,20.7,20.7,93736.9333,21,19.8,20.4465,4742,2021-12-08 05:00:00
756,20.85,20.7,140637.2,22.275,19.95,21.297,7681,2021-12-09 05:00:00
757,20.7,20.7,80283.4,21.45,20.4,20.727,3482,2021-12-10 05:00:00
758,20.25,19.05,120208,20.55,18.75,19.377,5526,2021-12-13 05:00:00
759,18.9,18.9,56342.9333,19.5,18.6,18.96,3735,2021-12-14 05:00:00
760,19.8,20.1,136060.5333,20.1,17.7,18.921,5470,2021-12-15 05:00:00
761,20.55,19.2,75658.4667,20.55,18.45,19.098,3156,2021-12-16 05:00:00
762,19.05,20.7,107515.9333,20.7,18.6,19.977,3592,2021-12-17 05:00:00
763,20.55,20.1,102225.1333,20.85,19.5,19.9995,3222,2021-12-20 05:00:00
764,19.8,19.2,106912.8,20.4,18.75,19.2885,5155,2021-12-21 05:00:00
765,19.2,19.2,59650.8,19.8,18.75,19.158,3316,2021-12-22 05:00:00
766,19.05,19.35,44385.1333,19.5,18.9,19.1805,2072,2021-12-23 05:00:00
767,19.5735,18.9,65548.3333,19.8,18.75,19.0215,2478,2021-12-27 05:00:00
768,19.05,18.45,87069.2667,19.2,18.15,18.666,3012,2021-12-28 05:00:00
769,18.15,18.3,92960.8667,18.3,17.4,17.973,3978,2021-12-29 05:00:00
770,18.6,18.3,100133.3333,19.35,18.075,18.711,4846,2021-12-30 05:00:00
771,18.15,17.7,113535.2667,18.45,17.4,17.694,3649,2021-12-31 05:00:00
772,17.7,18.45,73526.8667,18.45,17.4,18.1155,3269,2022-01-03 05:00:00
773,18.6,18,78781.9333,18.75,17.4,17.8545,3240,2022-01-04 05:00:00
774,17.55,17.1,136775.0667,18.525,16.65,17.4705,5126,2022-01-05 05:00:00
775,17.4,17.1,103695.7333,17.55,16.5,16.797,3144,2022-01-06 05:00:00
776,17.1,17.4,73820.6,17.4,16.65,17.0085,3030,2022-01-07 05:00:00
777,17.4,17.25,94209.9333,17.4915,16.5,16.782,3509,2022-01-10 05:00:00
778,17.25,18,72262.8,18,16.95,17.457,2963,2022-01-11 05:00:00
779,18,17.7,39881.5333,18.2415,17.55,17.826,2092,2022-01-12 05:00:00
780,17.55,16.95,83302.1333,17.85,16.8,17.238,3227,2022-01-13 05:00:00
781,16.8,16.95,53976.1333,17.1,16.5,16.7595,2505,2022-01-14 05:00:00
782,17.1,17.1,97695.3333,17.7,16.65,17.1885,4657,2022-01-18 05:00:00
783,17.25,16.95,71806.1333,17.25,16.5,16.7955,2934,2022-01-19 05:00:00
784,16.95,16.65,49065.8,17.1,16.65,16.8945,2205,2022-01-20 05:00:00
785,16.95,16.05,131136.9333,17.175,15.6,16.437,4862,2022-01-21 05:00:00
786,15.75,16.05,139610.3333,16.2,15,15.3825,4094,2022-01-24 05:00:00
787,15.9,16.2,41723.7333,16.2,15.45,15.9105,2121,2022-01-25 05:00:00
788,16.05,15.3,65238.3333,16.5,15.3,15.864,3238,2022-01-26 05:00:00
789,15.75,15.15,88026.4,15.75,15,15.294,3128,2022-01-27 05:00:00
790,15,15.45,43710.4667,15.6,15,15.285,2039,2022-01-28 05:00:00
791,15.6,16.35,48284,16.5,15.6,16.149,2307,2022-01-31 05:00:00
792,16.5,16.5,32632.8667,16.95,15.9,16.4175,1720,2022-02-01 05:00:00
793,16.8,16.05,42372.4,16.8,15.9,16.098,2475,2022-02-02 05:00:00
794,15.75,15.15,74329.7333,15.9,15.15,15.4635,3056,2022-02-03 05:00:00
795,15.45,16.5,74100.6667,16.5,15.15,15.723,3425,2022-02-04 05:00:00
796,15.9,15.9,56458.7333,16.5,15.75,16.1505,3255,2022-02-07 05:00:00
797,15.75,16.2,36246.5333,16.5,15.75,16.269,1704,2022-02-08 05:00:00
798,16.05,17.25,78077.6667,17.4,16.05,16.8915,2698,2022-02-09 05:00:00
799,17.1,16.65,44756.3333,17.25,16.5,16.872,2130,2022-02-10 05:00:00
800,16.95,16.2,49298,17.1,15.9,16.566,2265,2022-02-11 05:00:00
801,15.9,15.3,74483.5333,16.2,15.3,15.5355,2769,2022-02-14 05:00:00
802,15.15,15.3,124883.0667,15.45,15,15.1485,4071,2022-02-15 05:00:00
803,15.15,15.15,60346.4,15.2715,14.7405,14.9835,2546,2022-02-16 05:00:00
804,15.15,13.833,166787.6667,15.15,13.1415,14.037,6462,2022-02-17 05:00:00
805,14.25,13.545,81494.2667,14.25,13.35,13.6965,2954,2022-02-18 05:00:00
806,13.485,12.531,99856.8667,13.485,12.45,12.8355,3236,2022-02-22 05:00:00
807,12.507,11.619,97498.2,13.05,11.55,12.06,4287,2022-02-23 05:00:00
808,10.425,12.351,96972.0667,12.45,10.2,11.5245,3941,2022-02-24 05:00:00
809,13.0035,12.8265,46736.6667,13.0035,12.45,12.729,1697,2022-02-25 05:00:00
810,12.75,13.5,40815.3333,13.5,12.4665,13.0365,1596,2022-02-28 05:00:00
811,13.368,12.7665,27285,13.5,12.75,13.0725,1965,2022-03-01 05:00:00
812,13.5,12.696,29335.9333,13.5,12.4935,12.7635,1241,2022-03-02 05:00:00
813,13.0395,12.048,36401.8,13.2,12,12.4755,2079,2022-03-03 05:00:00
814,12.486,11.52,40387.2,12.486,11.415,11.7075,2084,2022-03-04 05:00:00
815,11.4,11.8455,32080.4,11.9775,11.25,11.745,1416,2022-03-07 05:00:00
816,11.8455,11.397,50317.6667,12,11.295,11.676,1779,2022-03-08 05:00:00
817,11.4,11.9235,50857.9333,12.3,11.4,11.9685,1504,2022-03-09 05:00:00
818,11.7,11.805,20182.2667,12,11.55,11.73,896,2022-03-10 05:00:00
819,11.9115,11.781,33348.5333,12.15,11.625,11.877,1487,2022-03-11 05:00:00
820,11.25,12.3,40509.7333,12.3,11.25,11.5395,2122,2022-03-14 04:00:00
821,12,11.7345,30291.2,12,11.475,11.763,1629,2022-03-15 04:00:00
822,11.775,12.0075,39083.6667,12.3,11.7,11.9955,1519,2022-03-16 04:00:00
823,11.925,12.9,30907.8667,13.0995,11.736,12.7485,1333,2022-03-17 04:00:00
824,13.0515,14.3265,52945.0667,14.34,13.05,13.7625,2544,2022-03-18 04:00:00
825,14.3325,13.275,33193.3333,14.3325,13.068,13.569,1583,2022-03-21 04:00:00
826,13.3185,13.35,29366.6,13.794,13.23,13.3785,1460,2022-03-22 04:00:00
827,13.2,13.8,22736.0667,14.1,13.05,13.6365,1353,2022-03-23 04:00:00
828,14.133,14.3265,35735.7333,14.7,13.65,14.2275,2291,2022-03-24 04:00:00
829,14.55,15.15,77451.8667,15.3,14.4,14.889,2813,2022-03-25 04:00:00
830,15.15,14.6085,37099.9333,15.3,14.265,14.769,2022,2022-03-28 04:00:00
831,14.4,14.553,21524.0667,14.6085,14.2995,14.5305,1008,2022-03-29 04:00:00
832,14.4,13.7205,35080.2,14.5485,13.65,14.142,1509,2022-03-30 04:00:00
833,13.7205,13.8,25910.6667,13.95,13.5,13.74,1180,2022-03-31 04:00:00
834,13.965,13.41,28654.7333,14.25,13.2,13.674,1415,2022-04-01 04:00:00
835,13.5,13.8,26343.5333,13.8,13.2,13.5585,1248,2022-04-04 04:00:00
836,13.5,13.098,154707.2667,14.85,12.75,13.746,4070,2022-04-05 04:00:00
837,12.75,12.873,35274.6,13.2,12.45,12.6615,1768,2022-04-06 04:00:00
838,12.873,12.45,42552.4667,13.05,12.15,12.498,1750,2022-04-07 04:00:00
839,12.6,12.705,29158,12.75,12.15,12.558,1399,2022-04-08 04:00:00
840,12.6,12.6855,23176.2,12.9,12.3,12.5475,847,2022-04-11 04:00:00
841,12.75,12.7395,29862.7333,13.185,12.465,12.7605,1222,2022-04-12 04:00:00
842,12.5955,12.9,27130.1333,13.05,12.4125,12.7065,1361,2022-04-13 04:00:00
843,12.9,12.51,28372.9333,12.9,12.3,12.5355,874,2022-04-14 04:00:00
844,12.6,12.096,34344.7333,12.6,12,12.1605,1348,2022-04-18 04:00:00
845,12.0135,12.45,18587.6667,12.6,12,12.345,1118,2022-04-19 04:00:00
846,12.75,12.897,37359,12.915,12.15,12.6885,1569,2022-04-20 04:00:00
847,12.3,12.2175,17772.5333,12.9,12.1425,12.4845,984,2022-04-21 04:00:00
848,12.135,12.0735,23484.7333,12.285,11.9625,12.0285,899,2022-04-22 04:00:00
849,11.85,12.1425,27565,12.3,11.715,11.949,1002,2022-04-25 04:00:00
850,12.0945,11.961,24214.1333,12.45,11.7,11.8935,1228,2022-04-26 04:00:00
851,11.9415,11.9595,33720.0667,12.15,11.715,11.964,994,2022-04-27 04:00:00
852,12.135,11.814,29239.1333,12.15,11.559,11.8365,1163,2022-04-28 04:00:00
853,11.85,11.6865,18603.4,12,11.442,11.6835,757,2022-04-29 04:00:00
854,11.4,11.325,21090.6,11.7,11.25,11.4045,924,2022-05-02 04:00:00
855,11.25,11.235,45736,11.55,10.875,11.2005,1811,2022-05-03 04:00:00
856,11.112,11.166,81032.6,11.2365,10.5,10.659,2645,2022-05-04 04:00:00
857,8.475,8.394,358635.5333,8.7675,8.25,8.4735,7372,2022-05-05 04:00:00
858,8.55,7.8285,94268.9333,8.625,7.725,8.127,3109,2022-05-06 04:00:00
859,7.5,6.825,171234,7.6275,6.75,7.188,5416,2022-05-09 04:00:00
860,7.05,7.0665,89036.9333,7.5,6.825,7.065,3434,2022-05-10 04:00:00
861,7.2,6.2625,132106,7.35,6.0465,6.564,3598,2022-05-11 04:00:00
862,6.246,6.204,79876.3333,6.417,6.0015,6.186,3052,2022-05-12 04:00:00
863,6.663,6.375,76986.9333,6.675,6.3,6.444,2443,2022-05-13 04:00:00
864,6.75,6.5805,63070.8667,6.9405,6.453,6.6975,1976,2022-05-16 04:00:00
865,6.732,7.05,30874.9333,7.1355,6.732,6.9105,1386,2022-05-17 04:00:00
866,7.05,6.4515,51965.2,7.125,6.45,6.66,1592,2022-05-18 04:00:00
867,6.45,6.2745,85234.8667,6.5984,6.165,6.3015,3927,2022-05-19 04:00:00
868,6.3,5.745,109952.2667,6.4425,5.73,5.997,3948,2022-05-20 04:00:00
869,5.9745,5.8305,117600.0667,5.991,5.355,5.6655,2830,2022-05-23 04:00:00
870,5.7,5.37,73184.1333,5.895,5.25,5.4525,3857,2022-05-24 04:00:00
871,5.1,5.796,76126.2,5.796,4.9515,5.4585,1393,2022-05-25 04:00:00
872,5.85,6.435,86286.6,6.5415,5.658,6.1395,1675,2022-05-26 04:00:00
873,6.3435,6.6,50995.7333,7.05,6.3315,6.6105,1691,2022-05-27 04:00:00
874,6.4455,6.6,48696.4,6.6,6.15,6.417,2129,2022-05-31 04:00:00
875,6.72,6.3885,26772.0667,7.05,6.27,6.5205,1233,2022-06-01 04:00:00
876,6.3,6.8985,62389.6,6.9,6.3,6.633,1249,2022-06-02 04:00:00
877,7.7655,7.047,131446.6667,7.7805,6.6825,7.191,2948,2022-06-03 04:00:00
878,7.05,7.044,45656.1333,7.4445,6.75,7.0665,2811,2022-06-06 04:00:00
879,6.9,6.9,40843.3333,7.311,6.75,7.0155,1760,2022-06-07 04:00:00
880,7.35,7.437,38669.8,7.635,7.05,7.4235,1636,2022-06-08 04:00:00
881,7.641,7.731,47996.6667,7.8735,7.5645,7.731,2166,2022-06-09 04:00:00
882,7.569,7.3485,36205.4,7.65,7.14,7.389,1512,2022-06-10 04:00:00
883,7.3485,6.627,59335.9333,7.65,6.45,6.7665,2272,2022-06-13 04:00:00
884,6.45,5.76,69037.7333,6.75,5.739,6.2595,3535,2022-06-14 04:00:00
885,5.982,5.9715,58712.8,6.2535,5.8515,6.03,2587,2022-06-15 04:00:00
886,5.9715,6.4485,30562,6.45,5.8515,6.222,1576,2022-06-16 04:00:00
887,6.45,6,37539.6667,6.45,6,6.1905,1346,2022-06-17 04:00:00
888,6.327,6.1485,24305.6667,6.42,6.045,6.1815,751,2022-06-21 04:00:00
889,6.075,6.15,29332.3333,6.4035,6,6.144,1283,2022-06-22 04:00:00
890,6.15,6.2565,20048.3333,6.408,6.15,6.27,954,2022-06-23 04:00:00
891,6.375,5.9115,25983.6,6.4065,5.9115,6.144,1020,2022-06-24 04:00:00
892,6,6.0345,28702.2,6.207,5.925,6.0195,1361,2022-06-27 04:00:00
893,6.075,5.9235,27637.6,6.147,5.82,5.961,985,2022-06-28 04:00:00
894,5.9235,5.8755,35221.7333,6.063,5.7165,5.8365,1011,2022-06-29 04:00:00
895,5.7,5.895,40124.0667,5.895,5.49,5.739,1229,2022-06-30 04:00:00
896,5.7465,5.7225,31021.0667,6,5.5515,5.7078,1282,2022-07-01 04:00:00
897,5.895,5.7165,20632.0667,5.895,5.55,5.6916,984,2022-07-05 04:00:00
898,6.3,6.0795,33228.8667,6.3585,5.7765,5.9901,1162,2022-07-06 04:00:00
899,6.405,7.005,80083,7.2,6.3,6.9198,2377,2022-07-07 04:00:00
900,7.332,7.05,61232,7.4835,6.9,7.2195,2440,2022-07-08 04:00:00
901,7.47,7.8,245088.4667,9.6,7.425,8.4375,5394,2022-07-11 04:00:00
902,8.7075,7.956,104627.3333,8.85,7.5,8.1642,2592,2022-07-12 04:00:00
903,7.8,7.794,33101.4,8.0775,7.65,7.8185,1768,2022-07-13 04:00:00
904,7.8,7.4355,71600.7333,8.061,7.215,7.62,2472,2022-07-14 04:00:00
905,7.452,7.05,87374.3333,7.527,6.3615,6.8355,2994,2022-07-15 04:00:00
906,6.6015,6.75,45028.1333,7.05,6.5265,6.7222,1548,2022-07-18 04:00:00
907,6.7965,6.648,37836,6.8145,6.45,6.612,1547,2022-07-19 04:00:00
908,6.6,7.0455,64316,7.05,6.6,6.8733,1525,2022-07-20 04:00:00
909,7.128,7.0125,39490.1333,7.3185,6.7515,6.9923,1121,2022-07-21 04:00:00
910,7.0125,6.7905,97605.8667,7.7985,6.639,7.1612,1995,2022-07-22 04:00:00
911,6.9,6.4185,52795.6,6.9,6.3,6.4959,1067,2022-07-25 04:00:00
912,6.315,6.099,34449.4,6.6735,6.0645,6.3306,1150,2022-07-26 04:00:00
913,6.099,6.15,35607.6667,6.3,5.94,6.1967,1222,2022-07-27 04:00:00
914,6.1455,6.3495,37165.8667,6.588,6,6.2712,1384,2022-07-28 04:00:00
915,6.36,6.42,22684.4,6.5985,6.3533,6.4809,1069,2022-07-29 04:00:00
916,6.741,7.35,102531,7.8,6.6,7.2762,2475,2022-08-01 04:00:00
917,7.2675,7.47,28637.9333,7.4985,7.2,7.3226,1891,2022-08-02 04:00:00
918,7.5,6.957,84730.4667,7.5,6.75,7.0256,2973,2022-08-03 04:00:00
919,6.9,7.2,27751.6,7.2,6.9,7.0449,1148,2022-08-04 04:00:00
920,7.2,6.924,19918.6,7.2,6.9,7.0449,857,2022-08-05 04:00:00
921,7.2,7.245,44234.4667,7.335,6.9,7.242,1138,2022-08-08 04:00:00
922,7.2,7.05,13495.0667,7.26,6.9,7.0611,919,2022-08-09 04:00:00
923,6.9,7.08,84631.5333,7.23,6.45,6.8037,1613,2022-08-10 04:00:00
924,7.0215,7.074,28200.6667,7.2,6.9,7.1018,1297,2022-08-11 04:00:00
925,7.1235,7.5075,57594.4,7.6185,7.005,7.3653,1530,2022-08-12 04:00:00
926,7.2825,7.7985,41753.8,7.8,7.2825,7.6965,1145,2022-08-15 04:00:00
927,7.95,7.7625,46592.5333,7.95,7.35,7.5771,1402,2022-08-16 04:00:00
928,7.5,7.8,38159.4,7.8,7.353,7.5372,1321,2022-08-17 04:00:00
929,7.5,7.9485,43314.4667,8.025,7.383,7.7505,1742,2022-08-18 04:00:00
930,7.65,7.497,22658.7333,7.935,7.365,7.577,1465,2022-08-19 04:00:00
931,7.35,7.638,25052.3333,7.8,7.2,7.4964,1290,2022-08-22 04:00:00
932,7.635,7.8,29096.4,7.9455,7.365,7.7529,1288,2022-08-23 04:00:00
933,7.8,7.92,18862.8,7.947,7.6665,7.8882,1167,2022-08-24 04:00:00
934,7.8,8.337,71519.9333,8.7,7.8,8.409,1981,2022-08-25 04:00:00
935,8.4,8.3385,35480.7333,8.7,8.25,8.4612,1313,2022-08-26 04:00:00
936,8.1,8.4825,26673.4667,8.7,7.95,8.3049,989,2022-08-29 04:00:00
937,8.55,8.4135,16592,8.7,8.1015,8.4519,966,2022-08-30 04:00:00
938,8.4,8.286,37746.2667,8.5485,7.5,7.9773,1155,2022-08-31 04:00:00
939,7.5885,7.764,14976.9333,8.1,7.5,7.7205,1161,2022-09-01 04:00:00
940,7.794,7.8705,15657.6667,7.9485,7.5015,7.7652,1265,2022-09-02 04:00:00
941,7.875,7.8585,13285.0667,7.875,7.6515,7.8132,1445,2022-09-06 04:00:00
942,7.95,8.55,70441.3333,8.697,7.65,8.2013,3413,2022-09-07 04:00:00
943,8.55,8.391,21831,8.55,8.1885,8.3535,1281,2022-09-08 04:00:00
944,8.274,8.298,27437.2667,8.55,8.25,8.3888,1699,2022-09-09 04:00:00
945,8.4,8.319,28948.0667,8.7,8.25,8.4943,1444,2022-09-12 04:00:00
946,7.8375,7.9935,19323.5333,8.2785,7.815,8.058,1042,2022-09-13 04:00:00
947,7.8,7.443,42061.8,8.022,7.443,7.6116,1177,2022-09-14 04:00:00
948,7.533,6.903,56455,7.752,6.903,7.2483,2284,2022-09-15 04:00:00
949,6.9,6.5055,80134.1333,7.05,6.375,6.5805,2509,2022-09-16 04:00:00
950,6.45,6.15,38081.8,6.5055,6.15,6.3456,1318,2022-09-19 04:00:00
951,6.15,6,31535.3333,6.45,6,6.1203,1133,2022-09-20 04:00:00
952,6,6.225,26588,6.2685,5.9655,6.0731,801,2022-09-21 04:00:00
953,6.225,5.9385,29781.4667,6.3,5.8875,6.0104,1175,2022-09-22 04:00:00
954,5.85,5.5155,42321.0667,5.874,5.4,5.5652,1358,2022-09-23 04:00:00
955,5.55,5.4045,41369.3333,5.6085,5.1,5.2865,1635,2022-09-26 04:00:00
956,5.43,5.7615,44634.5333,5.94,5.43,5.6312,1700,2022-09-27 04:00:00
957,5.7615,5.5185,52825.6,5.85,5.451,5.6097,1475,2022-09-28 04:00:00
958,5.5185,5.4585,47634.7333,5.625,5.1758,5.3933,1791,2022-09-29 04:00:00
959,5.337,5.055,53856.7333,5.55,5.025,5.244,1817,2022-09-30 04:00:00
960,5.2515,5.2485,34973.6667,5.4,5.1,5.2035,1475,2022-10-03 04:00:00
961,5.25,5.277,67267.4,5.565,5.1765,5.334,1649,2022-10-04 04:00:00
962,5.175,5.229,37841.1333,5.325,5.1,5.2089,1131,2022-10-05 04:00:00
963,5.1,5.37,23430.5333,5.37,5.1,5.2245,956,2022-10-06 04:00:00
964,5.1405,5.1885,25814.2,5.355,5.1405,5.25,897,2022-10-07 04:00:00
965,5.1885,5.0985,18590.2667,5.1885,5.04,5.0886,685,2022-10-10 04:00:00
966,5.025,4.965,22047.6667,5.0985,4.953,5.0262,876,2022-10-11 04:00:00
967,5.1,4.7775,34583.6667,5.1,4.542,4.8862,907,2022-10-12 04:00:00
968,4.5615,4.602,60592.7333,4.6785,4.05,4.4055,1381,2022-10-13 04:00:00
969,4.575,4.569,12213.4667,4.791,4.5,4.6094,545,2022-10-14 04:00:00
970,4.56,4.65,26758.4667,4.7243,4.5405,4.661,858,2022-10-17 04:00:00
971,4.788,4.851,39442.6,4.875,4.5555,4.7424,1204,2022-10-18 04:00:00
972,4.6515,4.44,27314.4667,4.95,4.44,4.5743,1279,2022-10-19 04:00:00
973,4.65,4.419,25605.4,4.767,4.395,4.5312,1293,2022-10-20 04:00:00
974,4.8,4.2135,53506.1333,4.875,4.2,4.3554,2028,2022-10-21 04:00:00
975,4.425,4.2165,27106.6,4.425,4.2,4.2383,1104,2022-10-24 04:00:00
976,4.224,4.7415,56683.6,4.8,4.2,4.5186,1658,2022-10-25 04:00:00
977,4.65,4.575,58670.1333,5.04,4.575,4.7969,1607,2022-10-26 04:00:00
978,4.8,4.56,30086.2667,4.8,4.509,4.5941,901,2022-10-27 04:00:00
979,4.545,4.5765,28884,4.683,4.5,4.5854,876,2022-10-28 04:00:00
980,4.5615,4.503,23163.2667,4.65,4.5015,4.5771,999,2022-10-31 04:00:00
981,4.5,4.5255,28954.9333,4.638,4.47,4.5329,1013,2022-11-01 04:00:00
982,4.5,4.5405,23882.9333,4.5913,4.29,4.4811,993,2022-11-02 04:00:00
983,4.5,4.629,58862.7333,4.71,4.5,4.6113,1037,2022-11-03 04:00:00
984,4.5,4.3875,62837.6,4.65,4.2,4.3853,1608,2022-11-04 04:00:00
985,4.4985,4.428,15076.2,4.5,4.2765,4.4439,922,2022-11-07 05:00:00
986,4.407,4.359,29503.2,4.4985,4.2825,4.3611,760,2022-11-08 05:00:00
987,4.35,4.26,44878.6,4.5,4.2,4.2757,1438,2022-11-09 05:00:00
988,4.5,3.741,172371.6667,4.5,3.7343,4.0827,3263,2022-11-10 05:00:00
989,3.975,4.053,55256.5333,4.1235,3.975,4.0533,1311,2022-11-11 05:00:00
990,4.2,4.116,57174.8,4.2735,4.05,4.1795,1987,2022-11-14 05:00:00
991,4.2,3.7665,85473.1333,4.2,3.75,3.9287,2401,2022-11-15 05:00:00
992,3.825,3.7725,49645.7333,3.897,3.7515,3.8025,1247,2022-11-16 05:00:00
993,3.813,3.7725,29177.8,3.9,3.7515,3.8136,920,2022-11-17 05:00:00
994,3.825,3.6585,43068.1333,3.885,3.6015,3.7197,1182,2022-11-18 05:00:00
995,3.831,3.6525,25883.9333,3.831,3.615,3.6836,1358,2022-11-21 05:00:00
996,3.6,3.6165,19786.0667,3.717,3.6,3.6521,778,2022-11-22 05:00:00
997,3.633,3.852,37609.4,3.852,3.603,3.6899,834,2022-11-23 05:00:00
998,3.9,4.1685,34885.2,4.2,3.8985,4.0352,669,2022-11-25 05:00:00
999,4.1325,4.05,73788.2667,4.2,4.035,4.0902,1040,2022-11-28 05:00:00
1000,4.05,4.0665,41093.6,4.197,3.9855,4.0592,1064,2022-11-29 05:00:00
1001,4.05,2.6175,129240.2667,4.1445,2.5065,3.6668,3606,2022-11-30 05:00:00
1002,3.15,3.135,228380.2,3.7455,3,3.3642,4724,2022-12-01 05:00:00
1003,3.075,3.072,111098.8,3.15,3,3.0615,2764,2022-12-02 05:00:00
1004,3.015,2.8665,77721.4667,3.1365,2.724,2.9704,2345,2022-12-05 05:00:00
1005,2.8815,2.694,75480.7333,2.916,2.559,2.691,2179,2022-12-06 05:00:00
1006,2.76,2.5725,78825.4,2.76,2.568,2.6145,1799,2022-12-07 05:00:00
1007,2.6205,2.5335,59507.1333,2.6685,2.475,2.5395,1633,2022-12-08 05:00:00
1008,2.568,2.6955,49929.9333,2.7,2.55,2.661,1410,2022-12-09 05:00:00
1009,2.625,2.5335,57592.6,2.7,2.475,2.589,1274,2022-12-12 05:00:00
1010,2.625,2.4015,111632.4,2.625,2.28,2.4345,2153,2022-12-13 05:00:00
1011,2.46,2.3715,87613.8667,2.475,2.295,2.394,1644,2022-12-14 05:00:00
1012,2.3205,2.4,60450.8,2.4015,2.2965,2.3595,1329,2022-12-15 05:00:00
1013,2.4,2.3505,46383.9333,2.4459,2.31,2.379,1058,2022-12-16 05:00:00
1014,2.361,2.2605,100221.8,2.4,2.25,2.3175,1376,2022-12-19 05:00:00
1015,2.25,2.28,105315.8,2.391,2.1375,2.265,2118,2022-12-20 05:00:00
1016,2.256,2.5005,151958.8,2.55,2.2485,2.4015,2635,2022-12-21 05:00:00
1017,2.4375,2.694,128323,2.7735,2.4,2.6175,1405,2022-12-22 05:00:00
1018,2.775,2.637,38939.2667,2.775,2.5545,2.67,903,2022-12-23 05:00:00
1019,2.6955,2.5095,76640.0667,2.7,2.424,2.553,1431,2022-12-27 05:00:00
1020,2.451,2.5845,62768.1333,2.67,2.4465,2.556,1046,2022-12-28 05:00:00
1021,2.5845,2.472,67530.4667,2.6505,2.325,2.532,1761,2022-12-29 05:00:00
1022,2.475,2.6205,95218.1333,2.6205,2.2695,2.415,1863,2022-12-30 05:00:00
1023,2.6775,2.55,82554.5333,2.6775,2.418,2.535,1535,2023-01-03 05:00:00
1024,2.589,3.105,446595.4,4.425,2.565,3.4035,7098,2023-01-04 05:00:00
1025,3.33,2.8125,73576.3333,3.33,2.775,2.9325,2715,2023-01-05 05:00:00
1026,2.9625,2.955,88389.6,3.15,2.715,2.928,2451,2023-01-06 05:00:00
1027,2.955,3.0615,55888.3333,3.3128,2.8725,3.075,2159,2023-01-09 05:00:00
1028,3.105,3.4238,89877.2,3.48,3.105,3.339,1802,2023-01-10 05:00:00
1029,3.5445,3.975,131200.3333,4.05,3.5445,3.8835,3173,2023-01-11 05:00:00
1030,3.975,3.483,150712.0667,4.05,3.45,3.6645,3037,2023-01-12 05:00:00
1031,3.48,3.531,58149.4,3.675,3.411,3.552,1504,2023-01-13 05:00:00
1032,3.75,3.8355,115999.6,4.035,3.6,3.804,1901,2023-01-17 05:00:00
1033,3.9,3.423,74637.8,4.0395,3.3495,3.705,2161,2023-01-18 05:00:00
1034,3.375,3.7485,58096.9333,3.825,3.3,3.654,2257,2023-01-19 05:00:00
1035,3.75,3.636,33475.8,3.795,3.63,3.699,1242,2023-01-20 05:00:00
1036,3.75,3.7485,64806.4667,3.8175,3.6,3.7515,1378,2023-01-23 05:00:00
1037,3.6675,3.972,91891.9333,4.1865,3.6675,3.969,1780,2023-01-24 05:00:00
1038,3.975,3.8235,49212.1333,4.2,3.75,3.9105,1116,2023-01-25 05:00:00
1039,3.795,3.825,53417.2667,3.9735,3.795,3.873,1280,2023-01-26 05:00:00
1040,3.825,3.9,58709.1333,4.041,3.789,3.93,1283,2023-01-27 05:00:00
1041,3.9,3.72,60341.0667,3.9735,3.7125,3.819,1580,2023-01-30 05:00:00
1042,3.75,3.8205,46087.2,3.9,3.75,3.834,1324,2023-01-31 05:00:00
1043,3.825,3.8835,82718.4667,4.005,3.822,3.918,2187,2023-02-01 05:00:00
1044,3.9,3.75,258789.4667,4.1625,3.6795,3.864,2914,2023-02-02 05:00:00
1045,3.75,3.375,201806.9333,3.8775,3.3,3.4815,3804,2023-02-03 05:00:00
1046,3.3825,3.5775,52408.4,3.6735,3.3825,3.531,1495,2023-02-06 05:00:00
1047,3.6,3.45,43249.1333,3.66,3.435,3.507,877,2023-02-07 05:00:00
1048,3.525,3.4005,47706.8667,3.6,3.3,3.3885,1320,2023-02-08 05:00:00
1049,3.495,3.4485,44126.8,3.582,3.3015,3.465,916,2023-02-09 05:00:00
1050,3.465,3.45,33743.4667,3.51,3.318,3.4215,804,2023-02-10 05:00:00
1051,3.6,3.375,38929.1333,3.6,3.345,3.4275,790,2023-02-13 05:00:00
1052,3.4755,3.372,24281.9333,3.4755,3.315,3.372,723,2023-02-14 05:00:00
1053,3.45,3.285,112434.9333,3.45,3,3.2115,1469,2023-02-15 05:00:00
1054,3.303,3.3735,48095.7333,3.3735,3.18,3.2835,1236,2023-02-16 05:00:00
1055,3.369,3.297,43436.4667,3.369,3.2192,3.2775,1052,2023-02-17 05:00:00
1056,3.45,3.195,35336.5333,3.45,3.1935,3.273,721,2023-02-21 05:00:00
1057,3.3,3.075,60679.3333,3.306,3,3.1395,1190,2023-02-22 05:00:00
1058,3.1125,3.156,28259.1333,3.225,3,3.1065,1016,2023-02-23 05:00:00
1059,3.225,3.0585,20649.2667,3.225,3,3.0975,563,2023-02-24 05:00:00
1060,3.3015,3.186,26134.7333,3.4365,3.15,3.3735,752,2023-02-27 05:00:00
1061,3.225,3.669,165580.8667,3.708,3.1875,3.504,4841,2023-02-28 05:00:00
1062,3.9,3.3285,96759.4,3.9,3.225,3.4515,1785,2023-03-01 05:00:00
1063,3.3,3.186,62710,3.4455,3.111,3.225,1613,2023-03-02 05:00:00
1064,3.186,3.195,70277.6,3.27,3.045,3.1275,1876,2023-03-03 05:00:00
1065,3.15,3.0765,47931.1333,3.1755,3.045,3.1005,1402,2023-03-06 05:00:00
1066,3,2.9985,117329.0667,3.18,2.7225,2.925,2530,2023-03-07 05:00:00
1067,2.9985,2.8425,62313.9333,3,2.7615,2.853,2110,2023-03-08 05:00:00
1068,2.8665,2.778,59570.4667,2.8853,2.7525,2.8005,1840,2023-03-09 05:00:00
1069,2.85,2.6295,65667.5333,2.85,2.58,2.6985,1727,2023-03-10 05:00:00
1070,2.6295,2.475,100725.8667,2.6295,2.4,2.535,2649,2023-03-13 04:00:00
1071,2.55,2.427,99028.1333,2.625,2.4,2.4855,2535,2023-03-14 04:00:00
1072,2.4225,2.4,66430.1333,2.7,2.3625,2.43,3296,2023-03-15 04:00:00
1073,2.328,2.37,75875,2.52,2.2995,2.364,3095,2023-03-16 04:00:00
1074,2.4,2.2395,133098.1333,2.475,2.2395,2.2725,3476,2023-03-17 04:00:00
1075,2.31,2.223,72419.1333,2.3235,2.145,2.2155,2783,2023-03-20 04:00:00
1076,2.205,2.334,86264.4,2.3835,2.163,2.2785,2832,2023-03-21 04:00:00
1077,2.2815,2.1,99654.0667,2.4,2.1,2.2215,3312,2023-03-22 04:00:00
1078,2.4,2.169,210079.2667,2.478,2.1195,2.328,4572,2023-03-23 04:00:00
1079,2.1465,2.157,106065.4,2.253,2.1,2.139,3240,2023-03-24 04:00:00
1080,2.625,2.343,127969,2.625,2.2215,2.3325,2578,2023-03-27 04:00:00
1081,2.31,2.406,50147.2,2.475,2.2515,2.3475,1688,2023-03-28 04:00:00
1082,2.4,2.412,37457.3333,2.475,2.3625,2.418,1247,2023-03-29 04:00:00
1083,2.4735,2.517,33011.4667,2.55,2.43,2.4885,1145,2023-03-30 04:00:00
1084,2.5215,2.403,59575.9333,2.547,2.4,2.4375,1524,2023-03-31 04:00:00
1085,2.562,2.355,74902.1333,2.625,2.25,2.3955,1850,2023-04-03 04:00:00
1086,2.085,1.6815,443605.3333,2.1765,1.6515,1.8645,16774,2023-04-04 04:00:00
1087,1.48,1.72,815443,1.95,1.26,1.5204,6622,2023-04-05 04:00:00
1088,1.66,1.53,148545,1.69,1.51,1.5691,1227,2023-04-06 04:00:00
1089,1.53,1.56,111124,1.58,1.4001,1.4895,2164,2023-04-10 04:00:00
1090,1.56,1.46,181718,1.65,1.44,1.5574,1637,2023-04-11 04:00:00
1091,1.55,1.47,617382,1.75,1.35,1.5363,2683,2023-04-12 04:00:00
1092,1.43,1.63,385349,1.73,1.43,1.5995,1807,2023-04-13 04:00:00
1093,1.61,1.5,97915,1.615,1.5,1.5519,654,2023-04-14 04:00:00
1094,1.51,1.57,110422,1.6,1.5,1.5429,724,2023-04-17 04:00:00
1095,1.56,1.6,307760,1.67,1.5528,1.6221,1038,2023-04-18 04:00:00
1096,1.6,1.58,89346,1.63,1.56,1.5925,2491,2023-04-19 04:00:00
1097,1.55,1.45,195813,1.5766,1.4,1.4643,1944,2023-04-20 04:00:00
1098,1.5,1.36,105448,1.5,1.35,1.4101,937,2023-04-21 04:00:00
1099,1.39,1.28,150067,1.4,1.25,1.3328,897,2023-04-24 04:00:00
1100,1.28,1.2,80367,1.2897,1.2,1.2434,619,2023-04-25 04:00:00
1101,1.17,1.05,182111,1.2,1.0201,1.0915,968,2023-04-26 04:00:00
1102,1.03,1.09,108824,1.16,1.03,1.1017,745,2023-04-27 04:00:00
1103,1.09,1.09,76122,1.15,1.07,1.1148,513,2023-04-28 04:00:00
1104,1.09,1.1,49423,1.12,1.07,1.0909,781,2023-05-01 04:00:00
1105,1.08,1.16,208573,1.22,1.077,1.1529,868,2023-05-02 04:00:00
1106,1.15,1.13,44337,1.16,1.11,1.1327,331,2023-05-03 04:00:00
1107,1.11,1.13,36148,1.13,1.1,1.1154,300,2023-05-04 04:00:00
1108,1.16,1.18,56024,1.18,1.13,1.1568,329,2023-05-05 04:00:00
1109,1.16,1.16,21758,1.1784,1.13,1.1532,318,2023-05-08 04:00:00
1110,1.14,1.17,30795,1.17,1.1326,1.1492,463,2023-05-09 04:00:00
1111,1.17,1.25,106571,1.29,1.15,1.2282,589,2023-05-10 04:00:00
1112,1.3,1.37,188333,1.45,1.28,1.3743,750,2023-05-11 04:00:00
1113,1.39,1.32,51954,1.41,1.3,1.352,386,2023-05-12 04:00:00
1114,1.32,1.36,50309,1.36,1.29,1.3201,410,2023-05-15 04:00:00
1115,1.34,1.35,26859,1.36,1.3017,1.333,286,2023-05-16 04:00:00
1116,1.32,1.42,46540,1.43,1.3,1.3853,300,2023-05-17 04:00:00
1117,1.41,1.36,25525,1.41,1.35,1.3815,241,2023-05-18 04:00:00
1118,1.4,1.35,62136,1.42,1.35,1.3783,341,2023-05-19 04:00:00
1119,1.38,1.42,74372,1.43,1.35,1.4052,416,2023-05-22 04:00:00
1120,1.45,1.56,95902,1.6,1.4,1.5134,571,2023-05-23 04:00:00
1121,1.6,1.72,112567,1.72,1.585,1.6438,640,2023-05-24 04:00:00
1122,1.75,2.12,1188321,2.4,1.74,2.1612,4715,2023-05-25 04:00:00
1123,2.29,2.06,674556,2.64,2,2.2834,2834,2023-05-26 04:00:00
1124,2.1,2.07,175967,2.2899,1.94,2.0959,1291,2023-05-30 04:00:00
1125,2.07,1.78,181554,2.07,1.78,1.8883,1070,2023-05-31 04:00:00
1126,1.79,2.02,136767,2.07,1.79,1.9357,808,2023-06-01 04:00:00
1127,1.95,2.01,63902,2.1199,1.95,2.018,557,2023-06-02 04:00:00
1128,2.01,1.93,53254,2.0799,1.93,1.994,504,2023-06-05 04:00:00
1129,1.94,1.89,61460,1.9428,1.82,1.877,607,2023-06-06 04:00:00
1130,1.87,1.87,45507,1.9,1.83,1.8633,423,2023-06-07 04:00:00
1131,1.86,1.7599,87972,1.86,1.73,1.8076,762,2023-06-08 04:00:00
1132,1.74,1.72,75752,1.83,1.7,1.7632,504,2023-06-09 04:00:00
1133,1.72,1.76,34238,1.7986,1.7101,1.7436,412,2023-06-12 04:00:00
1134,1.77,1.69,111992,1.8341,1.66,1.7312,828,2023-06-13 04:00:00
1135,1.71,1.69,61960,1.74,1.6604,1.6977,601,2023-06-14 04:00:00
1136,1.72,1.86,119865,2,1.6941,1.8439,814,2023-06-15 04:00:00
1137,1.85,1.8,64847,1.9544,1.8,1.8444,627,2023-06-16 04:00:00
1138,1.76,1.74,36546,1.8392,1.72,1.7641,347,2023-06-20 04:00:00
1139,1.71,1.67,36743,1.75,1.67,1.6948,437,2023-06-21 04:00:00
1140,1.66,1.68,90336,1.72,1.64,1.6583,361,2023-06-22 04:00:00
1141,1.72,1.64,23733,1.72,1.64,1.6753,307,2023-06-23 04:00:00
1142,1.67,1.65,13813,1.69,1.64,1.6556,254,2023-06-26 04:00:00
1143,1.65,1.62,58737,1.67,1.57,1.6335,485,2023-06-27 04:00:00
1144,1.63,1.53,84588,1.67,1.53,1.5897,539,2023-06-28 04:00:00
1145,1.61,1.49,69711,1.61,1.465,1.5216,537,2023-06-29 04:00:00
1146,1.5,1.54,55714,1.5595,1.48,1.5264,437,2023-06-30 04:00:00
1147,1.5,1.57,62029,1.6,1.5,1.5563,308,2023-07-03 04:00:00
1148,1.62,1.58,36965,1.62,1.56,1.5893,327,2023-07-05 04:00:00
1149,1.56,1.48,99876,1.58,1.45,1.4955,853,2023-07-06 04:00:00
1150,1.45,1.45,136590,1.4999,1.39,1.4253,917,2023-07-07 04:00:00
1151,1.48,1.51,104215,1.57,1.425,1.5118,535,2023-07-10 04:00:00
1152,1.52,1.54,48834,1.575,1.5,1.5443,305,2023-07-11 04:00:00
1153,1.55,1.49,57203,1.5501,1.48,1.5299,314,2023-07-12 04:00:00
1154,1.48,1.57,99199,1.6,1.48,1.5422,439,2023-07-13 04:00:00
1155,1.58,1.5,64893,1.58,1.5,1.5395,379,2023-07-14 04:00:00
1156,1.5,1.5145,36515,1.54,1.5,1.5209,307,2023-07-17 04:00:00
1157,1.52,1.63,41590,1.64,1.52,1.5735,475,2023-07-18 04:00:00
1158,1.64,1.84,135452,1.87,1.63,1.7658,998,2023-07-19 04:00:00
1159,1.84,1.7089,70596,1.8479,1.68,1.7636,518,2023-07-20 04:00:00
1160,1.71,1.7,44253,1.7586,1.64,1.7022,370,2023-07-21 04:00:00
1161,1.68,1.49,149837,1.74,1.48,1.5569,985,2023-07-24 04:00:00
1162,1.5,1.49,70074,1.5396,1.485,1.5031,434,2023-07-25 04:00:00
1163,1.5,1.5,31392,1.5187,1.48,1.4972,246,2023-07-26 04:00:00
1164,1.52,1.45,38541,1.523,1.44,1.4894,408,2023-07-27 04:00:00
1165,1.45,1.375,94636,1.45,1.36,1.4112,593,2023-07-28 04:00:00
1166,1.38,1.48,103166,1.55,1.38,1.476,575,2023-07-31 04:00:00
1167,1.5,1.51,115271,1.54,1.4714,1.5046,448,2023-08-01 04:00:00
1168,1.47,1.52,46619,1.5284,1.4508,1.497,250,2023-08-02 04:00:00
1169,1.52,1.41,40035,1.53,1.41,1.4732,578,2023-08-03 04:00:00
1170,1.41,1.43,43018,1.4688,1.39,1.4185,268,2023-08-04 04:00:00
1171,1.42,1.43,25535,1.45,1.42,1.4335,235,2023-08-07 04:00:00
1172,1.45,1.44,35480,1.45,1.4001,1.4252,268,2023-08-08 04:00:00
1173,1.43,1.47,71280,1.55,1.43,1.505,297,2023-08-09 04:00:00
1174,1.49,1.46,28492,1.49,1.4297,1.4412,250,2023-08-10 04:00:00
1175,1.47,1.43,46761,1.47,1.39,1.4133,280,2023-08-11 04:00:00
1176,1.4,1.38,81247,1.45,1.33,1.3704,414,2023-08-14 04:00:00
1177,1.35,1.36,44668,1.4,1.33,1.3507,247,2023-08-15 04:00:00
1178,1.42,1.33,144098,1.45,1.3,1.3717,504,2023-08-16 04:00:00
1179,1.32,1.14,231927,1.32,1.1101,1.2207,850,2023-08-17 04:00:00
1180,1.14,1.13,55844,1.1568,1.13,1.1425,313,2023-08-18 04:00:00
1181,1.14,1.095,97156,1.19,1.08,1.1241,434,2023-08-21 04:00:00
1182,1.12,1.08,77340,1.15,1.06,1.0933,382,2023-08-22 04:00:00
1183,1.09,1.02,147799,1.09,1.01,1.0347,719,2023-08-23 04:00:00
1184,1.04,1.06,141791,1.1,0.9651,1.0271,527,2023-08-24 04:00:00
1185,1.08,0.8947,272908,1.08,0.8614,0.9481,964,2023-08-25 04:00:00
1186,0.96,0.8754,155265,0.96,0.87,0.8912,494,2023-08-28 04:00:00
1187,0.8754,0.866,174894,0.962799,0.861001,0.8862,563,2023-08-29 04:00:00
1188,0.89,0.8225,142426,0.91,0.81,0.8458,642,2023-08-30 04:00:00
1189,0.81,0.671,327515,0.82,0.659751,0.7313,1271,2023-08-31 04:00:00
