AMPUSD,open_price,close_price,trading_volume,highest_price,lowest_price,volume_weighted_avg_price,transaction_amt,date_time
0,0.05314,0.05444,1521541875.31468,1.0295,0.05073,0.0529,213491,2021-09-01
1,0.05443,0.05813,954460981.211354,1.0153,0.05376,0.0578,242150,2021-09-02
2,0.05813,0.05652,559473020.835327,1.0176,0.05521,0.0569,203125,2021-09-03
3,0.05652,0.05508,482260017.503536,0.99,0.055,0.056,155315,2021-09-04
4,0.05511,0.06167,547864370.592077,0.9916,0.055,0.0574,167338,2021-09-05
5,0.06164,0.05929,598013455.207832,0.94673,0.0585,0.0599,187429,2021-09-06
6,0.05924,0.05249,661930502.903026,0.9722,0.05,0.0545,189193,2021-09-07
7,0.05246,0.05594,612601189.145739,0.95592,0.0519,0.0548,172697,2021-09-08
8,0.056,0.05374,540692109.654395,0.99804,0.05225,0.0541,159948,2021-09-09
9,0.05375,0.0509,438954265.066599,0.935,0.05,0.0527,127793,2021-09-10
10,0.05094,0.05119,333207534.170621,0.95363,0.05057,0.0518,81142,2021-09-11
11,0.0512,0.05118,285935493.227909,0.96208,0.05039,0.0514,69295,2021-09-12
12,0.05118,0.05013,295402577.732661,0.97053,0.04959,0.0505,64787,2021-09-13
13,0.05016,0.05014,220156774.300186,1.0322,0.05,0.0504,53520,2021-09-14
14,0.05016,0.05155,348561914.337148,1.028,0.05,0.0519,70427,2021-09-15
15,0.05157,0.04942,411390485.646245,1.0072,0.0485,0.0509,92276,2021-09-16
16,0.04941,0.04787,411837039.856338,0.93098,0.04667,0.0486,91022,2021-09-17
17,0.04787,0.93028,244216453.449913,0.95309,0.0475,0.0493,56311,2021-09-18
18,0.0494,0.04792,175066882.805338,0.96056,0.04756,0.0494,41201,2021-09-19
19,0.04796,0.0422,481481463.904075,0.93311,0.04,0.0451,93159,2021-09-20
20,0.04227,0.89137,347791544.554193,0.91301,0.04025,0.0448,72500,2021-09-21
21,0.04137,0.04723,296736362.220241,0.95573,0.04082,0.0456,65195,2021-09-22
22,0.0472,0.04848,363939157.662695,0.958,0.04581,0.0492,74750,2021-09-23
23,0.95173,0.04576,241068227.047349,0.95613,0.04312,0.0467,61278,2021-09-24
24,0.04576,0.04628,172859648.834729,0.9444,0.0445,0.047,47005,2021-09-25
25,0.04627,0.04628,146160676.935295,0.95101,0.045,0.0467,41532,2021-09-26
26,0.04624,0.04426,193363188.649589,0.96387,0.04384,0.0459,44356,2021-09-27
27,0.04426,0.0429,264726448.012944,0.94665,0.04213,0.0439,49135,2021-09-28
28,0.04292,0.04339,119255594.189135,0.95636,0.04242,0.0442,36192,2021-09-29
29,0.0434,0.04858,390710490.308509,0.97068,0.0434,0.0475,75465,2021-09-30
30,0.04862,0.0503,350922345.392528,1.0781,0.0472,0.051,81615,2021-10-01
31,0.0503,0.0497,206609086.222072,1.21,0.049,0.0508,53131,2021-10-02
32,0.0497,0.04935,182962822.71163,1.2178,0.04816,0.0507,45382,2021-10-03
33,0.04941,0.05322,456287893.507174,1.2037,0.0492,0.0518,97937,2021-10-04
34,0.05328,0.0528,812466929.428878,1.0242,0.0508,0.0546,150394,2021-10-05
35,0.0528,0.04892,465305103.128732,1.048,0.04833,0.0506,122350,2021-10-06
36,0.04887,0.04771,478508382.05087,1.1255,0.04646,0.0485,122665,2021-10-07
37,0.04771,0.0474,285488148.363942,1.1142,0.04507,0.0473,75305,2021-10-08
38,0.04741,0.04915,427938219.5721,1.0991,0.04654,0.0492,86804,2021-10-09
39,0.04915,0.04719,259756014.914456,1.1719,0.04703,0.0488,62915,2021-10-10
40,0.04713,0.04818,261922157.913655,1.1388,0.04556,0.0474,70836,2021-10-11
41,0.04818,0.04556,297964027.611987,0.99412,0.04425,0.0459,74497,2021-10-12
42,0.04557,0.04585,237053483.090745,1.0747,0.04486,0.0458,60589,2021-10-13
43,0.04586,0.04582,236549453.271523,1.1159,0.04522,0.0463,67121,2021-10-14
44,0.04584,0.05176,508786898.786611,1.1488,0.04475,0.0473,103487,2021-10-15
45,0.05176,0.04976,830648867.581683,1.143,0.0487,0.0513,153860,2021-10-16
46,0.04975,0.04845,273531672.657972,1.1807,0.04738,0.0489,62624,2021-10-17
47,0.04845,0.0475,263929783.286539,1.1278,0.04727,0.0485,66828,2021-10-18
48,0.0473,0.04723,211621122.749856,1.23,0.04681,0.0478,57920,2021-10-19
49,0.04722,0.04911,232425294.092282,1.4413,0.04675,0.0482,70975,2021-10-20
50,0.04904,0.04813,258976571.160448,1.479,0.0477,0.0494,78853,2021-10-21
51,0.04813,0.04866,204194925.002178,1.6833,0.04751,0.0489,61639,2021-10-22
52,0.04866,0.04864,243065888.857177,1.8533,0.0467,0.0492,72353,2021-10-23
53,0.04864,0.0473,305606350.620527,1.9493,0.04664,0.0481,92881,2021-10-24
54,0.04734,0.04738,238140581.506754,2.0821,0.04667,0.0481,85093,2021-10-25
55,0.04738,0.0463,404280970.791106,1.9521,0.046,0.0471,115140,2021-10-26
56,0.04631,0.04161,619161404.83336,1.6282,0.041,0.0438,180067,2021-10-27
57,0.04158,0.04491,635638525.837442,1.422,0.04132,0.0441,186200,2021-10-28
58,0.04488,0.04605,358065262.418702,1.5654,0.04454,0.0462,122014,2021-10-29
59,0.04603,0.04518,391209061.74875,2.0366,0.044,0.0462,117377,2021-10-30
60,0.04517,0.04846,2407411991.6314,1.999,0.04468,0.0529,373766,2021-10-31
61,0.0485,0.04909,746651151.703638,1.9217,0.04731,0.05,171063,2021-11-01
62,0.04909,0.05395,639010323.546481,1.8776,0.0485,0.0515,156127,2021-11-02
63,0.05395,0.07279,3728399022.75469,1.8608,0.05118,0.0654,605412,2021-11-03
64,0.07285,0.06366,3664639664.66932,1.7652,0.058,0.0697,660963,2021-11-04
65,0.06366,0.05924,1365696276.31973,1.6055,0.0575,0.0636,323728,2021-11-05
66,0.0592,0.05911,608094396.076137,1.5362,0.05767,0.0607,144679,2021-11-06
67,0.05911,0.0649,839884451.476797,1.7197,0.05648,0.0621,166945,2021-11-07
68,0.06493,0.06181,658245889.224448,1.7488,0.05919,0.0618,170095,2021-11-08
69,0.06181,0.05974,506587405.461205,1.7243,0.05518,0.0606,144210,2021-11-09
70,0.05973,0.05823,613335092.75733,1.461,0.05542,0.0597,158969,2021-11-10
71,0.05812,0.06,352951036.934296,1.2234,0.0564,0.0625,119948,2021-11-11
72,0.06,0.05755,409972300.474974,1.1048,0.05585,0.0593,106043,2021-11-12
73,0.05717,0.05801,258033697.72855,1.0258,0.05618,0.0587,80481,2021-11-13
74,0.05804,0.05756,217349719.266727,0.95851,0.05701,0.0591,69875,2021-11-14
75,0.05758,0.0569,253188468.941568,0.92912,0.05581,0.0577,79870,2021-11-15
76,0.05686,0.05206,365926604.239356,0.87755,0.05049,0.0534,105701,2021-11-16
77,0.05206,0.05114,351510717.350946,0.85381,0.05,0.0521,101095,2021-11-17
78,0.05115,0.04888,381058183.606476,0.85799,0.04682,0.0504,98408,2021-11-18
79,0.04885,0.0508,269875249.245905,0.88395,0.04731,0.0508,81457,2021-11-19
80,0.0508,0.05211,184692335.043675,0.88395,0.0508,0.0535,67476,2021-11-20
81,0.05209,0.05014,174664708.649658,0.84968,0.05011,0.0523,65553,2021-11-21
82,0.05013,0.04956,312960528.519866,0.81423,0.04836,0.0514,84305,2021-11-22
83,0.04956,0.07048,4018680879.67587,0.81603,0.04933,0.069,696539,2021-11-23
84,0.07048,0.05961,1013985918.01219,1.0836,0.057,0.0623,226510,2021-11-24
85,0.0596,0.06129,668629775.224851,1.2277,0.05828,0.0616,162940,2021-11-25
86,0.06133,0.0572,477396280.146446,1.3117,0.05567,0.0593,118749,2021-11-26
87,0.0572,0.06173,575199642.268975,1.1786,0.05679,0.0617,130265,2021-11-27
88,0.06167,0.06358,2659763643.0559,1.1651,0.05976,0.0688,495045,2021-11-28
89,0.06358,0.06246,564312426.850161,1.2307,0.06225,0.0651,154114,2021-11-29
90,0.06246,0.06087,439287116.837197,1.4081,0.06,0.062,119834,2021-11-30
91,0.06087,0.06008,449099904.757939,1.3937,0.058,0.0602,109989,2021-12-01
92,0.06002,0.05742,288087108.186756,1.3101,0.05718,0.0589,83566,2021-12-02
93,0.05742,0.05417,298448864.847425,1.2914,0.05352,0.0574,88330,2021-12-03
94,0.05417,0.05258,477243444.580067,1.1446,0.0492,0.0532,122648,2021-12-04
95,0.05258,0.0506,244185449.044392,0.99251,0.04995,0.0527,77688,2021-12-05
96,0.05064,0.05232,369788356.055753,0.95385,0.04804,0.0521,94222,2021-12-06
97,0.05235,0.05096,234500370.174954,0.88683,0.05024,0.0532,72642,2021-12-07
98,0.05091,0.05487,722771021.226749,1.0759,0.05054,0.0572,159321,2021-12-08
99,0.05486,0.05283,343117345.477092,1.025,0.0525,0.0558,100875,2021-12-09
100,0.05282,0.87122,208097292.578574,0.95143,0.05,0.0525,67211,2021-12-10
101,0.0504,0.88333,140328856.757837,0.92295,0.05,0.0515,51433,2021-12-11
102,0.05179,0.05225,141932518.270552,0.96654,0.05105,0.0519,46229,2021-12-12
103,0.05225,0.04907,175176691.848908,0.94571,0.048,0.0503,59082,2021-12-13
104,0.04907,0.04973,174872538.640675,0.8895,0.04751,0.0491,55913,2021-12-14
105,0.04973,0.05031,160893476.420615,0.9924,0.04721,0.0493,62757,2021-12-15
106,0.05028,0.04847,155438327.597434,0.98102,0.04754,0.0496,47846,2021-12-16
107,0.04844,0.04847,147424809.246133,0.92461,0.04715,0.0485,44710,2021-12-17
108,0.04847,0.04863,118299103.285523,0.92772,0.04768,0.0498,93858,2021-12-18
109,0.04867,0.048,135441830.684191,0.92958,0.04764,0.0488,62004,2021-12-19
110,0.048,0.04664,148851055.054304,0.92654,0.046,0.0477,65726,2021-12-20
111,0.04666,0.04838,195088108.785236,0.97802,0.04591,0.0477,63278,2021-12-21
112,0.04836,0.05029,348098285.392934,1.0157,0.04815,0.0497,77242,2021-12-22
113,0.05029,0.05048,210902062.553609,1.0114,0.04832,0.0504,64985,2021-12-23
114,0.05048,0.04944,160792104.488169,0.98869,0.04924,0.0519,59985,2021-12-24
115,0.04945,0.04956,100217207.933207,1.0016,0.04925,0.0515,43176,2021-12-25
116,0.04957,0.05082,132080449.103061,0.95825,0.04892,0.0506,49432,2021-12-26
117,0.05082,0.0534,515795073.540172,0.98107,0.05036,0.0551,122426,2021-12-27
118,0.05338,0.05063,202219992.387953,0.95215,0.04954,0.052,64164,2021-12-28
119,0.05063,0.04918,147548244.402506,0.93565,0.04888,0.0512,48442,2021-12-29
120,0.04915,0.04892,111300716.881702,0.90849,0.04864,0.05,45231,2021-12-30
121,0.04889,0.04828,171881931.472798,0.92708,0.0478,0.0491,48337,2021-12-31
122,0.04828,0.04964,96788881.4676468,0.91592,0.04804,0.05,39189,2022-01-01
123,0.04965,0.04899,84873728.7833594,0.90897,0.04882,0.0498,40302,2022-01-02
124,0.04899,0.83815,282830161.827182,0.91124,0.0481,0.0508,69175,2022-01-03
125,0.83815,0.04929,757703879.793799,0.86855,0.049,0.0524,129835,2022-01-04
126,0.0493,0.04681,406116943.550178,0.89305,0.0447,0.0499,78005,2022-01-05
127,0.04681,0.046,236300181.296369,0.79,0.04443,0.0461,67500,2022-01-06
128,0.04601,0.04349,258576771.94911,0.79242,0.04263,0.044,64047,2022-01-07
129,0.04346,0.04346,255786506.357606,0.76968,0.0412,0.0437,56928,2022-01-08
130,0.04342,0.0428,171991660.761187,0.74924,0.04217,0.0447,49351,2022-01-09
131,0.0428,0.04207,212103984.117809,0.73056,0.04052,0.0428,51419,2022-01-10
132,0.04206,0.04184,230852718.580779,0.85845,0.04059,0.0422,49480,2022-01-11
133,0.04184,0.04277,279746399.011,0.97671,0.04118,0.0437,54821,2022-01-12
134,0.04277,0.04073,211517596.338964,0.96574,0.04031,0.0429,47395,2022-01-13
135,0.04069,0.04111,189536942.346816,0.96,0.04011,0.0414,46310,2022-01-14
136,0.04108,0.04139,91569369.3407982,0.97366,0.04108,0.0418,34484,2022-01-15
137,0.04136,0.04114,129386686.25527,1.0694,0.04049,0.0417,36120,2022-01-16
138,0.04114,0.04011,160948283.28195,1.3499,0.03984,0.0413,40693,2022-01-17
139,0.04015,0.03887,212065531.386879,1.322,0.03774,0.0394,47223,2022-01-18
140,0.03884,0.03718,203274728.496441,1.167,0.03665,0.0389,43141,2022-01-19
141,0.03718,0.03533,219744664.982559,1.2154,0.03528,0.0387,55028,2022-01-20
142,0.03528,0.0303,597787689.408237,1.0782,0.02826,0.0331,94642,2022-01-21
143,0.03031,0.02985,458834266.610401,0.86977,0.025,0.0324,90789,2022-01-22
144,0.02982,0.02905,324608442.674997,0.91581,0.02819,0.0301,59332,2022-01-23
145,0.02905,0.02733,432401543.913975,0.88015,0.02542,0.0277,65009,2022-01-24
146,0.02733,0.02893,346540139.656183,0.87165,0.02635,0.0287,58722,2022-01-25
147,0.02896,0.02988,441413562.649798,0.9428,0.02859,0.0318,77815,2022-01-26
148,0.87332,0.02909,212415123.586572,0.90287,0.0285,0.0296,43193,2022-01-27
149,0.02909,0.03024,171854929.614482,0.90699,0.02864,0.0302,44895,2022-01-28
150,0.03024,0.03035,147683106.681225,0.94823,0.02967,0.0306,32386,2022-01-29
151,0.03032,0.02962,107642939.09996,0.96254,0.02932,0.0309,26647,2022-01-30
152,0.02961,0.02978,143933345.494334,0.95903,0.02821,0.0297,31341,2022-01-31
153,0.02981,0.03008,181329259.126768,0.97678,0.02968,0.0313,38402,2022-02-01
154,0.03007,0.02927,138375226.218699,1.0255,0.02896,0.0311,34374,2022-02-02
155,0.02924,0.02918,134367931.128892,0.99565,0.02801,0.0292,31305,2022-02-03
156,0.02919,0.03121,231371457.984794,1.2399,0.02877,0.0314,46496,2022-02-04
157,0.03121,0.03104,154517268.474659,1.2673,0.0295,0.032,37474,2022-02-05
158,0.03102,0.03208,162860387.370991,1.2229,0.03097,0.0327,35645,2022-02-06
159,0.03208,0.03323,190550430.912155,1.1551,0.03123,0.0336,44657,2022-02-07
160,0.03321,0.0314,215750049.74283,1.1384,0.03038,0.0321,43008,2022-02-08
161,0.03142,0.0312,149396055.170665,1.1159,0.03038,0.0318,36883,2022-02-09
162,0.03125,0.03045,142358501.062558,1.1054,0.03005,0.0313,29095,2022-02-10
163,0.03045,0.03298,772519845.145855,1.0283,0.03,0.034,91648,2022-02-11
164,0.03292,0.03125,365732467.747813,0.94646,0.03062,0.0327,57481,2022-02-12
165,0.03125,0.03005,101170170.610015,0.95036,0.03003,0.0309,26455,2022-02-13
166,0.03005,0.02945,137200555.394314,0.95269,0.0288,0.0299,31542,2022-02-14
167,0.0294,0.03092,123362215.728776,1.0552,0.02928,0.0308,28993,2022-02-15
168,0.03095,0.03216,284187825.01321,1.0552,0.03031,0.0322,44725,2022-02-16
169,0.03214,0.02995,130980880.741072,1.0257,0.0296,0.0312,27559,2022-02-17
170,0.02991,0.02928,82108365.275314,0.99878,0.02911,0.0306,22462,2022-02-18
171,0.02924,0.02878,99381032.8587862,0.98228,0.02839,0.0291,20919,2022-02-19
172,0.02876,0.02715,100015953.816687,0.98228,0.02692,0.0283,23039,2022-02-20
173,0.02715,0.02568,122311207.200166,0.951,0.02558,0.0279,25799,2022-02-21
174,0.02564,0.02671,158137475.550965,0.94258,0.02425,0.0257,28766,2022-02-22
175,0.02671,0.89608,67562466.0770571,1.0272,0.02578,0.0303,21269,2022-02-23
176,0.02593,0.02616,349941029.349978,0.93381,0.0214,0.0254,55250,2022-02-24
177,0.02614,0.02922,284618671.632277,0.97516,0.02597,0.0285,47903,2022-02-25
178,0.96753,0.02842,87264848.8701663,0.98077,0.02836,0.0297,22325,2022-02-26
179,0.0284,0.02689,98549103.5371598,0.98413,0.02663,0.0291,22388,2022-02-27
180,0.02688,1.0289,108674883.231781,1.0415,0.02655,0.0294,25659,2022-02-28
181,0.02933,0.02885,130249971.438285,1.0983,0.02851,0.0299,29201,2022-03-01
182,0.02884,0.02832,98463184.3024126,1.091,0.02802,0.0297,23555,2022-03-02
183,0.02829,0.02753,167051196.528011,1.0657,0.02701,0.0295,29267,2022-03-03
184,0.02751,0.02664,95462582.2530208,0.96105,0.02617,0.0283,22505,2022-03-04
185,0.02662,0.93691,77085012.2128083,0.94399,0.02651,0.0285,20340,2022-03-05
186,0.02701,0.02606,75037883.0278483,0.98092,0.026,0.0286,17704,2022-03-06
187,0.02608,0.02497,127027504.469344,0.94538,0.02454,0.0271,23994,2022-03-07
188,0.903,0.91137,90132335.4814725,0.9309,0.0247,0.0261,19949,2022-03-08
189,0.02497,0.02596,127308546.603716,0.9811,0.02485,0.0268,24975,2022-03-09
190,0.02594,0.02578,129485993.360743,1.1452,0.02461,0.0267,29928,2022-03-10
191,0.02581,0.02468,81497149.7028409,0.96525,0.02455,0.0273,21466,2022-03-11
192,0.02467,0.02468,58326623.4940254,0.95556,0.02461,0.026,16443,2022-03-12
193,0.02468,0.02433,127916813.697907,0.96127,0.02424,0.0256,20410,2022-03-13
194,0.02432,0.02467,81216792.7772664,0.96499,0.02409,0.0255,20881,2022-03-14
195,0.02463,0.02452,83056701.7184341,0.98106,0.02415,0.0259,18855,2022-03-15
196,0.0245,0.02522,89609745.3401171,1.1307,0.02439,0.0292,21689,2022-03-16
197,0.02523,0.02502,65001020.8563895,1.1127,0.025,0.0269,18327,2022-03-17
198,0.02502,0.02515,107635214.482832,1.0706,0.0244,0.0268,24936,2022-03-18
199,0.02512,0.02695,230717200.573332,1.0769,0.02511,0.0265,35384,2022-03-19
200,0.02699,0.02552,113011433.099501,1.0725,0.0254,0.0265,24540,2022-03-20
201,0.02548,0.02617,166654558.049346,1.1326,0.0252,0.0267,30088,2022-03-21
202,0.02616,0.02633,241367534.191453,1.1498,0.02616,0.028,40091,2022-03-22
203,0.02633,0.02676,176550593.422139,1.0862,0.02618,0.0269,31073,2022-03-23
204,0.02676,0.02695,188908181.428564,1.1044,0.02641,0.0271,36108,2022-03-24
205,0.02695,0.02608,190925678.914872,1.1042,0.02588,0.0272,34245,2022-03-25
206,0.02605,0.02636,102034047.391638,1.1042,0.02569,0.0277,22075,2022-03-26
207,0.02636,0.02786,169347731.850482,1.1316,0.02626,0.0274,30727,2022-03-27
208,0.02783,0.02704,278211510.750952,1.1954,0.02703,0.028,44915,2022-03-28
209,0.02704,0.02727,199671038.116263,1.2361,0.0267,0.0277,34174,2022-03-29
210,0.02727,0.02759,206075610.078694,1.2015,0.02696,0.0277,32542,2022-03-30
211,0.02757,0.02695,336068352.747672,1.1987,0.0268,0.0286,45769,2022-03-31
212,0.02695,0.02737,203273558.852788,1.126,0.02643,0.0274,30568,2022-04-01
213,0.02737,0.02751,266214400.893968,1.1365,0.02692,0.0276,35090,2022-04-02
214,0.02751,0.02779,258874381.608592,1.1362,0.02707,0.0284,34351,2022-04-03
215,0.02778,0.02828,412517681.475424,1.0826,0.02721,0.0286,53473,2022-04-04
216,0.0283,0.02734,241061487.642944,1.1193,0.02721,0.0285,32668,2022-04-05
217,0.02737,0.02507,279734224.541589,1.0994,0.025,0.0266,33733,2022-04-06
218,0.02507,0.02535,167242859.530679,1.0272,0.02491,0.0256,24224,2022-04-07
219,0.02533,0.02449,147686114.065902,1.0436,0.02426,0.0253,23254,2022-04-08
220,0.02447,0.02504,107863592.965052,1.0378,0.02417,0.0251,18426,2022-04-09
221,0.02506,0.02457,108514955.620024,1.0994,0.02443,0.0253,18442,2022-04-10
222,0.02458,0.02252,228096313.946457,1.0722,0.02246,0.0243,29013,2022-04-11
223,0.02255,0.02318,146375912.881764,1.0956,0.0225,0.0244,25132,2022-04-12
224,0.02318,0.02334,174877682.341307,1.0993,0.02287,0.0273,27082,2022-04-13
225,0.02332,0.02247,162786297.306278,1.1086,0.0223,0.0235,22924,2022-04-14
226,0.02247,0.02252,103809140.60405,1.0996,0.02223,0.0233,17829,2022-04-15
227,0.02252,0.02259,71186362.0381181,1.0813,0.02238,0.0228,14918,2022-04-16
228,0.02261,0.02224,73340466.4231732,1.0856,0.02216,0.023,13262,2022-04-17
229,0.02224,0.02162,167143378.343304,1.095,0.0209,0.0223,23764,2022-04-18
230,0.02162,0.0222,93166229.0358725,1.1387,0.02162,0.023,17929,2022-04-19
231,0.02222,0.02266,186562942.5596,1.1598,0.02186,0.0237,28959,2022-04-20
232,0.02266,0.02445,258629904.102651,1.1981,0.02181,0.0236,35115,2022-04-21
233,0.02453,0.02262,369056244.117181,1.2248,0.02262,0.0239,47762,2022-04-22
234,0.02262,0.02202,192891009.161666,1.2188,0.02186,0.023,23816,2022-04-23
235,0.02205,0.02169,108470394.629793,1.2472,0.02153,0.0232,17805,2022-04-24
236,0.02171,0.02167,292501080.743878,1.2074,0.02109,0.0222,39085,2022-04-25
237,0.02164,0.02116,175242245.160685,1.2075,0.02054,0.0217,27344,2022-04-26
238,0.02119,0.02156,229852261.078175,1.184,0.02064,0.0217,30367,2022-04-27
239,0.02156,0.02082,148649049.633051,1.2211,0.02077,0.0214,25041,2022-04-28
240,0.02082,0.02062,197344357.399749,1.2208,0.01994,0.021,26603,2022-04-29
241,0.0206,0.01933,140155880.895075,1.1406,0.01925,0.02,23251,2022-04-30
242,0.01933,0.01921,132412579.390761,1.0514,0.01883,0.0201,23365,2022-05-01
243,0.01924,0.01856,92483931.6686875,1.0527,0.01826,0.0198,18629,2022-05-02
244,0.01855,0.01808,114108789.939339,1.0525,0.01794,0.0185,18553,2022-05-03
245,0.0181,0.01937,125672244.447158,1.0782,0.01804,0.0192,22808,2022-05-04
246,0.01938,0.01784,125781715.528848,1.0818,0.01764,0.0198,34482,2022-05-05
247,0.01782,0.01796,101911891.112259,1.0677,0.01756,0.0187,57152,2022-05-06
248,0.01796,0.01781,82207189.6828638,1.0818,0.01773,0.0183,39185,2022-05-07
249,0.01781,0.01782,96779942.1478376,1.0661,0.01768,0.0183,37646,2022-05-08
250,0.01781,0.01333,726407361.035992,1.0624,0.01314,0.015,76734,2022-05-09
251,0.0133,0.01344,329097424.338796,1.1436,0.01305,0.0143,57235,2022-05-10
252,0.01344,0.01058,552234646.075187,1.1323,0.0102,0.0123,78891,2022-05-11
253,0.0106,0.012,564805293.384808,1.0282,0.00933,0.0111,91285,2022-05-12
254,0.01203,0.0135,422118231.12352,0.93454,0.01177,0.0136,71164,2022-05-13
255,0.0135,0.01376,233715164.28625,0.91365,0.01271,0.014,43310,2022-05-14
256,0.01379,0.01426,147800978.423528,0.93837,0.01288,0.0139,33946,2022-05-15
257,0.01423,0.01387,180237500.151103,0.93736,0.01293,0.0138,31234,2022-05-16
258,0.01387,0.01407,234730619.317071,0.93412,0.01356,0.0145,30052,2022-05-17
259,0.01411,0.01331,219683421.046323,0.92141,0.01304,0.014,28662,2022-05-18
260,0.0133,0.01368,120840091.566237,0.91566,0.01303,0.0139,26601,2022-05-19
261,0.01368,0.01308,133816042.5903,0.92155,0.01289,0.0134,25241,2022-05-20
262,0.01308,0.01331,78352398.3724345,0.9101,0.01282,0.0135,19169,2022-05-21
263,0.01331,0.01329,92957131.9435866,0.91365,0.0129,0.0136,20654,2022-05-22
264,0.01328,0.01287,193643948.003144,0.92501,0.01269,0.0134,26385,2022-05-23
265,0.01288,0.01327,142291002.950431,0.90982,0.01266,0.0137,25617,2022-05-24
266,0.01329,0.01278,121200546.436944,0.92281,0.01263,0.0132,24738,2022-05-25
267,0.01278,0.01228,117572733.362433,0.95245,0.01219,0.0138,27607,2022-05-26
268,0.01228,0.01145,138085072.98922,0.94401,0.01138,0.0122,27159,2022-05-27
269,0.01145,0.01166,64420383.9957862,0.90058,0.01136,0.013,20641,2022-05-28
270,0.01166,0.0118,60548877.4873176,0.92543,0.01144,0.0122,17341,2022-05-29
271,0.01181,0.01263,119666875.393296,0.96537,0.0117,0.0141,21769,2022-05-30
272,0.01263,0.01256,110498450.28836,0.98336,0.01199,0.0137,16837,2022-05-31
273,0.01256,0.01202,116800704.146391,1.0192,0.01181,0.0135,15455,2022-06-01
274,0.01202,0.01184,168927190.228668,0.99378,0.01138,0.0122,20576,2022-06-02
275,0.01182,0.01141,136070289.299843,0.99241,0.01117,0.0122,20707,2022-06-03
276,0.01142,0.01149,104050510.884027,0.98934,0.0112,0.0118,16144,2022-06-04
277,0.01148,0.01146,62092285.5171093,1.0621,0.01127,0.0141,13869,2022-06-05
278,1.0362,0.01186,111500202.402614,1.0595,0.01145,0.0122,17276,2022-06-06
279,0.01186,0.01159,102864419.218924,1.0381,0.01125,0.0118,17450,2022-06-07
280,0.01158,0.01113,134932674.02632,1.1581,0.01108,0.0127,19118,2022-06-08
281,0.01113,0.01112,87934689.6961717,1.1491,0.01102,0.0127,15624,2022-06-09
282,0.01113,0.01094,108439667.060366,1.0626,0.01081,0.0119,16202,2022-06-10
283,0.01094,0.01046,98707457.08264,1.0373,0.0104,0.0111,16173,2022-06-11
284,0.01047,0.01007,154935058.200783,0.99299,0.00995,0.0104,20014,2022-06-12
285,0.01009,0.00905,405306107.450635,0.95515,0.00887,0.0102,36195,2022-06-13
286,0.00905,0.00972,241494665.007643,0.8914,0.0086,0.0096,28772,2022-06-14
287,0.0097,0.00977,209531212.206131,0.88007,0.00875,0.0096,27482,2022-06-15
288,0.00977,0.00877,149587612.646148,0.84242,0.00872,0.0093,23004,2022-06-16
289,0.00877,0.00897,105196155.647511,0.82832,0.00877,0.0091,19706,2022-06-17
290,0.00895,0.00847,181373722.138677,0.81779,0.00789,0.0085,24461,2022-06-18
291,0.00847,0.00894,135526280.051748,0.84038,0.00816,0.0089,21539,2022-06-19
292,0.00895,0.79256,137867388.713169,0.86907,0.00842,0.0091,20302,2022-06-20
293,0.00903,0.00912,121189354.412621,0.84067,0.00891,0.0095,21380,2022-06-21
294,0.00912,0.00951,130974337.187551,0.82689,0.00868,0.0095,21359,2022-06-22
295,0.00952,0.00929,161318591.861923,0.84442,0.009,0.0095,24694,2022-06-23
296,0.00929,0.00941,175320641.65773,0.88934,0.00909,0.0096,26807,2022-06-24
297,0.00942,0.88297,89592193.7150699,0.88934,0.00927,0.0097,19927,2022-06-25
298,0.00936,0.0091,96415069.9929205,0.90332,0.00907,0.0096,19603,2022-06-26
299,0.0091,0.00899,105052833.428691,0.90332,0.00896,0.0092,17331,2022-06-27
300,0.00899,0.00876,79573358.3507977,1.0442,0.00872,0.0106,21725,2022-06-28
301,0.00876,0.00855,107474549.922739,1.0341,0.00849,0.0089,16120,2022-06-29
302,0.00856,0.01026,1015326627.36019,0.96493,0.0083,0.0116,71650,2022-06-30
303,0.01023,0.00943,647496747.924194,0.98009,0.00933,0.0102,48998,2022-07-01
304,0.00941,0.00912,176479936.644563,0.9938,0.00898,0.0092,20954,2022-07-02
305,0.00912,0.00915,315753074.511152,1.0148,0.00892,0.0095,26212,2022-07-03
306,0.00917,1.0684,118414577.327623,1.0806,0.009,0.0093,17174,2022-07-04
307,0.00937,0.00911,123607262.7674,1.1374,0.00897,0.0092,17041,2022-07-05
308,0.00911,0.00913,98889204.790887,1.1023,0.009,0.0091,17458,2022-07-06
309,0.00912,0.00931,197989242.983675,1.2354,0.00906,0.0094,19298,2022-07-07
310,0.00929,0.00914,132798625.933197,1.2588,0.00904,0.0093,18747,2022-07-08
311,0.00914,0.00913,132455564.600505,1.1759,0.00906,0.0092,15512,2022-07-09
312,0.00914,0.00916,232801922.631,1.1587,0.00902,0.0094,18005,2022-07-10
313,0.00917,0.00882,119276684.095719,1.0904,0.00873,0.0091,15607,2022-07-11
314,0.00884,0.00877,213444778.893806,1.0185,0.00872,0.0089,17816,2022-07-12
315,0.00876,0.00888,152610971.173626,1.0542,0.00846,0.0087,17601,2022-07-13
316,0.00889,0.00897,176569839.992357,1.1316,0.00857,0.0088,16782,2022-07-14
317,0.00896,0.00901,148561435.040814,1.1286,0.00885,0.0091,17845,2022-07-15
318,0.00901,0.00905,110934100.34752,1.1619,0.0089,0.0091,15980,2022-07-16
319,0.00905,0.00892,128312558.114652,1.1499,0.00891,0.0091,15525,2022-07-17
320,0.00892,1.2134,201099328.005821,1.214,0.00891,0.0092,21327,2022-07-18
321,0.00926,0.00946,374163037.853274,1.214,0.00906,0.0095,26612,2022-07-19
322,0.00946,0.00935,504492589.768819,1.2001,0.00917,0.0099,33949,2022-07-20
323,0.00935,0.00923,171099766.808157,1.1884,0.00908,0.0093,17542,2022-07-21
324,0.00923,0.00898,179100819.428265,1.2081,0.00887,0.0092,17514,2022-07-22
325,0.00898,0.00905,92836149.3821026,1.1831,0.00881,0.009,12824,2022-07-23
326,1.1598,0.00896,87676016.6713526,1.3455,0.00885,0.0091,11997,2022-07-24
327,1.157,0.00845,181779985.246484,1.1855,0.00838,0.0089,17990,2022-07-25
328,0.00843,0.00837,214806986.217934,1.0908,0.00808,0.0083,15498,2022-07-26
329,0.00837,0.00854,280182791.756155,1.1082,0.008,0.0085,18275,2022-07-27
330,0.00854,0.00895,227666434.998522,1.1098,0.00853,0.0088,21478,2022-07-28
331,0.00895,0.00892,180535917.648847,1.2765,0.00865,0.0089,17901,2022-07-29
332,0.00893,0.00901,222898839.754292,1.9,0.0089,0.0092,19372,2022-07-30
333,0.009,0.0091,144984129.344402,1.7759,0.00894,0.0092,14913,2022-07-31
334,0.00909,0.00842,318923210.770848,1.3941,0.00824,0.0087,20035,2022-08-01
335,0.00843,0.00839,430685749.07232,1.3454,0.0079,0.0083,23738,2022-08-02
336,0.00838,0.00819,209648054.283888,1.2815,0.0081,0.0083,15452,2022-08-03
337,0.00817,0.00822,131361348.738593,1.2516,0.0081,0.0082,15003,2022-08-04
338,0.0082,0.00843,149974421.857774,1.35,0.00808,0.0083,17210,2022-08-05
339,0.00843,0.00834,136413242.093171,1.3976,0.00833,0.0085,15089,2022-08-06
340,0.00835,0.00837,101804206.270443,1.5017,0.00824,0.0085,13560,2022-08-07
341,0.00838,0.00837,117196021.415051,1.73,0.0083,0.0086,16751,2022-08-08
342,0.00837,0.00825,153090930.365274,1.7092,0.00805,0.0083,16170,2022-08-09
343,0.00826,0.00837,121807637.525743,1.5965,0.0081,0.0083,13155,2022-08-10
344,0.00836,0.00834,222697178.038368,1.6283,0.00821,0.0084,19253,2022-08-11
345,0.00836,0.00838,199246824.176197,1.7825,0.00821,0.0085,16352,2022-08-12
346,0.00838,0.00828,142677635.776111,2.0778,0.00824,0.0088,15886,2022-08-13
347,2.0336,0.00825,239333941.922585,2.0336,0.00818,0.0086,19676,2022-08-14
348,0.00823,0.00821,118585651.786747,1.6701,0.00812,0.0084,14562,2022-08-15
349,0.00823,0.00828,124171487.932643,1.5132,0.00813,0.0084,14735,2022-08-16
350,0.00828,0.00794,171023614.062428,1.4342,0.00791,0.0082,15026,2022-08-17
351,0.00793,0.00764,136382390.136425,1.4536,0.00762,0.0081,14494,2022-08-18
352,0.00764,0.00703,301505215.647415,1.3902,0.00698,0.0074,18632,2022-08-19
353,1.0428,0.00713,119899282.874791,1.0878,0.00702,0.0075,12664,2022-08-20
354,0.95086,0.00718,69291929.1939869,1.083,0.00708,0.0073,10348,2022-08-21
355,0.00718,1.0099,145794415.270614,1.048,0.00676,0.007,12031,2022-08-22
356,0.00696,0.00708,98736817.9750603,1.0956,0.00681,0.0071,12485,2022-08-23
357,0.00707,0.00698,128009486.561728,1.1036,0.00689,0.0072,13018,2022-08-24
358,0.00699,0.00704,132002697.619456,1.0852,0.00695,0.0071,13838,2022-08-25
359,0.00706,0.00657,167099674.11381,1.0502,0.00654,0.0069,14792,2022-08-26
360,0.00658,0.0066,100309949.933381,0.93482,0.00651,0.0067,11311,2022-08-27
361,0.0066,0.00642,90343033.9797276,0.90763,0.0064,0.0066,11429,2022-08-28
362,0.00642,0.00649,135841711.464318,0.94918,0.0062,0.0064,13282,2022-08-29
363,0.94549,0.0062,133054047.585582,0.95413,0.00609,0.0063,12253,2022-08-30
364,0.0062,0.00619,134558994.705206,0.94643,0.00617,0.0064,11168,2022-08-31
365,0.00619,0.00616,113209826.325852,0.93941,0.00606,0.0062,10853,2022-09-01
366,0.00616,0.00602,185437536.436456,0.95453,0.00595,0.0061,14849,2022-09-02
367,0.00604,0.00602,85318869.5468629,0.92127,0.00597,0.0061,11697,2022-09-03
368,0.90516,0.00608,81509132.5635434,0.99251,0.00597,0.0061,11772,2022-09-04
369,0.00608,0.00599,76624040.0193448,1.0143,0.00593,0.0061,12148,2022-09-05
370,0.006,0.00551,226331285.168832,1.0135,0.0055,0.0059,16124,2022-09-06
371,0.00552,0.00557,220391440.310236,0.97458,0.00541,0.0056,19582,2022-09-07
372,0.00559,0.00567,136195620.451131,0.97235,0.00543,0.0056,17336,2022-09-08
373,0.00568,0.00584,178018372.693828,1.0727,0.00567,0.0058,17318,2022-09-09
374,0.00583,0.00593,95668058.1960922,1.1501,0.00575,0.0062,13908,2022-09-10
375,0.00594,0.00661,993240276.012311,1.3509,0.00592,0.007,43158,2022-09-11
376,0.00659,0.00621,348964378.829062,1.3099,0.00597,0.0063,21120,2022-09-12
377,0.00621,0.00563,279267600.270427,1.2915,0.00553,0.0059,17216,2022-09-13
378,0.00563,0.00561,205091423.510405,1.1199,0.00534,0.0056,15116,2022-09-14
379,0.00561,0.00541,289851987.012383,1.1057,0.00529,0.0057,17165,2022-09-15
380,0.00541,0.00531,176999938.036116,1.0183,0.00516,0.0054,13788,2022-09-16
381,0.00531,0.00543,101868554.919248,1.0024,0.00528,0.0055,10919,2022-09-17
382,0.99522,0.00503,231673943.914081,1.018,0.0048,0.0052,14548,2022-09-18
383,0.00505,0.00502,206675041.827087,1.0044,0.00485,0.0051,13988,2022-09-19
384,0.00502,0.00487,142714277.072545,1.0025,0.00485,0.005,12108,2022-09-20
385,0.00487,0.00487,307986675.749974,1.0238,0.00474,0.0051,15397,2022-09-21
386,0.94333,0.00496,176569735.194987,1.0198,0.00477,0.005,11757,2022-09-22
387,0.00496,0.00501,133494945.901891,1.0879,0.00486,0.005,11513,2022-09-23
388,0.00501,0.00493,73572770.3380734,1.1168,0.00492,0.005,10010,2022-09-24
389,0.00493,0.00478,92225437.9237947,1.1884,0.00476,0.005,10018,2022-09-25
390,0.00478,0.0049,86631803.5956176,1.1971,0.0047,0.0049,10416,2022-09-26
391,0.0049,0.00484,196478743.629095,1.1902,0.00472,0.0049,14002,2022-09-27
392,0.00487,0.00481,97255200.853132,1.1719,0.00471,0.0048,10273,2022-09-28
393,0.00481,0.0048,115093820.575912,1.1675,0.00466,0.0048,9010,2022-09-29
394,0.00479,0.00487,223267751.255219,1.2,0.00479,0.005,12026,2022-09-30
395,0.00487,0.00488,263098557.291139,1.188,0.00487,0.0052,13379,2022-10-01
396,0.00488,0.00482,128431611.434622,1.1697,0.00478,0.0049,9857,2022-10-02
397,0.00482,0.00503,84653019.6648807,1.1819,0.00481,0.0049,10576,2022-10-03
398,0.00502,0.00509,198017502.071538,1.1999,0.00491,0.0051,12565,2022-10-04
399,0.00509,0.00515,87255794.9708607,1.1952,0.005,0.0051,8689,2022-10-05
400,0.00515,0.00503,77419089.1695992,1.194,0.00501,0.0051,8229,2022-10-06
401,0.00503,0.00498,88768058.5471181,1.1928,0.00494,0.005,7579,2022-10-07
402,0.00499,0.00499,42859329.4980749,1.1736,0.00498,0.005,6317,2022-10-08
403,0.00499,0.00499,58280045.2120786,1.1637,0.00494,0.005,6555,2022-10-09
404,0.005,1.1238,62994913.5331727,1.1546,0.00481,0.0049,7429,2022-10-10
405,0.00482,0.00472,117703127.310408,1.1394,0.00471,0.0048,8317,2022-10-11
406,0.00474,0.0049,420463510.662716,1.1267,0.00471,0.0052,13795,2022-10-12
407,0.0049,0.0048,181940930.211736,1.1005,0.00463,0.0048,11500,2022-10-13
408,0.0048,1.0672,115648053.172759,1.1287,0.0048,0.0049,9485,2022-10-14
409,0.00482,0.00497,148927169.884846,1.0693,0.0048,0.0049,8388,2022-10-15
410,0.00498,1.0447,125668202.080432,1.0578,0.00486,0.005,7650,2022-10-16
411,0.00497,0.00501,90497253.9917471,1.0624,0.00489,0.005,8066,2022-10-17
412,0.005,0.00493,205036440.415838,1.0777,0.0048,0.0051,9609,2022-10-18
413,0.00494,0.00485,71069755.7781127,1.0461,0.00481,0.0049,6888,2022-10-19
414,0.00485,0.00488,131148297.736066,1.0428,0.00482,0.005,8470,2022-10-20
415,0.00489,0.00488,69169229.502915,1.0314,0.00483,0.0049,7846,2022-10-21
416,0.00488,0.00489,70684005.6662442,1.0885,0.0048,0.0053,7578,2022-10-22
417,0.00489,0.00496,83273010.9569735,1.0928,0.0048,0.0049,8414,2022-10-23
418,0.00494,0.00482,85768795.1545957,1.0934,0.0048,0.0049,9023,2022-10-24
419,0.00482,0.00488,169679703,0.0051,0.00479,0.0049,10141,2022-10-25
420,0.00488,0.0049,102792961.966915,1.194,0.00488,0.005,11418,2022-10-26
421,0.0049,0.00481,172003003.602206,1.1868,0.00474,0.005,11374,2022-10-27
422,0.00483,0.00483,86387141.2542568,1.1807,0.00481,0.0049,10103,2022-10-28
423,0.00483,0.00487,278663384.997541,1.2037,0.00473,0.005,15419,2022-10-29
424,0.00489,0.00489,361335781.058661,1.1697,0.00485,0.0051,15518,2022-10-30
425,0.00491,0.00483,193236030.10272,1.1615,0.00478,0.005,13619,2022-10-31
426,1.1254,0.00488,126139606.848659,1.1541,0.00482,0.0051,11459,2022-11-01
427,0.00486,0.00478,182239491.902515,1.1553,0.00471,0.0049,10830,2022-11-02
428,0.00478,0.00491,181648111.747751,1.1438,0.00478,0.0049,9773,2022-11-03
429,0.00491,0.00517,323243450.852248,1.2047,0.00479,0.0051,12815,2022-11-04
430,0.00517,0.00499,247563056.340364,1.1944,0.00495,0.0051,11097,2022-11-05
431,0.00498,0.00485,176193922.640231,1.1881,0.00483,0.005,8884,2022-11-06
432,0.00484,0.00477,189321859.701912,1.1455,0.00467,0.0048,9737,2022-11-07
433,0.00475,0.0043,386575165.186479,1.1278,0.00399,0.0045,14924,2022-11-08
434,0.0043,0.00356,422279193.930834,0.98922,0.00345,0.0038,17155,2022-11-09
435,0.00356,0.99732,199470897.482017,1.0316,0.00355,0.0041,15616,2022-11-10
436,0.99908,0.00391,117520388.264297,1.0019,0.00375,0.0043,12082,2022-11-11
437,0.0039,0.00374,93152149.6902466,1.0013,0.00371,0.0042,11744,2022-11-12
438,0.92171,0.00359,132191570.964489,1.27,0.00357,0.0038,13139,2022-11-13
439,0.00357,0.00359,142920563.446792,1.27,0.00344,0.0036,12913,2022-11-14
440,1.1412,0.00363,147491902.553006,1.1538,0.00349,0.0036,9074,2022-11-15
441,0.00363,0.0037,127805558.237687,1.0951,0.0036,0.0037,8885,2022-11-16
442,0.00369,0.00369,79829445.2262268,1.1038,0.00362,0.0037,7356,2022-11-17
443,0.00369,0.00364,56723766.1122261,1.1011,0.00363,0.0037,6147,2022-11-18
444,1.0423,0.00369,55136830.6136606,1.091,0.00362,0.0037,5563,2022-11-19
445,0.00368,0.00357,116708183.303149,1.0514,0.00344,0.0036,6607,2022-11-20
446,0.00356,0.00333,133851665.261927,0.99484,0.00332,0.0034,7543,2022-11-21
447,0.00333,0.0034,108050278.182622,1.0116,0.00318,0.0034,7512,2022-11-22
448,0.00339,0.00358,191861225.674776,1.029,0.00337,0.0035,7842,2022-11-23
449,0.00359,0.00349,101879577.765611,1.0695,0.00345,0.0036,5285,2022-11-24
450,0.00348,0.00338,179121076.039487,1.0528,0.00334,0.0034,5150,2022-11-25
451,0.00338,0.00347,102157461.04521,1.0512,0.00337,0.0035,5473,2022-11-26
452,0.00345,0.00347,47078216.6051654,1.0347,0.00344,0.0035,4888,2022-11-27
453,0.00346,0.0034,85664342.9856718,1.0188,0.00334,0.0034,5324,2022-11-28
454,0.00339,0.0034,88967200.9200309,1.0414,0.00334,0.0034,5791,2022-11-29
455,1.0193,0.00349,137859556.676549,1.068,0.00335,0.0035,6292,2022-11-30
456,0.00349,0.00354,85810037.0868564,1.1478,0.00344,0.0037,6250,2022-12-01
457,1.1498,0.00353,145393516.359857,1.156,0.00347,0.0036,6332,2022-12-02
458,0.00353,0.00349,69634680.3604928,1.1265,0.00349,0.0036,4964,2022-12-03
459,0.00349,0.0035,76349370.1938712,1.1238,0.00346,0.0035,4710,2022-12-04
460,0.00352,0.0035,83617327.2117855,1.1601,0.00347,0.0037,5133,2022-12-05
461,0.0035,0.00355,66703743.8346685,1.1594,0.00348,0.0037,4758,2022-12-06
462,0.00355,0.00338,57606826.9545358,1.3645,0.00336,0.0037,5670,2022-12-07
463,0.00338,0.00348,50393982.3581341,1.7551,0.00335,0.0049,5152,2022-12-08
464,0.00349,0.00345,82233156.3846649,1.956,0.00342,0.0054,7331,2022-12-09
465,0.00345,0.00346,111355678.776572,1.962,0.00344,0.0037,6374,2022-12-10
466,0.00346,0.00347,42669505.3489029,1.6363,0.00345,0.0047,5230,2022-12-11
467,0.00346,0.00336,144390583.580596,1.5957,0.00329,0.0035,5540,2022-12-12
468,0.00335,0.00339,109016901.98478,1.5395,0.00326,0.0038,6621,2022-12-13
469,1.2008,0.00336,88700016.930141,1.328,0.00333,0.0035,5142,2022-12-14
470,0.00335,0.00329,103998904.671955,1.2923,0.00326,0.0033,4910,2022-12-15
471,0.00329,0.00308,155240009.017404,1.2258,0.00305,0.0033,5880,2022-12-16
472,0.00308,0.00351,395042772.655333,1.0881,0.00307,0.0035,12982,2022-12-17
473,0.00351,0.00324,128906169.422998,1.1641,0.00322,0.0038,7602,2022-12-18
474,0.00324,0.00305,110961717.100475,1.1325,0.00303,0.0037,6680,2022-12-19
475,0.00306,1.0679,105361373.351281,1.0811,0.00305,0.0032,4698,2022-12-20
476,0.00322,0.00313,46010092.3156287,1.0839,0.00311,0.0032,3595,2022-12-21
477,1.0752,0.00314,65219507.9742805,1.2074,0.00306,0.0035,4169,2022-12-22
478,0.00315,0.0031,68302511.4838754,1.1496,0.00309,0.0033,4130,2022-12-23
479,0.0031,0.00332,185039324.862046,1.2172,0.0031,0.0033,5688,2022-12-24
480,0.0033,0.00319,91750877.589064,1.2947,0.00316,0.0036,4334,2022-12-25
481,1.3,0.00318,90953161.3527317,1.4105,0.00315,0.0035,4377,2022-12-26
482,0.00318,0.00312,59588849.7854128,1.5268,0.00309,0.004,4662,2022-12-27
483,0.00313,0.00308,105525839.781724,1.5059,0.00307,0.0037,6224,2022-12-28
484,0.00308,0.00305,77322116.4504861,1.2929,0.00304,0.0038,5014,2022-12-29
485,0.00307,0.00305,190246969.220606,1.359,0.00301,0.0032,5824,2022-12-30
486,0.00304,0.00303,128542644.700911,1.3402,0.00299,0.0034,5166,2022-12-31
487,0.00303,1.3705,53216278.8397177,1.3804,0.00302,0.0031,3437,2023-01-01
488,0.0031,0.00312,62648753.600238,1.4786,0.00308,0.0039,4638,2023-01-02
489,0.00313,0.0031,61842428.9406413,1.4551,0.00308,0.0044,5090,2023-01-03
490,0.0031,0.00311,110019581.74859,1.3741,0.00309,0.0034,5706,2023-01-04
491,1.3635,0.00314,86120938.074385,1.3889,0.00311,0.0034,5093,2023-01-05
492,0.00314,0.00324,144071066.963771,1.4352,0.00312,0.0033,5859,2023-01-06
493,0.00323,0.0032,72139584.8625059,1.6974,0.00318,0.0043,5306,2023-01-07
494,0.0032,0.0033,91891712.6434283,1.6112,0.00318,0.0039,5120,2023-01-08
495,0.00331,0.00345,260482052.195778,1.6425,0.00329,0.0035,8473,2023-01-09
496,0.00346,0.00346,124992972.270655,1.6207,0.00342,0.0036,6225,2023-01-10
497,0.00344,0.00354,146413211.734508,1.4989,0.00332,0.0037,5955,2023-01-11
498,1.3238,0.00353,204822255.804015,1.4044,0.00342,0.0037,7967,2023-01-12
499,0.00353,0.00366,178268821.444846,1.3418,0.00349,0.0038,7657,2023-01-13
500,0.00366,0.00394,278195878.313308,1.2927,0.00366,0.0039,12568,2023-01-14
501,0.00396,0.00386,133837101.545395,1.2904,0.00376,0.0039,7722,2023-01-15
502,0.00387,0.00531,1123867363.09691,1.2842,0.00386,0.0049,30288,2023-01-16
503,0.00531,0.00496,871911925.808968,1.2878,0.00482,0.0053,28385,2023-01-17
504,0.00496,0.00452,360626195.305274,1.3088,0.00448,0.0049,15184,2023-01-18
505,0.00452,0.0046,147919534.337641,1.2558,0.00437,0.0052,9008,2023-01-19
506,0.00457,1.1055,250924788.200728,1.1134,0.00457,0.005,12100,2023-01-20
507,0.00493,0.00489,159770265.821723,1.1347,0.00486,0.005,10000,2023-01-21
508,0.0049,0.00481,156706438.489611,1.1238,0.00466,0.0049,8680,2023-01-22
509,0.00481,0.00497,181581249.846749,1.1071,0.00481,0.005,9020,2023-01-23
510,0.00497,0.00481,142317943.449715,1.0749,0.00477,0.005,8778,2023-01-24
511,0.00481,0.00489,176942821.964758,1.0084,0.00473,0.005,9269,2023-01-25
512,0.0049,0.00478,122257990.986805,0.99556,0.00476,0.005,7791,2023-01-26
513,0.00479,0.0048,146838330.475058,1.0692,0.0047,0.0049,8324,2023-01-27
514,0.00479,0.00475,87493700.197459,1.069,0.00473,0.0048,6880,2023-01-28
515,0.00475,0.00479,167281350.509717,1.079,0.00471,0.0049,8228,2023-01-29
516,0.00479,0.00459,154094578.146242,1.0463,0.00442,0.0047,7383,2023-01-30
517,0.00457,0.00458,248410417.59652,1.0087,0.00451,0.0047,8388,2023-01-31
518,0.00458,0.00474,164703314.387883,1.0492,0.00442,0.0046,8187,2023-02-01
519,0.00473,0.00474,193546694.237336,1.1407,0.0047,0.0048,9667,2023-02-02
520,0.00474,0.00474,133511888.11716,1.0784,0.00466,0.0048,7872,2023-02-03
521,0.00474,1.1567,121363765.237514,1.2045,0.00473,0.0052,8886,2023-02-04
522,0.00478,1.1492,162422316.439435,1.2338,0.00472,0.0051,9102,2023-02-05
523,0.0048,1.1391,91426138.9389693,1.1565,0.00465,0.0049,6962,2023-02-06
524,0.00469,0.00509,294849006.157857,1.171,0.00467,0.005,11295,2023-02-07
525,0.0051,0.00493,354709792.81265,1.1864,0.00474,0.0051,12070,2023-02-08
526,0.00492,0.0045,264572226.099015,1.142,0.00447,0.0049,10273,2023-02-09
527,0.00451,0.00459,140715971.73007,1.0528,0.00449,0.0049,7706,2023-02-10
528,0.00458,0.00462,61814625.9643318,1.0415,0.00452,0.0048,4947,2023-02-11
529,0.00462,0.00465,75644097.9561268,1.0556,0.00462,0.0051,5956,2023-02-12
530,1.0354,0.00453,149934261.853607,1.0528,0.00441,0.0046,6303,2023-02-13
531,1.0427,0.00462,67445953.8863876,1.0856,0.00446,0.0046,5382,2023-02-14
532,1.0802,0.00494,100100149.946179,1.0991,0.00456,0.0053,7715,2023-02-15
533,0.00494,0.00457,526592201.890135,1.1318,0.00455,0.005,14429,2023-02-16
534,0.00458,0.0048,160323733.536201,1.0746,0.00455,0.0054,7943,2023-02-17
535,0.00482,0.00482,125694388.693046,1.0579,0.00466,0.0049,6137,2023-02-18
536,0.00481,0.00483,246477259.077056,1.0622,0.00475,0.005,9143,2023-02-19
537,0.00481,0.00521,539728582.03015,1.0621,0.0047,0.0052,14160,2023-02-20
538,0.00522,0.00549,823917892.182309,1.0691,0.00501,0.0057,24380,2023-02-21
539,0.0055,0.00618,1125412055.42494,1.0622,0.00511,0.006,32906,2023-02-22
540,0.00618,0.00744,1890781805.68847,1.0512,0.00615,0.0074,59896,2023-02-23
541,0.00742,0.0069,1068593413.44329,1.0403,0.00649,0.0071,35712,2023-02-24
542,0.0069,0.00613,387340703.251372,1.0254,0.0057,0.0062,15995,2023-02-25
543,0.00613,0.00587,317854800.138327,1.0181,0.00571,0.0059,12508,2023-02-26
544,0.00588,0.00564,420098429.503597,1.0195,0.00562,0.006,13455,2023-02-27
545,0.00563,0.00524,300899066.025897,1.0286,0.00521,0.0056,11094,2023-02-28
546,0.00523,0.00539,291491966.169426,1.0374,0.00523,0.0056,10188,2023-03-01
547,0.00537,0.0054,295202463.387996,1.0374,0.00517,0.0054,8974,2023-03-02
548,0.0054,0.0051,361657785.824214,1.0341,0.00487,0.0053,9650,2023-03-03
549,0.0051,0.00519,156361084.133955,1.0583,0.00501,0.0053,5537,2023-03-04
550,0.00521,0.00506,206451548.072376,1.1178,0.00502,0.0052,5920,2023-03-05
551,0.00506,0.00488,294188516.909286,1.1165,0.00471,0.0049,7474,2023-03-06
552,1.1134,0.00467,244563485.793772,1.1203,0.00459,0.0048,7149,2023-03-07
553,0.00467,0.00428,365252678.548617,1.1149,0.00425,0.0045,8825,2023-03-08
554,1.0936,0.0044,1202583481.46375,1.0957,0.00419,0.0048,18787,2023-03-09
555,0.00439,0.00417,391100258.486793,1.0142,0.00394,0.0042,10307,2023-03-10
556,0.00417,0.00405,250917575.556459,1.1343,0.00389,0.0045,8467,2023-03-11
557,0.00406,0.00435,159418399.233851,1.4597,0.00398,0.0045,7089,2023-03-12
558,0.00435,0.00434,446081380.543888,1.4931,0.00413,0.0046,10866,2023-03-13
559,0.00433,0.00439,455725480.483721,1.3854,0.0043,0.0047,11079,2023-03-14
560,0.00439,0.00408,391737264.684184,1.3099,0.00399,0.0044,8591,2023-03-15
561,0.00408,1.1393,250409247.830333,1.1795,0.004,0.0042,6754,2023-03-16
562,1.1415,0.00431,324078722.565549,1.1519,0.00409,0.0043,7819,2023-03-17
563,0.00431,1.1764,372123277.509597,1.2029,0.0041,0.0044,8196,2023-03-18
564,0.00412,0.00413,297959797.577676,1.1892,0.00403,0.0041,6807,2023-03-19
565,0.00413,0.00396,308660271.929948,1.1705,0.00393,0.0041,7059,2023-03-20
566,0.00397,0.00406,253657502.181011,1.1644,0.00385,0.004,6357,2023-03-21
567,0.00405,0.00384,341456396.366171,1.1593,0.00368,0.0039,7878,2023-03-22
568,0.00384,0.00401,406961550.744767,1.1619,0.0038,0.004,8175,2023-03-23
569,0.00401,0.00382,253729380.950383,1.156,0.00373,0.0039,6899,2023-03-24
570,0.00382,0.0037,198968228.582585,1.1279,0.00365,0.0038,5730,2023-03-25
571,0.0037,0.00377,110380913.27807,1.1209,0.00369,0.0038,5029,2023-03-26
572,0.00376,0.0036,179298919.922423,1.1133,0.00356,0.0037,5927,2023-03-27
573,0.0036,0.00358,329573777.430985,1.1042,0.00348,0.0036,6110,2023-03-28
574,0.0036,0.00369,258558313.942893,1.1248,0.00358,0.0037,6104,2023-03-29
575,0.00369,1.0852,438124679.410312,1.1332,0.00357,0.0038,8918,2023-03-30
576,0.00381,0.00372,245051584.728612,1.0957,0.00366,0.0038,6041,2023-03-31
577,1.0909,0.00374,171240066.581416,1.1004,0.0037,0.0038,4652,2023-04-01
578,0.00375,0.00366,156916903.976996,1.062,0.00363,0.0037,4025,2023-04-02
579,0.00366,0.00366,233822662.852661,1.06,0.00357,0.0037,5977,2023-04-03
580,0.00366,0.00373,179368563.933793,1.085,0.00363,0.0037,4734,2023-04-04
581,0.00374,0.0038,175575915.331544,1.1067,0.0037,0.0038,5013,2023-04-05
582,0.00378,0.00373,146470796.702062,1.1005,0.00369,0.0038,4102,2023-04-06
583,0.00374,0.00369,89654375.5678706,1.071,0.00367,0.0037,3572,2023-04-07
584,1.0641,0.00375,477717823.391272,1.0694,0.00368,0.0039,8960,2023-04-08
585,0.00374,0.00373,226560907.345743,1.086,0.00364,0.0038,5136,2023-04-09
586,0.00373,0.00377,209986145.751012,1.0955,0.00368,0.0038,5042,2023-04-10
587,0.00377,0.00386,267871401.675846,1.1197,0.00375,0.0038,6138,2023-04-11
588,0.00387,0.00375,199512540.147165,1.1109,0.0037,0.0038,5223,2023-04-12
589,0.00375,0.00383,215170362.740561,1.1271,0.00369,0.0038,6093,2023-04-13
590,0.00383,0.00389,271722323.293661,1.1815,0.00376,0.0038,8226,2023-04-14
591,0.00389,0.00401,384375068.125042,1.1738,0.00381,0.004,10906,2023-04-15
592,0.00401,0.004,254244431.773992,1.1644,0.00392,0.004,8283,2023-04-16
593,0.00399,0.00388,203518994.264412,1.1589,0.00381,0.004,7130,2023-04-17
594,0.0039,0.00391,294867284.047173,1.1542,0.00381,0.004,8900,2023-04-18
595,0.00392,0.00377,353228688.435299,1.1111,0.00371,0.0039,11181,2023-04-19
596,0.00377,0.00367,238451177.986872,1.0431,0.0036,0.0038,9019,2023-04-20
597,0.00367,0.00353,149648153.159581,1.0412,0.00348,0.0037,6692,2023-04-21
598,0.00352,0.00353,104529549.986144,1.0737,0.00342,0.0035,3531,2023-04-22
599,0.00353,0.00346,88160656.109712,1.0929,0.00343,0.0035,3312,2023-04-23
600,0.00345,0.00348,188634574.721806,1.0927,0.00341,0.0037,4767,2023-04-24
601,0.00348,0.00355,107514933.346341,1.0915,0.00343,0.0036,4179,2023-04-25
602,0.00354,0.00351,152004783.366778,1.1186,0.00345,0.0037,4640,2023-04-26
603,0.00351,0.00358,91692076.6297768,1.1063,0.00348,0.0036,3502,2023-04-27
604,0.00359,0.00352,90658619.4964002,1.0996,0.00346,0.0035,3420,2023-04-28
605,0.0035,0.00347,74384422.305353,1.104,0.00345,0.0035,3338,2023-04-29
606,0.00347,0.00347,97515863.2364188,1.0928,0.00344,0.0038,3540,2023-04-30
607,0.00346,0.00333,150541339.265946,1.028,0.00327,0.0034,4219,2023-05-01
608,0.00333,0.00337,187937817.170269,1.0299,0.00331,0.0034,4323,2023-05-02
609,0.00337,0.00339,125367648.092114,1.0342,0.00326,0.0033,3941,2023-05-03
610,0.00339,0.00333,60294567.3061572,1.0598,0.00328,0.0034,3362,2023-05-04
611,0.00332,0.00333,96618278.4135712,1.1178,0.00331,0.0033,3552,2023-05-05
612,0.00333,0.00344,302132533.873484,1.0492,0.00323,0.0035,7671,2023-05-06
613,0.00344,0.00327,136663287.241734,1.0187,0.00326,0.0034,4077,2023-05-07
614,0.00328,0.00309,250711390.827581,1.0256,0.00301,0.0033,5984,2023-05-08
615,0.00309,0.00312,159208813.60109,1.0315,0.00303,0.0033,4120,2023-05-09
616,0.00312,0.00317,208051490.499665,1.0267,0.00309,0.0032,4878,2023-05-10
617,0.00317,0.00296,206672009.85714,1.0249,0.00292,0.0031,4237,2023-05-11
618,0.00295,0.00295,127012559.019007,1.0074,0.00284,0.0031,4410,2023-05-12
619,0.00295,0.00293,116850953.53486,1.0164,0.00287,0.003,3250,2023-05-13
620,0.00293,0.00294,84638758.1948981,1.0235,0.00288,0.003,2711,2023-05-14
621,0.00293,0.00298,76296879.9674101,1.0408,0.00291,0.003,3029,2023-05-15
622,0.00297,0.00295,90592316.6476925,1.0373,0.00291,0.003,3282,2023-05-16
623,0.00295,0.003,147423249.379464,1.0531,0.00291,0.0031,3194,2023-05-17
624,0.00301,1.0377,97110016.1506261,1.05,0.00289,0.003,2818,2023-05-18
625,0.00292,0.00292,93202262.6865469,1.0426,0.00288,0.0029,2593,2023-05-19
626,0.00292,0.00295,136269036.280482,1.0469,0.0029,0.003,3155,2023-05-20
627,0.00295,0.00287,66504514.4521351,1.0502,0.00286,0.003,2497,2023-05-21
628,0.00287,0.00288,113780005.462037,1.0441,0.00283,0.0029,2694,2023-05-22
629,0.00288,0.00285,72841952.0427852,1.0494,0.00282,0.0029,2796,2023-05-23
630,0.00284,0.00265,336144253.930406,1.065,0.00255,0.0027,7611,2023-05-24
631,0.00264,0.00261,130030342.281204,1.07,0.00256,0.0026,3735,2023-05-25
632,0.00261,0.0026,139382722.639919,1.1435,0.00256,0.0026,3626,2023-05-26
633,0.00259,0.00258,83162266.160903,1.1512,0.00257,0.0026,2448,2023-05-27
634,0.00258,0.00265,125084367.654448,1.2359,0.00257,0.0026,2773,2023-05-28
635,0.00265,0.0026,75321424.7420897,1.1742,0.00258,0.0027,2659,2023-05-29
636,0.00259,0.00267,161159380.141474,1.2296,0.00257,0.0029,3962,2023-05-30
637,0.00267,0.00259,192414573.438689,1.1537,0.00251,0.0026,4119,2023-05-31
638,0.00258,0.00255,155035512.908139,1.1544,0.00253,0.0027,3392,2023-06-01
639,0.00256,0.00264,168535331.411893,1.1355,0.00252,0.0026,3291,2023-06-02
640,0.00263,0.00255,89897021.7598331,1.104,0.0025,0.0026,2428,2023-06-03
641,0.00255,0.00258,97985889.4942424,1.1285,0.00254,0.0027,2926,2023-06-04
642,0.00257,0.0024,256482246.904785,1.1258,0.00232,0.0025,5023,2023-06-05
643,0.00239,0.00238,140512747.831889,1.0923,0.0023,0.0025,4201,2023-06-06
644,0.00238,0.00222,174901417.41463,1.0855,0.00219,0.0024,4358,2023-06-07
645,0.00221,0.00221,124508634.391661,1.0513,0.00215,0.0022,3524,2023-06-08
646,0.0022,0.00219,169903892.932176,1.0506,0.00215,0.0022,3568,2023-06-09
647,0.00219,0.00201,369557128.720982,1.0504,0.00182,0.0019,7964,2023-06-10
648,0.00201,0.00197,150508550.982429,1.0387,0.00196,0.0021,4197,2023-06-11
649,0.00197,0.00205,97858241.3355626,1.0253,0.00193,0.002,3601,2023-06-12
650,0.00205,0.00201,89274106.8631722,1.0372,0.00198,0.002,2809,2023-06-13
651,0.002,0.00201,115560783.252426,1.0545,0.00197,0.0021,2879,2023-06-14
652,0.002,0.00202,116929498.831682,1.0504,0.00196,0.0021,3222,2023-06-15
653,0.00201,0.00202,127864836.591747,1.0615,0.00199,0.0021,3650,2023-06-16
654,0.00202,0.00216,173421851.715037,1.1161,0.002,0.0021,4050,2023-06-17
655,0.00215,0.00199,170661836.253768,1.1063,0.00197,0.0021,3097,2023-06-18
656,0.00198,0.002,82384461.724915,1.1063,0.00197,0.002,2579,2023-06-19
657,1.1042,0.00211,360388883.42574,1.1298,0.002,0.0022,6904,2023-06-20
658,0.0021,0.0022,232400928.383988,1.2194,0.00209,0.0025,5273,2023-06-21
659,0.00219,0.00214,257132137.092766,1.2137,0.00212,0.0022,5703,2023-06-22
660,0.00214,0.00211,266774785.743918,1.2161,0.00208,0.0022,6186,2023-06-23
661,0.00212,0.00213,107738573.855273,1.3144,0.00211,0.0028,3599,2023-06-24
662,0.00213,0.00219,148338127.063344,1.5391,0.00213,0.0028,4802,2023-06-25
663,0.00219,0.00213,218737008.358493,1.5467,0.00211,0.0027,5435,2023-06-26
664,0.00212,0.00212,221445648.853757,1.3022,0.00208,0.0022,4562,2023-06-27
665,0.00211,0.00201,181295229.787788,1.2904,0.002,0.0021,4629,2023-06-28
666,0.00201,1.2752,171152458.293152,1.2999,0.002,0.0023,4723,2023-06-29
667,1.2747,0.00202,267154074.896587,1.3604,0.00199,0.0021,5230,2023-06-30
668,0.00204,0.00206,223823331.455095,1.3565,0.00198,0.0021,3224,2023-07-01
669,0.00206,0.00203,135158585.447719,1.3591,0.00202,0.0021,3071,2023-07-02
670,0.00203,0.00213,206928799.002018,1.3725,0.00203,0.0021,4485,2023-07-03
671,0.00214,0.0021,168951292.911932,1.3444,0.00205,0.0022,3518,2023-07-04
672,0.00209,1.2872,209625770.730811,1.3286,0.00203,0.0022,4554,2023-07-05
673,0.00209,0.00202,107115180.518855,1.3237,0.002,0.0023,3530,2023-07-06
674,1.2023,1.2291,89898153.1338274,1.2291,0.002,0.0021,3190,2023-07-07
675,0.00205,0.00204,117856667.940464,1.2303,0.002,0.0021,2790,2023-07-08
676,0.00204,0.00203,125509663.369926,1.2286,0.00201,0.0021,2475,2023-07-09
677,0.00202,0.00202,95119763.4704201,1.2211,0.00199,0.0021,2696,2023-07-10
678,0.00202,0.00203,118365750.652143,1.2416,0.002,0.0022,3408,2023-07-11
679,0.00204,0.00201,94917315.1827892,1.2485,0.00198,0.0021,2866,2023-07-12
680,0.00201,0.00215,401165396.976717,1.2772,0.002,0.0022,7109,2023-07-13
681,0.00215,0.00213,298749160.976517,1.2563,0.0021,0.0022,8496,2023-07-14
682,0.00213,0.00214,159505930.762105,1.213,0.00211,0.0022,4680,2023-07-15
683,0.00214,0.0021,91884110.1106625,1.1773,0.00209,0.0021,3762,2023-07-16
684,0.00209,0.00207,176518392.319326,1.1739,0.00203,0.0021,3801,2023-07-17
685,0.00207,0.00204,141761282.069675,1.146,0.00202,0.0023,4039,2023-07-18
686,0.00204,0.00203,130935034.266085,1.0709,0.00202,0.0021,3894,2023-07-19
687,0.00203,0.00232,522896594.532265,1.0979,0.00202,0.0022,9317,2023-07-20
688,0.00231,0.00214,613049288.290118,1.1368,0.00211,0.0023,9995,2023-07-21
689,0.00214,0.00209,182971998.309589,1.0722,0.00208,0.0021,3957,2023-07-22
690,0.00209,0.00209,119837385.509603,1.0875,0.00208,0.0021,2851,2023-07-23
691,0.00209,0.00227,1030299484.33116,1.0873,0.00202,0.0023,16046,2023-07-24
692,0.00227,0.00266,1909892156.37414,1.0543,0.00208,0.0025,34315,2023-07-25
693,0.00265,0.00244,921225816.122492,1.089,0.00225,0.0026,19689,2023-07-26
694,0.00246,0.00233,476801285.013709,1.0865,0.00231,0.0024,8493,2023-07-27
695,0.00233,0.00234,341316251.180141,1.0932,0.00228,0.0023,5197,2023-07-28
696,0.00234,0.00234,220733877.982648,1.1623,0.00232,0.0025,4915,2023-07-29
697,0.00235,0.00227,235054378.708421,1.1578,0.00226,0.0023,3807,2023-07-30
698,0.00227,0.00223,147107029.871085,1.205,0.00222,0.0023,3681,2023-07-31
699,0.00223,0.00265,941276982.14024,1.1562,0.00221,0.0026,19028,2023-08-01
700,0.00267,0.00254,697749436.520336,1.1568,0.00248,0.0027,14394,2023-08-02
701,0.00254,0.00263,308767662.82771,1.1608,0.00252,0.0026,6892,2023-08-03
702,0.00262,0.00253,267083935.30918,1.1237,0.0025,0.0026,5657,2023-08-04
703,0.00252,0.00243,234135010.335342,1.1322,0.00237,0.0024,4873,2023-08-05
704,0.00242,0.00245,250532130.399947,1.1258,0.00241,0.0025,4327,2023-08-06
705,0.00244,0.00237,128465055.26463,1.1072,0.00235,0.0024,3512,2023-08-07
706,0.00237,0.00242,238493988.859654,1.1193,0.00234,0.0024,5000,2023-08-08
707,0.00242,0.00243,233877417.451292,1.1179,0.00236,0.0025,5354,2023-08-09
708,0.00242,0.00249,311498552.798228,1.1109,0.00242,0.0025,6334,2023-08-10
709,0.00248,0.00247,111532885.56852,1.101,0.00241,0.0025,3918,2023-08-11
710,0.00247,0.00242,168209318.950376,1.0933,0.00241,0.0025,4124,2023-08-12
711,0.00242,0.00243,83838695.1818923,1.075,0.00241,0.0024,2915,2023-08-13
712,0.00243,0.00241,135104951.513395,1.0908,0.00238,0.0024,3548,2023-08-14
713,0.0024,0.00235,213822480.42103,1.1068,0.0023,0.0024,4216,2023-08-15
714,0.00235,0.00219,262307737.167627,1.1093,0.00218,0.0023,5449,2023-08-16
715,1.0799,0.00213,264719789.540471,1.089,0.00205,0.0023,5583,2023-08-17
716,0.00212,0.00216,238844997.286282,1.136,0.00204,0.0022,5642,2023-08-18
717,0.00216,0.00212,135547048.324045,1.0632,0.0021,0.0022,3463,2023-08-19
718,0.00212,0.00208,110036162.675739,1.0352,0.00207,0.0021,2929,2023-08-20
719,0.00208,0.00202,217310489.440698,1.0393,0.00201,0.0021,3814,2023-08-21
720,0.00201,0.00198,211398724.770816,1.0259,0.00196,0.002,3796,2023-08-22
721,0.002,0.002,254149026.231207,1.0567,0.00198,0.002,4446,2023-08-23
722,0.002,0.00197,164380298.602462,1.0796,0.00196,0.0021,3054,2023-08-24
723,0.00197,0.00195,239991688.466382,1.0375,0.00192,0.002,3450,2023-08-25
724,0.00195,0.00193,226906347.26162,1.0507,0.00192,0.002,3081,2023-08-26
725,0.00193,0.00195,102766282.747207,1.0696,0.00191,0.002,2504,2023-08-27
726,0.00194,0.00192,141448318.576612,1.0663,0.00189,0.0021,3089,2023-08-28
727,0.00192,0.00195,201796983.626281,1.0537,0.00188,0.0021,3565,2023-08-29
728,0.00196,0.00192,164891221.795796,1.2006,0.00189,0.002,2867,2023-08-30
729,0.00192,0.00197,730132601.304977,1.0944,0.00189,0.0021,8937,2023-08-31
