BTCUSD,open_price,close_price,trading_volume,highest_price,lowest_price,volume_weighted_avg_price,transaction_amt,date_time
0,47110.33,48823,23487.8897399548,49139,46532.42,47800.9329,493265,2021-09-01
1,48834.27,49279.37,24777.1216519435,50392.19,48620.73,49694.1232,486855,2021-09-02
2,49279.38,50018.6,27767.0266458601,51142,48332,50032.5483,522387,2021-09-03
3,50025,49942.98,12437.8458245378,50570.94,49363.6,50008.7856,343861,2021-09-04
4,49944.89,51789.17,16077.2242940599,51907.08,49470,50746.6205,346040,2021-09-05
5,51768,52698.81,19451.6070388025,52810,51020.08,51843.12,409379,2021-09-06
6,52672,46849,61318.8900154257,52956.47,42000,48274.5949,951222,2021-09-07
7,46854,46060.36,33974.594591931,47386.72,44423.49,46129.8942,703422,2021-09-08
8,46059.94,46400,22370.8378134576,47419.95,45498.7,46471.6043,498888,2021-09-09
9,46394.38,44851.45,25782.3665597892,47044,44125,45677.2003,563336,2021-09-10
10,44851,45171.83,10899.0769271626,45993.32,44730.29,45365.424,337109,2021-09-11
11,45173.66,46024.23,12105.7160995847,46491.63,44752.96,45639.4187,338552,2021-09-12
12,46039,44947.72,29763.4360509177,46900,43374.9,44790.8384,581241,2021-09-13
13,44958,47127.22,19924.8085565018,47274.92,44679.92,46251.1081,443883,2021-09-14
14,47127.81,48148.12,19592.4278589743,48481,46702.26,47680.4736,444283,2021-09-15
15,48137.76809977,47753.16,19605.2269702878,48530,47020.82,47811.1226,459222,2021-09-16
16,47753.15,47296,15147.07814919,48185.9,46712.14,47479.1153,380736,2021-09-17
17,47296.15646179,48314.56,12267.4851989767,48834,47050,48219.2945,323515,2021-09-18
18,48309.04,47255.92,11582.8341793478,48389.52,46837,47614.753,299289,2021-09-19
19,47257.86,43012.97,50329.5764628496,47358.92,42453.97,44239.9778,827663,2021-09-20
20,43025,40719.6,55458.2350702723,43643.34,39573.21,41901.5994,889903,2021-09-21
21,40736.81,43589.53,34440.7929127803,44035.44,40570.42,42642.8596,570919,2021-09-22
22,43575.19,44897.59,25228.2081762838,45013.17,43096.73,44133.8705,428717,2021-09-23
23,44896.55,42848.44,42976.1415852284,45200,40683.29,42644.8686,695957,2021-09-24
24,42861,42705.51,12281.5482573571,43021.7,41675,42524.0494,350345,2021-09-25
25,42704.71,43177.91,19407.574704513,43963,40800,42653.5235,401981,2021-09-26
26,43172.16,42171.76,18273.7074810827,44377.7,42111,43428.4591,382041,2021-09-27
27,42166.31,41026.07,21133.783349505,42780,40875.6,41786.1855,417306,2021-09-28
28,41046,41522.16,18205.2194815085,42638.99,40750,41740.3212,367387,2021-09-29
29,41519.11,43824.43,23582.0478973092,44122,41409.67,43259.7437,439487,2021-09-30
30,43828.89,48165.76,38375.5045896336,48500,43287.44,46675.6575,599784,2021-10-01
31,48185.61,47657.69,12310.0001580053,48361.83,47438,47873.5081,347804,2021-10-02
32,47649,48233.99,14411.1010978462,49300,47119.87,48184.4544,345612,2021-10-03
33,48233.99,49245.54,25695.1959305063,49530.53,46895.8,48396.9758,522349,2021-10-04
34,49244.13,51493.99,30764.5023168669,51922,49057.18,50390.5153,574575,2021-10-05
35,51509.27,55339.48,48213.8596876244,55800,50366.4,53471.9416,766281,2021-10-06
36,55346.95,53797.82,26239.7101603901,55360.32,53289.57,54326.0633,590778,2021-10-07
37,53816.16,53963.82,22748.6054442788,56168,53623.02,54678.4522,531654,2021-10-08
38,53965.18,54962.29,11864.830303786,55515.1,53674.69,54790.9983,368360,2021-10-09
39,54963.29,54690.53,19238.3330695511,56561,51000,55253.5546,440598,2021-10-10
40,54679,57487.44,25689.3115849125,57855.79,54411.54,56771.4642,541480,2021-10-11
41,57470,56005.1,28320.8577966267,57701,53837.51997218,56277.2072,579022,2021-10-12
42,56005.1,57367.32,24127.0628578888,57777,54231,56004.3534,511723,2021-10-13
43,57367.32,57359.51,21266.2721973223,58580.4,56825,57639.286,528558,2021-10-14
44,57359.51,61695.4,48367.16933471,62944.94,56867.11,60261.7594,995011,2021-10-15
45,61690.32,60877.42,17671.332396547,62400,60100.27,61219.2536,559958,2021-10-16
46,60867.05,61527.11,17700.336611321,61744.17,58900.2,60607.2336,546432,2021-10-17
47,61530.07,62042.41,37519.3266447088,62682,59013,61676.1735,722286,2021-10-18
48,62042.4,64303.14,33346.1259476383,64500,61320,62997.7652,716591,2021-10-19
49,64263.93176072,66026.54,35080.369835135,67016.5,63525,65673.5891,778813,2021-10-20
50,66021.26,62204.02,47245.6912026634,66664.1,54100,64190.281,980553,2021-10-21
51,62204.01,60687.64,29702.84459524,63757.9,59953.74,61837.1206,744351,2021-10-22
52,60682.88,61296.9,11751.840374548,61764,59610.4,61002.0114,458471,2021-10-23
53,61300.02,60854.48,14098.831748677,61497.33,59510,60482.1211,548461,2021-10-24
54,60847.91,63083.54,18198.0236043544,63733.93,60632,62739.3174,574934,2021-10-25
55,63081.96,60337.62,21471.8162585159,63332.60744575,59766,61814.3968,649757,2021-10-26
56,60285,58455.47,33433.3748337588,61489,57950,59282.5754,1015476,2021-10-27
57,58471.06,60591.65,35711.7728743671,62524,56425,60288.4512,1001327,2021-10-28
58,60579,62276.72,26034.6267101615,62980,60154.53,61582.2237,742959,2021-10-29
59,62264,61892.41,11779.4528655954,62379.2,60660.02,61568.8954,533583,2021-10-30
60,61896.76,61343.69,13856.3019053205,62438.85,60000,61051.8647,528331,2021-10-31
61,61346.17,60949.54,21697.8653318365,62500,59449.1,61242.3616,667831,2021-11-01
62,60956.4,63266.51,24980.664943162,64327,60661,62852.9536,720387,2021-11-02
63,63249,62935.41,22440.5646285385,63568.36,60018.46,62565.4239,690678,2021-11-03
64,62893,61444.5,17366.6199804984,63136.82,60644.2,61687.4504,628136,2021-11-04
65,61410,61006.15,15856.0202511465,62666.52,60735,61411.3876,569014,2021-11-05
66,61006.14,61539.31,11905.1378893094,61609.5,60100,60862.7175,459666,2021-11-06
67,61542.43,63309.13,11500.4533018662,63327.96,61388,62230.7684,415150,2021-11-07
68,63300,67551.72,33221.9150125851,67803.55,63277,65749.7662,807217,2021-11-08
69,67554.13,66944.67,26727.2084018977,68568.85,66250,67477.5885,705116,2021-11-09
70,66928.42,64912.2,41038.7745150238,69000,62700.1,66475.7362,880210,2021-11-10
71,64919.18,64807.74,16314.3224424892,65625.44,64079,64900.3243,572218,2021-11-11
72,64807.73,64147.9,24450.4622014924,65497.53,62255,63847.5172,662828,2021-11-12
73,64144.42,64400.01,10058.0126185133,64990,63394.17,64152.1856,404463,2021-11-13
74,64403.43,65505.02,11003.5025244117,65525,63564,64514.6191,414705,2021-11-14
75,65509.87,63561,19883.1506327021,66387.4,63348.91,64842.3938,587685,2021-11-15
76,63621.05,60107.98,48151.0060462295,63628,58563,60810.3546,1121509,2021-11-16
77,60069,60351.51,34469.1107430013,60888.5,58368,59832.3597,780371,2021-11-17
78,60354.56777918,56898,49035.6757297199,60978.39,56514.13,58544.6318,1035063,2021-11-18
79,56898.46,58122.16,29252.4985190285,58412.12,55625,57210.6204,784408,2021-11-19
80,58122.15,59760.76,13634.829089579,59900,57423.35,58706.5376,533534,2021-11-20
81,59760.76,58691,11372.6727465028,60090.55,58509.69,59238.3717,469097,2021-11-21
82,58681.76,56280.81,31582.3907656074,59526.51,55628.57,57274.4258,812825,2021-11-22
83,56280.81,57566.34,29113.9137149617,57897.54,55128.6,56861.6276,779184,2021-11-23
84,57562.65,57162.66,21718.070125993,57762,55875.01,56705.064,602713,2021-11-24
85,57157.92,59015.78236183,18791.717772436,59445.99,57037.04,58332.4727,544374,2021-11-25
86,58994.72,53760.79,49773.8178972641,59238,53524.03,55084.2055,1016606,2021-11-26
87,53757.67,54759.05,15312.5160982359,55382,53642.58,54609.6121,525836,2021-11-27
88,54751.95,57317.17,16693.5857475651,57490,53300,55097.1383,533445,2021-11-28
89,57329,57838.06,23570.351505463,58931.07,56730,57715.2686,571493,2021-11-29
90,57843.33,56987.97,31957.5252074323,59250,55899,57482.564,775041,2021-11-30
91,56998.35,57226.5,28515.6475764909,59118.84,56465.75,57430.0028,786188,2021-12-01
92,57226.51,56521.46,23361.3593318827,57423.69,55839.85,56656.9163,638797,2021-12-02
93,56521.45,53638.04,37630.9885039066,57688.9,51333,54787.2353,783199,2021-12-03
94,53685.47,49249,80539.1102251746,53893.4,40150.1,48270.8085,1561843,2021-12-04
95,49240.81,49484.22,35410.5770959102,49783,47827,49073.956,826685,2021-12-05
96,49484.21,50529.56,39853.0185416859,51105,47111,48888.1183,849462,2021-12-06
97,50529.56,50650.1,22445.896288456,51995,50062.13,51056.8686,584342,2021-12-07
98,50624.46,50519.68,21770.4042931026,51275,48579.3,50145.7114,526786,2021-12-08
99,50520.94,47568.43,26330.6028418892,50844.86,47298.4,48777.5209,661906,2021-12-09
100,47568.41,47170.94,29888.6581422843,50212,46886,48199.5268,718129,2021-12-10
101,47170.94,49426,19726.7211518041,49539.4,46786.78,48418.8373,529317,2021-12-11
102,49420.51,50089.64,17538.2513893797,50828.13,48665.43,49793.1485,463745,2021-12-12
103,50089.64,46724.86,37768.5827163496,50234,45727.92,47599.4867,793473,2021-12-13
104,46727.89,48399,28430.209833091,48690,46300,47267.1006,666080,2021-12-14
105,48355.72,48884.78,35501.6112533498,49520,46530,48183.9852,716410,2021-12-15
106,48876.84,47634.22,21058.9660409804,49480,47506.21,48512.0807,518867,2021-12-16
107,47634.2,46166.5,30283.4087004233,48038,45469.32,46787.3481,628796,2021-12-17
108,46163,46857.5,14608.2453464194,47483,45501,46541.7418,421077,2021-12-18
109,46857.49,46687.19,18097.5423922083,48364,46440.11,47284.8738,437261,2021-12-19
110,46687.2,46925.09,26408.0946172644,47549.8,45568,46441.7582,573867,2021-12-20
111,46926.07,48914.7,25727.9258548039,49369,46645.05,48455.0011,509893,2021-12-21
112,48914.7,48608.62,17239.7486722298,49600,48449.87,48980.3353,418595,2021-12-22
113,48608.61,50839,25853.1335453769,51413.12295813,48032.16,49632.9438,523469,2021-12-23
114,50850,50851.38,18097.939677177,51878.6,50405,51093.3563,444229,2021-12-24
115,50857.42,50428.31,9586.64203032689,51179.36,50182,50800.651,341952,2021-12-25
116,50435.06967051,50801.79,11862.0251537778,51300,49427.9,50238.9764,388484,2021-12-26
117,50804.33,50717.77,17848.0148316944,52111,50479.44,51224.1607,466351,2021-12-27
118,50720.35,47548.1,34285.1199161177,50720.35,47300,48784.5907,678095,2021-12-28
119,47556,46471.24,28886.9312211947,48166,46079,47400.2696,531231,2021-12-29
120,46464,47122.08,34702.5884199372,47926.15,45930.1,47120.7322,561729,2021-12-30
121,47148,46211.24,28175.3999622539,48650,45530.3,47083.4481,712843,2021-12-31
122,46211.24,47733.43,14516.2081100533,47967.12,46150,47107.5183,465519,2022-01-01
123,47746,47299.07,10724.0938602684,48012,46633.36,47243.3904,431851,2022-01-02
124,47297.66,46459.56,16693.0285045426,47586.58,45689,46630.0499,450817,2022-01-03
125,46459.57,45814.61,24161.2826550835,47671.86280513,45515,46464.56,556220,2022-01-04
126,45817.13,43436.04,39467.8498503601,47076.55,42413.59,45006.006,798720,2022-01-05
127,43457,43083.76,31429.9866736825,43794.5,42412,43078.5828,757283,2022-01-06
128,43081.79,41564.61,42282.3976202709,43144.72,40571.53,41834.0907,770366,2022-01-07
129,41564.57,41684.84,23746.2970987468,42319.82508013,40505.3,41470.8119,488599,2022-01-08
130,41687.21240698,41876.52,18331.361831471,42831.12,41200,41965.0126,493430,2022-01-09
131,41875.01,41824.07,42411.1836859109,42270,39558.7,41191.2883,759306,2022-01-10
132,41842.22,42753.43,30244.2649229649,43144.74,41265,42274.2987,664879,2022-01-11
133,42748.21,43918.65,25370.6828013018,44348.5,42459.21,43471.0337,556887,2022-01-12
134,43935.01,42581.65,23467.7788849738,44456.34,42321,43306.956,532935,2022-01-13
135,42576.27,43086.89,21959.4714554635,43473.98,41736,42699.5524,546425,2022-01-14
136,43085.76,43098.2,11197.1072621503,43826.8,42387.86,43179.2719,449526,2022-01-15
137,43101.43,43104.34,9949.7339650682,43497.24,42600,43095.8618,399255,2022-01-16
138,43104.35,42218.01,16622.1375655493,43209.47,41465,42412.3362,450554,2022-01-17
139,42221,42369.74,21501.2507225265,42692.71,41204,41832.5629,438040,2022-01-18
140,42372.15,41674.27,25679.8901103749,42596,41126,41925.7561,545647,2022-01-19
141,41672.14,40686.9,28494.1222376182,43591,40554.14,42192.9335,582463,2022-01-20
142,40671.77,36456.96,82049.1452267326,41132,35409.7,38303.0633,1397550,2022-01-21
143,36447.37,35066.43,57519.8391050044,36861.57424928,33854.97502491,35335.9562,973230,2022-01-22
144,35075.7,36282.47,31075.6161986421,36574.47,34613.3,35472.1429,709583,2022-01-23
145,36282.45,36693.32,75855.9506474487,38050,32933.33,34777.503,1094298,2022-01-24
146,36687.58,36987.8,36441.4483610293,37584,35685.3,36626.2342,718291,2022-01-25
147,36980,36840.63,47239.3080167236,38960,36251.2,37650.4638,831520,2022-01-26
148,36846.22,37188.37,37926.1280654506,37275,35504,36322.0877,685493,2022-01-27
149,37188.37,37741.59,32383.9632985183,38055,36162.48,37048.5882,816860,2022-01-28
150,37741.9,38191.1,19684.1712063685,38898,37275.7,37911.6355,700538,2022-01-29
151,38176.45,37905,14429.6555606459,38403,37365.31,37916.645,580693,2022-01-30
152,37904.99,38491.33,28951.0264551232,38786,36631.66,37754.5934,703734,2022-01-31
153,38492.53,38718.23,26080.1913144084,39416.42020804,38000,38641.1442,648788,2022-02-01
154,38717.60475262,36923.39,22377.2407655179,38888.88,36584.29,37738.6839,600474,2022-02-02
155,36930.43,37366,21670.3547462022,37450.75,36259.01,36749.6996,563938,2022-02-03
156,37367,41614.66,38984.8368441506,41788.81,37051.36,39264.7769,797778,2022-02-04
157,41613.75,41404.85,17889.1093924965,41983.12,40883.7,41528.3287,519815,2022-02-05
158,41441,42415.16,11484.0446906718,42739,41135.39,41768.2849,392809,2022-02-06
159,42421.82387236,43868.07,32762.6967236571,44540,41678.79,43309.7381,782958,2022-02-07
160,43865,44077,34032.1582460666,45519.24,42688,43850.6328,852915,2022-02-08
161,44079.55202568,44416.35,21336.0261438939,44865.72,43155.5,43994.7892,582440,2022-02-09
162,44437,43527.71,35524.7755631265,45900,43209.07,44500.5884,779335,2022-02-10
163,43521.87,42386.47,30509.325865845,43969.72,41983.12,43088.7612,761480,2022-02-11
164,42386.47,42244.97,14159.4002822578,43050,41715,42326.2564,481659,2022-02-12
165,42244.91,42074.99,9799.62892029705,42789,41882.54,42324.9175,402919,2022-02-13
166,42090,42548.71,22780.7647895715,42876.15,41545,42289.5439,613669,2022-02-14
167,42548.71,44583.52,22232.4056169003,44785.66,42433.28,43948.4283,586007,2022-02-15
168,44567,43895.56,15939.7138665194,44590.75,43236.5,43963.1255,517028,2022-02-16
169,43894.94,40536.73,31507.9481668446,44204.78,40088.88,42090.1916,662964,2022-02-17
170,40532.65,39981.77,26209.5096953527,40996.31,39425.07,40250.8724,625763,2022-02-18
171,40027,40101.94,9320.05629584146,40482,39587.08,40060.2994,375005,2022-02-19
172,40101.93,38389.05,18570.5314483269,40164.0547683,37974.18,38660.9133,498905,2022-02-20
173,38395.99,37023,37627.0074253753,39555,36782.6,38254.5966,780592,2022-02-21
174,37022.11,38299,34745.114563013,38485,36350,37427.7049,783280,2022-02-22
175,38269.94,37305,26330.0024394814,39310,37055,38224.2713,598399,2022-02-23
176,37253.26,38347.3,76581.9176928581,39926,34322,36097.0993,1345296,2022-02-24
177,38380,39238.5,32669.7011807203,39744.30276268,38016.44,38955.2697,766777,2022-02-25
178,39252,39137.8,15209.4464758811,40330.99,38592.04,39312.2713,482076,2022-02-26
179,39157.95514117,37717.08,25136.0333889061,39892,37015.74,38428.6742,605371,2022-02-27
180,37739.64675691,43192.66,44623.3804287828,44268,37447.6,40391.906,891288,2022-02-28
181,43189.48,44439.95,39444.7863987156,44993.12,42841.4,43792.5224,853885,2022-03-01
182,44442,43916.46,33420.4999139804,45470,43342.16,44162.2301,907914,2022-03-02
183,43946,42464.41,29803.6658711927,44118.53,41811,42850.4879,676370,2022-03-03
184,42476.25,39166.51,40348.7922748549,42559.00615524,38577.01,40746.1833,831825,2022-03-04
185,39166.77,39402.43,12979.8085411766,39628,38587.27,39172.4519,439829,2022-03-05
186,39407.87,38408.02,17197.5295405161,39730.5,38091.02,38898.0841,467373,2022-03-06
187,38437.04838587,38021.18416736,32440.8512875841,39583,37159.4,38250.6271,746134,2022-03-07
188,38018.58365775,38749.37,30237.0398289206,39398,37851.54,38681.2661,702445,2022-03-08
189,38749.16,41953.97,37850.9329017373,42607,38655.98,41503.6512,767472,2022-03-09
190,41968,39435.8,34638.4044426449,42069,38545.19,39617.5851,767932,2022-03-10
191,39454,38732.05,31043.1731628607,40251.51,38230,38942.2027,754960,2022-03-11
192,38739,38813.02,9968.53095342627,39499.8,38653.89,39093.2113,368186,2022-03-12
193,38815,37793.01,14505.536322198,39325,37577,38648.8505,444307,2022-03-13
194,37779,39678.3,26504.5056193569,40005.03139151,37450,38802.9071,659474,2022-03-14
195,39678.51,39298.1,24446.5095737074,39966,38135,39061.7706,692033,2022-03-15
196,39323,41127.97,43935.4665423533,41788,38807.5,40364.7629,1209698,2022-03-16
197,41139,40950.33,20967.0229395016,41499,40521,40921.3101,779502,2022-03-17
198,40949.46502595,41774.98,23537.9326841022,42427,40130,41126.7942,734169,2022-03-18
199,41772.27591881,42232.26,12066.0361770068,42429,41438,41909.6606,502592,2022-03-19
200,42232.05,41287.24,11397.6671624968,42330.1,40918.72,41562.5979,470212,2022-03-20
201,41287.25,41017.71,15573.3643866688,41578.33,40509,41055.6313,585077,2022-03-21
202,41010.41264944,42378.26,28248.6657820474,43402.6,40878,42477.6018,739917,2022-03-22
203,42376,42899.7,18705.6252563649,43036.95,41750,42304.2107,609850,2022-03-23
204,42886.85386804,44012.29,28208.2587996113,44246.9,42587,43433.3654,771571,2022-03-24
205,44000,44331.85,27145.3348478459,45130.91,43604.8,44382.3483,743673,2022-03-25
206,44336,44539.42,9783.92855258678,44820.58,44091.09,44414.1204,457269,2022-03-26
207,44536.21835356,46850.01,17908.7265820124,46976.1,44437.22,45615.9455,573115,2022-03-27
208,46810,47144.92,28590.3913774786,48240,46662.28,47435.7261,870791,2022-03-28
209,47146.92,47440.2,21032.842701307,48124.94,46589,47590.9002,667923,2022-03-29
210,47448.41,47078.03,18707.5079958308,47717.01,46446,47190.3662,627538,2022-03-30
211,47048.94776884,45528.22,24432.867713768,47665,45190.19424317,46411.5898,678930,2022-03-31
212,45525.25,46296.34,26254.177505158,46740.70525005,44232.86,45526.13,764801,2022-04-01
213,46301.01257854,45826.27,12074.5974473587,47240,45636,46432.9248,543779,2022-04-02
214,45820,46422.16,13032.800061788,47600,45505,46485.5565,467177,2022-04-03
215,46424.2,46596.83,19159.5118286497,46900,45111,46018.1979,573008,2022-04-04
216,46617.1,45506.5,18859.405512612,47200,45359,46193.7017,648524,2022-04-05
217,45498.3,43195.91199284,10432.7578795529,45534.3,43123.7,44269.7503,115013,2022-04-06
218,43179.5,43452.18,17211.8838703886,43920.8,42734.69,43411.3101,581896,2022-04-07
219,43469.8,42262.02,18534.7875661596,44000,42112,43129.6724,645882,2022-04-08
220,42262.02,42780,7350.04886885762,42824,42111,42445.4636,422417,2022-04-09
221,42766.46,42165.96,9919.9145234554,44023,41805.4,42755.0594,408335,2022-04-10
222,42165.96,39535.87,27235.5602285722,42437,39204.59,40772.3447,796390,2022-04-11
223,39535.88,40085.91,20144.1608819037,40770,39250,39991.8974,709450,2022-04-12
224,40086.7,41146.68,18440.0796687316,41570.88,39550,40631.2214,583989,2022-04-13
225,41149.56,39954.08,16081.4054339082,41512.43,39573.8,40547.9971,615110,2022-04-14
226,39953.62,40554.59,9830.45733531723,40890.3,39770.22,40270.541,478718,2022-04-15
227,40562.71,40387.6,6159.94638980466,40717,40005,40385.7214,363434,2022-04-16
228,40391.31,39681.2,7472.21101073558,40652.8,39553.07,40201.1741,358519,2022-04-17
229,39677.48,40803.58,20709.5557234609,41127.50821203,38547,39739.297,652003,2022-04-18
230,40810.87,41501.57,14030.3450192065,41825.8,40571.99,41207.2012,500369,2022-04-19
231,41501.57,41377.61,20189.0743084994,42235.7,40900,41517.7048,615058,2022-04-20
232,41370,40483.49,25086.2758348414,43109.47,39744.75,41662.3036,763637,2022-04-21
233,40483.38,39712.25,23215.7080374024,40802.65,39139,39976.4074,766859,2022-04-22
234,39712.21,39465.87,9688.33232080722,40103,39296.19,39693.1106,427793,2022-04-23
235,39459.63,39464.56,9762.98630833938,39973,38942,39578.635,444174,2022-04-24
236,39463.75,40439.22,30658.9184392564,40635,38200,39202.7777,975673,2022-04-25
237,40440.9,38121.7,30830.3826406411,40817.16,37672,39083.3744,896952,2022-04-26
238,38118.43,39251.08,28414.8336455823,39496,37882.83,38872.5686,814836,2022-04-27
239,39251.49,39743.22,24501.319340794,40400,38883.83,39658.5763,830481,2022-04-28
240,39741.21,38593.1,19926.8516798434,39927.17935766,38131.8,38938.6219,827474,2022-04-29
241,38592.94,37644.09,10935.7695060682,38811,37590,38357.5012,503671,2022-04-30
242,37659,38473.05,12672.7948221665,38714,37399.4,38076.2138,490538,2022-05-01
243,38469.49,38510.89,24181.9288632482,39208.80322028,38011,38654.64,669768,2022-05-02
244,38510.88,37719.59,23445.840828932,38673.49243394,37505.01,38141.8178,594932,2022-05-03
245,37716.96,39669.56,29843.1198116218,40046,37651.38,39067.9538,699903,2022-05-04
246,39669.56,36537.22,43675.3245087855,39864.55,35407,37400.7132,979841,2022-05-05
247,36537.22,35999.1,39121.2966405252,36685,35255.4,36076.1965,967590,2022-05-06
248,35999.1,35458,16446.9479480961,36170,34755,35638.6851,506343,2022-05-07
249,35458,34027.91,32652.9398244157,35541,33700,34466.1272,732570,2022-05-08
250,34033.49,30078.27,87684.8343277313,34277,30010,32004.0956,1733072,2022-05-09
251,30078.27,31002.39,80410.8243776091,32687,29735.05,31238.8884,1842884,2022-05-10
252,31002.39,28972.34,112792.867534094,32227,27682.38,30114.1586,2308013,2022-05-11
253,29149.69356674,28941.95,117116.295979817,30270,25332.8,28092.5767,2528596,2022-05-12
254,28941.95,29232.18,47658.1186298104,31136,28662.7,30152.2959,1220353,2022-05-13
255,29234.74,30045.23,22123.1225983629,30416.94862318,28564.38,29379.3119,719165,2022-05-14
256,30041.9,31290.05,20761.234484252,31500,29436.06,30258.3426,678502,2022-05-15
257,31294.5,29839.89,30870.7993818437,31324.08253275,29055,29936.5178,883678,2022-05-16
258,29839.89,30412.12,25720.1557009957,30773,29403,30223.284,699346,2022-05-17
259,30412.1,28664.3,36474.6479974321,30702,28589.1,29409.2551,795870,2022-05-18
260,28669.76,30274.59,37222.9462134054,30550,28645.2,29680.7188,783500,2022-05-19
261,30274.59,29202.32017749,41985.1531573313,30769,28690.92,29697.8106,850269,2022-05-20
262,29151.82,29408.26,12304.1383214253,29654,28913.26,29298.1549,405709,2022-05-21
263,29407.4,30260.87,16321.4784511166,30500,29211,29920.8234,443574,2022-05-22
264,30279,29082.52,31230.9027299435,30666,28829.5,29962.1253,690692,2022-05-23
265,29102,29627.24,22789.8824014695,29854,28611,29221.0172,604839,2022-05-24
266,29625,29503.49,22165.0523135792,30219.30951769,29296.12,29745.7843,562498,2022-05-25
267,29503.48,29166.06,37102.6014146273,29859.22423568,27505,29164.8177,751653,2022-05-26
268,29166.06,28598.31,29819.1718179663,29386.5,28220,28835.5336,768603,2022-05-27
269,28618.20387438,29008.99,10545.4250165995,29269,28500,28858.6352,390738,2022-05-28
270,29008.99,29447.07,10594.0514475632,29699.25013822,28809.84,29201.2756,392906,2022-05-29
271,29447.08,31711.42,38503.7094099352,32503,29273.65,30811.2401,735887,2022-05-30
272,31721.53,31784.05,27583.4521077943,32407.93272565,31183.7,31707.2332,649373,2022-05-31
273,31784.18,29833,36869.6199496429,31974.1614267,29308.01,30692.1045,763425,2022-06-01
274,29785.1,30433.75,26915.7706043388,31449.2,29558.61,30025.4906,599554,2022-06-02
275,30429.11,29670.85,20527.7015304479,30708.17873851,29213.47,29818.2358,533097,2022-06-03
276,29672.77,29843.18,8674.65012551473,30028,29450.1,29705.2313,310712,2022-06-04
277,29837.56,29901.51,8162.69949736475,30245,29505.65,29875.5378,308588,2022-06-05
278,29894.04,31350.32,28615.8048503163,31775,29866.44,31223.1468,657244,2022-06-06
279,31371,31098.6,35401.0731077785,31591,29174,30236.2218,805807,2022-06-07
280,31097.2,30180.42,22250.9728609354,31339,29829.98,30440.8867,662890,2022-06-08
281,30182.92,30079.61,17370.7051107998,30711.83055338,29892.2,30196.728,509741,2022-06-09
282,30079.59,29063.11,32413.4699623851,30395,28821.15,29446.3483,687574,2022-06-10
283,29054.33,28388.63,19343.2678016991,29456,28080.01,28673.8656,568391,2022-06-11
284,28397.9,26555.2,31238.8321428035,28558.26751191,26506.5,27529.0746,733481,2022-06-12
285,26555.2,22460.97,141785.563684351,26951,21920,24081.8841,2240555,2022-06-13
286,22500,22119.97,74314.0218424587,23377,20816.4,22069.8527,1485728,2022-06-14
287,22120.23,22562.33,94380.078054093,22810,20071,21218.7724,1730469,2022-06-15
288,22562.33,20372,52222.5125679623,23010,20200,21243.0445,966834,2022-06-16
289,20371.96,20447.86,55985.2955981881,21362,20209.73,20626.4194,850828,2022-06-17
290,20447.86,18948.89,83831.5828605495,20750,17567.45,18967.7333,1238812,2022-06-18
291,18944.66,20552.44,50648.971957573,20799.9,17911,19483.3985,819304,2022-06-19
292,20552.39,20549.75,38760.8815932666,21041.62,19603.8,20335.1672,715898,2022-06-20
293,20547.68,20696.96,37185.6583668896,21711,20323.6,21094.3124,841536,2022-06-21
294,20700.01,19971.2,39920.3835797904,20873.52,19730,20297.7423,958152,2022-06-22
295,19952,21109.8,31419.0946241528,21211.97,19855,20582.4396,811242,2022-06-23
296,21076,21223.72,32081.2332927414,21549,20704,21111.8268,768374,2022-06-24
297,21218.68,21478.04,17013.0182805066,21594.5,20888.8,21251.3376,555155,2022-06-25
298,21474.14,21023.3,15861.9747504073,22020,20944.68,21387.3275,502261,2022-06-26
299,21023.4,20716.3,24206.1443740814,21534,20500,20972.5106,596355,2022-06-27
300,20722.79,20272,23298.1100092835,21208,20164.7,20660.8255,643716,2022-06-28
301,20271,20094.79,26027.4874346926,20430,19823.43,20098.8199,659076,2022-06-29
302,20098,19985.62,39500.4471906929,20157,18603,19238.9299,800554,2022-06-30
303,19943,19252.76,44125.5046320732,20959,18938.33,19587.9339,784346,2022-07-01
304,19281,19224.03,13667.282645732,19445,18955.02,19222.0213,423303,2022-07-02
305,19225.54,19291.33,16408.0813563085,19684.3,18738.6,19182.3448,385613,2022-07-03
306,19291.35,20211.57,21488.0763241733,20343,19029.33,19691.1219,515972,2022-07-04
307,20233,20153.75,31549.7889031183,20736,19274.95,19953.564,654169,2022-07-05
308,20169,20542.67,26022.2216117817,20665.61764153,19743,20189.114,600069,2022-07-06
309,20551.24599564,21614.6,36318.3229634801,21855.72,20224.8,21041.6539,693904,2022-07-07
310,21597,21582.2,42019.92614287,22498,21172,21758.9523,745543,2022-07-08
311,21582.28,21583.94,13282.0250751614,21976,21311.04,21619.266,436672,2022-07-09
312,21582.16,20850.64,15239.058949769,21595.75,20620.3,21062.047,429999,2022-07-10
313,20850.65,19942.43,26197.65026486,20869,19860.12,20393.9796,475505,2022-07-11
314,19944.72,19304.67,32395.846154645,20038.23365274,19214.1,19699.9869,496124,2022-07-12
315,19304.69,20220.23,45722.7226553751,20347,18892,19535.0505,624086,2022-07-13
316,20222.3,20577.02,34672.3548521919,21026,19607.14,20228.1519,550691,2022-07-14
317,20574.89,20827.78,24673.7992201046,21196.37,20368.67,20825.9835,508371,2022-07-15
318,20823.06,21189.71,19302.9409582942,21606,20474,21041.8426,426747,2022-07-16
319,21189.23,20791.74,17073.9566334798,21667.1,20748.7,21209.8711,433651,2022-07-17
320,20791.74,22437,47045.5826731083,22780,20755.95,21980.8505,702893,2022-07-18
321,22435.66,23395.06,53089.8621870967,23800,21578.57,22683.7683,750189,2022-07-19
322,23398.46,23226.99,49252.6687593573,24287.13,22899,23608.1112,718501,2022-07-20
323,23225.24,23153.95,36565.5151848316,23434.65,22340.07,22881.2687,573615,2022-07-21
324,23152.76,22687.68,29855.9694908674,23763.55,22505.56,23212.1427,522678,2022-07-22
325,22688.85,22450.69,17948.9887876998,23006.16,21941.01,22394.1007,381601,2022-07-23
326,22451.36,22582.01,14316.8074039803,23036.46,22261,22685.5723,311581,2022-07-24
327,22583.38,21313.41,47452.4105561209,22665.74,21252.5,21868.7154,764537,2022-07-25
328,21299.7,21261.57,28070.3914749631,21344.43,20696,21015.8065,487385,2022-07-26
329,21268,22962.59,37371.6687370064,23110.73,21045.73,21986.6858,586983,2022-07-27
330,22960.68,23851.7,38317.3319481076,24206.11,22487.9,23402.8317,637393,2022-07-28
331,23851.66,23784.53,28043.2400511921,24499.3,23429.71,23876.8516,568655,2022-07-29
332,23784.6,23650.13,20771.9408222021,24736,23512,24140.6676,429660,2022-07-30
333,23648.12,23307.44,13467.3482052938,24211,23233,23698.8668,363495,2022-07-31
334,23291,23273.86,21308.3981101274,23524.8,22850,23185.6766,460976,2022-08-01
335,23273.85,22990.92,22753.8178117842,23469.1,22649.1,22989.7942,482364,2022-08-02
336,22994.78,22825,32849.8926981973,23650.96,22680,23224.0598,583717,2022-08-03
337,22813.21307165,22623.94,29570.4611310274,23234.29,22390,22830.6449,627571,2022-08-04
338,22624.44,23312,39100.232581583,23479,22589.83,23102.0272,850783,2022-08-05
339,23312,22960.92,12226.6188007102,23357.19,22898,23175.0668,480078,2022-08-06
340,22929.97521111,23177.39,12309.3262704401,23435,22836,23113.4242,451270,2022-08-07
341,23180.26,23815.65,30637.6702844703,24285.3,23158.32,23894.8308,708926,2022-08-08
342,23815.68,23158.27,29390.0427017076,23929.35,22871.66,23340.8654,650097,2022-08-09
343,23158.32,23962.18,40393.3324841056,24227,22650,23581.3722,831226,2022-08-10
344,23954,23944.86,40118.2373521753,24929.99,23861,24424.1404,927433,2022-08-11
345,23944.85,24415.17,23989.9153381609,24472.4,23600,24006.3086,762987,2022-08-12
346,24417.16,24456.49,20171.3893789569,24900,24284,24555.2654,646976,2022-08-13
347,24458.21,24316.71,28057.3219620413,25068,24143,24625.4829,741938,2022-08-14
348,24303,24097.82,40741.6105312109,25214.57,23758,24304.1029,876256,2022-08-15
349,24099.74,23857.93,26445.2224667149,24253.98,23668,23938.33,696427,2022-08-16
350,23857.89,23332.48537268,33405.8638595088,24448.49,23170,23677.2486,656926,2022-08-17
351,23344.42,23189.46,18757.0504593469,23600,23106.4,23396.6364,571747,2022-08-18
352,23194,20834.94,62193.0426484758,23206.76,20782.39,21666.3946,1095281,2022-08-19
353,20834.94,21138.57,26079.3331798058,21372.93,20760.93,21134.6514,750245,2022-08-20
354,21139.23,21518.62,20907.8975883271,21812.8,21062.9,21398.5011,676678,2022-08-21
355,21514.45,21398.25,32411.0642355547,21540,20889.69,21230.8859,740149,2022-08-22
356,21396,21528.34,30321.7502584555,21685,20889.69,21407.0072,744893,2022-08-23
357,21526.22,21367.12,30281.2307368743,21930,21147.41,21498.5073,704616,2022-08-24
358,21367.13,21561.86,22171.5814321473,21818.32,21307.32,21612.4661,727957,2022-08-25
359,21561.49,20240.68,54211.5988911759,21878.05,20097.5,21104.509,982670,2022-08-26
360,20241.9,20036.69,26784.979102376,20389.14,19773,20094.5327,716936,2022-08-27
361,20035.27,19554.03,22189.900010854,20169,19513.74,19917.3297,601597,2022-08-28
362,19539.8,20286.14,40910.230240397,20427.19,19539.7,19999.9516,927061,2022-08-29
363,20290.6,19813.17,55793.2216614176,20589,19540.14,20068.8123,1153956,2022-08-30
364,19814.2,20048.26,45240.0251937716,20495,19799.97,20200.0503,1081215,2022-08-31
365,20049.4,20133.65,32625.5016855204,20212,19560,19933.1535,696204,2022-09-01
366,20132.67,19953.74,29820.2858624253,20444,19755,20111.3669,642804,2022-09-02
367,19953.4,19835.46,12594.7872031053,20063.72915111,19646.41290961,19831.3887,444025,2022-09-03
368,19833.58,20004.73,14021.3456575162,20039,19588.27,19818.403,440918,2022-09-04
369,20003.85,19794.58,18599.6090411375,20060,19633.11,19795.9191,481455,2022-09-05
370,19794.59,18794,53925.9764043494,20183,18663.25,19478.2965,849723,2022-09-06
371,18794,19293.52,35700.9557866107,19466.09,18527,18920.1137,732654,2022-09-07
372,19286,19321.08,31333.2999802388,19460.7,19014.43,19231.4317,643583,2022-09-08
373,19322.56,21365.82,58180.4874229315,21616.21,19294.49,20807.0237,902520,2022-09-09
374,21366.61,21651.52,25351.0992533881,21815.15,21121.6,21433.9147,564723,2022-09-10
375,21656.03,21831.72,18578.6217203655,21865.66,21356.37,21617.1121,460269,2022-09-11
376,21829.33,22402.71,40483.6197550749,22490.05,21553,22145.3945,729544,2022-09-12
377,22405.74,20174.78,62560.7244348154,22800,19855,21395.1346,887884,2022-09-13
378,20168.55,20227.73,37559.9519895178,20545,19619.5,20178.0114,625292,2022-09-14
379,20227.71,19703.67,28481.940052092,20336.42,19500,19961.4773,599837,2022-09-15
380,19703.65,19801.04,35474.0463034117,19894,19305,19664.7413,639142,2022-09-16
381,19800.26,20113.37,27113.7358823233,20212,19748.89,19973.3315,462778,2022-09-17
382,20114.1,19417.64,21326.4525502076,20125,19335.57,19719.3589,515176,2022-09-18
383,19417.64,19540.37,48101.9424812354,19694,18223.9,18959.4793,767019,2022-09-19
384,19538.28,18876.91,40600.3261819755,19638.46,18722,19142.4336,629848,2022-09-20
385,18875.84,18465.08,70161.8312622378,19981,18138.4,19044.9228,1014063,2022-09-21
386,18473,19401.24,72678.6394915619,19524,18358.63,19024.3399,886494,2022-09-22
387,19399.93,19286.01,49451.2561666374,19512,18529,18973.1443,810791,2022-09-23
388,19283.44,18923.19,20558.6232120071,19315,18805.1,19071.7201,512961,2022-09-24
389,18928.2,18808.61,20443.3055216724,19188,18619.88,18923.948,456555,2022-09-25
390,18806.29,19228,80865.8254769068,19333,18681.02,18986.0343,814588,2022-09-26
391,19226.94,19077.57,75960.7519468925,20385,18821.55,19793.162,1083233,2022-09-27
392,19079.28,19400,69909.0773498055,19791,18478,19089.146,974212,2022-09-28
393,19413.24,19594.94,48467.6339265602,19652,18845.3,19335.2776,808463,2022-09-29
394,19589,19425.2,54274.6843851085,20182.72,19150,19569.5525,806953,2022-09-30
395,19425.1,19315.27,9955.7942847081,19486.43,19157,19320.6131,562546,2022-10-01
396,19315.26,19059.17,17912.4893163868,19398.94,18923.81,19159.7899,648257,2022-10-02
397,19059.71,19633.46,42972.5848403428,19717.67,18958.29,19324.9944,1046707,2022-10-03
398,20022,20020.03,1.05736976,20030.7,20020.03,20027.3151,26,2022-10-04
399,20345.27,20161.62,44386.9303167873,20371.15,19750,20087.8687,1050330,2022-10-05
400,20162.15,19965.64,54016.9111287783,20455.79,19855.19,20131.4994,1037914,2022-10-06
401,19955.8,19532.92,46295.2219180918,20065.26,19325,19734.068,954546,2022-10-07
402,19531.08,19419.6,12309.6571407359,19628.78,19249.7,19472.0645,474937,2022-10-08
403,19420,19443.5,14566.2245371819,19563.28,19321,19454.272,437375,2022-10-09
404,19442.7,19132.83,33911.3020068656,19528.04,19000,19295.7158,651222,2022-10-10
405,19130.33,19058.11,48590.4250215916,19265.69,18855.19,19058.8682,808252,2022-10-11
406,19058.9,19155.92,30512.6595807953,19240.3,18937.3,19108.209,693387,2022-10-12
407,19152.64,19378.65,63659.6627758938,19515,18131,18821.2503,1002965,2022-10-13
408,19375.12,19178,53778.0639786792,19954.14,19076.83,19540.2622,915928,2022-10-14
409,19179.15,19069.6,11312.2023604625,19229.12,18983,19130.2286,452954,2022-10-15
410,19073,19267,10631.695408033,19428,19065.23,19209.1084,390301,2022-10-16
411,19261.61,19550.39,28888.9030712602,19684,19154.72,19458.9971,563302,2022-10-17
412,19557,19328.75,32977.9426999911,19709,19091.77,19455.8235,747026,2022-10-18
413,19328.75,19124.18,25311.978739957,19361,19062.1,19199.5499,654011,2022-10-19
414,19123.77,19042.48,32543.6985372923,19355,18900,19122.6952,781580,2022-10-20
415,19055,19166.45,28751.4348960706,19260,18657.1,19031.3566,698171,2022-10-21
416,19153.68,19209.1,6564.15724831059,19257.66,19110.46,19184.5031,324296,2022-10-22
417,19209.09,19572.43,15738.8882700538,19707,19070.92,19414.2428,447185,2022-10-23
418,19572.2,19330.44,33609.8516630926,19615,19158.2,19357.8582,685927,2022-10-24
419,19330.6,20086.28,49195.4049164047,20420.88,19230.4,19866.5708,833272,2022-10-25
420,20086.27,20790,52414.3095050508,21022.81,20055.85,20610.815,953799,2022-10-26
421,20775.39,20296.97,40947.8979827584,20892,20150.1,20590.9387,895412,2022-10-27
422,20295.77,20597.91,35716.3239696198,20767,20000,20382.4743,764455,2022-10-28
423,20596.52,20823.53,23705.7071722602,21091,20561.2,20820.293,689350,2022-10-29
424,20821.41,20630.68,16424.9868542492,20950,20523.92,20719.8483,480457,2022-10-30
425,20629.21,20489.93,27078.6324849465,20860,20237,20501.8704,547575,2022-10-31
426,20489.55,20486.5,24553.0272959799,20699,20326.55,20484.3369,596301,2022-11-01
427,20480.34,20151.4,50416.4741163179,20864.3,20059.53,20428.9086,718979,2022-11-02
428,20151.29,20206.88,30945.0727470479,20404,20032.02,20240.8829,678313,2022-11-03
429,20208.89,21149.04,50316.2062717326,21333.3,20181.61,20820.2206,838254,2022-11-04
430,21149.03,21300.45,17228.5634533565,21478.8,21082.54,21333.3738,452139,2022-11-05
431,21300.45,20909.17,13633.0602699445,21378,20886.26,21190.412,387050,2022-11-06
432,20908.98,20592.94,30142.280775845,21083,20394.34,20748.6829,560433,2022-11-07
433,20592,18550.25,121265.433624204,20712,16950,19205.4785,1496553,2022-11-08
434,18557,15923,34089.488852519,18600,15555,16965.4987,206508,2022-11-09
435,15894.77,17553.56,125808.414485722,18156,15720,16962.3757,1814613,2022-11-10
436,17584,17047,80182.4700519727,17671,16336.05,16996.7189,1298650,2022-11-11
437,17016.26,16820,26794.1902239298,17106,16595.25,16821.5295,499518,2022-11-12
438,16783.32,16301.39,28012.0625422369,16956,16214.95,16567.1961,504265,2022-11-13
439,16298.73,16590.73,67776.3804832366,17200,15790.25,16428.8595,1120567,2022-11-14
440,16588.41,16877.93,58605.339757759,17132,16502.85,16834.7858,1011043,2022-11-15
441,16879.37,16645.24,45137.4691517583,17002,16347,16638.0239,817025,2022-11-16
442,16646.58,16680.47,26652.0501188744,16742.3,16396,16604.6222,571091,2022-11-17
443,16681.06,16680.59,31745.8459655934,16984.08,16526.28,16719.8589,553699,2022-11-18
444,16678.78,16683.02,11069.8400341215,16811,16534.83,16637.3155,301499,2022-11-19
445,16680.7,16252.53,19508.3917165287,16742,16154.65,16465.136,412126,2022-11-20
446,16252.43,15759.72,54062.2558963987,16305,15460,15949.458,868063,2022-11-21
447,15766,16199.71,51588.0643697453,16294.5,15582.7,15982.0761,797756,2022-11-22
448,16219,16587,43369.1763998387,16700,16142.99,16463.6639,710363,2022-11-23
449,16585.83,16587.6,24812.3745921052,16804,16450.62,16602.745,482539,2022-11-24
450,16587.61,16510.9,23588.2926513458,16617,16333,16481.9699,467705,2022-11-25
451,16510.9,16449.67,14388.7665166508,16697,16376.1,16553.4151,328051,2022-11-26
452,16450.32,16419.88,12650.5671330496,16603,16395,16519.0516,302531,2022-11-27
453,16420.2,16206.3,35614.7422199505,16487,15992.64,16198.8799,600192,2022-11-28
454,16206.23,16438,27163.4926397001,16545,16092.53,16398.2538,592670,2022-11-29
455,16437.94,17167.32,49216.0937484601,17297,16420.2,16915.7557,813545,2022-11-30
456,17181,16980.08,35354.9446837887,17335,16855,17050.8021,635894,2022-12-01
457,16980.07,17094.25,26858.0359570706,17108.25,16784.2,16961.3886,523128,2022-12-02
458,17091,16888.53,15718.311410267,17171.7,16863.58,16971.5904,360027,2022-12-03
459,16889.17,17108.9,19581.237526417,17210,16882.86,17039.6972,363118,2022-12-04
460,17109.56,16966.05,38100.804050502,17440,16865.22,17158.2845,606143,2022-12-05
461,16966.05,17089.05,29455.1737990537,17111.35,16904.04,16995.823,508389,2022-12-06
462,17095,16840,25663.3929642987,17156,16679.52,16857.5204,458677,2022-12-07
463,16838.14,17226.02,27795.0129308447,17323,16735.9,17001.1804,473054,2022-12-08
464,17226.03,17130.59,24564.9353970802,17366.2,17053,17181.2386,450979,2022-12-09
465,17131.3,17128.1,8836.28139707273,17240,17093.42,17160.7471,262907,2022-12-10
466,17128.1,17085.21,12803.1115018617,17503,17070.4,17165.6853,270032,2022-12-11
467,17088.2,17211.66,25597.0846513418,17263,16875.83,17014.5381,462472,2022-12-12
468,17212.9,17773.18,48971.6342867108,18070,17089.17,17595.3754,830921,2022-12-13
469,17772.98,17804.98,56486.8226864975,18391,17657.4,17944.2274,905761,2022-12-14
470,17805.36,17359.15,42919.2310735602,17867,17261.4,17532.4294,727236,2022-12-15
471,17359.16,16632.64,54208.2968012852,17544,16529.53,16972.6438,823214,2022-12-16
472,16634.29,16781.66,20931.8486425182,16811,16576.6,16698.9695,429226,2022-12-17
473,16782.23,16755,12563.6763207233,16875,16663.76,16744.5757,331649,2022-12-18
474,16742.33,16440.26,31741.0491918172,16825,16260.2,16620.6619,507903,2022-12-19
475,16441.4,16897.65,38914.5498289979,17067.8,16398.22,16801.8804,572562,2022-12-20
476,16896.17,16826.56,19284.1480627108,16934,16725.78,16822.4314,376803,2022-12-21
477,16825.18,16815.5,24104.199055501,16873,16560.84,16742.4829,468833,2022-12-22
478,16815.28,16777.21,24465.129265822,16966,16719.57,16822.7429,406393,2022-12-23
479,16777.91,16837.12,10837.7524364326,16891,16775.88,16830.1669,273040,2022-12-24
480,16836.7,16829.02,8138.78224967159,16874,16720.89,16806.852,243876,2022-12-25
481,16824.9,16917.96,10095.381330383,16963,16787.97,16849.6712,267912,2022-12-26
482,16914.5,16698.39,20355.2049763758,16987,16585.97,16767.1797,407636,2022-12-27
483,16698,16539.66,27182.7367406408,16797,16444,16611.2827,516503,2022-12-28
484,16541.6,16628.8,21906.2347270841,16675,16479.5,16587.3451,452598,2022-12-29
485,16628.9,16600.1,29820.3353291944,16683.9,16325.2,16524.6611,497479,2022-12-30
486,16600,16530.35,17861.1319077461,16664,16462.49,16558.452,334945,2022-12-31
487,16532,16611.58,12300.3155333169,16644,16490,16549.5494,292354,2023-01-01
488,16615,16666.95,15129.2895503994,16803,16542.52,16692.5104,358299,2023-01-02
489,16668.3,16669.47,21204.298955484,16810,16599.6,16680.0394,376204,2023-01-03
490,16669.7,16844.42,29360.1263625311,17008,16645.87,16835.9876,512889,2023-01-04
491,16849.3,16825.69,16945.6897594177,16888,16750.07,16826.2924,387550,2023-01-05
492,16825.7,16948.06,28246.5294016967,17200,16670.82,16840.0521,475711,2023-01-06
493,16951.1,16942.37,6569.53749527213,16990,16903.58,16935.4521,229424,2023-01-07
494,16945.1,17125.18,11138.6911642742,17181,16910.41,16971.7084,299555,2023-01-08
495,17141,17177.98,37477.7517025363,17400,17102.97,17244.7501,651146,2023-01-09
496,17177.94,17443.46,28242.0299777654,17506,17145.1,17313.5673,567001,2023-01-10
497,17443.5,17944.27,32757.5521096344,18009,17308.8,17518.7719,593084,2023-01-11
498,17953,18847.74,73373.3833279598,19115.85,17866,18384.1038,1020354,2023-01-12
499,18847.77,19934.88,62714.9977239526,20000,18714.8,19233.7159,914811,2023-01-13
500,19934.07,20957.02,70029.1919978954,21400,19893.25,20771.8989,1189155,2023-01-14
501,20956.2,20879.7,28804.6795879253,21066.9,20527.3,20787.748,660406,2023-01-15
502,20879.67,21197,47685.3983789172,21484.9,20611.45,21063.1342,769871,2023-01-16
503,21191.79,21136.33,37937.1733141821,21679.1,20844.73,21223.3602,578913,2023-01-17
504,21135.01,20674.29,45307.0725398338,21650.21,20370.01,21029.8077,746647,2023-01-18
505,20674.03,21084.22,26934.1891129956,21207,20656.52,20886.6166,523776,2023-01-19
506,21084.05,22669.81,40199.2085888894,22754.73,20856,21580.1896,751748,2023-01-20
507,22670,22789.37,41746.5411464192,23428.6,22427,22922.0553,748168,2023-01-21
508,22789.34,22714.87,30181.2882990561,23108.5,22298.15,22780.4871,590184,2023-01-22
509,22714.81,22920.29,37256.266090321,23180.55,22497,22849.2555,578321,2023-01-23
510,22920.67,22633.8,44134.9566809954,23165.56,22437,22918.875,674619,2023-01-24
511,22636,23062.36,47259.8448085187,23829.3,22320,22821.1929,641338,2023-01-25
512,23054,23010.47,35345.7248661083,23293.3,22853,23065.9574,510196,2023-01-26
513,23011.37,23084.4,32852.829185458,23511.9,22492.8,23016.7165,526090,2023-01-27
514,23084.38,23028.95,9878.71972822324,23196.99,22876,23016.0981,335976,2023-01-28
515,23029.56,23745.8,28581.7218487486,23966,22974.75,23522.9894,648501,2023-01-29
516,23744.34,22836.03,41222.8066254869,23802.99,22500,23155.3931,819271,2023-01-30
517,22836.04,23128.86,27148.2715561231,23317.9,22719.68,23006.603,582030,2023-01-31
518,23127.15,23732.6,26517.1828653471,23814,22753.6,23209.2363,552241,2023-02-01
519,23735.3,23493.84,24676.1617302027,24282.1,23367.87,23840.2614,530896,2023-02-02
520,23497.29,23433.22,19222.8482546553,23722,23208.01,23460.7852,436802,2023-02-03
521,23433.48,23327.3,5685.31241001258,23589.8,23248,23399.7854,268906,2023-02-04
522,23329.47,22936.34,10351.1791414808,23433.2,22758.01,23063.9107,303929,2023-02-05
523,22936.34,22764.07,16311.5234208324,23163.05,22599.9,22897.3536,297980,2023-02-06
524,22763.42,23244.67,13504.3227808666,23350,22742,23034.0546,329647,2023-02-07
525,23244.64,22964.38,11378.2229075188,23451.01,22669.09,23028.7221,317608,2023-02-08
526,22962.73,21800.63,27013.921815973,23011.18,21700,22346.6217,488727,2023-02-09
527,21800.62,21628.97,16881.1148441479,21942.41,21467.43,21739.4316,364109,2023-02-10
528,21638.2,21863.73,6401.98854466028,21909.8,21605.35,21723.7859,219030,2023-02-11
529,21863.73,21789.8,8364.02511172997,22099.9,21631,21879.7445,241762,2023-02-12
530,21793,21789.14,18835.5952682825,21905,21354,21639.6592,323242,2023-02-13
531,21789,22206.27,19006.5344451224,22339,21505,21970.395,363818,2023-02-14
532,22206.26,24329.04,31402.0456106587,24393,22038.5,23270.7102,497617,2023-02-15
533,24325,23521.5,41101.5977524366,25275.7,23500,24567.4712,583765,2023-02-16
534,23525,24577.6,32253.0733632217,25025,23340.4,24165.4398,501789,2023-02-17
535,24577.59,24636.23,8065.40906352316,24879.33,24407.67,24629.5035,262102,2023-02-18
536,24635.85,24281.31,15201.756118981,25209,24178.3,24674.8324,329288,2023-02-19
537,24278.47,24844.96,19651.8016122999,25128.11,23841.08,24669.8534,475409,2023-02-20
538,24844.21,24454.43,25653.4939355386,25288.88,24153.96,24658.1258,541002,2023-02-21
539,24462,24184.44,25684.6910453285,24485,23578,23972.7243,499508,2023-02-22
540,24185.13,23943.32,24366.1473150588,24602.8,23612.59,24072.9033,470569,2023-02-23
541,23945.31,23186.88,28480.6571420092,24150,22520,23430.3802,482098,2023-02-24
542,23186.88,23159.71,8962.12584292155,23224.9,22716.47,23024.5265,279155,2023-02-25
543,23160.63,23556.83,9519.06381647122,23689.77,23052.78,23382.9591,267084,2023-02-26
544,23556.83,23489.51,17262.0481543986,23895.51,23108.4,23472.3027,375954,2023-02-27
545,23489.12,23133.2,13589.05571686,23615,23027.24,23356.9495,348772,2023-02-28
546,23133.2,23646,16790.0704132594,24009,23025.17,23613.7536,407694,2023-03-01
547,23632.12,23468.29,12873.2392989327,23808,23196.09,23429.2051,326621,2023-03-02
548,23468.79,22358.18,29098.1634480227,23482,21910,22403.9047,495270,2023-03-03
549,22362,22350.81,3642.11752784008,22409.82,22150.71,22335.5557,146442,2023-03-04
550,22349.74,22432.69,6924.4840780018,22667.2,22195.13,22435.2737,261418,2023-03-05
551,22431.99,22409.93,13138.2406744427,22600,22264.73,22428.6202,270778,2023-03-06
552,22410.13,22198.48,14897.2468163348,22557.03,21904.3,22238.2586,339622,2023-03-07
553,22194.8,21698.37,17568.1772061056,22291,21580.84,21992.8191,339949,2023-03-08
554,21712,20367.01,30937.9490755084,21836,20042.3,21096.8401,496142,2023-03-09
555,20366.97,20230.08,44788.1420894932,20382,19549.9,19974.4279,634861,2023-03-10
556,20230.07,20619.34,34944.5704021425,20964.5,19863,20406.6196,539823,2023-03-11
557,20619.34,22219.08,32171.150084912,22299.9,20357,21180.8798,515024,2023-03-12
558,22216.02,24220,59115.5259524259,24710,21867.8,23364.2339,775688,2023-03-13
559,24188,24762.66,66615.073042659,26553.9,24051,25182.2658,889694,2023-03-14
560,24730,24377.16,40391.4739596621,25324,23913.3,24641.1606,654180,2023-03-15
561,24377.14,25051.85,29213.226438616,25235.28,24186,24793.548,504536,2023-03-16
562,25052.11,27453.61,61831.954911622,27839.2,24946.86,26518.6259,856946,2023-03-17
563,27453.75,26980.35,28625.3331183556,27795,26547,27343.4253,554023,2023-03-18
564,26980.35,28053.52,28511.7051054351,28478,26838,27787.8838,552950,2023-03-19
565,28058.15,27823.32,35543.2199921268,28590.6,27130,27932.5257,626361,2023-03-20
566,27822.85,28201.24,23957.9177589741,28605.32,27312,28065.8239,489202,2023-03-21
567,28201.22,27300,48149.4147230712,28937.73,26591,28043.7954,731557,2023-03-22
568,27324.05,28352.94,37552.3369973577,28839.68,27094,28000.9213,600728,2023-03-23
569,28352.95,27488.52,30698.2233811334,28433.34,27000,27879.8036,569717,2023-03-24
570,27489.25,27488.18,13293.2446091407,27829.7,27163.9,27505.0426,382794,2023-03-25
571,27489.56,27992.9,13936.9369308062,28240.4,27438,27836.9627,367295,2023-03-26
572,27995.27,27142.87,24937.5399355572,28053.26,26491.9,27325.3821,453920,2023-03-27
573,27142.85,27274.15,19481.2331157522,27529,26600,27042.0175,507096,2023-03-28
574,27274.8,28359.54,25753.4281272271,28654.06,27253,28188.5146,577379,2023-03-29
575,28359.55,28035.46,29743.2172870794,29190.04,27677,28393.5617,609242,2023-03-30
576,28034.76,28474.4,24987.3746742738,28651,27504,28227.6258,541453,2023-03-31
577,28468.2,28471.46,10235.059931862,28826.45,28201,28485.6535,324734,2023-04-01
578,28471.03,28188.34,9693.85663177145,28544.21,27839,28186.337,291931,2023-04-02
579,28188.34,27800.7,24030.9988409306,28525,27212.7,27983.4019,501489,2023-04-03
580,27809.55,28179.64,17115.1825520422,28450,27668.8,28123.1659,426891,2023-04-04
581,28178.66,28175.37,21008.4973849327,28801,27813.1,28327.9639,452807,2023-04-05
582,28152,28053.46,13692.4777729021,28199.11,27700,27992.9105,395447,2023-04-06
583,28052.74,27931.94,7506.16416989245,28120.71,27755,27941.7789,318360,2023-04-07
584,27923,27958.8,5070.49253303228,28175.89,27833,28012.1536,234528,2023-04-08
585,27958.19,28341,8505.31081317124,28548.7,27767,28133.4398,255542,2023-04-09
586,28342.28,29658.7,23345.6060967548,29800,28136,28947.58,451490,2023-04-10
587,29654.9,30227.19,27027.7055193813,30586,29579,30124.4442,561381,2023-04-11
588,30227.18,29912.2,21231.0498411255,30517,29645.8,30056.1626,455711,2023-04-12
589,29912.18,30410.28,17930.8331680244,30650.8,29867,30299.536,438589,2023-04-13
590,30385,30492.92,27510.6291884397,31050,30000,30588.0128,564849,2023-04-14
591,30492.91,30324.11,7861.33127586215,30624.1,30192,30386.9614,320185,2023-04-15
592,30325.07,30326.09,9504.12795162108,30623,30103,30334.4061,271427,2023-04-16
593,30316.1,29449.91,19229.8371731613,30340.21,29251.71,29685.0997,390906,2023-04-17
594,29449.91,30393.4,19512.2652482047,30527,29103.89,30031.6985,420390,2023-04-18
595,30392,28809.72,30560.6761309498,30430.72,28577,29340.424,545470,2023-04-19
596,28809,28248.18,23388.0037979348,29102.69,27991.32,28592.0689,471377,2023-04-20
597,28248.18,27264.3,25875.072140137,28381,27133,27826.2131,510704,2023-04-21
598,27252.01,27821.41,10130.336864033,27892.2,27133,27487.5037,287682,2023-04-22
599,27820.99,27592.98,8516.15219027211,27827,27333,27563.9427,256525,2023-04-23
600,27592.33,27515.05,17394.2675679629,28007,26965.14,27453.9944,355690,2023-04-24
601,27513.85,28304.42,16874.0874956841,28400,27189,27655.8248,389178,2023-04-25
602,28300.9,28426.08,44366.4655847361,30050.66,27230.77,28790.6243,600642,2023-04-26
603,28430.21,29483.72,32346.0131234012,29900,28387.07,29241.2799,531872,2023-04-27
604,29486.98,29338.63,19328.840597926,29606.45,28900,29294.858,425045,2023-04-28
605,29339.47,29249.35,6842.28078868178,29470,29015,29298.4861,240501,2023-04-29
606,29249.24,29254,12423.352569883,29975,29095.92,29500.1399,280092,2023-04-30
607,29245.3,28077.26,24613.2801758783,29348.6,27643.2,28372.0028,463034,2023-05-01
608,28101,28684.4,18112.5123182582,28937.5,27871.44,28388.3207,409547,2023-05-02
609,28683.41,29038.75,20602.5661142182,29282,28122,28572.4272,434228,2023-05-03
610,29039.36,28857.23,14289.6884158558,29412,28674.58,28965.9914,354690,2023-05-04
611,28859.31,29537.48,20151.6715508052,29706.57,28810,29330.7869,415406,2023-05-05
612,29538.87,28902.67,12658.1775215161,29868.1,28338,29072.5792,317242,2023-05-06
613,28898.86,28468,8361.27251332256,29191.8,28429.12,28879.7245,242698,2023-05-07
614,28472.68,27695.06,21675.0758615071,28686,27279.66,27874.6049,458757,2023-05-08
615,27693.24,27635,12994.033853744,27846,27367.01,27601.5924,331002,2023-05-09
616,27647.3,27624.01,25592.1364296816,28340,26792.9,27699.7797,412841,2023-05-10
617,27621.5,26986.56,18370.1621188865,27654,26702,27172.8115,367474,2023-05-11
618,26986.79,26810.53,25956.990815369,27125,25810,26414.0447,451693,2023-05-12
619,26800,26786.3,6680.03155212182,27105.5,26700,26853.962,223919,2023-05-13
620,26788.4,26929.98,5897.32052933116,27221.51,26581.52,26907.4206,218844,2023-05-14
621,26929.98,27171.13,17056.6465496231,27678.73,26727.8,27326.8147,346206,2023-05-15
622,27166.2,27037.68,14548.1329093034,27313,26850.1,27055.6714,308599,2023-05-16
623,27037.72,27407.77,19046.117217294,27532,26543.87,27014.4303,337208,2023-05-17
624,27402.3,26817.9,17927.481109554,27506,26345,27034.5243,333599,2023-05-18
625,26819,26890.27,10047.3639274936,27219,26632.73,26887.6505,270041,2023-05-19
626,26890.27,27113.61,4337.26905538045,27178.99,26834.2,26994.1205,171631,2023-05-20
627,27111.1,26752.65,7869.17801749142,27297,26667.4,26959.0863,195262,2023-05-21
628,26749.5,26854.73,11107.2927262752,27130,26512.4,26819.4152,257943,2023-05-22
629,26854.09,27221.5,14824.5985774877,27543,26803.46,27253.0684,309837,2023-05-23
630,27222.86,26321.4,21877.2127014252,27239,26067,26482.5893,368433,2023-05-24
631,26321.42,26479.06,15340.2644116355,26644,25864.35,26292.6133,315357,2023-05-25
632,26479.15,26736,13750.1994872407,26950,26334.33,26664.7272,282783,2023-05-26
633,26711.09,26873.7,5205.71416978102,26943.6,26554.8,26737.0623,169934,2023-05-27
634,26873.7,28070.04,14971.2384932839,28277.56,26780.11,27489.5636,263115,2023-05-28
635,28071.91,27744.82,15110.2098501288,28475,27534.81,27948.5631,288778,2023-05-29
636,27744.8,27699.2,15964.4819323421,28069,27555,27808.4942,316561,2023-05-30
637,27700.68,27223.08,20024.6828094548,27856,26841.3,27157.1419,363755,2023-05-31
638,27215.1,26828.42,15624.6277213304,27360.31,26571.5,26909.3725,355590,2023-06-01
639,26832,27250.69,15817.393506223,27312.2,26500.1,27045.0053,344226,2023-06-02
640,27252.67,27077.6,5092.01843674032,27344.6,26923.35,27156.4247,185655,2023-06-03
641,27078.27,27126,5480.95899349062,27489,26958.98,27196.3821,185851,2023-06-04
642,27121.57,25740.44,25268.3809846509,27137.75,25391,26127.4563,506710,2023-06-05
643,25742,27243.63,26219.7806203285,27368.67,25331,26311.4569,498043,2023-06-06
644,27243.45,26346.41,22394.4050020643,27402.79,26121.06,26651.9431,413278,2023-06-07
645,26347.09,26506.7,11347.7710707942,26845,26212.63,26496.442,305077,2023-06-08
646,26505.71,26482.81,13009.2008421179,26804,26275.4,26526.5914,350925,2023-06-09
647,26481.98,25856.1,23209.8824388447,26556,25385.52,25792.5711,548283,2023-06-10
648,25856.1,25937.02,10671.3990042545,26233,25648,25888.1458,284371,2023-06-11
649,25936.97,25905.82,12999.0858560067,26125,25616.98,25859.2624,331770,2023-06-12
650,25927,25930.23,17855.1747704852,26455,25710.78,26011.4646,420326,2023-06-13
651,25928.58,25124.69,19928.7054278075,26113,24818,25537.7187,424409,2023-06-14
652,25124,25569.99,24162.2873818854,25766,24750,25138.1662,555347,2023-06-15
653,25569.99,26329.6,21407.0771997541,26570,25140,25885.1554,469884,2023-06-16
654,26329.6,26506.56,9792.27453966414,26857,26165.98,26490.9939,289272,2023-06-17
655,26507.97,26336.46,7100.674117922,26729,26245.27,26506.4401,213143,2023-06-18
656,26336.46,26837.78,14144.6952997042,27075,26250,26608.1767,309417,2023-06-19
657,26858,28320.43,38390.5967243843,28417.11,26637.41,27533.1501,499064,2023-06-20
658,28327.53,29995.18,44384.0678344479,30801,28271.67,29487.1577,634973,2023-06-21
659,29999.9,29886.29,26202.7617434719,30527,29539.57,30075.8069,502948,2023-06-22
660,29886.25,30707.61,31244.3599266687,31443.67,29802.65,30607.6584,546348,2023-06-23
661,30687.7,30547.18,9623.04634108292,30820,30254.6,30607.1793,258632,2023-06-24
662,30547.3,30480.24,8909.24502213237,31070,30250,30633.9997,249243,2023-06-25
663,30480.24,30264.2,16345.8927861902,30685,29900,30276.9845,358429,2023-06-26
664,30272.24,30697.38,16409.9372586826,31020.54,30223.6,30623.5859,346245,2023-06-27
665,30696.06,30074.94,13861.8907329476,30731,29834.2,30246.1483,364904,2023-06-28
666,30070.46,30450.6,16071.5865037927,30849,30036.18,30503.4538,348932,2023-06-29
667,30445.67,30466.72,35670.9011095568,31300,29375.6,30422.1243,599232,2023-06-30
668,30475,30587.21,5668.9885612505,30689,30312.8,30524.2442,221445,2023-07-01
669,30591.7,30613.51,6257.88340705074,30830,30165.39,30535.8571,229406,2023-07-02
670,30622.7,31161.8,15271.6217621943,31416,30569,30951.3302,367504,2023-07-03
671,31145,30771.25,10579.8048878393,31347,30622.6,30992.0087,287370,2023-07-04
672,30781.9,30499.27,12416.5929692332,30898,30160.4,30489.0034,290957,2023-07-05
673,30499.27,29899.38,24227.1680542796,31631,29850,30583.8567,436446,2023-07-06
674,29929,30352.08,14694.1985811759,30469,29699,30199.4493,310542,2023-07-07
675,30339.1,30291.69,4961.04672794062,30406,30047.78,30222.8498,174022,2023-07-08
676,30294.3,30168.38,5233.56188812091,30474,30066.95,30268.2072,173650,2023-07-09
677,30163.76,30419.89,16471.3485478553,31060,29955,30409.234,312772,2023-07-10
678,30419.89,30626.55,13116.437772482,30836,30304.45,30524.395,285237,2023-07-11
679,30623.9,30381.82,18463.2053751634,31000,30200,30601.7395,310748,2023-07-12
680,30383.26,31471.83,33792.5051553989,31862.21,30217.1,31040.7128,451054,2023-07-13
681,31474.1,30330.52,25827.0750929953,31663,29920.31,30824.3005,442623,2023-07-14
682,30327.47,30301.65,3556.33395378088,30419,30254.67,30322.9329,192814,2023-07-15
683,30316,30247.64,5357.03084095064,30484,30069,30296.444,190838,2023-07-16
684,30239.3,30143.08,14200.0841527633,30353,29668.58,30107.7103,276445,2023-07-17
685,30143.1,29861.95,14463.1781807238,30269,29500,29893.7337,284568,2023-07-18
686,29861.92,29916.72,11104.7489933925,30221,29757.44,29978.3476,250088,2023-07-19
687,29912.7,29809.13,14983.4171816828,30438,29564.19,29960.5451,279441,2023-07-20
688,29797.9,29940,10002.7981108214,30091,29720.3,29871.8383,255929,2023-07-21
689,29907.15,29821,4458.03681286021,30035,29626.86,29859.1178,160633,2023-07-22
690,29766.7,30081.61,5846.19066372091,30380,29733.55,30016.1878,167707,2023-07-23
691,30082.4,29176.98,18669.3050619923,30125,28850,29263.1102,316870,2023-07-24
692,29176.98,29225.14,8707.8464464617,29404,29046,29203.362,236542,2023-07-25
693,29225.11,29353.23,12414.4964582414,29721,29089.54,29341.1556,273561,2023-07-26
694,29336.1,29214.92,9325.62334759181,29601,29071.7,29326.0293,232193,2023-07-27
695,29214.93,29316.12,8528.84248705085,29578,29112.8,29289.0794,251017,2023-07-28
696,29316.15,29355.71,3673.06439586011,29444,29253.44,29327.239,177287,2023-07-29
697,29360.5,29281.39,5324.44511943048,29488,29033,29267.8746,180620,2023-07-30
698,29280.06,29230.67,10691.2590225213,29560,29102.65,29301.6619,246421,2023-07-31
699,29227.6,29696.61,22241.7888045422,29755,28477,29042.3898,356504,2023-08-01
700,29733,29164.22,22043.7067952439,30076,28903.79,29400.0259,349836,2023-08-02
701,29152.3,29174.18,11459.8674021379,29442,28938.93,29190.3295,255399,2023-08-03
702,29187.2,29076.48,9087.98059185161,29337,28747.1,29127.2272,254219,2023-08-04
703,29073,29047.1,3315.84023695998,29153,28946.17,29033.1871,158553,2023-08-05
704,29047.39,29040.01,3303.79101616019,29198,28952.1,29049.741,145580,2023-08-06
705,29040.01,29179.21,12296.2193366209,29289,28628.9,28993.0428,264425,2023-08-07
706,29179,29770.01,20377.3729647411,30284,29104.65,29623.0728,357328,2023-08-08
707,29766.6,29562.76,14079.4350943596,30170,29344.16,29709.3424,287478,2023-08-09
708,29597,29424.03,10023.3476976128,29745,29306,29487.3622,248987,2023-08-10
709,29424.04,29400.45,8096.40042594112,29557,29208.1,29384.6692,226105,2023-08-11
710,29399,29416.96,2492.48638886015,29497,29349.98,29414.0008,144713,2023-08-12
711,29412.5,29275.94,2890.82316892023,29477,29247.15,29366.5849,140183,2023-08-13
712,29315,29405.49,9101.78290575181,29689,29072.96,29396.9184,235181,2023-08-14
713,29405.49,29170.14,7503.03288570075,29499,29046.58,29270.9816,235658,2023-08-15
714,29200,28700.51,12211.0649300925,29255,28690.37,29026.7721,286662,2023-08-16
715,28729,26627.57,38641.1478343603,28779,24713,27563.7812,663658,2023-08-17
716,26627.21,26048.89,26342.978707555,26834.37,25607.1,26236.9207,530269,2023-08-18
717,26048.9,26096.42,7832.97792725149,26288,25793.11,26021.7181,229341,2023-08-19
718,26096.4,26189.14,5528.78823145063,26314,25975.01,26128.643,171239,2023-08-20
719,26189.36,26125.18,12080.8331093818,26279,25807.3,26040.3806,257592,2023-08-21
720,26125.16,26040.4,15130.652898756,26156,25350,25874.8254,313203,2023-08-22
721,26040.5,26427.54,19335.252411606,26840,25796.47,26292.4401,329845,2023-08-23
722,26417.5,26163.49,12251.0758075048,26599,25850,26213.4469,310255,2023-08-24
723,26160,26049.8,13627.2571547857,26326,25750,26013.7563,289848,2023-08-25
724,26049.4,26009.61,2428.61513778,26192,25971.44,26038.0569,135928,2023-08-26
725,26002.4,26091.16,2641.81552782003,26198,25961.81,26080.3422,123315,2023-08-27
726,26091.16,26109.6,7495.41549860179,26264,25850,26039.5871,199756,2023-08-28
727,26109.6,27717.98,28801.7425084116,28193,25903.18,27346.5554,424186,2023-08-29
728,27749,27306.06,13116.5694632535,27793,27005.2,27336.4857,266719,2023-08-30
729,27326,25932.45,20462.0493346632,27605.5,25660.61,26603.9336,342178,2023-08-31
