LRCUSD,open_price,close_price,trading_volume,highest_price,lowest_price,volume_weighted_avg_price,transaction_amt,date_time
0,0.5579,0.5361,20730725.0423464,0.566,0.512,0.5394,28636,2021-09-01
1,0.5362,0.5286,14636602.8278264,0.5499,0.5262,0.5351,16731,2021-09-02
2,0.5288,0.5143,13414727.8516436,0.53187,0.4962,0.5198,15779,2021-09-03
3,0.5144,0.5092,13252461.6216105,0.5237,0.5033,0.5125,14492,2021-09-04
4,0.509,0.523,14843480.8259681,0.5359,0.50249,0.5186,15521,2021-09-05
5,0.5232,0.5055,13154386.1719323,0.53403,0.4672,0.5071,15585,2021-09-06
6,0.5055,0.4065,40169943.1493061,0.50818,0.3745,0.4456,35078,2021-09-07
7,0.4068,0.436,42224399.825323,0.4915,0.3933,0.4387,32946,2021-09-08
8,0.4361,0.4482,16049650.6485686,0.4798,0.4291,0.4464,13969,2021-09-09
9,0.449,0.4164,14272191.4527563,0.4711,0.4038,0.4331,13631,2021-09-10
10,0.4165,0.4383,12085414.0892644,0.47,0.4128,0.4439,12200,2021-09-11
11,0.438,0.48474,42204096.598364,0.5292,0.421,0.4888,45615,2021-09-12
12,0.4837,0.4342,16655634.9293808,0.4895,0.4134,0.443,17689,2021-09-13
13,0.434,0.4681,14755348.9134705,0.4886,0.4259,0.4541,18363,2021-09-14
14,0.4692,0.4993,18478916.45332,0.5148,0.4602,0.4853,27252,2021-09-15
15,0.499,0.4716,14005197.8694331,0.5139,0.4571,0.4863,22205,2021-09-16
16,0.4719,0.4641,10251500.4426818,0.4758,0.4475,0.4606,16276,2021-09-17
17,0.4641,0.4601,4115862.10273524,0.4678,0.4488,0.4583,8071,2021-09-18
18,0.4608,0.4498,10768815.0688176,0.47214,0.4452,0.4592,14735,2021-09-19
19,0.4509,0.4014,17865507.5703012,0.4515,0.3888,0.418,18692,2021-09-20
20,0.4017,0.3763,10425014.7753593,0.4152,0.3672,0.3927,12609,2021-09-21
21,0.3767,0.4105,8469976.37901512,0.4113,0.3695,0.3921,13231,2021-09-22
22,0.4109,0.41116,4761919.07524433,0.4159,0.3969,0.4095,10055,2021-09-23
23,0.4108,0.38,10957031.5127228,0.4138,0.3686,0.3827,12271,2021-09-24
24,0.3801,0.3851,5985742.44770865,0.3928,0.37,0.3813,8842,2021-09-25
25,0.3853,0.3689,8362408.75463336,0.3863,0.3539,0.3674,10071,2021-09-26
26,0.3689,0.3661,5520212.99252565,0.38453,0.3652,0.3772,8149,2021-09-27
27,0.3661,0.3513,6426243.66749463,0.3731,0.3491,0.3608,7619,2021-09-28
28,0.3512,0.3549,3446830.71537843,0.36703,0.3498,0.3572,4746,2021-09-29
29,0.3548,0.3656,4585464.34921254,0.372,0.3536,0.3634,8850,2021-09-30
30,0.3656,0.3887,7585207.69057928,0.39124,0.3635,0.3807,11762,2021-10-01
31,0.3888,0.3977,8457993.72421996,0.4114,0.3842,0.3977,11564,2021-10-02
32,0.398,0.4121,13079343.653644,0.43,0.3891,0.4124,16212,2021-10-03
33,0.4118,0.3996,9517144.48404194,0.41197,0.383,0.3995,11262,2021-10-04
34,0.3996,0.4093,6520317.34644435,0.415,0.3961,0.406,11014,2021-10-05
35,0.4095,0.393,10739803.2592118,0.4128,0.3807,0.3943,13588,2021-10-06
36,0.3931,0.3952,7398264.30940816,0.4008,0.3835,0.3923,11513,2021-10-07
37,0.3955,0.4012,12906082.2723095,0.419,0.389,0.4045,14457,2021-10-08
38,0.4022,0.41,10479247.1016788,0.4301,0.3959,0.413,13234,2021-10-09
39,0.4104,0.3837,5535089.44800833,0.4169,0.3805,0.4025,9235,2021-10-10
40,0.38351,0.3695,10925164.3450423,0.38965,0.3608,0.3753,14900,2021-10-11
41,0.3695,0.3729,8717392.67621146,0.3775,0.349,0.364,11980,2021-10-12
42,0.3724,0.3821,6282015.11712846,0.3827,0.3637,0.3735,7405,2021-10-13
43,0.3821,0.3794,6722094.14256496,0.3958,0.3757,0.3842,7794,2021-10-14
44,0.3794,0.4143,42320050.6831459,0.495,0.3701,0.4325,43293,2021-10-15
45,0.4144,0.4212,28863158.1270186,0.467,0.4118,0.4327,27437,2021-10-16
46,0.421,0.4504,60357081.8830435,0.5183,0.4121,0.4656,53198,2021-10-17
47,0.451,0.432,20588363.701119,0.4634,0.42,0.4395,21842,2021-10-18
48,0.4316,0.4288,8065468.29522581,0.4377,0.42,0.4294,10709,2021-10-19
49,0.42925,0.43627,7066841.64952018,0.4421,0.4224,0.4332,11102,2021-10-20
50,0.4363,0.4142,11342803.3425412,0.444,0.4111,0.4289,14267,2021-10-21
51,0.4144,0.4259,14940098.583212,0.4341,0.4059,0.4186,14898,2021-10-22
52,0.4269,0.433,11760962.2616022,0.438,0.4208,0.4297,15636,2021-10-23
53,0.4335,0.4159,6861305.90269554,0.436,0.4063,0.4192,10738,2021-10-24
54,0.4161,0.4279,5154750.95234064,0.4293,0.4133,0.4222,8901,2021-10-25
55,0.4279,0.4297,12825834.2160155,0.441,0.4232,0.432,15719,2021-10-26
56,0.4298,0.3742,20620460.2412831,0.4468,0.3667,0.3982,26525,2021-10-27
57,0.3742,0.5402,146294396.040542,0.6074,0.3703,0.5078,179338,2021-10-28
58,0.5395,0.5503,82904464.3104061,0.5976,0.5,0.5356,177236,2021-10-29
59,0.5501,0.5492,79146917.7246792,0.6458,0.5329,0.5908,138207,2021-10-30
60,0.5495,0.6406,39342456.8879007,0.6461,0.5408,0.5735,73650,2021-10-31
61,0.6406,1.0222,352160561.039784,1.1762,0.6108,0.8805,458852,2021-11-01
62,1.0233,1.4339,425098807.25635,1.9343,0.9261,1.3411,637138,2021-11-02
63,1.4329,1.1702,173241412.945884,1.589,1.1368,1.3415,348270,2021-11-03
64,1.1702,1.12,91960070.7628619,1.37,1.0621,1.1777,208044,2021-11-04
65,1.1197,1.1825,131072839.283717,1.4916,1.0166,1.2983,255632,2021-11-05
66,1.1818,1.2852,88150194.9646541,1.39,1.167,1.2692,194562,2021-11-06
67,1.2858,1.4864,60842218.0351921,1.5195,1.2452,1.37,139080,2021-11-07
68,1.4838,2.0468,271346439.919231,2.5,1.408,1.9236,650814,2021-11-08
69,2.0468,2.9297,283425837.085221,3.05,2.0078,2.4991,764671,2021-11-09
70,2.9286,3.0416,289238872.81832,3.92,2.668,3.251,912128,2021-11-10
71,3.0393,3.2203,151775544.252944,3.7487,2.4248,3.3355,465955,2021-11-11
72,3.2205,3.0379,88193330.0144485,3.5437,2.8099,3.1091,305553,2021-11-12
73,3.0385,2.6797,48613841.7667008,3.0924,2.6104,2.7855,192598,2021-11-13
74,2.6791,3.061,76527637.4800156,3.372,2.6527,3.0857,272452,2021-11-14
75,3.0622,2.908,38810489.5036475,3.1169,2.8469,2.9549,154865,2021-11-15
76,2.9082,2.6343,53604256.4241956,2.91,2.34,2.638,200251,2021-11-16
77,2.6357,2.5263,47545924.9740587,2.8954,2.4715,2.6658,162085,2021-11-17
78,2.5254,2.2151,56747397.6350726,2.5963,2.1605,2.3556,178190,2021-11-18
79,2.2158,2.6628,67673079.0170279,2.9163,2.173,2.6179,217840,2021-11-19
80,2.6628,2.583,22999768.1814095,2.7515,2.5,2.621,91363,2021-11-20
81,2.5835,2.3799,23527804.45064,2.6365,2.3571,2.4898,83950,2021-11-21
82,2.381,2.6502,40054292.2864447,2.8638,2.3226,2.6031,146166,2021-11-22
83,2.6501,3.3353,91018639.3249328,3.51,2.537,3.0523,325291,2021-11-23
84,3.3368,3.4136,55433940.4826642,3.4848,2.8998,3.1049,185063,2021-11-24
85,3.4145,3.2044,56815531.8103101,3.78,3.1217,3.436,232643,2021-11-25
86,3.2055,2.8184,53508992.1130239,3.64,2.6516,3.0398,234717,2021-11-26
87,2.8176,2.8945,21505630.8515078,3.1227,2.7685,2.9338,95400,2021-11-27
88,2.8959,2.9324,20030467.7027106,2.98,2.6557,2.7955,96292,2021-11-28
89,2.9323,2.8653,23731146.3835522,3.1808,2.8539,2.995,93396,2021-11-29
90,2.8658,2.7725,22931879.4394255,2.9612,2.7108,2.8209,94092,2021-11-30
91,2.7727,2.7815,19975076.1154594,2.9677,2.703,2.8173,83492,2021-12-01
92,2.7819,2.633,14686605.0145046,2.7819,2.5669,2.6514,74147,2021-12-02
93,2.6321,2.3828,23233556.1561541,2.6466,2.2424,2.4747,105547,2021-12-03
94,2.3816,2.2685,54559449.1362708,2.3881,1.6534,2.0732,189762,2021-12-04
95,2.2687,2.0409,22291430.7356546,2.3483,1.9672,2.152,97694,2021-12-05
96,2.0388,2.4644,41801289.5989425,2.5406,1.8002,2.168,171058,2021-12-06
97,2.4632,2.4632,33511195.9010007,2.6609,2.362,2.5137,164761,2021-12-07
98,2.4643,2.5631,48709127.4072618,2.985,2.2708,2.5935,194362,2021-12-08
99,2.5631,2.4947,40787103.5061546,2.7307,2.3549,2.5314,166357,2021-12-09
100,2.4929,2.3026,28755850.2021376,2.6014,2.2905,2.453,132704,2021-12-10
101,2.3024,2.4234,14702116.1218011,2.4542,2.2608,2.3652,72894,2021-12-11
102,2.4241,2.4562,9139682.43281265,2.4947,2.3268,2.4044,54784,2021-12-12
103,2.4557,2.0976,18421141.6586029,2.4736,2.05,2.2311,100603,2021-12-13
104,2.0967,2.184,19465508.7832041,2.2857,2.0371,2.1524,101080,2021-12-14
105,2.184,2.2451,20178228.7899135,2.2895,2.0048,2.1495,95466,2021-12-15
106,2.2454,2.1066,13347666.3611957,2.3606,2.0938,2.2114,63589,2021-12-16
107,2.1059,2.0547,11825535.9892648,2.1589,1.9932,2.0813,66974,2021-12-17
108,2.0547,2.0738,10391468.9108408,2.12,1.9902,2.0514,52032,2021-12-18
109,2.0744,2.0452,7790613.42411762,2.122,2.02,2.0732,39996,2021-12-19
110,2.0444,2.0158,14624732.3478343,2.0833,1.8733,1.9716,72103,2021-12-20
111,2.016,2.4002,23413233.217062,2.475,1.9866,2.2666,111001,2021-12-21
112,2.4002,2.2024,14296308.5473586,2.4109,2.1899,2.2953,74983,2021-12-22
113,2.2018,2.319,12772788.3577453,2.37,2.1548,2.269,64592,2021-12-23
114,2.32,2.2167,8541037.24341792,2.3772,2.1751,2.2955,52541,2021-12-24
115,2.2168,2.2723,6043047.95085405,2.3241,2.1991,2.2698,35687,2021-12-25
116,2.2736,2.3511,10169263.7350279,2.4576,2.205,2.338,57314,2021-12-26
117,2.3528,2.2601,12398950.6814508,2.4442,2.2517,2.3616,64234,2021-12-27
118,2.2611,2.0582,19971068.9913273,2.2617,2.0431,2.1428,95273,2021-12-28
119,2.0597,1.976,11731443.890098,2.1205,1.9325,2.0323,68662,2021-12-29
120,1.9759,1.9953,11356511.049357,2.0546,1.9005,1.9853,60971,2021-12-30
121,1.9949,2.0852,17692414.0905668,2.1449,1.9462,2.05,74937,2021-12-31
122,2.0859,2.0892,6889605.88334944,2.12,2.0379,2.0708,32191,2022-01-01
123,2.0884,2.0953,6112769.53527973,2.1157,2.0473,2.077,32265,2022-01-02
124,2.0964,2.0452,6036376.83128699,2.098,2.0204,2.0644,36784,2022-01-03
125,2.0465,2.0557,8560136.07884178,2.1457,2.0027,2.0687,48201,2022-01-04
126,2.053,1.8015,22488363.63378,2.1074,1.6391,1.9056,100241,2022-01-05
127,1.8034,1.8397,45487641.4662598,2.0876,1.658,1.8354,170865,2022-01-06
128,1.8394,1.675,33406402.3989623,1.866,1.6492,1.7385,128600,2022-01-07
129,1.6745,1.521,24975412.4277467,1.7377,1.4333,1.5788,96493,2022-01-08
130,1.5202,1.5727,12174485.1877892,1.6337,1.5071,1.5686,60664,2022-01-09
131,1.5731,1.4686,16866502.3852465,1.6055,1.3801,1.4799,78310,2022-01-10
132,1.4689,1.496,15251045.3144903,1.5311,1.3872,1.4641,70358,2022-01-11
133,1.4957,1.6347,12311855.8499919,1.655,1.4659,1.5758,61066,2022-01-12
134,1.6353,1.5,11463783.8083478,1.6679,1.4904,1.5728,55261,2022-01-13
135,1.4986,1.4762,9995616.82458017,1.5471,1.4445,1.4901,56582,2022-01-14
136,1.4759,1.421,15153515.852325,1.487,1.3877,1.4223,64952,2022-01-15
137,1.4215,1.3633,17795852.1793463,1.4244,1.3083,1.3531,74066,2022-01-16
138,1.3641,1.2293,27595131.4602837,1.3757,1.1839,1.2374,92729,2022-01-17
139,1.2294,1.1598,31863966.6892666,1.2378,1.095,1.1479,94891,2022-01-18
140,1.16,1.1752,33321204.8695034,1.2478,1.1062,1.1893,101950,2022-01-19
141,1.1757,1.0623,24019314.7153597,1.2237,1.0524,1.1509,73105,2022-01-20
142,1.0621,0.8671,60719024.1191212,1.0837,0.84,0.9629,187272,2022-01-21
143,0.8671,0.7384,67666553.1882601,0.8892,0.6489,0.7528,234208,2022-01-22
144,0.7386,0.859,43202457.6667376,0.87258,0.73224,0.8025,147675,2022-01-23
145,0.8592,0.8618,57390514.9208819,0.9,0.708,0.7958,165306,2022-01-24
146,0.8618,1.032,80916436.4039858,1.0761,0.8368,0.9469,241779,2022-01-25
147,1.0317,1.0773,78713860.265051,1.1887,0.98,1.0824,247074,2022-01-26
148,1.0773,0.9636,40953796.1984782,1.1279,0.925,1.0076,152134,2022-01-27
149,0.9629,0.9902,24658650.8761317,1.0115,0.912,0.9628,110388,2022-01-28
150,0.9895,0.9752,14521169.1505678,1.016,0.96,0.986,68386,2022-01-29
151,0.9747,1.0027,20801794.0116246,1.0586,0.9544,1.0113,80494,2022-01-30
152,1.0028,0.999,21164082.4609628,1.0428,0.9235,0.9828,81255,2022-01-31
153,0.9993,0.9635,23469206.2462984,1.0248,0.955,0.9841,75603,2022-02-01
154,0.9637,0.8681,25940704.5231847,0.9673,0.85,0.9112,89456,2022-02-02
155,0.8684,0.8514,51930385.7440748,0.8904,0.8088,0.8377,131996,2022-02-03
156,0.8508,0.9145,29163524.4790533,0.9198,0.8411,0.878,90661,2022-02-04
157,0.91407,0.9601,27617258.7943767,1.0346,0.9098,0.9738,84500,2022-02-05
158,0.9605,1.125,49214248.2555087,1.1329,0.9531,1.033,134831,2022-02-06
159,1.1269,1.1673,56436334.274166,1.23,1.075,1.1454,190400,2022-02-07
160,1.1674,1.0779,42530864.1028386,1.2092,1.0257,1.0944,200696,2022-02-08
161,1.078,1.1003,16182746.0889609,1.1281,1.0399,1.093,60844,2022-02-09
162,1.1002,1.0119,25579995.9175493,1.1065,0.9956,1.054,83241,2022-02-10
163,1.0128,0.9438,35894568.9028787,1.1028,0.9159,1.0102,91164,2022-02-11
164,0.9439,0.9528,18201343.2068141,0.9844,0.9055,0.9464,77988,2022-02-12
165,0.953,0.9076,16766617.7002211,0.9672,0.8908,0.9313,49480,2022-02-13
166,0.9076,0.9216,22275001.7273008,0.9446,0.8748,0.9013,67649,2022-02-14
167,0.9219,0.9877,19459541.5246425,0.9963,0.9215,0.9705,58996,2022-02-15
168,0.9891,0.9602,13398125.364491,0.9912,0.9339,0.9661,50193,2022-02-16
169,0.9607,0.8863,23370858.1258031,0.97496,0.8591,0.9165,68147,2022-02-17
170,0.8863,0.872,16541258.8949259,0.9416,0.8629,0.8943,56903,2022-02-18
171,0.8729,0.8877,10483717.2886066,0.914,0.8584,0.8854,40695,2022-02-19
172,0.8871,0.8123,24656396.0503316,0.8904,0.7867,0.8263,62355,2022-02-20
173,0.8119,0.7423,26337462.2316767,0.8662,0.7408,0.8078,76819,2022-02-21
174,0.7417,0.8019,24043357.7903984,0.8216,0.725,0.7718,73813,2022-02-22
175,0.802,0.7524,15708507.9762365,0.83,0.7492,0.7902,47402,2022-02-23
176,0.7525,0.7413,44652202.0138246,0.7835,0.627,0.6924,125722,2022-02-24
177,0.741,0.7783,14886144.0750414,0.7859,0.7182,0.755,49260,2022-02-25
178,0.7778,0.7693,9469373.70409951,0.8236,0.7589,0.7852,32356,2022-02-26
179,0.7699,0.728,12043066.3107397,0.7876,0.7102,0.752,38569,2022-02-27
180,0.7284,0.825,14116511.6320914,0.83158,0.7155,0.7731,45657,2022-02-28
181,0.8245,0.8366,16581745.0134498,0.86105,0.79078,0.8283,58753,2022-03-01
182,0.8368,0.8107,15184836.737381,0.868,0.7889,0.8244,64486,2022-03-02
183,0.811,0.7819,9809222.96346125,0.8176,0.7594,0.7892,42018,2022-03-03
184,0.7816,0.7345,13482996.4353559,0.7858,0.72,0.7537,47392,2022-03-04
185,0.7343,0.7597,10284178.9619371,0.7763,0.715,0.7496,37767,2022-03-05
186,0.7595,0.7159,7511317.83522956,0.7683,0.7102,0.7417,34119,2022-03-06
187,0.7161,0.7058,16181241.0772436,0.7422,0.6749,0.7072,50114,2022-03-07
188,0.70461,0.7335,12955344.0950639,0.7461,0.6969,0.7278,43465,2022-03-08
189,0.7333,0.7405,12282231.8318865,0.7651,0.7307,0.748,33496,2022-03-09
190,0.7403,0.7178,14298952.0463206,0.76293,0.6891,0.7086,37109,2022-03-10
191,0.7181,0.6975,8602812.81552623,0.72458,0.6933,0.7078,30062,2022-03-11
192,0.6975,0.6904,4879503.95417678,0.7118,0.6879,0.7037,16388,2022-03-12
193,0.6903,0.6804,5174152.6598878,0.7211,0.6731,0.6966,17509,2022-03-13
194,0.6802,0.6979,7113578.34598784,0.7021,0.671,0.6865,27601,2022-03-14
195,0.6976,0.6751,7423601.36610316,0.70289,0.653,0.6752,20250,2022-03-15
196,0.6751,0.7152,10574680.9908002,0.7177,0.6712,0.6942,32121,2022-03-16
197,0.7151,0.7068,8382777.04512789,0.7407,0.7042,0.7182,23454,2022-03-17
198,0.7071,0.7276,11763389.31705,0.7448,0.6862,0.7116,33795,2022-03-18
199,0.7277,0.9344,51053331.6577021,0.9583,0.7266,0.8644,109235,2022-03-19
200,0.9347,0.8226,33390805.2299053,0.9605,0.81,0.8716,80094,2022-03-20
201,0.8226,0.8069,14874479.334966,0.8557,0.8009,0.8233,37944,2022-03-21
202,0.8076,0.8074,17710422.0301919,0.8521,0.7855,0.8281,41730,2022-03-22
203,0.8072,1.1714,142663638.794527,1.2346,0.8064,1.0958,261198,2022-03-23
204,1.1723,1.0814,66610397.0053069,1.2031,1.0431,1.1003,137237,2022-03-24
205,1.0812,1.0575,30975305.5175883,1.186,1.0311,1.113,77855,2022-03-25
206,1.0573,1.0662,28223438.2456457,1.1751,1.0426,1.1081,71191,2022-03-26
207,1.0659,1.1067,20824615.5692168,1.1454,1.05,1.0925,59427,2022-03-27
208,1.1066,1.1315,58835679.0212293,1.28,1.0757,1.1978,131575,2022-03-28
209,1.1315,1.2852,53532320.637552,1.3635,1.1279,1.2626,137912,2022-03-29
210,1.2852,1.2696,37207545.6912254,1.3272,1.2135,1.2593,85955,2022-03-30
211,1.2696,1.1648,42599949.0554084,1.3424,1.1404,1.237,96012,2022-03-31
212,1.1652,1.1875,29916264.3291825,1.2296,1.1,1.1666,63047,2022-04-01
213,1.187,1.1391,13808328.2638439,1.2304,1.1363,1.1791,34748,2022-04-02
214,1.1395,1.1871,9617307.26274202,1.2035,1.1152,1.168,26307,2022-04-03
215,1.1879,1.141,12785635.6175638,1.1879,1.0802,1.1347,30743,2022-04-04
216,1.1413,1.103,15138828.6237426,1.1936,1.1013,1.1444,34268,2022-04-05
217,1.1056,0.9657,29786981.9113536,1.1079,0.9629,1.0219,66429,2022-04-06
218,0.9655,1.0202,14985200.8653635,1.0393,0.9516,1.0033,40584,2022-04-07
219,1.0193,0.963,12941467.4307996,1.0497,0.9532,1.003,35966,2022-04-08
220,0.9617,1.0081,5336940.96853734,1.0255,0.9603,0.9876,22021,2022-04-09
221,1.0084,0.9617,5991598.76028324,1.0152,0.95606,0.99,19623,2022-04-10
222,0.9611,0.85139,20326141.1834293,0.965,0.8361,0.8916,52123,2022-04-11
223,0.8521,0.9123,15316382.9255358,0.9247,0.8377,0.8832,41768,2022-04-12
224,0.9123,0.9214,7982730.81666637,0.926,0.8887,0.9097,24046,2022-04-13
225,0.921,0.8846,9121201.70529748,0.94804,0.8688,0.9047,22372,2022-04-14
226,0.8846,0.8954,3956268.75721241,0.9042,0.8724,0.8898,15791,2022-04-15
227,0.896,0.9031,4437417.34878871,0.9193,0.8813,0.8939,15269,2022-04-16
228,0.9035,0.8531,3908092.54651916,0.90794,0.8424,0.8806,13838,2022-04-17
229,0.8531,0.9303,18037552.0760169,0.95581,0.82537,0.8965,47756,2022-04-18
230,0.9303,0.96099,10801757.692308,0.9792,0.9225,0.9476,33785,2022-04-19
231,0.9599,0.9536,25599968.7393555,1.0406,0.93037,0.9811,56210,2022-04-20
232,0.9535,0.9216,12336162.7126494,0.982,0.89841,0.9409,38056,2022-04-21
233,0.9226,0.9593,15250630.7954841,0.9874,0.913,0.953,48659,2022-04-22
234,0.9593,0.9249,6751894.6941838,0.9843,0.9166,0.9421,23928,2022-04-23
235,0.9252,0.8938,8427690.00982764,0.9418,0.8857,0.9122,20484,2022-04-24
236,0.8943,0.8913,18083281.0034563,0.8966,0.8348,0.8624,41859,2022-04-25
237,0.8912,0.8207,11864363.3571534,0.903,0.8072,0.8585,32163,2022-04-26
238,0.8202,0.8572,6809674.64137192,0.8703,0.8142,0.849,23365,2022-04-27
239,0.8577,0.8422,5585513.97284216,0.8685,0.825,0.8458,20971,2022-04-28
240,0.8418,0.7892,10493536.4321445,0.84646,0.7669,0.8052,27127,2022-04-29
241,0.7896,0.6835,16148926.5517369,0.797,0.64688,0.7315,42676,2022-04-30
242,0.6817,0.7442,14069300.5379127,0.7621,0.6734,0.7164,34080,2022-05-01
243,0.7445,0.7472,10675199.7962209,0.7798,0.7036,0.7333,30516,2022-05-02
244,0.7472,0.72293,8930318.75794899,0.7806,0.7095,0.7426,23897,2022-05-03
245,0.7225,0.8161,12334707.2257946,0.8231,0.7181,0.7711,31909,2022-05-04
246,0.8162,0.7432,21040119.2108104,0.8556,0.7112,0.767,49678,2022-05-05
247,0.7424,0.7243,13017184.086104,0.75726,0.7035,0.7265,31218,2022-05-06
248,0.7247,0.6936,5277296.19124272,0.72783,0.6779,0.7046,18522,2022-05-07
249,0.6935,0.6644,14540572.9437441,0.6994,0.6526,0.6744,30741,2022-05-08
250,0.6645,0.5455,37875598.0349024,0.67992,0.5425,0.592,59881,2022-05-09
251,0.5453,0.573,34876591.430739,0.6348,0.5237,0.5848,69953,2022-05-10
252,0.5728,0.4184,71888566.8182774,0.5891,0.3764,0.4627,129346,2022-05-11
253,0.4189,0.395,61199414.8893317,0.4484,0.3125,0.381,92584,2022-05-12
254,0.3954,0.4643,36304874.3191728,0.5368,0.3864,0.4765,55817,2022-05-13
255,0.4643,0.4761,14559986.6932507,0.4869,0.4289,0.4575,25568,2022-05-14
256,0.4767,0.5151,11795138.7744865,0.5156,0.4524,0.486,19400,2022-05-15
257,0.5147,0.4659,10102444.4925851,0.5151,0.4575,0.4758,18364,2022-05-16
258,0.4661,0.4996,12510729.1547093,0.5126,0.464,0.4895,19467,2022-05-17
259,0.5,0.4523,14216315.0858946,0.5096,0.4465,0.4681,20007,2022-05-18
260,0.4532,0.4849,16478287.2969628,0.4895,0.4428,0.4655,20524,2022-05-19
261,0.4852,0.4834,20179266.6266456,0.5095,0.4601,0.4842,23548,2022-05-20
262,0.4832,0.49,12348033.420798,0.4994,0.4673,0.486,16578,2022-05-21
263,0.4904,0.5124,12719311.3936384,0.51726,0.4833,0.5002,18429,2022-05-22
264,0.512,0.5521,56928835.0056107,0.673,0.4933,0.5931,78136,2022-05-23
265,0.5523,0.5543,37761149.5176056,0.5875,0.5155,0.5539,53817,2022-05-24
266,0.5543,0.6142,36053851.094045,0.6385,0.5496,0.5932,57248,2022-05-25
267,0.6143,0.5096,41817677.1179652,0.6274,0.5029,0.5503,58228,2022-05-26
268,0.5097,0.4791,40391931.4646899,0.5167,0.4626,0.4855,55629,2022-05-27
269,0.4792,0.4828,13089543.302363,0.49407,0.4672,0.4827,16585,2022-05-28
270,0.483,0.4938,10153711.2670922,0.50079,0.4653,0.4826,15883,2022-05-29
271,0.4941,0.5693,25792516.0298485,0.5765,0.4839,0.535,27063,2022-05-30
272,0.5691,0.5654,21309132.1179239,0.5765,0.525,0.5533,25989,2022-05-31
273,0.56677,0.5241,25742781.9266379,0.5996,0.5062,0.5581,30238,2022-06-01
274,0.5243,0.5504,13604821.2938084,0.5571,0.5113,0.5355,19395,2022-06-02
275,0.5504,0.5165,12679422.3055792,0.55343,0.5093,0.5249,15748,2022-06-03
276,0.5162,0.515,11128237.9894845,0.5217,0.4956,0.508,13571,2022-06-04
277,0.5152,0.5078,7021612.74943378,0.5205,0.4998,0.5089,10049,2022-06-05
278,0.508,0.5513,27265007.9928054,0.5994,0.5059,0.559,32319,2022-06-06
279,0.5516,0.528,22431727.5787166,0.5524,0.5078,0.528,23103,2022-06-07
280,0.5281,0.5181,10123864.3866374,0.5433,0.5151,0.5272,14215,2022-06-08
281,0.5183,0.51168,8644157.33017747,0.5383,0.5083,0.5202,12135,2022-06-09
282,0.5112,0.4801,19333514.9481651,0.51408,0.472,0.4894,20584,2022-06-10
283,0.48,0.4399,19772187.5223952,0.49566,0.4321,0.4561,18764,2022-06-11
284,0.4399,0.4049,31464847.3843185,0.4492,0.404,0.4237,29513,2022-06-12
285,0.4045,0.3778,67346959.818682,0.4081,0.3369,0.3666,55854,2022-06-13
286,0.377,0.3794,45879567.8083265,0.3888,0.3389,0.3692,38595,2022-06-14
287,0.3788,0.4115,37843552.0307414,0.41334,0.3392,0.3686,35393,2022-06-15
288,0.4112,0.3635,22707956.1981637,0.4176,0.3549,0.3763,27050,2022-06-16
289,0.3637,0.37287,14547240.4563594,0.3846,0.3601,0.3739,14446,2022-06-17
290,0.3735,0.341,30444797.1785214,0.3795,0.3146,0.3435,24995,2022-06-18
291,0.3405,0.3677,20055570.802817,0.3759,0.3268,0.3524,18164,2022-06-19
292,0.36819,0.3727,15986708.8665128,0.3827,0.3496,0.3675,15523,2022-06-20
293,0.3725,0.3926,18552612.6384634,0.42,0.365,0.3941,19993,2022-06-21
294,0.3926,0.3754,16817656.5287188,0.4014,0.3681,0.383,16909,2022-06-22
295,0.3752,0.4033,16204753.6136806,0.4068,0.3731,0.3955,19655,2022-06-23
296,0.4034,0.4248,18846214.6958784,0.43629,0.403,0.4195,23068,2022-06-24
297,0.425,0.4398,20889623.9512528,0.4462,0.4134,0.43,23322,2022-06-25
298,0.4399,0.4017,13663992.4536854,0.45273,0.3993,0.4329,19966,2022-06-26
299,0.4012,0.4067,7832429.84173825,0.42901,0.3979,0.4127,13755,2022-06-27
300,0.4069,0.3882,10105712.5135987,0.4258,0.3847,0.4052,16048,2022-06-28
301,0.388,0.3894,11077957.3717529,0.4013,0.3786,0.3894,21120,2022-06-29
302,0.3896,0.3847,12155630.2951366,0.3933,0.3567,0.3722,18490,2022-06-30
303,0.3859,0.3787,11134547.6787313,0.3974,0.3682,0.3796,14966,2022-07-01
304,0.3793,0.3788,5350641.15368051,0.38354,0.3678,0.376,8197,2022-07-02
305,0.3793,0.38147,4259171.30785714,0.38625,0.3683,0.3763,5438,2022-07-03
306,0.3808,0.4008,6418186.44181714,0.40244,0.372,0.3889,10324,2022-07-04
307,0.4006,0.4081,15713629.9911517,0.4403,0.3898,0.4139,19927,2022-07-05
308,0.4078,0.4087,5350381.51685104,0.41785,0.4004,0.4083,13811,2022-07-06
309,0.4088,0.4176,5810487.82729216,0.42481,0.4041,0.4154,9569,2022-07-07
310,0.418,0.4019,5397690.62925418,0.4272,0.39799,0.4097,10504,2022-07-08
311,0.4018,0.4059,3794227.18677089,0.4127,0.39818,0.4073,7943,2022-07-09
312,0.4053,0.3905,5377941.17691287,0.4054,0.3802,0.3926,7940,2022-07-10
313,0.3909,0.3923,23927726.7809584,0.425,0.3725,0.3983,23211,2022-07-11
314,0.39291,0.3602,10677557.5399871,0.3997,0.35864,0.3814,11720,2022-07-12
315,0.3604,0.371,9582280.8666234,0.3744,0.3444,0.3594,12679,2022-07-13
316,0.3707,0.3824,6174394.63686524,0.3885,0.3575,0.3741,9426,2022-07-14
317,0.3824,0.3766,7156377.65970322,0.3926,0.37072,0.3821,12097,2022-07-15
318,0.3769,0.3872,4391754.81630646,0.3911,0.3678,0.3808,8572,2022-07-16
319,0.3873,0.37717,4589152.04460068,0.3987,0.3765,0.3878,9186,2022-07-17
320,0.3779,0.4315,35554924.0051767,0.4597,0.37445,0.4272,34875,2022-07-18
321,0.4318,0.45063,27472275.0898559,0.4752,0.41983,0.4491,33587,2022-07-19
322,0.4515,0.4227,19578039.3445532,0.478,0.4144,0.4512,22443,2022-07-20
323,0.4227,0.4308,10958838.4015114,0.43624,0.4047,0.4212,15328,2022-07-21
324,0.43062,0.4047,10262593.8355758,0.44235,0.4016,0.4212,12803,2022-07-22
325,0.4046,0.4069,4993017.28367253,0.43473,0.39288,0.4053,7603,2022-07-23
326,0.4069,0.40285,6793972.43613624,0.42252,0.4013,0.4108,9053,2022-07-24
327,0.40329,0.3624,11523778.6335376,0.406,0.3624,0.3816,13926,2022-07-25
328,0.3628,0.3681,14709548.845325,0.3685,0.3528,0.3605,13325,2022-07-26
329,0.3682,0.3969,12775558.0085471,0.3969,0.3581,0.3768,12826,2022-07-27
330,0.3969,0.433,27109544.4853237,0.44,0.38715,0.4145,27199,2022-07-28
331,0.4334,0.4216,18455588.7469664,0.4495,0.4115,0.4315,23546,2022-07-29
332,0.4219,0.431,23884362.3440007,0.4687,0.4217,0.4421,29005,2022-07-30
333,0.4312,0.4186,10864150.0441384,0.4516,0.41482,0.4345,15500,2022-07-31
334,0.4183,0.4224,8612046.62655136,0.43814,0.40944,0.4221,11873,2022-08-01
335,0.4232,0.4027,6133167.84527385,0.4282,0.394,0.4056,10331,2022-08-02
336,0.4023,0.4017,6303553.46108293,0.4222,0.3896,0.4086,8897,2022-08-03
337,0.4018,0.4161,9802486.61158381,0.4362,0.4015,0.4187,14407,2022-08-04
338,0.4163,0.4388,8137935.32792002,0.4415,0.4136,0.4306,13248,2022-08-05
339,0.4389,0.4331,4452267.7576503,0.4455,0.4306,0.4391,8709,2022-08-06
340,0.4327,0.4809,15831362.7320586,0.4935,0.4228,0.4697,23415,2022-08-07
341,0.4805,0.4711,12037908.7155681,0.5003,0.4626,0.4825,16511,2022-08-08
342,0.4711,0.449,8084740.46925828,0.48034,0.4362,0.4556,11465,2022-08-09
343,0.4481,0.466,8842960.80012084,0.471,0.43331,0.4546,10780,2022-08-10
344,0.4664,0.4576,8272269.79728038,0.48837,0.4546,0.4765,9493,2022-08-11
345,0.4583,0.4743,4493964.1667157,0.47685,0.4491,0.461,6824,2022-08-12
346,0.4746,0.4966,7224250.85391003,0.4966,0.46993,0.4834,9745,2022-08-13
347,0.4967,0.4834,14361637.446327,0.524,0.464,0.4948,17976,2022-08-14
348,0.4832,0.47,6740176.90459537,0.4976,0.4607,0.4756,10679,2022-08-15
349,0.47,0.4546,4872830.44686492,0.4772,0.4526,0.4621,8286,2022-08-16
350,0.4547,0.4209,8281078.65475857,0.47511,0.4153,0.441,11025,2022-08-17
351,0.4209,0.39928,7127131.84653435,0.44364,0.3962,0.4196,9712,2022-08-18
352,0.3994,0.3726,11510703.6697012,0.41688,0.3668,0.3791,13461,2022-08-19
353,0.3727,0.3731,7142953.84417845,0.388,0.36196,0.3756,9257,2022-08-20
354,0.37354,0.3831,4686756.11640447,0.3899,0.37129,0.3812,5807,2022-08-21
355,0.3836,0.3775,3360716.83445865,0.38421,0.36011,0.3696,5748,2022-08-22
356,0.3772,0.3844,4549455.12379202,0.387,0.36205,0.3771,6556,2022-08-23
357,0.38441,0.3874,4119521.43187108,0.3984,0.37298,0.3876,8006,2022-08-24
358,0.3875,0.3938,3086864.91699858,0.40802,0.3862,0.3944,7410,2022-08-25
359,0.394,0.3559,7089532.95943276,0.398,0.3486,0.3742,10650,2022-08-26
360,0.3552,0.3555,4226994.35514352,0.3626,0.3496,0.3557,7573,2022-08-27
361,0.3556,0.3409,2013203.63497232,0.3604,0.3389,0.351,4527,2022-08-28
362,0.3415,0.3659,4944636.30201972,0.3672,0.3368,0.3559,7470,2022-08-29
363,0.3656,0.3553,2591329.99945471,0.37459,0.3455,0.3588,5541,2022-08-30
364,0.3553,0.352,1710847.86631716,0.3663,0.3504,0.3579,4626,2022-08-31
365,0.3518,0.3537,3911399.33917082,0.3551,0.3383,0.3481,6990,2022-09-01
366,0.3538,0.35414,1870820.33526812,0.36635,0.3484,0.3563,5454,2022-09-02
367,0.3538,0.3542,1258375.57041391,0.35813,0.3493,0.3535,5735,2022-09-03
368,0.35475,0.3683,3321585.37841671,0.37003,0.3521,0.3648,5280,2022-09-04
369,0.3684,0.3548,3941705.64253003,0.372,0.3497,0.3571,6134,2022-09-05
370,0.3549,0.3257,7117962.60290679,0.3677,0.3251,0.3457,10753,2022-09-06
371,0.326,0.3417,4163459.91053596,0.3486,0.32,0.3353,7971,2022-09-07
372,0.342,0.3433,3011808.49710182,0.3451,0.33072,0.3402,6568,2022-09-08
373,0.3434,0.3721,5243188.90383915,0.3766,0.3418,0.3602,9060,2022-09-09
374,0.3728,0.36511,4542446.60794605,0.3767,0.3598,0.3681,7612,2022-09-10
375,0.3654,0.3624,2899023.38323022,0.3758,0.3542,0.3651,6351,2022-09-11
376,0.3622,0.3511,7624568.65316327,0.3748,0.3445,0.3594,10664,2022-09-12
377,0.3508,0.331,10676316.7156184,0.3604,0.32766,0.344,13580,2022-09-13
378,0.33048,0.3368,3242572.21174458,0.33979,0.32599,0.332,6321,2022-09-14
379,0.3366,0.3226,4133291.92631151,0.3394,0.3194,0.3282,7379,2022-09-15
380,0.323,0.3261,4454186.73510409,0.32709,0.3164,0.3228,6764,2022-09-16
381,0.3261,0.331,1112733.85952262,0.332,0.3228,0.3283,3745,2022-09-17
382,0.3313,0.3023,4577620.7568326,0.33391,0.29092,0.314,7693,2022-09-18
383,0.3025,0.3091,3768913.71390519,0.31212,0.2955,0.3036,6710,2022-09-19
384,0.3089,0.3011,2872157.56359909,0.3133,0.2986,0.3047,5509,2022-09-20
385,0.3005,0.2928,9084635.54504481,0.3199,0.2869,0.3031,10456,2022-09-21
386,0.2922,0.3093,3303353.38295869,0.3133,0.2904,0.3044,7197,2022-09-22
387,0.3094,0.30657,3776118.29364213,0.31632,0.2958,0.3055,7137,2022-09-23
388,0.3071,0.297,4459232.96993856,0.31075,0.2957,0.3058,7167,2022-09-24
389,0.2966,0.2939,3377681.30149297,0.30134,0.2908,0.2964,6029,2022-09-25
390,0.2937,0.2993,4305651.41399455,0.3,0.2866,0.2953,5834,2022-09-26
391,0.2997,0.2939,4911098.03567341,0.3107,0.2908,0.3019,7727,2022-09-27
392,0.294,0.3017,6195820.5530772,0.3089,0.2828,0.2923,6479,2022-09-28
393,0.30223,0.3013,3495320.47436532,0.31,0.2936,0.3015,6737,2022-09-29
394,0.3019,0.2961,6325269.21852916,0.3063,0.2933,0.2992,8086,2022-09-30
395,0.29622,0.2939,1255744.03637313,0.2989,0.2913,0.2951,2555,2022-10-01
396,0.2938,0.2852,2220954.14622038,0.29668,0.2842,0.2901,5204,2022-10-02
397,0.28531,0.2946,2890596.05050604,0.297,0.2809,0.2889,4340,2022-10-03
398,0.295,0.299,3581827.61685985,0.3013,0.29298,0.2964,4631,2022-10-04
399,0.2989,0.2952,2212949.85486484,0.3004,0.2893,0.2945,5816,2022-10-05
400,0.2953,0.2896,3310025.48500166,0.2999,0.2884,0.2952,5261,2022-10-06
401,0.2894,0.2881,3561069.05570918,0.2927,0.2848,0.2879,4024,2022-10-07
402,0.2881,0.2868,1543776.89904189,0.2907,0.2844,0.2884,1740,2022-10-08
403,0.2864,0.2901,924028.422134355,0.29192,0.28593,0.2892,4248,2022-10-09
404,0.2901,0.275,5785317.31965332,0.2938,0.2735,0.2821,5918,2022-10-10
405,0.2748,0.2672,4350023.40601673,0.27489,0.2646,0.2697,6106,2022-10-11
406,0.2673,0.2653,3630976.15055457,0.2702,0.2637,0.267,3938,2022-10-12
407,0.2653,0.2582,10299963.4780902,0.2657,0.2396,0.2508,11037,2022-10-13
408,0.2582,0.25608,4683698.95127839,0.2666,0.2518,0.2604,5699,2022-10-14
409,0.256,0.2528,2657807.6972846,0.2587,0.2519,0.2557,5414,2022-10-15
410,0.253,0.25925,1779056.44894876,0.2623,0.2517,0.2582,3138,2022-10-16
411,0.2592,0.2632,2654658.28579653,0.2641,0.256,0.2608,4904,2022-10-17
412,0.2631,0.258,3578359.10261463,0.26697,0.2529,0.2599,5830,2022-10-18
413,0.2577,0.2473,3126502.30442052,0.25912,0.2452,0.2524,4598,2022-10-19
414,0.24697,0.2455,3809871.74973124,0.2548,0.2439,0.2487,5343,2022-10-20
415,0.24568,0.2511,3831130.51225589,0.2515,0.2374,0.2438,5394,2022-10-21
416,0.2514,0.249,2906320.13712065,0.2518,0.246,0.248,2823,2022-10-22
417,0.2493,0.2546,2802946.27261232,0.25534,0.2446,0.2495,4045,2022-10-23
418,0.2554,0.2453,3580314.70876362,0.25644,0.2446,0.2493,5255,2022-10-24
419,0.2455,0.2592,5952815.39067701,0.267,0.2452,0.2574,7652,2022-10-25
420,0.2594,0.2665,6088680.60653163,0.26962,0.2585,0.2646,8090,2022-10-26
421,0.265,0.2675,11629209.459533,0.28411,0.2641,0.2728,13132,2022-10-27
422,0.2676,0.2726,8166587.44718707,0.2766,0.2617,0.2682,9685,2022-10-28
423,0.2722,0.2808,13036897.7850181,0.2898,0.2713,0.2797,13792,2022-10-29
424,0.2808,0.2772,11191863.4715073,0.2913,0.2724,0.281,12731,2022-10-30
425,0.2772,0.2737,8670185.92714467,0.282,0.2697,0.2758,9592,2022-10-31
426,0.2737,0.266,6784584.43848944,0.2804,0.2658,0.2728,8353,2022-11-01
427,0.266,0.2551,8842518.80994554,0.26821,0.25,0.2597,9427,2022-11-02
428,0.25492,0.2754,9831743.97830419,0.2851,0.2539,0.2724,12436,2022-11-03
429,0.2751,0.3685,86195751.5514508,0.4293,0.2725,0.3723,130923,2022-11-04
430,0.3681,0.3671,24667936.6096864,0.3868,0.3506,0.3673,38488,2022-11-05
431,0.3665,0.3338,15424839.5487623,0.3862,0.332,0.3626,26022,2022-11-06
432,0.3335,0.3231,10427139.677876,0.3432,0.3141,0.3303,15192,2022-11-07
433,0.3234,0.2607,28094232.938389,0.33349,0.2216,0.2832,32616,2022-11-08
434,0.2603,0.214,24297753.80851,0.2662,0.2069,0.2389,28288,2022-11-09
435,0.2138,0.2703,28704183.0372156,0.31361,0.2104,0.2575,34951,2022-11-10
436,0.2702,0.2629,11108624.4502722,0.2784,0.2475,0.2637,12860,2022-11-11
437,0.2629,0.2499,4841320.15087012,0.2636,0.2388,0.2485,7277,2022-11-12
438,0.2495,0.2433,6167179.55954599,0.2697,0.2395,0.2507,9135,2022-11-13
439,0.2435,0.2494,9690455.66218656,0.25644,0.23,0.2468,11215,2022-11-14
440,0.2494,0.2571,7360913.08317219,0.27201,0.2413,0.256,10502,2022-11-15
441,0.257,0.2491,5911541.13580466,0.2713,0.2452,0.255,9060,2022-11-16
442,0.2493,0.2459,3430141.04294209,0.2509,0.2419,0.2457,4823,2022-11-17
443,0.24506,0.2482,4137205.40401447,0.254,0.2409,0.2471,4967,2022-11-18
444,0.2481,0.2475,2571535.44975285,0.2504,0.2406,0.2461,4087,2022-11-19
445,0.2472,0.23321,4690715.85088872,0.2515,0.231,0.2418,5016,2022-11-20
446,0.2329,0.22912,6423681.34621366,0.23639,0.2215,0.229,6999,2022-11-21
447,0.229,0.2326,3503802.05423109,0.23545,0.2197,0.2284,7347,2022-11-22
448,0.2338,0.2405,4433954.71670683,0.2455,0.2318,0.2397,5825,2022-11-23
449,0.2404,0.24177,3580695.98294773,0.24716,0.2358,0.2407,4221,2022-11-24
450,0.2419,0.23858,3186713.93891715,0.2495,0.2329,0.2399,4637,2022-11-25
451,0.2389,0.23964,2698864.22966169,0.24947,0.23644,0.2436,3657,2022-11-26
452,0.24106,0.23909,1782737.26484077,0.2473,0.2369,0.2422,2884,2022-11-27
453,0.2382,0.2368,3862041.22557005,0.24142,0.227,0.2323,4553,2022-11-28
454,0.2366,0.2376,3293813.27042999,0.24459,0.2329,0.2398,4458,2022-11-29
455,0.23777,0.2544,4809252.1760984,0.25655,0.2376,0.2471,5408,2022-11-30
456,0.25426,0.2574,10416664.9804794,0.2785,0.2447,0.2618,10593,2022-12-01
457,0.2575,0.2589,4387300.27693025,0.2659,0.249,0.2565,5940,2022-12-02
458,0.2592,0.2559,4014126.30598994,0.26451,0.2518,0.2573,5591,2022-12-03
459,0.2538,0.25538,4272267.61996917,0.2613,0.2519,0.2561,5657,2022-12-04
460,0.2557,0.25223,5803492.67301768,0.26519,0.2459,0.2559,7363,2022-12-05
461,0.25312,0.252,4160618.09753263,0.25693,0.2488,0.2524,4626,2022-12-06
462,0.2523,0.24,4637231.38846741,0.2547,0.2372,0.2437,6530,2022-12-07
463,0.2401,0.2454,2983960.80250054,0.24746,0.236,0.2416,4191,2022-12-08
464,0.2458,0.2411,4080671.8900755,0.24778,0.24,0.2435,3936,2022-12-09
465,0.2412,0.2451,3313962.10672888,0.2562,0.24104,0.2491,5683,2022-12-10
466,0.2451,0.2425,4389274.3248896,0.25222,0.2413,0.2474,4302,2022-12-11
467,0.2425,0.2497,6331630.9889468,0.25227,0.2355,0.2434,5322,2022-12-12
468,0.2499,0.2478,7514185.25819638,0.2584,0.2383,0.2477,7490,2022-12-13
469,0.2477,0.24516,8189459.57872674,0.25503,0.2421,0.2495,7766,2022-12-14
470,0.2454,0.2402,5357183.17907727,0.24681,0.2374,0.2412,5155,2022-12-15
471,0.2401,0.2131,7596902.51026076,0.24538,0.2076,0.227,8465,2022-12-16
472,0.213,0.2165,7767042.13357821,0.21762,0.205,0.212,6488,2022-12-17
473,0.2165,0.2103,3746726.3274638,0.21727,0.2079,0.2104,3498,2022-12-18
474,0.2103,0.199,6097586.97428617,0.21345,0.194,0.2059,6826,2022-12-19
475,0.1989,0.2084,3310421.37530841,0.21022,0.1985,0.2061,3623,2022-12-20
476,0.2084,0.2067,3320501.06509661,0.20915,0.203,0.2066,4386,2022-12-21
477,0.2065,0.2073,2368861.43882169,0.20836,0.2007,0.2052,4314,2022-12-22
478,0.2072,0.2055,2356852.09056437,0.20946,0.2045,0.2066,2979,2022-12-23
479,0.2056,0.2071,1108372.95214323,0.20769,0.2047,0.2063,1718,2022-12-24
480,0.2069,0.2076,1478441.94288455,0.20858,0.2034,0.2059,2096,2022-12-25
481,0.2079,0.2087,3664528.93341592,0.20965,0.2061,0.2079,3566,2022-12-26
482,0.209,0.2048,4510293.85801266,0.21504,0.2031,0.2076,6188,2022-12-27
483,0.205,0.1942,6238316.38603595,0.20806,0.1923,0.1978,5614,2022-12-28
484,0.1942,0.1935,6937160.58760212,0.19787,0.1884,0.1931,5470,2022-12-29
485,0.19348,0.1877,7028116.71510953,0.19584,0.1865,0.1897,6141,2022-12-30
486,0.1877,0.1873,4434887.95951442,0.1913,0.17168,0.1883,4287,2022-12-31
487,0.18799,0.18948,2399916.7446346,0.19019,0.1852,0.187,2838,2023-01-01
488,0.1893,0.1924,3772242.59462477,0.19392,0.1856,0.1904,4807,2023-01-02
489,0.1924,0.19427,3712207.4151853,0.19526,0.1908,0.1927,4354,2023-01-03
490,0.1941,0.1986,4478409.0599891,0.19978,0.1932,0.1972,4832,2023-01-04
491,0.1985,0.19902,3597432.88233461,0.2015,0.1965,0.1987,4338,2023-01-05
492,0.19858,0.2064,5763721.94402711,0.2099,0.1959,0.2022,8047,2023-01-06
493,0.2064,0.20499,2292848.68973632,0.20924,0.2043,0.2064,3914,2023-01-07
494,0.2052,0.217,4276081.53396857,0.2189,0.202,0.2078,4366,2023-01-08
495,0.217,0.2197,9949100.07586084,0.2275,0.2147,0.221,9615,2023-01-09
496,0.2199,0.2248,5263245.36481175,0.2277,0.2142,0.2214,6139,2023-01-10
497,0.2247,0.2295,3109100.75018586,0.23053,0.2146,0.2216,4218,2023-01-11
498,0.2296,0.2368,11409311.6950332,0.2417,0.2222,0.2316,11515,2023-01-12
499,0.2369,0.2476,6705028.54655574,0.2497,0.2327,0.2398,7464,2023-01-13
500,0.2477,0.25882,19792429.2281151,0.2773,0.2402,0.2586,22647,2023-01-14
501,0.2595,0.2755,14160380.4672614,0.28882,0.2453,0.262,16830,2023-01-15
502,0.2752,0.2956,30353757.2001464,0.32,0.2624,0.2877,32353,2023-01-16
503,0.2957,0.2785,14544543.3005711,0.2957,0.2774,0.2857,16527,2023-01-17
504,0.2786,0.252,12541154.6296487,0.2898,0.24087,0.2658,14817,2023-01-18
505,0.2516,0.26,5806161.28348704,0.2633,0.2505,0.2559,7411,2023-01-19
506,0.2601,0.282,5967055.21308225,0.28415,0.2533,0.2671,7422,2023-01-20
507,0.2821,0.2725,13017366.2552113,0.2963,0.2722,0.2832,16106,2023-01-21
508,0.2728,0.2786,7552043.76889121,0.329,0.2703,0.2807,9683,2023-01-22
509,0.2785,0.2886,10243438.9956953,0.2956,0.2783,0.2884,13637,2023-01-23
510,0.2888,0.2973,19439706.9227614,0.3377,0.2856,0.3116,25936,2023-01-24
511,0.2969,0.3016,14634105.7651121,0.3118,0.2818,0.2925,17101,2023-01-25
512,0.30211,0.316,16194456.472027,0.3302,0.3021,0.3165,19805,2023-01-26
513,0.316,0.3161,8593366.30527866,0.3241,0.3023,0.3131,11714,2023-01-27
514,0.3163,0.3131,6527525.29399841,0.3272,0.3086,0.3174,10007,2023-01-28
515,0.3136,0.3215,5997873.58285322,0.3249,0.31042,0.3184,7970,2023-01-29
516,0.3217,0.30792,19492029.0433101,0.3672,0.28997,0.3303,24402,2023-01-30
517,0.3086,0.34902,23800943.1731912,0.3652,0.3068,0.3344,24966,2023-01-31
518,0.3489,0.3921,26746280.2964332,0.4,0.33483,0.3659,30299,2023-02-01
519,0.3925,0.4099,36681941.5590879,0.45178,0.3903,0.4218,44457,2023-02-02
520,0.4102,0.4152,16496539.6407992,0.4227,0.3968,0.4072,19269,2023-02-03
521,0.4155,0.397,6566070.56327667,0.419,0.393,0.4044,8806,2023-02-04
522,0.3969,0.3714,13154122.2097728,0.4144,0.36,0.381,14972,2023-02-05
523,0.3713,0.3619,11536009.6790369,0.3797,0.3562,0.371,13268,2023-02-06
524,0.3619,0.3927,16223502.1784389,0.4,0.359,0.3829,18631,2023-02-07
525,0.3927,0.3738,13874644.6222279,0.3996,0.3588,0.3804,15949,2023-02-08
526,0.3738,0.3334,42926924.8422632,0.4184,0.32,0.3745,45386,2023-02-09
527,0.3333,0.3842,44877878.1784381,0.4778,0.3292,0.3819,44005,2023-02-10
528,0.384,0.4333,31857103.7132978,0.4572,0.366,0.4215,37182,2023-02-11
529,0.4329,0.4114,27294858.2185449,0.4465,0.4053,0.4285,31425,2023-02-12
530,0.4119,0.3924,20325316.6284725,0.4175,0.37272,0.391,22534,2023-02-13
531,0.3924,0.41473,30253709.3464317,0.4165,0.3773,0.3976,29410,2023-02-14
532,0.4151,0.4377,20214461.1060597,0.45,0.4031,0.427,19544,2023-02-15
533,0.4381,0.4291,36794233.3847488,0.49851,0.4282,0.4651,40744,2023-02-16
534,0.4292,0.4492,18645820.0906149,0.4663,0.4277,0.4511,20401,2023-02-17
535,0.4491,0.4501,8565595.49846112,0.474,0.4439,0.4586,10675,2023-02-18
536,0.4497,0.4295,8885331.917854,0.4567,0.4247,0.4417,11956,2023-02-19
537,0.4297,0.4438,9447900.29568376,0.4588,0.4169,0.4462,12396,2023-02-20
538,0.4437,0.4257,11295458.6717995,0.4457,0.4107,0.426,13457,2023-02-21
539,0.4257,0.413,7319341.0608819,0.4287,0.3937,0.4085,9976,2023-02-22
540,0.4129,0.4036,6462231.13093103,0.42427,0.3976,0.4112,9421,2023-02-23
541,0.4039,0.37591,9650725.5460035,0.42813,0.36787,0.3859,12994,2023-02-24
542,0.3762,0.364,6736738.37332435,0.37912,0.3472,0.362,9104,2023-02-25
543,0.36344,0.3705,4001299.31734988,0.3749,0.3581,0.3649,4828,2023-02-26
544,0.3695,0.363,7108216.26117863,0.376,0.3535,0.3642,9412,2023-02-27
545,0.3635,0.34637,5704149.58256457,0.3737,0.34574,0.3613,8490,2023-02-28
546,0.3462,0.3641,6062806.79655527,0.368,0.3451,0.3603,7689,2023-03-01
547,0.3645,0.3619,3519238.40707176,0.367,0.34569,0.3559,5184,2023-03-02
548,0.3615,0.3386,7281213.57427926,0.3615,0.3151,0.3301,9523,2023-03-03
549,0.3388,0.3221,1418749.30760806,0.3411,0.3149,0.3314,2965,2023-03-04
550,0.32264,0.327,2031312.16397513,0.3329,0.3205,0.3294,3641,2023-03-05
551,0.3271,0.3296,3311347.81899926,0.3313,0.3204,0.3259,4843,2023-03-06
552,0.3297,0.3208,4758224.37532308,0.3366,0.3119,0.3216,6223,2023-03-07
553,0.3207,0.2977,4935082.46139191,0.3217,0.2924,0.3055,6506,2023-03-08
554,0.2978,0.27399,7462563.43627454,0.30615,0.2698,0.2868,9734,2023-03-09
555,0.2744,0.2736,7455116.65296653,0.2759,0.2558,0.2688,9731,2023-03-10
556,0.27272,0.2748,13191404.1031401,0.2843,0.25753,0.27,16077,2023-03-11
557,0.2749,0.3164,7237799.31677962,0.3178,0.26922,0.2928,9661,2023-03-12
558,0.3166,0.32391,15270204.6805535,0.3356,0.3034,0.3195,19942,2023-03-13
559,0.325,0.3441,13590895.407471,0.3603,0.3199,0.3409,19580,2023-03-14
560,0.3432,0.3136,11079428.8676936,0.362,0.3046,0.3328,18409,2023-03-15
561,0.31259,0.3186,6064339.59855182,0.3228,0.3074,0.3167,10365,2023-03-16
562,0.3185,0.3609,9962281.15332588,0.36926,0.314,0.3393,15050,2023-03-17
563,0.3607,0.34718,8538755.91199427,0.37672,0.34532,0.3627,14824,2023-03-18
564,0.3488,0.3596,5583085.04396068,0.3719,0.3443,0.3581,10478,2023-03-19
565,0.36,0.3429,11919100.0380624,0.40122,0.34034,0.3591,19259,2023-03-20
566,0.34208,0.35713,8599805.85100555,0.36775,0.3294,0.3465,13770,2023-03-21
567,0.3574,0.3337,6870197.65691566,0.3588,0.3214,0.3443,12556,2023-03-22
568,0.3339,0.36758,7676378.25208985,0.39384,0.32736,0.3511,12751,2023-03-23
569,0.368,0.3457,9163437.38263139,0.374,0.3342,0.3534,13580,2023-03-24
570,0.3458,0.3464,5742915.35656191,0.3567,0.3334,0.3448,9513,2023-03-25
571,0.3467,0.3575,5038178.72074937,0.37641,0.34445,0.3586,9860,2023-03-26
572,0.3575,0.3439,4910308.21423964,0.3586,0.3274,0.3427,8959,2023-03-27
573,0.3445,0.3491,4038200.94786992,0.35361,0.33277,0.3414,7759,2023-03-28
574,0.34956,0.3643,9004101.24428058,0.38076,0.33096,0.3654,14459,2023-03-29
575,0.3643,0.3518,4684524.2881404,0.37404,0.3449,0.3561,10278,2023-03-30
576,0.352,0.3604,4146646.10822737,0.3641,0.34538,0.355,8631,2023-03-31
577,0.3605,0.3757,4513473.36303996,0.3826,0.3537,0.3684,10043,2023-04-01
578,0.3763,0.35918,7762123.34152643,0.3869,0.3515,0.3706,12900,2023-04-02
579,0.3598,0.35429,6562033.96866784,0.3645,0.33859,0.3539,11473,2023-04-03
580,0.355,0.36,3334234.23391593,0.3626,0.34849,0.3569,8369,2023-04-04
581,0.3601,0.363,5297407.24388944,0.3719,0.3538,0.3645,9494,2023-04-05
582,0.363,0.3563,2860208.20930068,0.3679,0.3509,0.357,6101,2023-04-06
583,0.3563,0.35345,2574952.49967905,0.3585,0.34803,0.3536,5194,2023-04-07
584,0.3534,0.3487,1471110.72791446,0.3592,0.3465,0.3521,4048,2023-04-08
585,0.3489,0.3515,1282433.18275551,0.3546,0.3418,0.3473,3067,2023-04-09
586,0.3515,0.3595,2633540.68886095,0.3603,0.3471,0.3531,5891,2023-04-10
587,0.3595,0.3565,6184134.08384469,0.3632,0.3499,0.3578,8621,2023-04-11
588,0.3564,0.3527,3608897.12929131,0.3588,0.3441,0.3496,6801,2023-04-12
589,0.3531,0.3638,3713699.90652683,0.3654,0.34969,0.3599,7130,2023-04-13
590,0.3645,0.3981,19954043.3575471,0.4635,0.3629,0.4044,35008,2023-04-14
591,0.3988,0.3893,4675783.817024,0.3989,0.386,0.3916,9871,2023-04-15
592,0.3894,0.3927,4307384.18517883,0.42907,0.38069,0.3879,8422,2023-04-16
593,0.3926,0.408,17389732.1854198,0.4271,0.3796,0.4076,30075,2023-04-17
594,0.4081,0.4091,7159254.61663356,0.419,0.3941,0.4081,11510,2023-04-18
595,0.4085,0.3709,8192959.9272629,0.4106,0.3623,0.3808,14197,2023-04-19
596,0.3707,0.363,5454493.95929217,0.3797,0.3551,0.368,10820,2023-04-20
597,0.363,0.3396,5950588.64247264,0.36657,0.3367,0.3503,9903,2023-04-21
598,0.339,0.351,1596213.25089561,0.3523,0.3373,0.3445,2812,2023-04-22
599,0.351,0.3415,1118572.8145236,0.351,0.3345,0.3422,2607,2023-04-23
600,0.3419,0.3392,1454245.66676484,0.3468,0.3345,0.3396,3849,2023-04-24
601,0.3396,0.3467,1475545.80332557,0.3489,0.33,0.3366,4595,2023-04-25
602,0.3457,0.3479,4245559.77099039,0.3668,0.33,0.3542,5777,2023-04-26
603,0.3474,0.3548,2330029.04611192,0.361,0.3443,0.3535,4784,2023-04-27
604,0.3542,0.3471,1935142.34955073,0.3553,0.341,0.3472,3416,2023-04-28
605,0.347,0.3473,1220609.31311735,0.3504,0.3425,0.3466,2291,2023-04-29
606,0.3473,0.3386,848541.990848471,0.3493,0.3367,0.343,1754,2023-04-30
607,0.339,0.3276,1920389.26427336,0.341,0.3227,0.331,2867,2023-05-01
608,0.3273,0.3293,995461.412463682,0.33296,0.3227,0.327,2100,2023-05-02
609,0.3294,0.3379,2286798.40329235,0.3436,0.3184,0.3253,3148,2023-05-03
610,0.3381,0.3279,1615004.95662069,0.33909,0.3259,0.3315,2213,2023-05-04
611,0.3283,0.3351,1400191.4326066,0.3385,0.32195,0.3322,2219,2023-05-05
612,0.3359,0.3166,2443240.52957444,0.3387,0.3113,0.3215,2956,2023-05-06
613,0.3168,0.3135,905926.481708041,0.3209,0.3128,0.3167,1491,2023-05-07
614,0.3132,0.2938,3208760.43224391,0.3163,0.2812,0.2956,4754,2023-05-08
615,0.2932,0.2971,1426887.71187091,0.30143,0.2923,0.2962,2486,2023-05-09
616,0.2973,0.3007,3905499.57522523,0.30494,0.2822,0.2968,4661,2023-05-10
617,0.3012,0.283,3333147.01262905,0.3015,0.2777,0.2874,3757,2023-05-11
618,0.2829,0.2874,1791755.95998173,0.2884,0.2745,0.2818,2741,2023-05-12
619,0.2877,0.284,1029893.61226381,0.2881,0.2833,0.2859,1346,2023-05-13
620,0.2847,0.289,773124.79320278,0.2904,0.2818,0.2869,1372,2023-05-14
621,0.2892,0.2927,1536666.0404488,0.29553,0.2832,0.2914,2288,2023-05-15
622,0.2932,0.2971,1494284.88486316,0.298,0.289,0.2931,2212,2023-05-16
623,0.2971,0.3052,1611087.7246648,0.3097,0.2914,0.3003,2272,2023-05-17
624,0.3055,0.2968,882088.93903842,0.3055,0.291,0.2992,1755,2023-05-18
625,0.2969,0.2997,818633.231013831,0.3024,0.2936,0.2986,1447,2023-05-19
626,0.2991,0.2986,824316.65915766,0.2995,0.2937,0.2974,1225,2023-05-20
627,0.2985,0.2909,717337.71826808,0.2991,0.2879,0.2934,1400,2023-05-21
628,0.291,0.2893,688899.13977198,0.2923,0.2857,0.2892,1687,2023-05-22
629,0.2894,0.2931,1099595.9470246,0.2981,0.2868,0.2953,1923,2023-05-23
630,0.2932,0.2839,1201354.45367149,0.2941,0.279,0.2843,2536,2023-05-24
631,0.2839,0.2842,999693.9083196,0.2866,0.2754,0.2827,2253,2023-05-25
632,0.2842,0.285,693207.39324627,0.28784,0.2818,0.2855,1794,2023-05-26
633,0.2852,0.2878,478447.64703902,0.28912,0.2837,0.2858,1342,2023-05-27
634,0.2879,0.2954,1081558.72923191,0.2996,0.286,0.2922,1812,2023-05-28
635,0.296,0.2924,561964.512839589,0.29874,0.2885,0.2938,1439,2023-05-29
636,0.2921,0.291,1415766.8477903,0.2949,0.2882,0.2911,1856,2023-05-30
637,0.2911,0.2788,1442690.78699999,0.29237,0.2761,0.2811,2627,2023-05-31
638,0.2788,0.2717,4552283.82615892,0.2802,0.2685,0.2721,4275,2023-06-01
639,0.2718,0.2814,1205493.55546693,0.2831,0.2684,0.2777,2388,2023-06-02
640,0.28111,0.2779,673985.1794386,0.28111,0.275,0.2781,1483,2023-06-03
641,0.2779,0.2789,443039.76592635,0.28293,0.2749,0.2803,1247,2023-06-04
642,0.2786,0.255,3275648.63545178,0.2787,0.246,0.2615,4609,2023-06-05
643,0.2547,0.2624,2117713.41166988,0.2653,0.2524,0.2582,3815,2023-06-06
644,0.2625,0.2434,2057923.66731904,0.2625,0.2414,0.249,3639,2023-06-07
645,0.2439,0.2456,1353066.26615112,0.2477,0.2399,0.2446,2470,2023-06-08
646,0.2456,0.2455,1154333.91062728,0.2494,0.2409,0.2456,2073,2023-06-09
647,0.2456,0.2108,11594294.4357614,0.2456,0.1908,0.2124,9982,2023-06-10
648,0.2108,0.21017,1655050.80525934,0.214,0.2065,0.2105,2836,2023-06-11
649,0.2105,0.2139,2347778.54517709,0.2151,0.2041,0.2106,2820,2023-06-12
650,0.214,0.2153,1349523.47768836,0.221,0.213,0.2159,2083,2023-06-13
651,0.2155,0.2116,2638292.04588732,0.2211,0.2057,0.2141,2607,2023-06-14
652,0.2116,0.2142,1569206.41926253,0.21572,0.2061,0.2109,2588,2023-06-15
653,0.2142,0.2159,900743.932309989,0.2195,0.2086,0.2144,1752,2023-06-16
654,0.2162,0.2173,871871.97658915,0.2234,0.2144,0.2193,1567,2023-06-17
655,0.2174,0.2114,644498.94527097,0.21823,0.2101,0.2146,1268,2023-06-18
656,0.2114,0.2138,1077619.07066125,0.2163,0.2098,0.2131,1625,2023-06-19
657,0.2139,0.2219,1251822.74743693,0.222,0.2098,0.2162,2037,2023-06-20
658,0.2218,0.2283,5725919.58924074,0.2312,0.2139,0.225,5427,2023-06-21
659,0.2277,0.2221,2789651.71298626,0.2356,0.2208,0.2283,3787,2023-06-22
660,0.2219,0.2303,3128559.42623393,0.23361,0.2186,0.228,3468,2023-06-23
661,0.2301,0.2426,6661307.27791363,0.2649,0.2265,0.2451,8800,2023-06-24
662,0.2425,0.2399,2538876.49500614,0.2514,0.2399,0.2453,3478,2023-06-25
663,0.2403,0.2304,2219211.84871802,0.24068,0.226,0.2351,3444,2023-06-26
664,0.2306,0.2328,1709951.10277925,0.2381,0.2293,0.2343,2479,2023-06-27
665,0.2329,0.2176,1800401.46996898,0.2329,0.2105,0.222,2995,2023-06-28
666,0.2179,0.221,945422.317476189,0.2247,0.2163,0.2205,2309,2023-06-29
667,0.2213,0.2313,3353391.54132647,0.25173,0.212,0.2262,4962,2023-06-30
668,0.2318,0.2382,1191506.70755975,0.2383,0.22998,0.2343,2537,2023-07-01
669,0.2384,0.2397,2112310.52611026,0.2406,0.2295,0.2353,2937,2023-07-02
670,0.2402,0.2463,2670980.16807744,0.24789,0.23603,0.2435,3017,2023-07-03
671,0.2469,0.24162,4518826.9505106,0.2553,0.2398,0.2463,4090,2023-07-04
672,0.2414,0.23441,2824323.82955198,0.246,0.23,0.237,3330,2023-07-05
673,0.2333,0.2254,1360779.25662264,0.2427,0.225,0.2325,2675,2023-07-06
674,0.2252,0.22942,1342792.3352564,0.22999,0.2223,0.2265,1869,2023-07-07
675,0.2293,0.2282,985284.306428381,0.23111,0.2231,0.2281,1546,2023-07-08
676,0.2283,0.2236,593880.57225326,0.2303,0.2227,0.2262,1225,2023-07-09
677,0.2232,0.227,1877565.64280183,0.231,0.217,0.2232,2226,2023-07-10
678,0.2274,0.22721,1096690.7255282,0.2291,0.2234,0.226,1493,2023-07-11
679,0.2276,0.22836,1216677.41565025,0.2305,0.2235,0.2277,1665,2023-07-12
680,0.2279,0.2434,5592392.13388239,0.2442,0.2253,0.2377,4326,2023-07-13
681,0.2435,0.2365,8806684.9267571,0.2547,0.2286,0.2415,6478,2023-07-14
682,0.2366,0.2385,1631528.12387581,0.24245,0.2336,0.2371,1985,2023-07-15
683,0.2386,0.2301,2529454.89582763,0.24316,0.2288,0.2351,2232,2023-07-16
684,0.2298,0.237,2095782.46950774,0.2395,0.2271,0.233,2308,2023-07-17
685,0.23754,0.2284,1955859.17229713,0.2395,0.2239,0.2304,2127,2023-07-18
686,0.2284,0.2265,1033326.10293581,0.2329,0.2252,0.2282,1648,2023-07-19
687,0.2266,0.2254,3738235.04813858,0.23263,0.221,0.2247,3153,2023-07-20
688,0.2252,0.2288,3043018.91656306,0.23636,0.2235,0.2291,3330,2023-07-21
689,0.2287,0.223,1765322.61841917,0.231,0.2207,0.2265,2363,2023-07-22
690,0.2228,0.2263,1727199.24223799,0.2289,0.2219,0.2255,2008,2023-07-23
691,0.2266,0.2174,2357240.81631942,0.23017,0.2162,0.2214,3065,2023-07-24
692,0.2173,0.2164,1068435.71691366,0.2208,0.2151,0.2179,1947,2023-07-25
693,0.2164,0.2238,5050963.75619763,0.2303,0.2131,0.2221,4861,2023-07-26
694,0.2239,0.2262,2083865.26032137,0.22831,0.2225,0.2247,2474,2023-07-27
695,0.226,0.2254,753086.396756762,0.22868,0.2243,0.2265,1519,2023-07-28
696,0.2253,0.2248,948640.289297439,0.2271,0.2237,0.2254,1552,2023-07-29
697,0.225,0.2228,1434066.51002146,0.22638,0.2168,0.2226,2039,2023-07-30
698,0.2224,0.216,3699802.16353999,0.2245,0.2151,0.219,2652,2023-07-31
699,0.2157,0.2168,3399616.33797933,0.21703,0.2085,0.2125,3727,2023-08-01
700,0.2159,0.2116,2683179.93177107,0.21727,0.2078,0.2127,2476,2023-08-02
701,0.21151,0.2101,1964670.10944568,0.21341,0.2085,0.2112,2053,2023-08-03
702,0.2101,0.2097,1657896.36635922,0.21435,0.2075,0.2109,1839,2023-08-04
703,0.2097,0.213,1439784.49076404,0.2133,0.2077,0.21,1368,2023-08-05
704,0.2131,0.2167,1852350.02798786,0.2197,0.2122,0.2166,1723,2023-08-06
705,0.2166,0.2202,6653824.51222967,0.2305,0.2161,0.2235,4829,2023-08-07
706,0.2202,0.2248,7041692.51468249,0.2371,0.2196,0.2296,6408,2023-08-08
707,0.2248,0.2196,2064478.15520373,0.2256,0.2177,0.2218,2274,2023-08-09
708,0.2195,0.2212,960099.42842316,0.22314,0.2186,0.2211,1548,2023-08-10
709,0.2214,0.223,3873644.7999805,0.2299,0.2178,0.2241,3083,2023-08-11
710,0.2231,0.2224,866301.921856901,0.22392,0.2204,0.222,1114,2023-08-12
711,0.2224,0.2218,1263222.01513142,0.22448,0.2201,0.2221,1188,2023-08-13
712,0.2215,0.2216,2394345.38672652,0.22583,0.2187,0.222,2124,2023-08-14
713,0.2217,0.2126,3314831.31867058,0.22297,0.2039,0.2145,3400,2023-08-15
714,0.2123,0.201,3101542.26924326,0.21326,0.1957,0.2037,3776,2023-08-16
715,0.2014,0.1821,4481203.48467853,0.20322,0.1653,0.1907,5905,2023-08-17
716,0.1822,0.186,2932882.19081801,0.18775,0.1813,0.1845,3915,2023-08-18
717,0.1859,0.187,1026232.47937761,0.1883,0.1847,0.1864,1631,2023-08-19
718,0.1873,0.1858,814229.232533439,0.189,0.185,0.1866,1136,2023-08-20
719,0.1857,0.1841,1236130.82044204,0.187,0.1789,0.1823,2008,2023-08-21
720,0.1841,0.1834,1679772.9415134,0.1856,0.1757,0.1816,2091,2023-08-22
721,0.1834,0.1861,1425362.61195711,0.188,0.1807,0.1845,1780,2023-08-23
722,0.1862,0.18328,1178588.47370761,0.1869,0.1805,0.1843,1811,2023-08-24
723,0.1832,0.1825,1013680.94500287,0.1839,0.1787,0.1818,1622,2023-08-25
724,0.183,0.1798,522095.311085,0.18516,0.1795,0.1821,1021,2023-08-26
725,0.1801,0.1806,525073.44965679,0.18156,0.1785,0.1797,1162,2023-08-27
726,0.1805,0.1828,1106134.51623322,0.18405,0.1774,0.1816,1574,2023-08-28
727,0.1829,0.1896,2935539.93767434,0.1925,0.1792,0.1873,3175,2023-08-29
728,0.1896,0.1861,1855382.91957029,0.1899,0.1849,0.1872,2540,2023-08-30
729,0.1861,0.1793,1674604.64451557,0.1878,0.1771,0.1826,2631,2023-08-31
