LTCUSD,open_price,close_price,trading_volume,highest_price,lowest_price,volume_weighted_avg_price,transaction_amt,date_time
0,171.56,180.86,453878.170698176,182.81,168.57,176.4566,93201,2021-09-01
1,180.83,183.51,458655.173075661,188,179.41,184.0271,98012,2021-09-02
2,183.46,213.27,1182605.08626371,218,179.76,202.1525,199706,2021-09-03
3,213.29,212.12,789118.944495813,225.25,208.44,215.6549,151548,2021-09-04
4,212.17,232.3,812767.109800656,232.71,210.41,222.2385,138960,2021-09-05
5,232.12,219.5,763714.231142582,232.48,215.19,223.3641,127669,2021-09-06
6,219.51,178.41,1276284.78769091,222.09,155.21,193.8436,206864,2021-09-07
7,178.38,179.76,1093854.75753699,189,169,180.2084,166251,2021-09-08
8,179.8,180.42,665607.884430313,188.85,176.55,182.8957,112386,2021-09-09
9,180.45,174.16,546678.925878027,187.45,170.64,178.4238,105263,2021-09-10
10,174.12,178.55,378119.418092983,186.09,173.25,180.5399,84397,2021-09-11
11,178.49,182.96,349858.565051435,186.18,175.17,181.4496,79632,2021-09-12
12,183.01,179.36,2256288.29383636,245.86,170.82,193.2589,341183,2021-09-13
13,179.32,183.1,587244.104939734,189.1,176.11,180.8326,117595,2021-09-14
14,183.13,189.13,451219.336373136,191.99,179.59,184.2758,106237,2021-09-15
15,189.26,185.33,623354.09496454,195.49,181.53,188.9047,128149,2021-09-16
16,185.39,180,483263.681260312,190.69,177.65,182.8434,109936,2021-09-17
17,180,181.38,323481.254297984,185.95,177.95,182.1685,72732,2021-09-18
18,181.34,175.64,306622.103613587,181.72,172.55,177.5235,75430,2021-09-19
19,175.67,157.23,897384.707552559,176.13,153.49,161.5803,157598,2021-09-20
20,157.25,148.41,677135.355801658,162.4,144.6,155.751,134651,2021-09-21
21,148.48,161.5,519240.550505219,161.9,145.28,155.4619,103693,2021-09-22
22,161.48,163.92,419508.086117361,165,157.2,161.4375,80488,2021-09-23
23,163.89,152.25,815968.255212494,166.66,141.74,151.6251,130404,2021-09-24
24,152.25,151.11,552573.17101795,156.25,148.8,152.4587,92225,2021-09-25
25,151.01,150.74,631733.340848016,153.53,142.03,148.9961,106499,2021-09-26
26,150.74,145.16,442039.297538479,155.06,144.85,150.7961,85460,2021-09-27
27,145.06,140.54,615393.536801491,149,140,145.1825,99667,2021-09-28
28,140.55,144.78,624172.508210582,150.43,139.75,145.7468,91747,2021-09-29
29,144.82,153.3,548690.259221895,154.76,143.9,151.0128,78112,2021-09-30
30,153.32,166.23,610362.057358842,168.17,151.09,161.5008,94897,2021-10-01
31,166.28,169.03,339020.162742959,173.6,164.58,169.2999,69104,2021-10-02
32,168.99,170.66,367386.561585267,175,165.9,170.0766,68684,2021-10-03
33,170.59,167.6,422509.499546553,170.88,161.35,166.6079,77885,2021-10-04
34,167.57,173.79,587843.383671996,175.55,166.66,171.1344,95224,2021-10-05
35,173.81,178.5,879494.601652306,183.23,163.87,175.863,134809,2021-10-06
36,178.5,178.61,770633.640259249,187.22,173.42,179.7426,122582,2021-10-07
37,178.64,175.91,708388.640258018,183.57,174.36,179.3865,106883,2021-10-08
38,175.91,180,354768.193813922,183.94,174.44,179.489,77869,2021-10-09
39,179.99,174.91,396202.100813332,184.02,174.11,179.3955,84378,2021-10-10
40,174.91,179.2,430800.973331949,185.34,172.38,179.8803,94871,2021-10-11
41,179.15,172.63,540960.528538899,179.22,166.37,171.9606,108076,2021-10-12
42,172.55,177.61,445889.956846278,179.68,167.61,173.7832,91747,2021-10-13
43,177.68,181.5,573263.422456188,187.01,176.95,181.2084,107653,2021-10-14
44,181.47,189.63,702607.500476909,192.99,176.61,185.0989,139041,2021-10-15
45,189.61,186.05,400665.213370866,192.67,185,188.7473,88599,2021-10-16
46,186,183.73,305602.470724125,188.07,176.31,183.905,74740,2021-10-17
47,183.78,185.63,403233.981574242,187.64,178.48,183.8071,86262,2021-10-18
48,185.59,188.73,370943.369435747,191.82,182.32,187.6582,87754,2021-10-19
49,188.72,207.32,628693.233752793,209.64,185.67,199.1868,133462,2021-10-20
50,207.33,196.81,690856.445512226,214.8,194.42,204.5834,147920,2021-10-21
51,196.88,190.98,535200.136648207,201.47,187.21,195.7963,118761,2021-10-22
52,190.99,196.42,295523.497078278,198.06,188.84,194.1323,82035,2021-10-23
53,196.35,190.47,355973.91032751,199.9,185.23,191.8571,94110,2021-10-24
54,190.39,195.4,299324.169051794,197.37,189.53,194.5886,78572,2021-10-25
55,195.47,197.51,334389.796204107,199.36,190.26,194.4699,92818,2021-10-26
56,197.52,179.24,1005401.48322188,205.03,171.25,188.0269,190806,2021-10-27
57,179.27,189.9,651041.694614896,194.62,177.49,186.2395,140350,2021-10-28
58,189.94,196.62,471025.673760303,198.73,188.22,193.2445,112228,2021-10-29
59,196.62,190.38,331480.306695851,197.38,186.68,191.8231,91125,2021-10-30
60,190.27,192,371608.32218665,195.25,186.66,190.9099,86223,2021-10-31
61,192.01,197.65,439636.761209172,201.31,187.93,193.9261,102153,2021-11-01
62,197.58,201.03,405138.775126034,205.04,194.93,200.1434,105262,2021-11-02
63,200.96,207.31,629326.683000797,209.69,197.38,203.9387,132988,2021-11-03
64,207.26,202.9,454258.338234734,207.33,196.29,202.1578,103011,2021-11-04
65,202.78,199.13,325333.604862779,203.48,196.8,200.0487,81565,2021-11-05
66,198.98,197.78,284248.514619739,201.38,191.22,196.3671,75623,2021-11-06
67,197.8,202.2,243001.96832326,202.28,197.07,199.5542,65824,2021-11-07
68,202.14,229.11,1063333.17654794,229.81,202.04,218.5243,170907,2021-11-08
69,229.12,262.16,2345083.65968462,275.66,226.44,256.1158,384425,2021-11-09
70,262.07,260.13,2800183.17623534,302.08,245.52,274.6488,434351,2021-11-10
71,260.24,262.3,1005137.21020261,274.27,250.61,262.8829,202519,2021-11-11
72,262.3,251.16,1370124.66561851,282.92,243.61,262.7995,252315,2021-11-12
73,251.23,257.74,685720.018498194,264.35,244.81,253.5175,159772,2021-11-13
74,257.74,279.16,796568.772228699,279.7,248.4,262.5866,182452,2021-11-14
75,279.18,262.91,664827.520814296,281.46,258.89,270.8672,155296,2021-11-15
76,262.97,230.33,1448746.39928086,263.2,221.95,239.3592,279240,2021-11-16
77,230.43,229.57,842698.898957086,235.63,218.23,227.7666,201975,2021-11-17
78,229.64,204.24,1164467.27739301,232.41,198.39,214.2872,229483,2021-11-18
79,204.15,218.12,799336.985198939,221.65,199.67,211.5685,161603,2021-11-19
80,218.12,227,550901.202262155,228.01,212.57,221.4128,126990,2021-11-20
81,227.01,221.48,413605.7651584,230.88,219.77,224.7702,110038,2021-11-21
82,221.53,209.22,618020.547832165,222.1,205.31,213.5876,134860,2021-11-22
83,209.13,216.32,399823.065530239,218.89,205.28,211.415,105505,2021-11-23
84,216.28,212.21,424540.588882319,217.69,206,210.5371,109251,2021-11-24
85,212.21,222.88,542308.057316767,230,210.77,221.7928,116575,2021-11-25
86,223.13,195.97,957495.743540025,225.12,189.17,199.9111,182617,2021-11-26
87,195.81,195.36,363823.317482819,201.19,190.84,196.7798,87286,2021-11-27
88,195.21,199.64,563197.984728399,200.34,181.48,190.9075,109220,2021-11-28
89,199.68,205.8,470760.065172986,209.72,195.47,202.5026,101148,2021-11-29
90,205.81,207.97,747822.763881711,220.18,197.65,208.5051,132784,2021-11-30
91,208.01,208.91,465285.504810338,217.97,205.01,211.7595,110623,2021-12-01
92,208.97,203.63,441305.546352065,210.29,200.12,204.8309,99846,2021-12-02
93,203.52,188.27,579263.88969165,208.74,180,195.2693,122781,2021-12-03
94,188.1,162.9,1629596.65628687,189.28,126.8,158.5432,246627,2021-12-04
95,162.91,156.62,1033703.10086614,165.28,148.17,156.6744,153810,2021-12-05
96,156.6,161.61,894684.627465515,164.76,141.48,150.7468,154688,2021-12-06
97,161.65,162.03,621421.934742472,166.02,158.33,161.4926,104682,2021-12-07
98,162.08,165.21,737739.536421804,170.48,156.1,163.3337,113015,2021-12-08
99,165.26,151.56,629286.627673738,167.26,151.32,158.3031,122427,2021-12-09
100,151.5,148.48,562267.09535338,160.05,147.66,152.9397,121532,2021-12-10
101,148.55,158.07,512309.440968418,159.61,145.75,154.4835,101214,2021-12-11
102,158.01,159,305536.58979033,162.98,153.34,157.7309,73373,2021-12-12
103,159.04,144.62,594153.996117363,159.97,132.16,150.2536,108078,2021-12-13
104,144.66,150.5,406903.303219525,152.05,143,147.6907,92270,2021-12-14
105,150.45,153.65,516370.346097998,155.21,141.42,148.7616,106357,2021-12-15
106,153.62,148.79,348970.372902002,156.78,148.54,153.2692,71989,2021-12-16
107,148.86,144.12,390204.614800287,150.41,141.24,146.301,86546,2021-12-17
108,143.99,148.75,240417.997262401,150.4,142.87,147.5814,65581,2021-12-18
109,148.75,153.31,558335.662823497,161.07,147.59,154.6455,94592,2021-12-19
110,153.32,152.71,454702.414052953,157.49,145.29,150.9441,85237,2021-12-20
111,152.71,154.8,345158.352944189,156.47,149.1,153.2163,69430,2021-12-21
112,154.8,155.44,328344.999143708,160.24,153,156.6458,73212,2021-12-22
113,155.4,163.6,400669.774305786,165.3,153.04,158.6339,91244,2021-12-23
114,163.74,161.35,291001.897320857,166.92,160.23,163.5972,71205,2021-12-24
115,161.36,157.99,268364.955197178,163.72,157.58,161.2383,63094,2021-12-25
116,157.85,155.92,349284.476546707,158.55,153.16,155.9519,81735,2021-12-26
117,155.99,156.02,310691.964564364,161.37,154.38,157.7588,68723,2021-12-27
118,155.92,145.67,520256.062604296,155.96,144.44,149.9374,103026,2021-12-28
119,145.71,145.62,363350.364394241,150.99,144.09,147.9373,79955,2021-12-29
120,145.56,147.94,266620.116553044,150.05,142.61,147.0919,67481,2021-12-30
121,147.97,146.15,304946.978565463,152.82,143.63,148.1167,73413,2021-12-31
122,146.23,150.83,221240.910172807,151.04,146.12,148.6061,55983,2022-01-01
123,150.79,151.2,167895.910154449,153.42,147.83,150.4898,53777,2022-01-02
124,151.18,148.43,234905.461432109,151.25,146,149.0311,61439,2022-01-03
125,148.42,146.44,259374.803676838,151.67,145.23,148.5981,61913,2022-01-04
126,146.45,135.32,527971.574901358,149.93,129.77,141.571,102320,2022-01-05
127,135.35,135.9,518803.993323272,138.11,132.4,135.4757,96786,2022-01-06
128,135.85,131.34,602105.305163564,136.54,125.9,131.7089,113086,2022-01-07
129,131.33,129.51,382384.059643399,134.76,124.62,130.6143,84028,2022-01-08
130,129.43,130.91,271076.265518278,132.59,127.76,130.3991,61809,2022-01-09
131,130.85,126.52,470134.95023172,131.55,120.49,126.3907,84953,2022-01-10
132,126.51,131.67,334760.440889371,133.54,125.73,129.6589,68395,2022-01-11
133,131.67,142.05,317813.928952777,142.35,130.92,136.6014,70613,2022-01-12
134,141.99,136.81,313945.613895117,142.37,134.6,137.9882,69618,2022-01-13
135,136.8,144.84,463802.063686788,146.54,135.9,141.6604,91203,2022-01-14
136,144.84,147.73,326045.920332678,150.73,144.03,147.8426,78371,2022-01-15
137,147.86,146.49,212775.660954617,149.04,143.23,146.1652,61575,2022-01-16
138,146.46,151.19,572098.351318242,154.04,143.98,149.3779,113151,2022-01-17
139,151.2,141.53,517693.048097783,153.5,138.63,144.0076,95555,2022-01-18
140,141.53,136.2,380929.377240528,143.1,133.18,136.8689,75130,2022-01-19
141,136.34,129.8,356644.573544245,142.96,128.8,137.3731,72736,2022-01-20
142,129.67,114.51,914099.252014976,131.12,109.65,121.4242,133483,2022-01-21
143,114.51,108.41,1223167.45656075,121.52,96.335,107.6688,162840,2022-01-22
144,108.49,112.35,645952.22948616,112.9,105.61,108.6892,94888,2022-01-23
145,112.46,109.65,1023751.7963841,112.47,97.409,104.3982,139828,2022-01-24
146,109.6,107.9,458693.679903331,110.01,105.21,107.7841,92813,2022-01-25
147,107.85,107.06,621881.792397799,116.68,104.72,109.8486,119949,2022-01-26
148,107.09,106.92,479752.715760041,110.03,102.9,106.4501,98995,2022-01-27
149,107.02,109.49,363674.253340819,110.16,105.29,107.4476,93561,2022-01-28
150,109.49,110.84,288072.632511078,112.41,107.64,109.9691,78282,2022-01-29
151,110.85,108.59,248813.543480004,112.32,107.07,109.7252,69908,2022-01-30
152,108.61,109.55,360800.321292223,111.48,104.36,107.5756,83461,2022-01-31
153,109.53,115.13,363309.181802847,116.99,108.27,112.0391,91430,2022-02-01
154,115.15,108.36,337717.781196565,116.07,107.23,112.1514,92070,2022-02-02
155,108.36,111.02,306089.836272224,111.23,105.39,108.0585,82380,2022-02-03
156,111.03,121.42,387883.47430695,121.5,108.8,114.8537,101023,2022-02-04
157,121.47,121.8,315459.810508692,123.95,118.9,121.647,83141,2022-02-05
158,121.83,127.68,291382.153253663,128.25,120.66,124.2374,77212,2022-02-06
159,127.69,137.43,438104.519075785,139.97,125.07,132.5295,101282,2022-02-07
160,137.47,133.82,527521.93629854,143.1,130.57,136.4285,116950,2022-02-08
161,133.82,140.21,389668.239250457,141.12,132.12,137.7445,87658,2022-02-09
162,140.23,134.59,430858.021449223,144.07,133.9,138.7262,105201,2022-02-10
163,134.6,125.69,432398.669931146,134.93,124.92,130.8572,100610,2022-02-11
164,125.66,126.78,309344.217323862,127.74,120.92,124.7035,80024,2022-02-12
165,126.78,125.67,234151.484584691,128.97,123.55,126.2744,65558,2022-02-13
166,125.68,124.62,245467.296749001,127.06,121.41,124.2917,66401,2022-02-14
167,124.62,131.65,269060.603976034,132.69,124,129.4076,69471,2022-02-15
168,131.73,127.84,226769.932006552,131.87,125.52,128.6117,63009,2022-02-16
169,127.81,116.37,388602.189576084,129.07,114.9,122.1537,89924,2022-02-17
170,116.38,114.87,556491.282120809,123.61,113.84,117.9981,107191,2022-02-18
171,114.94,115.59,250271.854413235,117.3,113.07,115.4223,63265,2022-02-19
172,115.57,110.69,264682.767036731,115.81,108.4,111.0512,70951,2022-02-20
173,110.82,102.78,463700.619591095,114.7,102.04,109.2025,99152,2022-02-21
174,102.85,107.51,427130.994106225,107.99,100.28,104.443,87500,2022-02-22
175,107.51,105.42,287594.68909174,111.59,105,108.4054,69268,2022-02-23
176,105.58,104.33,868499.092381351,108.05,91.52,98.5283,166952,2022-02-24
177,104.25,109.33,370280.772962991,110.75,101.6,105.4493,80523,2022-02-25
178,109.35,108.29,290498.030689367,115.38,106.52,110.2,75547,2022-02-26
179,108.31,103.05,269773.351134563,110.23,101.27,105.9409,75919,2022-02-27
180,103.05,113.87,378420.502248508,114.03,101.27,107.1904,85647,2022-02-28
181,113.87,112.59,438152.428321104,116.31,109.95,112.8341,87288,2022-03-01
182,112.62,110.36,269925.444384357,114.8,109.17,111.6283,67584,2022-03-02
183,110.42,111.88,310497.924041429,113.11,107.89,110.7585,71427,2022-03-03
184,111.76,101.05,518472.233576659,112.71,98.94,104.6243,87012,2022-03-04
185,101.04,104.9,193575.38482458,105.4,99.43,102.4996,55624,2022-03-05
186,104.91,101.1,178813.404643607,106.06,100.67,103.2704,53083,2022-03-06
187,101.09,98.45,406233.349180306,103.98,96.25,99.8723,85477,2022-03-07
188,98.36,100.75,291769.53714853,102.65,97.77,100.3201,61493,2022-03-08
189,100.75,106.99,300234.614285117,109.32,100.44,106.2915,63684,2022-03-09
190,107.06,102.58,300044.153154523,107.15,99.56,102.4901,65564,2022-03-10
191,102.57,104.56,295115.253416626,107,99.72,103.3322,68492,2022-03-11
192,104.5,105.58,187111.245452349,108.06,104.5,106.1627,48323,2022-03-12
193,105.56,101.71,202415.455315069,107.48,101.01,104.7472,48502,2022-03-13
194,101.68,105.58,290775.309509838,106.48,100.82,103.6018,62855,2022-03-14
195,105.58,106.94,243914.719930049,108.7,102.51,105.5693,46714,2022-03-15
196,107.01,111.35,378824.037457153,112.29,105.69,108.7218,70862,2022-03-16
197,111.33,110.26,205152.48857731,111.77,108.62,110.299,46114,2022-03-17
198,110.27,111.9,204092.071192637,113.04,107.79,110.4959,55004,2022-03-18
199,111.92,116.82,265683.377388635,117.35,111.37,113.3863,59660,2022-03-19
200,116.8,114.88,307211.642174866,118.49,110.17,114.6321,65255,2022-03-20
201,114.9,116.13,260219.745903117,116.82,112.92,115.1484,57408,2022-03-21
202,116.11,122.79,424888.354100901,124.31,115.59,120.5499,81559,2022-03-22
203,122.84,122.51,258446.753242326,124.52,118.61,121.1021,66317,2022-03-23
204,122.52,126.52,339848.995285786,127.78,120.06,123.6448,110579,2022-03-24
205,126.53,124,283488.032221381,127.39,121.61,125.1524,116233,2022-03-25
206,124,124.86,152910.00787935,125.61,121.97,123.9573,53795,2022-03-26
207,124.85,129.66,220313.547631954,129.81,123.31,126.2653,64801,2022-03-27
208,129.65,127.59,309476.216569909,132.71,126.7,130.8212,81698,2022-03-28
209,127.5,130.08,242777.686726978,132.01,127.04,129.6306,72391,2022-03-29
210,130.08,131.12,306977.021512471,134.11,124.57,130.6768,83967,2022-03-30
211,131.17,123.87,457857.430110312,132.92,121.08,126.2637,112460,2022-03-31
212,123.87,124.88,268465.356557937,126.47,119.11,123.4503,76322,2022-04-01
213,124.85,124.9,200073.590626676,128.38,123.63,126.2194,62933,2022-04-02
214,124.83,128.77,188844.523710231,129.56,123.71,126.8334,54996,2022-04-03
215,128.76,124.76,261871.916126585,128.93,121.19,124.4996,62468,2022-04-04
216,124.79,122.76,153814.015740442,127.38,122.53,124.7981,51709,2022-04-05
217,122.79,111.68,402614.463490081,123.24,111.25,117.0442,98757,2022-04-06
218,111.66,114.14,223597.645917524,116.76,110.09,113.2129,67092,2022-04-07
219,114.12,110.74,228792.69051316,115.31,109.57,113.0235,68711,2022-04-08
220,110.68,112.7,137718.930380283,113,110,111.4647,54866,2022-04-09
221,112.69,110.26,160303.940189552,114.57,110.06,112.5999,54134,2022-04-10
222,110.31,102.54,317997.098005108,110.7,101.89,105.709,81497,2022-04-11
223,102.54,104.92,208891.334877762,105.84,101.72,103.9509,65440,2022-04-12
224,104.88,110.58,259549.114323121,110.84,103.94,107.9271,71427,2022-04-13
225,110.55,107.38,189829.810690306,112.33,105.97,108.9682,56957,2022-04-14
226,107.36,111,232706.143175977,112.96,107.04,110.6689,66558,2022-04-15
227,110.96,114.34,187394.498076627,114.96,110.12,112.2276,59626,2022-04-16
228,114.41,108.78,167185.892535668,115.23,108.27,112.6723,55642,2022-04-17
229,108.81,111.24,307206.5195116,111.56,105.28,107.9663,72521,2022-04-18
230,111.27,113.81,174995.499638052,114.18,110.61,112.3898,55947,2022-04-19
231,113.79,111.86,160848.303702123,114.21,110.63,112.4589,58670,2022-04-20
232,111.91,106.69,243767.433807941,114.58,105.39,110.9245,70645,2022-04-21
233,106.7,105.34,202522.54286148,108.73,104.76,106.8216,66432,2022-04-22
234,105.34,105.16,169865.916942016,107.25,103.97,106.0532,51258,2022-04-23
235,105.19,104.59,113834.828426342,106.02,103.5,104.8919,49080,2022-04-24
236,104.56,104.56,305241.024671731,104.94,98.34,101.8449,76466,2022-04-25
237,104.57,98.59,294851.351220861,105.41,96.36,101.3147,84843,2022-04-26
238,98.58,100.63,200423.320555362,101.96,97.72,99.9767,76156,2022-04-27
239,100.61,103.33,292121.829107489,104.44,99.72,102.111,77746,2022-04-28
240,103.32,100.39,235208.424601826,104.56,98.32,101.078,72449,2022-04-29
241,100.38,95.89,265408.03748458,101.63,94.05,99.4251,81721,2022-04-30
242,95.89,99.27,206157.4812159,100.07,94.38,97.416,79977,2022-05-01
243,99.27,100.65,232387.567943462,101.94,98.3,99.9707,73805,2022-05-02
244,100.63,99.35,196095.931534274,101.49,97.41,99.9826,71010,2022-05-03
245,99.32,106.2,303807.698943003,107.24,99,102.8866,78873,2022-05-04
246,106.28,96.84,365838.845225934,106.94,94.22,99.9857,86572,2022-05-05
247,96.881,96.69,317866.754802754,98.423,92.52,95.9348,87103,2022-05-06
248,96.71,94.27,189231.119875723,97.437,92.47,95.696,57209,2022-05-07
249,94.32,93.83,236815.532934642,95.84,91.46,93.5767,63238,2022-05-08
250,93.88,76.19,700192.18674714,94.965,75.25,84.3311,125751,2022-05-09
251,76.218,80.13,705478.709967259,85.044,73.289,80.393,124574,2022-05-10
252,80.15,66.31,980269.023803692,82.891,64,73.1992,170926,2022-05-11
253,66.33,64.18,978498.600904612,69.9,52,61.6953,183331,2022-05-12
254,64.29,67.78,777849.41036458,73.426,63.04,69.2636,135978,2022-05-13
255,67.75,68.81,453491.340683767,70.328,64.06,67.1787,84817,2022-05-14
256,68.8,71.5,488774.842100182,71.7,65.9,68.2929,73212,2022-05-15
257,71.48,67.13,444442.650759393,71.536,64.875,67.3159,75502,2022-05-16
258,67.16,73.04,496759.52244697,73.862,66.919,70.7981,68381,2022-05-17
259,73.04,65.83,461068.898673994,74.332,65.66,69.5167,73431,2022-05-18
260,65.89,72.02,448126.133405358,72.747,64.576,68.763,74329,2022-05-19
261,72.02,68.47,439999.882097112,73.455,66.67,69.432,76299,2022-05-20
262,68.46,69.866,227728.776402262,70.649,67.74,69.3516,50384,2022-05-21
263,69.76,71.61,215957.551877254,72.534,69.29,71.036,48908,2022-05-22
264,71.57,69.01,397773.530344189,73.938,68.23,71.094,62401,2022-05-23
265,68.97,70.2,426684.914329068,70.762,66.89,69.2211,71757,2022-05-24
266,70.17,68.16,350237.011142901,71.726,67.766,69.1285,70483,2022-05-25
267,68.16,63.43,483623.572947184,68.794,60.355,64.5133,90087,2022-05-26
268,63.36,61.5,325095.15192041,64.12,60.83,62.3566,69060,2022-05-27
269,61.47,62.99,221186.224077322,64.05,61.23,62.7383,46253,2022-05-28
270,62.97,63.58,237786.138743793,64.392,61.79,63.2455,44843,2022-05-29
271,63.58,69.05,353417.796544702,69.819,63.17,66.5722,54003,2022-05-30
272,69.07,68.32,242859.841888306,69.758,66.64,68.4742,58499,2022-05-31
273,68.35,62.64,454683.619595102,70.649,61.64,66.2501,81608,2022-06-01
274,62.681,64.4,265919.491148883,64.846,61.97,63.3471,59827,2022-06-02
275,64.37,62.54,206746.275611983,64.919,61.28,62.7774,55723,2022-06-03
276,62.52,63.73,182495.265373918,64.409,61.27,62.7558,49748,2022-06-04
277,63.69,63.1,166964.088006561,63.93,61.63,62.9209,44310,2022-06-05
278,63.07,64.38,253382.33757366,66.561,62.86,64.9929,56476,2022-06-06
279,64.36,63.77,382714.491316539,65.506,60.13,62.433,69977,2022-06-07
280,63.8,61.34,300366.343002513,64.529,61.07,62.454,60216,2022-06-08
281,61.31,60.17,230417.74301084,62.429,59.18,60.9813,52038,2022-06-09
282,60.19,56.62,414633.136085786,60.47,55.55,57.7722,69900,2022-06-10
283,56.62,52.13,704151.137806273,57.809,51.59,54.3249,88059,2022-06-11
284,52.11,47.88,612273.225489635,52.687,47.28,50.1417,77846,2022-06-12
285,48.02,43.45,1089182.65571462,48.341,40.56,43.6854,113403,2022-06-13
286,43.45,46.1,1034705.89922438,46.535,40.32,44.4498,94673,2022-06-14
287,46.1,50.63,845250.24356059,51.034,41.59,45.1906,94328,2022-06-15
288,50.729,44.74,601303.346019997,51.27,43.97,47.0942,77003,2022-06-16
289,44.72,47.507,598688.300403242,48.38,44.36,46.5581,80552,2022-06-17
290,47.507,47.13,859628.213076588,48.29,41.41,45.0822,86414,2022-06-18
291,47.11,54.25,1451658.6006093,56.37,44.86,50.4649,117468,2022-06-19
292,54.21,52.69,623509.359467838,54.76,51.25,52.6299,80018,2022-06-20
293,52.7,53.46,490359.639560578,55.71,51.82,53.4391,66915,2022-06-21
294,53.53,52.07,423750.782179248,53.53,50.34,51.8671,66730,2022-06-22
295,52.09,55.73,544471.564297203,56.744,51.85,54.7282,76664,2022-06-23
296,55.71,55.775,372172.656804488,57.32,54.246,55.8763,58984,2022-06-24
297,55.785,58.81,346525.88621974,59.75,54.556,57.1483,54749,2022-06-25
298,58.836,56.58,301405.724575849,60.463,56.57,58.7627,46319,2022-06-26
299,56.57,55.86,313182.741328571,58.61,54.79,56.7037,56297,2022-06-27
300,55.84,52.65,341324.436424287,57.11,52.49,54.75,53524,2022-06-28
301,52.65,53.58,345687.283994363,54.4,51.31,52.7231,56774,2022-06-29
302,53.61,53.81,430770.66250638,53.985,50.08,51.6739,68001,2022-06-30
303,53.82,51.141,479142.244290477,56.25,50.01,52.0256,74824,2022-07-01
304,51.15,50.5,246137.771711761,51.656,49.69,50.6297,52735,2022-07-02
305,50.47,50.86,242536.68785058,52.28,49.05,50.3809,44224,2022-07-03
306,50.86,52.2,262156.829890939,52.435,49.65,50.9017,44281,2022-07-04
307,52.2,49.65,424188.444320244,52.48,47.856,49.8155,61298,2022-07-05
308,49.65,50.29,323976.449133627,51.25,48.9,49.9338,54284,2022-07-06
309,50.29,52.091,276613.981353746,52.6,49.72,50.8729,49440,2022-07-07
310,52.13,51.31,309858.725435937,53.98,50.718,52.328,55674,2022-07-08
311,51.33,54.05,216729.426403898,54.82,51.3,52.7072,44051,2022-07-09
312,54.05,52.09,318036.692428663,55.1,50.628,53.2357,52056,2022-07-10
313,52.12,48.67,263553.008743129,52.26,48.185,50.5683,48041,2022-07-11
314,48.68,47.28,274093.640037137,49.372,47.197,48.3622,46473,2022-07-12
315,47.255,49.52,357193.853805831,49.727,46.31,47.9862,55307,2022-07-13
316,49.564,51.32,285584.381799077,51.769,47.9,49.7915,48951,2022-07-14
317,51.335,51.735,335609.467512354,52.76,50.6,51.5594,56222,2022-07-15
318,51.778,55.09,280001.478062517,55.67,51.029,53.3207,54812,2022-07-16
319,55.05,55.7,287549.636196605,57.047,54.41,55.5515,54390,2022-07-17
320,55.75,58.58,434877.388521851,59.337,55.21,57.5754,77883,2022-07-18
321,57.89,57.94,7.13638366,57.94,57.89,57.9214,8,2022-07-19
322,57.91,57.21,506284.209415318,61.8,56.25,58.9115,66558,2022-07-20
323,57.2,58.03,283321.586567847,58.7,55.16,56.829,48668,2022-07-21
324,58.01,56.09,238372.386927033,59.22,55.521,57.6213,53351,2022-07-22
325,56.1,56.34,250325.277088283,57.28,54.48,55.9229,44072,2022-07-23
326,56.34,58.37,212414.208026518,59.79,56.296,58.118,45161,2022-07-24
327,58.4,54.02,262033.795013609,59.027,53.88,56.2054,45882,2022-07-25
328,54,53.9,256556.445880095,54.17,51.96,52.9934,45225,2022-07-26
329,53.89,59.07,338253.626512119,59.08,53.01,55.6963,55492,2022-07-27
330,59.035,63.43,494816.96724002,64.3,57.98,61.1766,77109,2022-07-28
331,63.41,60.71,351677.891215682,64.679,59.75,61.9978,65936,2022-07-29
332,60.71,60.44,444538.916222993,64.25,59.933,62.0963,67696,2022-07-30
333,60.417,59.76,272744.254750215,63.069,59.614,61.2807,45629,2022-07-31
334,59.723,59.47,357732.893407529,60.75,58.252,59.4574,60605,2022-08-01
335,59.48,58.09,317779.279949776,59.87,56.625,58.123,52054,2022-08-02
336,58.1,57.78,240667.873616039,60.189,56.71,58.4713,45775,2022-08-03
337,57.77,59.64,248914.118089766,60.81,57.6,59.1195,50333,2022-08-04
338,59.65,62.49,232774.012724904,62.59,59.61,61.3276,56569,2022-08-05
339,62.51,60.84,118542.290702382,62.57,60.438,61.5012,37322,2022-08-06
340,60.86,61.12,154569.149542557,62.03,59.829,61.1409,36236,2022-08-07
341,61.1,62.61,258461.043208421,64.17,60.79,62.7484,44004,2022-08-08
342,62.6,59.18,285459.376298145,62.87,58.224,60.3463,57855,2022-08-09
343,59.17,61.61,355593.933579585,62.35,57.456,60.2361,53287,2022-08-10
344,61.58,61.89,244503.605947849,63.55,61.461,62.4374,41564,2022-08-11
345,61.89,62.95,197539.741782347,63.11,60.62,61.8646,45014,2022-08-12
346,62.93,63.86,232035.487773564,65.71,62.634,64.0595,43653,2022-08-13
347,63.86,63.17,225861.595782277,65.83,62.39,64.3479,43684,2022-08-14
348,63.16,60.69,331938.829337736,65.348,59.653,61.9504,50310,2022-08-15
349,60.68,61.33,243150.553085948,61.77,59.945,60.9462,44014,2022-08-16
350,61.31,60.49,364156.381894397,64.72,59.7,61.8114,56086,2022-08-17
351,60.46,60.01,234524.63890651,61.7,59.35,60.7648,42855,2022-08-18
352,60.02,54.02,466147.814396169,60.17,53.24,55.9745,73250,2022-08-19
353,54.02,54.1,298346.115724587,55.621,52.611,54.5839,49823,2022-08-20
354,54.12,55.68,174753.428991787,56.01,53.8,54.8376,38453,2022-08-21
355,55.653,57.22,347161.450712479,57.455,52.3,55.2044,57528,2022-08-22
356,57.203,57.1,243424.431964417,57.785,53.92,56.4278,46374,2022-08-23
357,57.12,56.46,299877.697478709,57.716,55.55,56.6589,48297,2022-08-24
358,56.47,56.62,205097.030374328,57.549,55.82,56.7217,43850,2022-08-25
359,56.61,52.71,288475.474044315,58.31,52.11,55.3006,60834,2022-08-26
360,52.69,53.03,342654.218987757,53.47,51.69,52.5454,45848,2022-08-27
361,53.03,53.39,319202.611414224,56.09,52.451,54.3267,47007,2022-08-28
362,53.4,55.79,288611.454793051,56.769,52.503,55.0167,51336,2022-08-29
363,55.79,53.044,268523.82486331,56.268,51.85,53.9544,49357,2022-08-30
364,52.975,53.83,254421.38972474,55.27,52.975,54.3141,47742,2022-08-31
365,53.84,57.56,409015.399726064,57.85,53.2,55.7832,66401,2022-09-01
366,57.58,61.02,478203.318730521,62.46,56.48,59.8324,83419,2022-09-02
367,61.049,60.19,296777.942307075,62.264,59.54,60.7867,59849,2022-09-03
368,60.127,60.93,233418.136472426,61.039,58.6,59.6813,50059,2022-09-04
369,60.92,60.36,271550.775476238,61.66,59.26,60.1742,53220,2022-09-05
370,60.41,54.12,576482.683106352,62.776,54,58.0701,74785,2022-09-06
371,54.09,57.3,411168.161151384,58.3,52.919,55.0825,62760,2022-09-07
372,57.29,57.99,311173.94054308,58.65,56.054,57.2164,63219,2022-09-08
373,57.938,61.15,320362.70985395,61.97,57.7,60.379,63673,2022-09-09
374,61.16,63.32,337437.552518114,64.761,60.561,62.7783,61302,2022-09-10
375,63.32,62.18,203717.88365357,64.48,61.283,62.903,46418,2022-09-11
376,62.17,61.4,279889.65627398,63.24,60.09,61.4838,57485,2022-09-12
377,61.38,59.1,577369.874524334,67.48,58.31,62.6399,82781,2022-09-13
378,59.08,60.2,304912.701634058,61.24,58.2,59.7356,51060,2022-09-14
379,60.2,56.34,401799.792922287,60.879,55.83,58.368,62012,2022-09-15
380,56.34,55.93,332729.609468253,56.988,54.62,55.7158,51834,2022-09-16
381,55.961,57.82,170297.88027737,58.723,55.8,57.1933,36650,2022-09-17
382,57.82,52.65,250493.071979029,57.85,52.072,55.4754,45753,2022-09-18
383,52.666,52.89,361898.140318395,53.732,50,51.7234,53208,2022-09-19
384,52.89,52.34,431801.814664603,53.89,50.86,52.2183,58392,2022-09-20
385,52.321,51.08,537788.055276809,55.55,50.23,52.9087,68886,2022-09-21
386,51.08,53.58,227930.699803878,54.15,50.63,52.76,42045,2022-09-22
387,53.56,55.23,352563.288904211,55.34,51.39,53.3545,49652,2022-09-23
388,55.266,53.43,244524.153828635,56,53.16,54.9032,38837,2022-09-24
389,53.42,52.55,193805.709129486,54.453,52.27,53.6581,34028,2022-09-25
390,52.53,53.45,233049.759257201,53.768,51.88,52.9163,43229,2022-09-26
391,53.42,52.67,268693.929163828,55.808,51.81,53.9145,40899,2022-09-27
392,52.68,53.28,233210.759520156,53.865,51.01,52.774,39136,2022-09-28
393,53.29,53.98,220893.92353949,54.237,52.24,53.4299,36783,2022-09-29
394,53.98,53.48,222172.631140638,55.14,52.85,53.7871,38833,2022-09-30
395,53.48,52.93,158698.86667869,53.845,52.437,53.2456,34098,2022-10-01
396,52.92,51.82,176840.971314068,53.47,51.66,52.6868,37263,2022-10-02
397,51.81,54.18,222542.824125499,54.361,51.48,53.1906,41997,2022-10-03
398,54.17,55.32,194858.808475849,55.75,53.87,54.8106,43952,2022-10-04
399,55.3,54.64,204832.44999988,55.33,53.31,54.3535,42493,2022-10-05
400,54.65,53.56,227052.433068388,55.07,53.343,54.3579,43478,2022-10-06
401,53.55,52.86,191733.53184329,53.86,52.28,53.0295,42491,2022-10-07
402,52.845,52.82,152813.098662089,53.55,52.397,53.1276,37629,2022-10-08
403,52.8,53.93,131170.210716131,54.02,52.7,53.4365,28168,2022-10-09
404,53.91,52.63,230484.078965359,54.48,52.4,53.3558,39674,2022-10-10
405,52.64,52.01,188058.339177191,52.66,51.11,51.9187,35749,2022-10-11
406,52.01,52.23,221180.913732087,63.529,51.58,52.599,35420,2022-10-12
407,52.23,51.09,310130.193595433,52.523,48.33,50.4344,53516,2022-10-13
408,51.084,51.32,176105.520193828,52.65,50.91,51.7481,41110,2022-10-14
409,51.31,50.4,109038.81710082,51.68,50.25,51.2037,31801,2022-10-15
410,50.39,51.447,106088.80768349,51.852,50.3,51.0223,29232,2022-10-16
411,51.45,51.84,126652.101479511,52.196,51.04,51.6302,29384,2022-10-17
412,51.86,51.88,152280.014593308,52.242,50.76,51.6349,33757,2022-10-18
413,51.86,50.92,139133.224931708,52.013,50.75,51.3998,35295,2022-10-19
414,50.92,51.22,142735.36030456,52.12,50.56,51.3409,39779,2022-10-20
415,51.23,51.644,156370.569273089,51.849,49.55,50.9902,42986,2022-10-21
416,51.65,52.19,112073.12714132,52.5,51.37,52.034,34317,2022-10-22
417,52.234,54.03,131914.013790391,54.076,51.83,52.7235,29010,2022-10-23
418,54.064,52.55,187187.534312679,54.239,52.11,52.9994,34086,2022-10-24
419,52.55,55.96,279686.152569009,56.84,52.27,54.5482,42933,2022-10-25
420,55.97,56.42,237941.526512551,57.645,55.69,56.5363,44616,2022-10-26
421,56.42,54.76,227349.9707592,57.37,54.51,55.7615,43189,2022-10-27
422,54.77,54.92,201180.334273471,55.631,53.5,54.6433,40374,2022-10-28
423,54.93,56.65,228369.485155516,57.659,54.67,56.0221,41610,2022-10-29
424,56.61,55.39,195350.289194678,57.539,54.76,56.0543,39600,2022-10-30
425,55.39,55.01,351382.085430549,56.6,54,55.0469,55839,2022-10-31
426,55.02,55.11,214434.33697384,55.937,54.49,55.0929,39541,2022-11-01
427,55.1,60.94,748419.725074586,62.903,54.67,59.6224,109139,2022-11-02
428,60.95,61.933,680413.071767568,64.77,60.1,62.4765,98146,2022-11-03
429,61.86,67.61,628295.95547639,70.47,61.65,66.1035,94716,2022-11-04
430,67.59,69.28,473609.095545999,72.317,67.09,69.6199,79428,2022-11-05
431,69.27,68.29,300072.438103035,71,67.5,69.2388,54035,2022-11-06
432,68.351,67.44,564803.620731491,73.3,66.22,69.9813,85109,2022-11-07
433,67.45,57.86,864666.665629658,68.902,53.743,62.8296,129118,2022-11-08
434,57.8,50.67,784100.084540551,59.92,47.5,55.1101,123750,2022-11-09
435,50.59,60.38,621310.151114329,61.187,49.53,55.9228,107519,2022-11-10
436,60.39,61.32,469350.06620194,64.335,58.33,61.2288,92552,2022-11-11
437,61.408,59.86,358835.948530633,63.76,58.03,59.9566,62908,2022-11-12
438,59.88,57.28,205169.854005011,60.359,56.17,58.0824,47407,2022-11-13
439,57.26,56.62,352800.04814201,59.204,53.4,56.3945,69844,2022-11-14
440,56.59,57.9,219887.622491617,59.546,56.42,58.1485,53724,2022-11-15
441,57.92,57.45,251524.452655588,60.11,56.66,57.8697,46506,2022-11-16
442,57.447,62.495,404158.624305388,63.24,56.95,59.9546,68927,2022-11-17
443,62.54,62.55,294592.796133725,63.88,61.45,62.5177,67923,2022-11-18
444,62.55,63.9,168363.466997355,64.6,61.23,63.0439,61514,2022-11-19
445,63.9,61.99,230539.476832421,64.812,60.31,62.3919,51921,2022-11-20
446,61.99,61.24,457046.589461987,63.492,59.11,61.0746,78729,2022-11-21
447,61.23,70.55,608054.166402253,71.24,61,66.9289,98474,2022-11-22
448,70.54,78.9,925391.195156011,83.75,69.5,78.0297,147960,2022-11-23
449,78.9,78.6,515602.774956075,79.437,74.98,77.563,91012,2022-11-24
450,78.61,74.095,448975.916655666,79.819,72.88,75.6946,80396,2022-11-25
451,74.06,76.43,369373.011783277,79.6,73.84,76.7596,66116,2022-11-26
452,76.46,74.88,288569.381437525,79.294,74.08,76.634,58983,2022-11-27
453,74.86,73.91,518684.275142045,75.369,70.5,72.6364,86181,2022-11-28
454,73.92,75.77,350122.03429867,77.959,73.39,76.0621,70174,2022-11-29
455,75.78,79.23,392672.590981615,80.749,75.42,78.2998,70013,2022-11-30
456,79.2,77.59,348568.782121446,80.629,76.21,77.4749,58979,2022-12-01
457,77.58,77.94,247903.031968547,78.13,75.363,76.5828,46886,2022-12-02
458,77.899,76.48,163883.622918009,78.13,75.46,76.6284,38650,2022-12-03
459,76.43,77.09,152589.089721988,77.547,75.78,76.6388,34696,2022-12-04
460,77.07,80.21,512585.279752337,85.08,76.8,81.6375,82089,2022-12-05
461,80.21,79.88,303830.430764874,81.79,77.68,79.5212,55235,2022-12-06
462,79.91,76.91,355426.924912871,80.38,75.56,77.4399,55509,2022-12-07
463,76.92,78.29,380026.718891676,78.76,74.48,76.2556,65787,2022-12-08
464,78.25,76.32,215817.943647184,78.856,75.83,77.3677,54660,2022-12-09
465,76.377,76.37,157872.258994217,77.49,75.64,76.4313,43810,2022-12-10
466,76.35,76.51,151071.149793969,78.463,76.3,77.3688,45642,2022-12-11
467,76.5,76.23,261638.539554556,76.782,73.52,75.088,61942,2022-12-12
468,76.23,77.39,403265.267946022,80.295,74.33,77.2598,71223,2022-12-13
469,77.37,75.36,322415.98966753,79.201,74.177,77.1938,59957,2022-12-14
470,75.34,72.44,286508.767829937,75.519,71.75,73.7701,50744,2022-12-15
471,72.471,66.25,539385.805498235,73.605,65,68.7629,89495,2022-12-16
472,66.23,64.9,382134.228213196,67.745,62.626,64.743,88608,2022-12-17
473,64.91,64.43,239196.226354246,65.97,63.05,64.3683,54703,2022-12-18
474,64.42,63.36,394618.442661186,65.099,61,62.8959,72956,2022-12-19
475,63.34,65.58,372418.37532344,66.9,63.1,64.9843,66219,2022-12-20
476,65.57,65.39,245678.060075169,66.859,64.62,65.5746,59753,2022-12-21
477,65.39,66.18,221174.051516284,66.73,64.25,65.469,53597,2022-12-22
478,66.16,65.73,174721.850188068,66.811,64.96,65.8344,38890,2022-12-23
479,65.75,65.76,89825.6283553885,66.084,65.02,65.6376,30260,2022-12-24
480,65.75,69.16,188255.842953118,69.778,65.31,67.1387,41000,2022-12-25
481,69.199,70.76,230197.072903765,71.65,68.59,69.9576,45464,2022-12-26
482,70.868,68.66,216234.430158741,71.179,67.75,69.4713,44528,2022-12-27
483,68.768,66.3,363340.118514861,69.496,65.65,67.4174,56268,2022-12-28
484,66.28,66.65,216686.234123588,67.326,65.53,66.4954,38760,2022-12-29
485,66.62,67.93,238750.380175382,68.77,66.03,67.2363,42363,2022-12-30
486,67.91,70.07,224775.203630229,71.17,67.56,69.3907,39231,2022-12-31
487,70.238,70.89,206903.204796437,71.602,68.88,70.1969,35714,2023-01-01
488,71.05,74.882,381190.929633645,78.469,70.03,74.1509,55322,2023-01-02
489,74.71,75.51,297204.20918457,76.5,73.5,75.1248,45492,2023-01-03
490,75.653,75.41,401701.576444423,78.16,74.25,76.0727,66067,2023-01-04
491,75.4,74.23,278538.972905214,76.315,73.59,74.8169,47862,2023-01-05
492,74.2,75.89,429583.725435765,76.658,72.2,74.4412,70054,2023-01-06
493,75.9,76.36,160543.94517625,76.862,75.45,76.0704,37198,2023-01-07
494,76.411,78.6,217725.775485923,78.9,75.09,76.312,42100,2023-01-08
495,78.874,81.6,534203.355255346,83.72,78.09,81.7465,76313,2023-01-09
496,81.6,80.89,340898.747146094,82.85,79.44,81.11,56941,2023-01-10
497,80.86,84.07,326487.356916897,85.102,79.91,82.1606,52139,2023-01-11
498,84.147,86.1,434708.21850945,88.495,80.671,84.4759,68994,2023-01-12
499,86.08,86.26,309065.945189629,87.99,83.6,85.0798,54172,2023-01-13
500,86.27,87.87,641882.435952868,91.457,85.99,88.4075,94060,2023-01-14
501,87.84,87.37,278462.636876617,88.768,85.12,87.2484,49250,2023-01-15
502,87.37,85.91,364284.102271447,89.223,83.85,86.5473,56842,2023-01-16
503,85.91,87.01,315773.154425269,89.486,84.531,86.7369,53728,2023-01-17
504,87.01,82.64,391768.159423092,88.479,81.92,85.0579,66645,2023-01-18
505,82.65,84.23,205575.749987551,84.59,81.67,83.1445,41980,2023-01-19
506,84.23,90.29,259136.434664649,91.35,82.99,86.7606,55503,2023-01-20
507,90.332,87.93,295488.581564594,92.09,87.6,89.6782,62307,2023-01-21
508,87.93,87.6,201525.062614461,90.04,86.46,88.4629,41079,2023-01-22
509,87.58,89.94,227837.445790948,93.18,87.47,89.8963,46201,2023-01-23
510,89.96,87.24,184680.389718662,91.474,86.06,89.4514,37779,2023-01-24
511,87.24,89.41,192810.50342704,91.98,85.54,88.1991,40322,2023-01-25
512,89.44,87.54,142553.86912084,89.97,86.827,88.4704,42378,2023-01-26
513,87.53,88.93,169115.701415176,89.24,85.781,87.81,50762,2023-01-27
514,88.9,89.7,115702.58610592,89.98,86.912,88.5536,42720,2023-01-28
515,89.7,94.85,376283.311966086,97.79,89.677,95.0722,92599,2023-01-29
516,94.87,91.3,275706.73309224,96.15,88.2,92.3295,61235,2023-01-30
517,91.4,94.13,305689.189532483,96.27,91.32,94.2547,54852,2023-01-31
518,94.12,100.33,417909.386778684,102.65,93.72,96.996,75702,2023-02-01
519,100.33,98.6,237707.824672638,102.28,97.94,100.2352,55654,2023-02-02
520,98.64,99.87,197172.629721919,100.82,97.48,99.1463,45707,2023-02-03
521,99.89,98.52,123712.497067812,101.38,98.161,99.3889,34739,2023-02-04
522,98.49,96.7,149684.877160228,98.88,94.81,96.9248,38147,2023-02-05
523,96.69,95.93,155875.19089224,97.97,94.78,96.491,36412,2023-02-06
524,95.9,100.9,239964.782964072,101.62,95.88,99.3214,49708,2023-02-07
525,100.91,99.21,248245.24492647,102.38,96.84,99.8506,46766,2023-02-08
526,99.23,92.07,379428.504874282,99.49,89.969,94.6238,67389,2023-02-09
527,92.11,93.39,237536.987913276,94.18,91.063,92.5032,44816,2023-02-10
528,93.35,94.31,130599.528981901,94.874,92.646,93.8208,30816,2023-02-11
529,94.3,92.46,118733.16086724,94.599,90.98,93.3134,31367,2023-02-12
530,92.52,91.13,297800.167173154,95,88.22,91.0332,53529,2023-02-13
531,91.14,95.86,218856.113035357,95.99,88.98,93.2088,42853,2023-02-14
532,95.87,102.86,268095.926616807,104.06,95.04,98.8469,50317,2023-02-15
533,102.88,98.58,269435.481284366,105.72,98.42,102.0676,57670,2023-02-16
534,98.572,100.16,178210.799591687,101.74,98.207,99.9231,44755,2023-02-17
535,100.14,99.75,134783.933898962,101.93,98.94,100.3061,36534,2023-02-18
536,99.73,97.48,176468.803669129,101.63,96.76,98.9908,43712,2023-02-19
537,97.43,95.87,218564.057534389,98.739,94.459,96.5181,45301,2023-02-20
538,95.88,93.82,270125.702045468,96.81,91.55,94.1885,50480,2023-02-21
539,93.82,95.24,251949.161014379,95.56,91.58,93.9225,56199,2023-02-22
540,95.288,94.621,149966.946122189,96.285,93.31,94.9068,35791,2023-02-23
541,94.62,91.58,187249.59585869,95.298,89.98,92.6242,47996,2023-02-24
542,91.59,93.209,129318.165999651,93.517,90.31,91.8305,37208,2023-02-25
543,93.15,95.24,130934.771418761,95.52,92.76,94.2448,38805,2023-02-26
544,95.24,94.06,181003.878227889,96.065,92.421,94.4295,43212,2023-02-27
545,94.06,93.772,169936.091706751,96.049,93.03,94.4232,41633,2023-02-28
546,93.8,97.77,207209.980537299,98.351,93.56,96.6608,45670,2023-03-01
547,97.75,95.4,168457.295023757,98.34,93.92,96.0394,40558,2023-03-02
548,95.4,90.606,295877.845802214,95.499,84.824,89.6611,60290,2023-03-03
549,90.58,89.33,70969.1638169912,90.86,87.421,89.7005,23513,2023-03-04
550,89.35,89.94,168044.989967668,91.81,89.18,90.6522,47705,2023-03-05
551,89.94,87.38,284678.536770335,90.65,86.55,88.2981,55786,2023-03-06
552,87.36,86.28,267554.050705399,88.97,83.9,86.2409,43932,2023-03-07
553,86.27,82.76,241921.029016875,86.699,81.31,84.1114,46354,2023-03-08
554,82.72,76.68,305369.852743504,84.939,74.96,80.0752,52760,2023-03-09
555,76.73,71.68,481449.326775427,76.859,67.96,71.7488,73066,2023-03-10
556,71.67,69.76,470698.293652664,74.93,65.28,69.7043,68490,2023-03-11
557,69.74,76.508,328550.348956881,76.95,67.622,71.2363,54559,2023-03-12
558,76.89,81.87,446752.416854265,83.68,74.075,79.404,70532,2023-03-13
559,81.84,84.3,539808.560944742,88.66,79.4,84.4377,78618,2023-03-14
560,84.122,76.77,395449.02748086,85.92,75.155,79.86,74536,2023-03-15
561,76.76,79.04,415642.121154423,80.13,75.804,78.4718,66784,2023-03-16
562,79.028,85.73,283559.929613836,85.79,78.34,82.5374,60477,2023-03-17
563,85.461,83.26,257484.152114915,88.09,81.989,85.782,57685,2023-03-18
564,83.22,84.11,169876.11142765,86.69,82.167,84.5444,42098,2023-03-19
565,84.25,78.34,249047.998742618,84.56,77.755,81.8177,52572,2023-03-20
566,78.32,82.77,219447.89534149,83.7,76.714,80.9762,45627,2023-03-21
567,82.74,87.194,496788.256018752,89.14,78.4,82.9575,81376,2023-03-22
568,87.235,93.88,537995.337545485,94.88,85.577,90.9221,85339,2023-03-23
569,93.88,93.74,456465.474040154,96.11,88.82,92.2215,75217,2023-03-24
570,93.73,91.6,180053.946592198,94.42,90,92.4943,40851,2023-03-25
571,91.6,93.41,227242.689340909,94.92,90.574,93.4127,44245,2023-03-26
572,93.41,89.27,270683.057884814,94.25,87.6,90.4029,54373,2023-03-27
573,89.3,89.14,317395.823388794,89.64,85.61,87.3414,54026,2023-03-28
574,89.16,91.33,260238.899824101,93.02,88.964,91.2552,49694,2023-03-29
575,91.33,89.1,345809.601807847,93.36,86.64,89.5775,61485,2023-03-30
576,89.09,89.59,185148.353085427,90.35,87.27,89.303,43597,2023-03-31
577,89.59,92.6,259258.589154518,94.3,89.36,92.768,50629,2023-04-01
578,92.59,92.806,172001.10591428,94.62,90.316,92.8253,43646,2023-04-02
579,92.807,92.98,269117.317341405,95.88,89.617,92.3077,55374,2023-04-03
580,92.99,92.61,194984.191518616,94.05,91.58,92.8966,43155,2023-04-04
581,92.63,92.67,231270.135141365,95.08,91,93.3644,48957,2023-04-05
582,92.63,91.04,154858.70387699,92.68,89.78,91.3455,37392,2023-04-06
583,91,90.69,98705.381337248,91.55,89.029,90.3633,30721,2023-04-07
584,90.66,89.96,67355.0584105598,91.51,89.11,90.4095,25530,2023-04-08
585,89.778,90.63,69686.3938218699,91.11,89.095,90.2181,24518,2023-04-09
586,90.65,93.83,143686.29955363,94.53,89.894,92.2697,34632,2023-04-10
587,93.84,94.29,231005.855470891,97.05,93.117,95.1566,51799,2023-04-11
588,94.146,92.16,209566.560391683,94.82,90.92,92.2435,51103,2023-04-12
589,92.16,94.27,136217.654009225,94.62,91.725,93.6459,45231,2023-04-13
590,94.26,96.41,315332.959634259,99.44,93.4,96.727,62864,2023-04-14
591,96.39,96.8,113370.65648478,97.43,94.77,96.1276,39522,2023-04-15
592,96.651,100.06,305084.183242435,102.21,95.066,99.4718,63642,2023-04-16
593,99.982,98.89,199450.189503119,100.37,97.301,98.8642,48667,2023-04-17
594,98.91,101.87,244929.310528075,103.42,97.61,101.285,68642,2023-04-18
595,101.92,90.51,460658.833621356,101.95,86.88,94.7193,96199,2023-04-19
596,90.496,90.26,346424.712879712,92.464,87.1,89.9032,71164,2023-04-20
597,90.246,85.34,313637.611325365,90.953,84.321,88.1511,68194,2023-04-21
598,85.34,87.05,118953.179984392,87.24,84.769,86.2593,32625,2023-04-22
599,87.07,86.78,132050.743694102,87.128,84.289,86.0781,34907,2023-04-23
600,86.79,88.32,213379.913470007,89.017,85.92,87.6218,40407,2023-04-24
601,88.357,91.03,253502.713438405,91.85,87.2,89.4944,44348,2023-04-25
602,91.05,88.17,526348.424943101,94.01,84.21,89.6253,78052,2023-04-26
603,88.147,89.76,343871.385274558,90.711,87.301,89.1439,56060,2023-04-27
604,89.75,89.71,204947.292784289,90.42,87.64,89.277,42910,2023-04-28
605,89.69,91.13,131798.367529411,91.77,89.29,90.4055,34260,2023-04-29
606,91.11,88.18,143801.002766331,91.525,87.8,89.9789,35404,2023-04-30
607,88.27,86.75,231926.007192857,88.92,85.13,86.9069,50339,2023-05-01
608,86.75,88.202,162759.80527631,89.16,86,87.9367,38950,2023-05-02
609,88.24,88.88,190138.243082739,89.906,85.43,87.3443,44965,2023-05-03
610,88.92,88.42,106808.980796562,89.189,87.44,88.2213,35332,2023-05-04
611,88.43,88.73,188003.628265112,90,86.13,88.2487,50759,2023-05-05
612,88.7,83.44,245183.524075948,89.43,80.67,84.7304,61533,2023-05-06
613,83.42,83.52,120592.737692438,84.8,83.002,83.8496,41927,2023-05-07
614,83.549,77.8,357602.867784019,85.37,75.26,79.7693,74496,2023-05-08
615,77.8,79.96,233472.27287423,80.14,77.36,78.788,58878,2023-05-09
616,79.95,81.01,357338.455748795,82.11,77.08,80.2899,83855,2023-05-10
617,80.97,80.93,282250.340672059,82.06,78.38,80.3273,76782,2023-05-11
618,80.93,80.49,284522.730910268,81.55,76.68,79.0498,79605,2023-05-12
619,80.48,80.27,111158.098969357,81.13,79.819,80.4582,48829,2023-05-13
620,80.29,83.54,173801.201277903,84.1,79.58,81.8975,57707,2023-05-14
621,83.54,86.94,343255.419098277,88.65,82.18,86.6849,85442,2023-05-15
622,86.93,90.01,429423.349401566,90.652,86.15,88.8958,86838,2023-05-16
623,90.122,93.9,496969.705297709,95.06,89.6,92.5515,81232,2023-05-17
624,93.88,90.38,329574.157974792,94.25,89.21,91.766,51863,2023-05-18
625,90.41,91.8,262251.062386098,93.396,90.26,91.9396,50390,2023-05-19
626,91.895,92.46,106506.880351841,92.864,90.48,91.6266,33801,2023-05-20
627,92.458,92.2,142184.53303933,93.59,91.17,92.2599,35776,2023-05-21
628,92.2,90.86,170092.05250264,92.82,89.85,91.1649,40628,2023-05-22
629,90.86,91.7,154295.011203058,93.221,90.38,91.6063,38976,2023-05-23
630,91.7,85.84,377291.587125336,91.98,84.38,86.7024,63601,2023-05-24
631,85.81,86.61,260008.906950092,86.833,82.52,84.5804,51454,2023-05-25
632,86.659,87.1,222360.145497384,88.25,86.08,87.2416,50356,2023-05-26
633,87.1,88.59,110394.6696361,88.938,86.94,88.0279,35282,2023-05-27
634,88.59,91.49,207674.782171291,92.409,88.17,90.0635,44400,2023-05-28
635,91.53,90.9,172737.244548832,92.332,90.14,91.1002,41844,2023-05-29
636,90.9,92.29,191614.52083645,93.37,90.53,92.0267,46942,2023-05-30
637,92.29,90.44,324753.664486758,92.766,87.67,89.5723,59542,2023-05-31
638,90.44,94.23,419214.786752607,95.971,89.12,93.1884,79267,2023-06-01
639,94.25,95.49,236313.507013597,95.7,92.5,94.5915,54752,2023-06-02
640,95.5,96.04,153748.47629176,97.6,94.142,96.0399,41390,2023-06-03
641,96.031,94.21,170291.3100017,96.52,93.69,95.4852,39115,2023-06-04
642,94.19,87.75,464319.836801864,94.59,83.27,88.9282,73467,2023-06-05
643,87.74,90.94,354615.174281245,91.464,85.61,88.6414,64413,2023-06-06
644,90.94,88.84,265116.716096579,91.36,87.45,89.2447,51450,2023-06-07
645,88.87,88.53,138060.448064071,89.611,87.21,88.3464,38744,2023-06-08
646,88.53,89.3,231030.854746447,90.08,86.58,88.7358,49600,2023-06-09
647,89.29,77.2,644039.067971559,89.409,71.737,78.8118,104363,2023-06-10
648,77.24,77.72,199027.299933037,79.095,76.21,77.7421,44982,2023-06-11
649,77.75,77.51,250333.578848352,77.946,74.99,76.6386,48520,2023-06-12
650,77.543,77.51,256605.285346666,79.824,76.27,77.8347,46057,2023-06-13
651,77.5,73.15,283434.738042113,78.169,71.032,75.2172,53246,2023-06-14
652,73.16,74.54,209939.09741703,75.176,71.92,73.4926,49378,2023-06-15
653,74.54,76.08,171633.097833301,76.954,74.05,75.5014,38373,2023-06-16
654,76.08,76.86,123956.957843522,77.902,75.65,76.9444,34829,2023-06-17
655,76.87,77.17,109829.00755552,78.563,76.21,77.406,33079,2023-06-18
656,77.15,77.44,151528.710572449,77.858,76.02,76.9319,37002,2023-06-19
657,77.43,80.39,282250.310995481,80.963,75.55,78.3393,53784,2023-06-20
658,80.38,85.05,461406.428168902,87.45,80.04,84.3759,78166,2023-06-21
659,85.09,86.07,285439.116462817,88.934,84.35,86.4164,55839,2023-06-22
660,86.08,91.32,413309.700348302,93.119,85.02,88.9866,80597,2023-06-23
661,91.3,89.79,272097.256328637,93.884,83.32,89.8761,55945,2023-06-24
662,89.79,88.25,166115.687249419,90.515,86.58,88.7033,41599,2023-06-25
663,88.27,87.22,253217.527003279,90.37,85.58,87.563,51732,2023-06-26
664,87.2,88.09,186210.20231082,89.5,86.94,88.2725,40739,2023-06-27
665,88.09,83.01,294396.604920713,88.12,81.641,84.7243,62559,2023-06-28
666,82.98,84.71,156262.055314909,85.793,82.91,84.4379,41046,2023-06-29
667,84.73,108.66,1510237.86766676,111.68,84.29,100.1419,247983,2023-06-30
668,108.7,107.12,614182.74082809,112.79,102.91,107.0002,126781,2023-07-01
669,107.1,113.62,688686.314211758,114.17,105.07,110.4103,132959,2023-07-02
670,113.61,107.3,525101.441391268,115.41,105.39,109.5361,95776,2023-07-03
671,107.27,104.28,397416.093566061,109.62,103.44,106.541,78858,2023-07-04
672,104.32,102.61,532961.82835969,106.73,97.48,102.3998,98682,2023-07-05
673,102.71,95.24,589082.367089079,106,95.13,100.5903,110777,2023-07-06
674,95.317,98.24,374854.507531033,98.713,94.14,96.7916,77268,2023-07-07
675,98.24,97.8,174098.648620774,98.57,96.47,97.6163,42148,2023-07-08
676,97.79,95.1,183018.230293932,98.46,94.51,96.7983,44937,2023-07-09
677,95.12,96.77,439254.318030404,97.88,91.71,94.9874,78192,2023-07-10
678,96.77,96.78,238224.899262445,98.41,95.51,97.01,51922,2023-07-11
679,96.79,96.21,194476.060888279,97.979,94.18,96.3417,47606,2023-07-12
680,96.2,101.92,637415.554475597,104.48,95.6,101.2201,120363,2023-07-13
681,101.93,95.2,746687.258967384,103.7,85.22,97.4691,116338,2023-07-14
682,95.18,94.77,159524.327011351,95.87,93.8,94.7611,44503,2023-07-15
683,94.865,92.97,146519.824589102,95.46,91.91,94.3196,42841,2023-07-16
684,92.91,92.22,246546.461885963,93.689,89.28,91.6431,56789,2023-07-17
685,92.22,91.55,174694.226764911,93.07,89.38,91.0938,43757,2023-07-18
686,91.58,92.01,188217.199218201,94.27,91.42,92.7141,42635,2023-07-19
687,91.99,92.36,235788.075773422,95.076,91.46,92.7777,50316,2023-07-20
688,92.38,94.219,237553.916342024,94.809,91.66,93.4835,48131,2023-07-21
689,94.08,92.06,204346.88594693,96.518,91.22,93.7904,47249,2023-07-22
690,92.173,93.17,165132.958410449,93.69,91.53,92.429,38483,2023-07-23
691,93.26,89.13,263940.541125121,93.469,87.11,89.7207,57255,2023-07-24
692,89.14,89.44,130489.955268389,90.266,88.56,89.297,39961,2023-07-25
693,89.45,90.61,147722.829897413,91.257,88.53,89.6644,52128,2023-07-26
694,90.61,90.59,122305.16205981,92.07,89.6,90.7912,44556,2023-07-27
695,90.58,91.46,110253.085017981,92.125,90.5,91.2414,41440,2023-07-28
696,91.45,94.34,128518.568571021,95.058,90.84,92.3618,42851,2023-07-29
697,94.515,94.03,532638.107688661,99.6,90.99,94.3959,92126,2023-07-30
698,94.09,92.28,288528.72104118,95.17,91.08,93.0042,60116,2023-07-31
699,92.26,93.89,406605.311519018,94.462,87.92,92.0205,95571,2023-08-01
700,93.9,87.52,452249.672969057,94.663,85.78,89.5037,78163,2023-08-02
701,87.49,82.49,322333.851877258,88.454,80.52,85.5808,62857,2023-08-03
702,82.561,82.07,371348.731564571,83.923,80.46,82.3304,61929,2023-08-04
703,82.09,83.06,120686.17639738,83.439,81.23,82.4244,34266,2023-08-05
704,83.04,82.45,99740.0088435602,83.487,81.6,82.7118,30390,2023-08-06
705,82.44,82.41,180548.600113073,83.439,78.85,81.7072,39224,2023-08-07
706,82.38,83.85,264000.414003668,85.457,81.68,83.5113,45888,2023-08-08
707,83.85,84.03,153754.302607521,84.69,83.15,83.7556,34028,2023-08-09
708,84.02,83.06,93274.8683861002,84.439,82.56,83.5342,30376,2023-08-10
709,83.06,83.5,123354.09413879,83.69,82.55,83.0278,35610,2023-08-11
710,83.5,83.42,52069.9705597593,83.99,83.22,83.5786,25434,2023-08-12
711,83.44,81.94,86889.7970471097,83.842,81.01,82.7867,29178,2023-08-13
712,81.85,82.03,101925.07870906,83.116,81.43,82.1721,30052,2023-08-14
713,82.05,79.17,233178.693926807,82.234,76.94,79.8227,48053,2023-08-15
714,79.18,74.47,365931.192393499,79.581,72.72,76.3892,69484,2023-08-16
715,74.48,64.78,546493.361574552,75.844,53.703,70.0982,94764,2023-08-17
716,64.8,63.96,387110.247567318,66.221,63.15,64.7034,72336,2023-08-18
717,63.94,64.16,179635.067306288,64.99,63.49,64.0735,40863,2023-08-19
718,64.17,65.26,163476.748672578,65.941,63.97,64.6561,34102,2023-08-20
719,65.26,66.99,301834.495003509,67.288,64.33,66.0081,53431,2023-08-21
720,67.01,64.8,351689.890982487,67.425,62.01,65.0298,50898,2023-08-22
721,64.77,65.62,197435.201712021,66.796,64.03,65.4676,36054,2023-08-23
722,65.683,64.86,120275.001481471,65.916,63.86,64.9438,28517,2023-08-24
723,64.86,65.08,154900.991157649,65.47,63.52,64.6032,34709,2023-08-25
724,65.1,64.99,67907.5735098603,65.647,64.85,65.1658,23713,2023-08-26
725,64.98,65.38,73328.3481067601,66.007,64.81,65.2912,23080,2023-08-27
726,65.38,65.46,123716.27741517,65.785,63.93,64.8974,30612,2023-08-28
727,65.46,68.86,359783.502498016,70.7,64.56,68.207,57488,2023-08-29
728,68.88,67.67,156592.662848426,69.038,66.52,67.5226,34207,2023-08-30
729,67.64,63.89,209314.056460269,68.38,63.22,65.8696,49797,2023-08-31
