SHIBUSD,open_price,close_price,trading_volume,highest_price,lowest_price,volume_weighted_avg_price,transaction_amt,date_time
0,0.00001,0.0000567,2011405038944,0.00009,0.000006,,161583,2021-09-09
1,0.0000567,0.00000702,3803666278890,0.00006,0.00000676,,175051,2021-09-10
2,0.00000728,0.00000677,1663194647440,0.00000735,0.00000673,,56937,2021-09-11
3,0.00000678,0.00000691,859389740690,0.00000719,0.00000664,,32182,2021-09-12
4,0.00000691,0.00000648,851872051559,0.0000071,0.00000617,,29960,2021-09-13
5,0.00000648,0.00000667,799842914475,0.0000069,0.00000644,,22461,2021-09-14
6,0.00000667,0.00000678,1354279397992,0.00000691,0.0000066,,14976,2021-09-15
7,0.00000678,0.00000881,33971466502853,0.0000134,0.00000652,,741806,2021-09-16
8,0.00000881,0.00000843,25611870030486,0.0000097,0.0000081,,736731,2021-09-17
9,0.00000844,0.00000786,8832750100865,0.00000862,0.00000761,,241146,2021-09-18
10,0.00000786,0.00000817,8445364127353,0.00000848,0.00000736,,196478,2021-09-19
11,0.00000819,0.00000702,7359714007413,0.00000824,0.00000679,,189157,2021-09-20
12,0.00000702,0.00000688,5539387125062,0.00000734,0.00000659,,153530,2021-09-21
13,0.00000688,0.00000726,4517368674647,0.00000733,0.00000684,,120999,2021-09-22
14,0.00000726,0.00000765,4500476217476,0.00000775,0.00000709,,118972,2021-09-23
15,0.00000764,0.00000739,6678475561916,0.00000788,0.00000675,,203898,2021-09-24
16,0.00000738,0.00000734,3528623592227,0.0000076,0.00000711,,139023,2021-09-25
17,0.00000734,0.00000711,2947651492617,0.00000734,0.00000682,,105039,2021-09-26
18,0.00000711,0.00000698,2944845921478,0.00000727,0.0000069,,106500,2021-09-27
19,0.00000699,0.00000698,3024049155494,0.00000718,0.00000682,,101358,2021-09-28
20,0.00000697,0.00000702,2504677982674,0.00000717,0.00000691,,91115,2021-09-29
21,0.00000702,0.00000721,3342927954876,0.00000744,0.000007,,96913,2021-09-30
22,0.00000722,0.00000772,4113210977188,0.00000782,0.00000716,,127028,2021-10-01
23,0.00000772,0.00000788,5020252027976,0.00000826,0.00000743,,140392,2021-10-02
24,0.00000787,0.00000856,8828728646898,0.00000904,0.00000765,,187379,2021-10-03
25,0.00000856,0.00001349,48519921914756,0.0000154,0.0000082,,795783,2021-10-04
26,0.00001348,0.00001734,70956971611954,0.000025,0.00001208,,1347239,2021-10-05
27,0.00001734,0.00002794,76256561739497,0.00002945,0.00001662,,1767501,2021-10-06
28,0.00002794,0.00002292,97115417041931,0.000037,0.00002029,,2348783,2021-10-07
29,0.00002292,0.00002727,53103264344107,0.0000295,0.00002057,,1154744,2021-10-08
30,0.00002729,0.00002671,27664393028438,0.00003,0.00002415,,695912,2021-10-09
31,0.00002671,0.00002616,16808821854373,0.00002782,0.0000251,,427828,2021-10-10
32,0.00002616,0.00003066,30099294306360,0.00003212,0.00002584,,758764,2021-10-11
33,0.00003066,0.00002906,21754529450821,0.00003156,0.0000273,,580314,2021-10-12
34,0.00002906,0.0000291,13679412443629,0.0000307,0.0000277,,407199,2021-10-13
35,0.0000291,0.00002742,13720215083487,0.00002984,0.0000259,,474646,2021-10-14
36,0.00002742,0.00002526,26002337404652,0.00002766,0.00002333,,694076,2021-10-15
37,0.00002526,0.00002572,10719570393974,0.00002659,0.0000247,,327998,2021-10-16
38,0.00002572,0.00002775,11829673573895,0.000029,0.00002376,,328369,2021-10-17
39,0.00002775,0.00002867,16249399760002,0.00002958,0.00002639,,468514,2021-10-18
40,0.00002868,0.00002803,7571952235394,0.00002918,0.00002751,,317717,2021-10-19
41,0.00002803,0.00002925,8198644533326,0.00002957,0.00002693,,404895,2021-10-20
42,0.00002922,0.00002747,7657666352124,0.00002925,0.00002703,,376712,2021-10-21
43,0.00002747,0.00002794,6142751018213,0.00002847,0.000027,,337525,2021-10-22
44,0.00002794,0.00003388,18655823025905,0.00003458,0.00002762,,599899,2021-10-23
45,0.00003389,0.00003607,55155530960840,0.00004559,0.00003201,,1654000,2021-10-24
46,0.00003607,0.0000423,24909275657356,0.00004364,0.00003505,,935136,2021-10-25
47,0.0000423,0.00004798,31634150643615,0.0000498,0.00004043,,1316178,2021-10-26
48,0.00004798,0.00008229,63932087951176.6,0.000088,0.00004689,0.0001,3486990,2021-10-27
49,0.00008111,0.0000689,54332343084429.9,0.00008894,0.0000552,0.0001,3375886,2021-10-28
50,0.0000688,0.0000748,25065193983165.5,0.0000779,0.0000603,0.0001,1460847,2021-10-29
51,0.0000748,0.0000654,19763966681510.8,0.000078,0.0000613,0.0001,1141588,2021-10-30
52,0.0000653,0.0000671,19514248494402.2,0.0000697,0.0000581,0.0001,927932,2021-10-31
53,0.0000671,0.0000716,16811774884603.3,0.000075,0.0000657,0.0001,873516,2021-11-01
54,0.0000716,0.0000692,13312586605321.4,0.0000731,0.0000662,0.0001,856787,2021-11-02
55,0.0000691,0.0000539,23076344801159,0.0000692,0.0000487,0.0001,1314290,2021-11-03
56,0.000054,0.0000493,34394440139786.6,0.000061,0.0000413,0.0001,1589658,2021-11-04
57,0.0000493,0.0000628,26371560231341.1,0.0000656,0.0000441,0.0001,1194342,2021-11-05
58,0.0000628,0.0000587,12592953412561.8,0.0000633,0.000055,0.0001,697113,2021-11-06
59,0.0000586,0.0000569,5954543044463.36,0.0000598,0.0000559,0.0001,396917,2021-11-07
60,0.000057,0.0000552,10131927907729.6,0.000059,0.0000525,0.0001,579094,2021-11-08
61,0.0000552,0.0000549,7871527020414.13,0.0000585,0.0000534,0.0001,518027,2021-11-09
62,0.0000549,0.0000504,12005338118142.7,0.0000552,0.00004559,0.0001,741031,2021-11-10
63,0.0000504,0.0000567,11184945680159.4,0.000058,0.0000483,0.0001,598722,2021-11-11
64,0.0000567,0.0000524,5675595596933.88,0.000057,0.0000513,0.0001,413133,2021-11-12
65,0.0000524,0.0000517,3605898052020.19,0.0000529,0.0000505,0.0001,301085,2021-11-13
66,0.0000517,0.0000532,5270914383293.93,0.0000565,0.0000515,0.0001,320101,2021-11-14
67,0.0000532,0.0000535,4525549074349.14,0.000056,0.0000523,0.0001,330839,2021-11-15
68,0.0000535,0.0000483,7926412825295.61,0.0000536,0.0000452,,529305,2021-11-16
69,0.0000484,0.0000481,6457244413071.99,0.0000499,0.0000466,,442164,2021-11-17
70,0.0000481,0.0000426,10253728328611.8,0.000049,0.0000405,,570675,2021-11-18
71,0.0000425,0.0000485,10267278333545.4,0.0000529,0.0000418,,489563,2021-11-19
72,0.0000485,0.0000477,5269540733983.36,0.0000501,0.0000456,,298636,2021-11-20
73,0.0000477,0.0000441,4251372455652.8,0.0000478,0.0000434,,290124,2021-11-21
74,0.0000441,0.0000432,4834487411892.7,0.0000463,0.0000427,,298318,2021-11-22
75,0.0000433,0.000042,4886511172945.51,0.0000446,0.0000411,,324095,2021-11-23
76,0.0000419,0.0000379,11162815429338.5,0.00004285,0.0000356,,561274,2021-11-24
77,0.0000379,0.0000428,15137969793677.4,0.0000484,0.0000376,,546535,2021-11-25
78,0.0000428,0.0000387,8369183413965.14,0.0000429,0.00003478,,404295,2021-11-26
79,0.0000387,0.0000392,5062274088228.05,0.0000418,0.0000382,,258277,2021-11-27
80,0.0000392,0.0000392,4285597630046.63,0.0000396,0.0000362,,234629,2021-11-28
81,0.0000392,0.0000454,7754689582163.48,0.000046,0.0000383,,349342,2021-11-29
82,0.0000454,0.0000475,18583434073392.9,0.000055,0.0000433,,779262,2021-11-30
83,0.0000475,0.0000442,7980095482212.98,0.0000488,0.0000435,,355084,2021-12-01
84,0.0000442,0.0000422,4931725567670.48,0.0000442,0.00004095,,256752,2021-12-02
85,0.0000423,0.0000405,6446830445299.26,0.000045,0.00003896,,294955,2021-12-03
86,0.0000405,0.0000367,8935592581975.63,0.0000405,0.00002943,,571743,2021-12-04
87,0.0000368,0.0000363,5142021363665.12,0.00003831,0.0000343,,308615,2021-12-05
88,0.0000363,0.0000369,5388054779664.12,0.0000377,0.0000328,,303328,2021-12-06
89,0.0000369,0.0000362,4384659481136.29,0.00003882,0.0000356,,252247,2021-12-07
90,0.0000363,0.000037,3617444457178.82,0.0000377,0.0000356,,197886,2021-12-08
91,0.0000369,0.0000347,3332698779167.19,0.0000373,0.0000342,,242940,2021-12-09
92,0.0000346,0.0000335,3230957058717.26,0.0000363,0.0000333,,250077,2021-12-10
93,0.0000335,0.0000345,3462628843375.22,0.0000351,0.0000331,,319744,2021-12-11
94,0.0000345,0.0000366,4034655941001.1,0.000038,0.0000338,,231066,2021-12-12
95,0.0000367,0.0000329,4333470315559.07,0.0000369,0.0000316,,263927,2021-12-13
96,0.000033,0.000034,3907555597200.45,0.00003561,0.0000324,,255608,2021-12-14
97,0.0000339,0.0000339,2983893868099.41,0.0000344,0.0000319,,257640,2021-12-15
98,0.0000339,0.0000328,2500537267563.4,0.0000347,0.0000326,,174305,2021-12-16
99,0.0000327,0.0000312,3176081836452.48,0.0000332,0.0000303,,224995,2021-12-17
100,0.0000312,0.0000314,1983963822204.34,0.0000322,0.0000308,,153175,2021-12-18
101,0.0000315,0.0000307,2030771530266.79,0.0000319,0.0000306,,133423,2021-12-19
102,0.0000308,0.0000313,5346925249882.65,0.0000339,0.0000282,,273081,2021-12-20
103,0.0000313,0.0000329,3997315184481.75,0.0000335,0.000031,,208466,2021-12-21
104,0.0000328,0.000035,7045365565261.85,0.0000379,0.0000325,,287351,2021-12-22
105,0.000035,0.0000387,4721138138559.77,0.000039,0.0000343,,248230,2021-12-23
106,0.0000387,0.0000362,4667825090924.86,0.00004,0.0000357,,246554,2021-12-24
107,0.0000362,0.0000378,2670465581997.54,0.0000384,0.0000359,,145271,2021-12-25
108,0.0000378,0.0000383,2854166416480.97,0.000039,0.0000366,,146136,2021-12-26
109,0.0000383,0.0000391,2568258157030.34,0.0000395,0.0000377,,166198,2021-12-27
110,0.000039,0.0000349,6105264522914.86,0.0000391,0.0000341,,216798,2021-12-28
111,0.0000349,0.0000337,3437761901482.42,0.0000363,0.000033,,163623,2021-12-29
112,0.0000336,0.0000338,2673309269516.59,0.0000344,0.0000329,,145767,2021-12-30
113,0.0000338,0.0000334,2701527395816.27,0.0000347,0.0000326,,139713,2021-12-31
114,0.0000334,0.0000341,1990856859210.58,0.0000342,0.0000333,,109884,2022-01-01
115,0.0000342,0.0000341,1487511767375.05,0.0000345,0.0000334,,109711,2022-01-02
116,0.0000341,0.0000331,2309677395382.04,0.0000341,0.0000319,,132064,2022-01-03
117,0.000033,0.0000325,2231469906308.85,0.0000336,0.00003229,,129900,2022-01-04
118,0.0000325,0.0000304,3362648421381.29,0.000033,0.0000286,,199330,2022-01-05
119,0.0000304,0.0000307,4679310815101.77,0.0000319,0.0000291,,212818,2022-01-06
120,0.0000308,0.0000291,3888867432001.87,0.0000309,0.0000285,,203219,2022-01-07
121,0.000029,0.0000277,3597066611411.55,0.00003,0.0000264,,196414,2022-01-08
122,0.0000278,0.0000283,2701756806768.02,0.0000291,0.0000275,,147202,2022-01-09
123,0.0000282,0.0000267,3337630587317.2,0.0000288,0.00002542,,169327,2022-01-10
124,0.0000267,0.0000277,2516359115028.12,0.0000283,0.0000263,,150155,2022-01-11
125,0.0000277,0.0000314,5461284168507.44,0.0000327,0.0000275,,222830,2022-01-12
126,0.0000314,0.0000296,4794860638814.17,0.0000329,0.0000292,,194820,2022-01-13
127,0.0000297,0.0000307,5497601717080.26,0.0000326,0.0000293,,177149,2022-01-14
128,0.0000307,0.0000309,2238238271329.41,0.0000316,0.0000305,,109965,2022-01-15
129,0.0000309,0.0000305,2172972579182.11,0.000031,0.0000301,,98642,2022-01-16
130,0.0000306,0.0000288,3214636086656.75,0.0000306,0.0000282,,126051,2022-01-17
131,0.0000289,0.0000281,3449579169469.6,0.0000296,0.0000274,,132391,2022-01-18
132,0.000028,0.0000272,3247239446358.71,0.0000283,0.0000271,,121170,2022-01-19
133,0.0000272,0.0000264,3194766825531,0.0000289,0.0000262,,132241,2022-01-20
134,0.0000264,0.0000223,7942678116339.86,0.0000269,0.0000216,,290909,2022-01-21
135,0.0000223,0.0000206,10137790267266.8,0.0000226,0.000017,,363312,2022-01-22
136,0.0000206,0.0000224,12581144912184.5,0.0000237,0.0000204,,243055,2022-01-23
137,0.0000224,0.0000212,10513257518362.3,0.0000232,0.0000186,,219432,2022-01-24
138,0.0000212,0.000021,5612444067126.83,0.0000217,0.0000201,,156767,2022-01-25
139,0.0000211,0.00002111,6343418596791.88,0.0000236,0.0000205,,166090,2022-01-26
140,0.0000212,0.0000213,5694449045695.24,0.0000218,0.0000199,,135110,2022-01-27
141,0.0000213,0.0000213,3008498625762.54,0.0000215,0.0000203,,133897,2022-01-28
142,0.0000213,0.0000217,2750982463563.45,0.0000224,0.0000211,,116475,2022-01-29
143,0.0000217,0.0000211,2388935580158.04,0.0000223,0.0000208,,101079,2022-01-30
144,0.0000212,0.00002145,3855528454849.54,0.0000216,0.0000201,,103640,2022-01-31
145,0.00002146,0.0000217,4290562838147.3,0.000022,0.00002114,,123460,2022-02-01
146,0.00002169,0.00002062,2935461877940.29,0.0000219,0.00002028,,128511,2022-02-02
147,0.00002063,0.00002077,2335728267533.73,0.00002085,0.00002012,,107413,2022-02-03
148,0.00002076,0.00002222,2743054181496.84,0.00002234,0.00002052,,136384,2022-02-04
149,0.0000222,0.0000225,3688195830910.67,0.00002389,0.00002205,,159560,2022-02-05
150,0.0000225,0.00002855,6824125634792.8,0.00002888,0.00002224,,238741,2022-02-06
151,0.00002855,0.00003257,14126594576337.9,0.00003548,0.00002709,,569071,2022-02-07
152,0.0000326,0.00003101,9938307724486.93,0.00003506,0.00002941,,358636,2022-02-08
153,0.00003102,0.00003298,6568328111257.89,0.0000341,0.00003043,,242763,2022-02-09
154,0.00003296,0.00003084,4915393368992.81,0.00003373,0.00003053,,207393,2022-02-10
155,0.00003086,0.00002872,5476491954608.58,0.00003242,0.00002788,,212303,2022-02-11
156,0.00002873,0.00002916,3756028598068.08,0.00002986,0.00002746,,156135,2022-02-12
157,0.00002916,0.00003015,4106807366285.21,0.0000322,0.00002839,,166090,2022-02-13
158,0.00003015,0.00002957,3185778736160.74,0.00003089,0.00002865,,156252,2022-02-14
159,0.00002957,0.00003127,3375302699335.07,0.00003185,0.00002955,,149746,2022-02-15
160,0.00003128,0.00003093,2631884748506.59,0.0000316,0.00002994,,132100,2022-02-16
161,0.00003093,0.00002821,4538386927409.85,0.00003254,0.00002771,,180668,2022-02-17
162,0.00002822,0.00002812,3634330526227.59,0.00002996,0.00002781,,144158,2022-02-18
163,0.00002811,0.0000275,2667057332005.72,0.00002898,0.00002695,,117616,2022-02-19
164,0.0000275,0.0000255,3821627402764.23,0.00002762,0.0000249,,154714,2022-02-20
165,0.0000255,0.00002406,5611597023272.16,0.00002759,0.00002392,,171237,2022-02-21
166,0.00002405,0.00002495,4358351572249.91,0.00002529,0.0000231,,174332,2022-02-22
167,0.00002495,0.00002487,4375980078423.57,0.0000274,0.00002458,,148363,2022-02-23
168,0.00002487,0.00002387,10519671125955.2,0.0000253,0.0000207,,326300,2022-02-24
169,0.00002386,0.00002489,4947695064337.11,0.0000251,0.00002303,,166086,2022-02-25
170,0.00002489,0.00002448,3159295687188.96,0.00002592,0.0000242,,116454,2022-02-26
171,0.00002446,0.00002344,2863678527282.63,0.00002503,0.00002307,,114674,2022-02-27
172,0.00002344,0.00002581,3852358773147.92,0.000026,0.00002282,,133875,2022-02-28
173,0.0000258,0.00002714,5082861913029.14,0.00002863,0.00002535,,197965,2022-03-01
174,0.00002712,0.00002591,2917179846552.79,0.0000272,0.00002553,,132417,2022-03-02
175,0.00002591,0.00002507,2477626302930.41,0.0000262,0.00002448,,109809,2022-03-03
176,0.00002506,0.00002359,2590552005242.85,0.00002527,0.00002306,,108048,2022-03-04
177,0.00002359,0.00002462,1984943134401,0.00002499,0.00002311,,91521,2022-03-05
178,0.00002462,0.00002353,1453551543874.12,0.00002479,0.00002341,,74854,2022-03-06
179,0.00002353,0.00002279,2420202789514.97,0.00002389,0.00002188,,103051,2022-03-07
180,0.00002279,0.00002291,1801489665127.43,0.00002354,0.0000225,,80177,2022-03-08
181,0.00002291,0.00002386,2191483815815.62,0.00002461,0.00002288,,95239,2022-03-09
182,0.00002386,0.00002262,1934755942726.3,0.00002392,0.00002238,,86407,2022-03-10
183,0.00002262,0.00002207,1818528976724.53,0.00002313,0.00002189,,92257,2022-03-11
184,0.00002207,0.00002213,1031827641667.7,0.00002274,0.00002202,,69099,2022-03-12
185,0.00002214,0.0000215,1859244697006.4,0.00002329,0.00002121,,83865,2022-03-13
186,0.00002151,0.00002202,1974906887943.98,0.00002245,0.00002128,,82716,2022-03-14
187,0.00002202,0.00002162,1624148734898.39,0.00002213,0.00002125,,80620,2022-03-15
188,0.00002163,0.00002275,2344001991253.66,0.00002276,0.00002149,,92963,2022-03-16
189,0.00002274,0.00002218,1971665223582.64,0.00002283,0.00002202,,90433,2022-03-17
190,0.00002218,0.00002234,3109068005391.76,0.00002269,0.00002166,,126045,2022-03-18
191,0.00002233,0.00002413,6395932806476.97,0.00002556,0.00002218,,165375,2022-03-19
192,0.00002414,0.00002313,4204624919133.17,0.00002447,0.00002255,,104679,2022-03-20
193,0.00002314,0.00002294,2115657550809.13,0.00002349,0.00002231,,83386,2022-03-21
194,0.00002294,0.00002346,2888633753952.82,0.00002408,0.00002289,,101478,2022-03-22
195,0.00002346,0.00002442,3837209810531.48,0.00002512,0.00002307,,122537,2022-03-23
196,0.00002442,0.0000247,4363852215610.36,0.00002534,0.00002406,,139637,2022-03-24
197,0.0000247,0.00002412,3803847896604.96,0.00002542,0.00002355,,121287,2022-03-25
198,0.00002413,0.00002444,1719434625924.31,0.00002476,0.0000239,,75079,2022-03-26
199,0.00002443,0.00002558,2757030129724.92,0.00002568,0.00002416,,95605,2022-03-27
200,0.00002558,0.00002653,10037589798663.6,0.00002963,0.00002525,,289220,2022-03-28
201,0.00002653,0.00002736,6685391019599.21,0.0000285,0.00002634,,169063,2022-03-29
202,0.00002736,0.00002746,6243764835443.35,0.00002866,0.00002618,,153739,2022-03-30
203,0.00002746,0.00002584,4597466043730.39,0.0000281,0.0000255,,136568,2022-03-31
204,0.00002586,0.00002615,3230766862953.37,0.00002651,0.00002463,,115050,2022-04-01
205,0.00002614,0.00002583,3144883725877.07,0.0000275,0.00002571,,107910,2022-04-02
206,0.00002584,0.00002684,2506553047401.86,0.00002737,0.00002551,,89706,2022-04-03
207,0.00002683,0.00002644,2869911623543.59,0.00002747,0.0000256,,101752,2022-04-04
208,0.00002645,0.00002675,4268000503957.08,0.00002849,0.00002622,,127773,2022-04-05
209,0.00002677,0.00002435,3692594869314.28,0.00002685,0.00002417,,124891,2022-04-06
210,0.00002436,0.00002478,2290878187077.9,0.00002527,0.0000239,,89025,2022-04-07
211,0.00002477,0.00002381,1847697871815.15,0.00002518,0.0000235,,81273,2022-04-08
212,0.00002382,0.00002462,1227962345052.51,0.00002467,0.00002368,,65164,2022-04-09
213,0.00002462,0.00002447,1841833100775.88,0.00002545,0.00002437,,71609,2022-04-10
214,0.00002446,0.00002218,2603657188352.91,0.00002464,0.00002183,,103299,2022-04-11
215,0.00002218,0.00002692,14998122585880,0.00003,0.00002191,,401685,2022-04-12
216,0.00002693,0.00002694,7064023087464.43,0.00002811,0.00002562,,220712,2022-04-13
217,0.00002693,0.0000258,5303599566651.83,0.00002743,0.00002527,,143323,2022-04-14
218,0.00002579,0.00002589,1755010063605.9,0.00002624,0.00002544,,89487,2022-04-15
219,0.00002591,0.00002559,1156263409540.04,0.00002608,0.00002526,,70717,2022-04-16
220,0.00002559,0.00002465,1312671015549,0.00002606,0.0000245,,68569,2022-04-17
221,0.00002465,0.00002524,2849221498364.85,0.00002537,0.00002363,,113406,2022-04-18
222,0.00002524,0.00002544,1666420557291.12,0.00002562,0.00002486,,83161,2022-04-19
223,0.00002544,0.00002483,2051061497306.6,0.00002587,0.00002459,,94820,2022-04-20
224,0.00002483,0.0000243,1638190234453.97,0.0000254,0.00002387,,85647,2022-04-21
225,0.00002429,0.0000243,1407958546746.97,0.00002469,0.00002398,,76320,2022-04-22
226,0.00002429,0.00002411,1193519176004.52,0.00002465,0.00002378,,65172,2022-04-23
227,0.00002412,0.00002396,1135128609210.91,0.00002439,0.00002352,,62920,2022-04-24
228,0.00002395,0.00002431,4241797871496.58,0.00002537,0.00002231,,149591,2022-04-25
229,0.00002432,0.00002299,3550145098722.64,0.00002468,0.00002256,,146794,2022-04-26
230,0.00002298,0.00002344,3226363578468.32,0.00002399,0.00002281,,108630,2022-04-27
231,0.00002343,0.00002294,1992356091259.87,0.00002355,0.00002267,,95042,2022-04-28
232,0.00002293,0.00002221,3546880456642.34,0.0000231,0.0000216,,131395,2022-04-29
233,0.00002221,0.00002018,3395534410340.14,0.00002251,0.0000184,,139335,2022-04-30
234,0.00002018,0.00002153,3533535508582.99,0.00002216,0.00001975,,137383,2022-05-01
235,0.00002153,0.00002067,2468456180074.34,0.00002177,0.00002015,,94903,2022-05-02
236,0.00002067,0.0000203,2099894631732.56,0.00002103,0.00001993,,85022,2022-05-03
237,0.0000203,0.0000218,2963761370461.67,0.00002189,0.00002025,,114664,2022-05-04
238,0.00002179,0.00002026,3287908881777.2,0.00002199,0.00001941,,128737,2022-05-05
239,0.00002027,0.00002,2975933600115.21,0.00002039,0.0000195,,109692,2022-05-06
240,0.00002,0.00001927,2000129539143.71,0.00002005,0.00001867,,92870,2022-05-07
241,0.00001927,0.00001842,2610581370244.86,0.00001933,0.00001825,,111162,2022-05-08
242,0.00001841,0.000014,10098334716713.5,0.00001873,0.00001374,,311625,2022-05-09
243,0.000014,0.00001618,13041353846166.9,0.00001799,0.00001347,,311746,2022-05-10
244,0.00001617,0.000012,13416937934227,0.00001678,0.000011,,414717,2022-05-11
245,0.00001201,0.00001083,17675644597163.1,0.00001291,0.00000856,,472252,2022-05-12
246,0.00001083,0.00001279,15139945463876.7,0.00001438,0.00001047,,366023,2022-05-13
247,0.00001279,0.00001254,6470617856661.93,0.0000137,0.00001138,,212914,2022-05-14
248,0.00001255,0.00001305,3580417945149.13,0.00001306,0.0000119,,135889,2022-05-15
249,0.00001305,0.00001197,3358472231887.05,0.00001305,0.00001173,,126777,2022-05-16
250,0.00001198,0.00001253,2866600932071.37,0.00001277,0.00001194,,112161,2022-05-17
251,0.00001253,0.0000115,3124071109473.54,0.00001266,0.00001143,,110632,2022-05-18
252,0.00001149,0.0000118,2598576406470.47,0.00001214,0.0000112,,100860,2022-05-19
253,0.0000118,0.00001159,2269117599837.5,0.00001203,0.00001129,,92688,2022-05-20
254,0.00001159,0.00001173,1472578965124.91,0.00001203,0.00001132,,70646,2022-05-21
255,0.00001174,0.0000119,1259642648131.12,0.00001207,0.00001161,,63384,2022-05-22
256,0.0000119,0.00001166,3689239743021.32,0.00001296,0.00001148,,110822,2022-05-23
257,0.00001166,0.00001173,2150854434588.79,0.00001196,0.00001123,,79942,2022-05-24
258,0.00001173,0.0000116,1364539453574.03,0.00001192,0.00001149,,72740,2022-05-25
259,0.00001159,0.00001058,3173050942722.8,0.00001171,0.00001027,,122317,2022-05-26
260,0.00001058,0.00001048,2939322234327.07,0.00001086,0.00001011,,131666,2022-05-27
261,0.00001047,0.00001078,1261365510165.2,0.00001088,0.0000104,,64364,2022-05-28
262,0.00001077,0.00001148,2652619188373.32,0.00001184,0.00001054,,86956,2022-05-29
263,0.00001149,0.00001221,4135205522408.57,0.00001248,0.00001128,,123713,2022-05-30
264,0.00001219,0.00001172,2731736366018.32,0.00001236,0.00001147,,94657,2022-05-31
265,0.00001173,0.00001087,3249077713015.88,0.00001192,0.00001051,,108858,2022-06-01
266,0.00001088,0.00001121,1825367037235.31,0.0000113,0.00001072,,83513,2022-06-02
267,0.0000112,0.00001079,1703648963570.2,0.00001125,0.00001053,,84904,2022-06-03
268,0.00001079,0.00001088,1212079956709.74,0.00001093,0.00001055,,59931,2022-06-04
269,0.00001089,0.0000108,1128911576596.72,0.00001097,0.00001068,,54540,2022-06-05
270,0.0000108,0.00001105,2422843953388.67,0.0000114,0.00001076,,93192,2022-06-06
271,0.00001106,0.00001071,3281629101815.05,0.00001119,0.0000102,,116541,2022-06-07
272,0.00001073,0.00001058,1602049734074.99,0.00001091,0.00001052,,64379,2022-06-08
273,0.00001057,0.00001057,1069831004336.57,0.00001077,0.00001041,,51955,2022-06-09
274,0.00001056,0.00001012,2152502865035.98,0.00001066,0.00000998,,77207,2022-06-10
275,0.00001012,0.00000934,3661191557027.95,0.00001036,0.00000911,,116251,2022-06-11
276,0.00000934,0.00000859,5311897820433.93,0.0000095,0.00000837,,151856,2022-06-12
277,0.00000858,0.00000804,8039669295507.18,0.00000878,0.0000074,,200658,2022-06-13
278,0.00000803,0.00000818,5173001361919.57,0.00000853,0.0000075,,146873,2022-06-14
279,0.00000818,0.00000883,7286709487016.38,0.00000888,0.00000758,,178463,2022-06-15
280,0.00000883,0.00000795,4272038615548.37,0.00000896,0.00000785,,138342,2022-06-16
281,0.00000796,0.00000816,2327976475182.24,0.00000831,0.00000793,,87681,2022-06-17
282,0.00000817,0.0000077,3797059820235.78,0.00000826,0.00000712,,110108,2022-06-18
283,0.00000769,0.00000821,3597430164398.58,0.00000838,0.00000738,,92078,2022-06-19
284,0.00000821,0.00000809,2358375231822.28,0.00000832,0.00000786,,67088,2022-06-20
285,0.0000081,0.00001064,13204795125116.8,0.000012,0.000008,,273132,2022-06-21
286,0.00001064,0.00000966,10990986631806.5,0.00001086,0.00000927,,213479,2022-06-22
287,0.00000966,0.0000103,5161667364359.87,0.00001043,0.0000096,,123599,2022-06-23
288,0.00001029,0.00001082,5197599109938.56,0.00001124,0.00001004,,128165,2022-06-24
289,0.00001082,0.00001178,6673555040518.09,0.00001199,0.0000107,,143633,2022-06-25
290,0.00001179,0.00001096,4606856421740.65,0.00001209,0.00001091,,108623,2022-06-26
291,0.00001096,0.00001106,3478525109503.43,0.00001172,0.00001074,,92691,2022-06-27
292,0.00001106,0.00000997,3433433996320.78,0.00001119,0.00000984,,92331,2022-06-28
293,0.00000997,0.00001019,4305989105519.25,0.00001073,0.0000095,,122512,2022-06-29
294,0.0000102,0.00001035,4702557194411.22,0.00001049,0.00000961,,103057,2022-06-30
295,0.00001035,0.00001002,2733154834271.36,0.00001058,0.0000099,,78964,2022-07-01
296,0.00001002,0.00001007,1122613205214.8,0.00001018,0.00000985,,50201,2022-07-02
297,0.00001007,0.00001002,1132779372211,0.00001013,0.00000975,,44107,2022-07-03
298,0.00001003,0.00001047,1562339414940.26,0.00001055,0.00000992,,52220,2022-07-04
299,0.00001046,0.00001031,3350339816974.52,0.00001095,0.00001,,80858,2022-07-05
300,0.00001031,0.00001045,2099771310412.49,0.00001054,0.00001014,,69077,2022-07-06
301,0.00001046,0.00001128,3190777658086.09,0.0000115,0.00001042,,83570,2022-07-07
302,0.00001128,0.00001119,3696470153805.87,0.00001159,0.00001069,,99662,2022-07-08
303,0.00001119,0.00001161,2618905847462.48,0.0000119,0.00001101,,76101,2022-07-09
304,0.0000116,0.0000112,2283027775889.78,0.00001167,0.0000109,,65526,2022-07-10
305,0.00001119,0.00001031,2273397180443.66,0.0000112,0.00001019,,68712,2022-07-11
306,0.00001029,0.00000989,2303994010624.26,0.00001056,0.00000984,,71417,2022-07-12
307,0.00000987,0.00001053,3018075991258.34,0.00001055,0.00000977,,84499,2022-07-13
308,0.00001053,0.0000106,2334186907086.48,0.00001071,0.00001012,,70493,2022-07-14
309,0.0000106,0.00001082,3147699732840.36,0.0000112,0.00001049,,86864,2022-07-15
310,0.00001082,0.00001103,1825415693914.77,0.0000112,0.00001052,,64061,2022-07-16
311,0.00001103,0.00001071,1775689148527.57,0.00001116,0.00001067,,55500,2022-07-17
312,0.00001071,0.00001195,7170836566167.47,0.00001262,0.0000107,,138733,2022-07-18
313,0.00001195,0.00001217,5907834797653.78,0.0000125,0.00001141,,123705,2022-07-19
314,0.00001216,0.00001191,7390769464102.57,0.00001315,0.00001166,,145582,2022-07-20
315,0.00001192,0.00001199,2998275521183.39,0.00001219,0.00001145,,75235,2022-07-21
316,0.00001198,0.00001172,2757651278313.43,0.00001242,0.00001159,,71093,2022-07-22
317,0.00001171,0.00001159,2268783453052.44,0.00001209,0.0000113,,59731,2022-07-23
318,0.0000116,0.0000116,1480350433381.72,0.00001188,0.00001153,,46797,2022-07-24
319,0.0000116,0.00001069,2520473868377.01,0.00001165,0.00001066,,65015,2022-07-25
320,0.00001069,0.00001086,2388982064800.87,0.00001089,0.00001029,,64692,2022-07-26
321,0.00001087,0.00001152,3307259015108.31,0.00001157,0.00001052,,81602,2022-07-27
322,0.00001152,0.00001184,4371176350718.29,0.00001224,0.00001099,,107133,2022-07-28
323,0.00001186,0.00001174,3570438784826.91,0.00001233,0.00001144,,83994,2022-07-29
324,0.00001173,0.00001193,4120922198696.5,0.00001265,0.00001158,,78137,2022-07-30
325,0.00001193,0.0000117,1813412064962.76,0.00001229,0.00001168,,49635,2022-07-31
326,0.0000117,0.00001194,3920186634722.89,0.00001275,0.00001166,,88197,2022-08-01
327,0.00001194,0.00001174,2677704335489.39,0.0000121,0.00001144,,60135,2022-08-02
328,0.00001174,0.00001185,2064162661185.8,0.00001214,0.00001158,,48180,2022-08-03
329,0.00001184,0.00001184,2031553418289.47,0.000012,0.00001165,,54626,2022-08-04
330,0.00001183,0.00001214,1779546738511.35,0.00001221,0.00001178,,68829,2022-08-05
331,0.00001214,0.00001196,1172481782410.38,0.00001228,0.00001193,,51492,2022-08-06
332,0.00001197,0.00001204,871968207862.566,0.00001215,0.00001183,,41597,2022-08-07
333,0.00001204,0.00001232,2418513335210.8,0.0000127,0.00001202,,75235,2022-08-08
334,0.00001231,0.00001203,2839462805342.03,0.00001284,0.00001171,,67574,2022-08-09
335,0.00001203,0.00001239,2081040636624.32,0.0000125,0.00001177,,54800,2022-08-10
336,0.00001238,0.00001231,2193903559284.26,0.00001291,0.00001222,,59039,2022-08-11
337,0.00001231,0.00001268,1133353943359.46,0.00001271,0.00001216,,46108,2022-08-12
338,0.00001269,0.00001264,1587293483663.58,0.00001296,0.00001251,,52507,2022-08-13
339,0.00001264,0.00001691,17940420911163.1,0.00001794,0.0000126,,321829,2022-08-14
340,0.0000169,0.00001526,9826371934176.98,0.00001769,0.00001509,,181536,2022-08-15
341,0.00001526,0.00001581,6658477498662.29,0.00001658,0.00001511,,127925,2022-08-16
342,0.00001582,0.00001479,4363956040571.37,0.00001644,0.00001451,,102635,2022-08-17
343,0.00001478,0.00001349,2348609545774.42,0.00001499,0.00001316,,73319,2022-08-18
344,0.00001349,0.00001316,5619995594363.37,0.00001409,0.00001266,,109273,2022-08-19
345,0.00001315,0.00001289,3194671290180.1,0.00001387,0.00001251,,73643,2022-08-20
346,0.00001289,0.00001349,1994214348294.69,0.00001378,0.00001282,,56175,2022-08-21
347,0.00001349,0.00001316,1880018246354.13,0.00001353,0.00001275,,53393,2022-08-22
348,0.00001316,0.00001332,1351528636185.07,0.00001338,0.00001282,,49274,2022-08-23
349,0.00001333,0.00001306,1673806350630.6,0.00001358,0.00001297,,52864,2022-08-24
350,0.00001305,0.00001392,4056896845257.82,0.00001483,0.00001302,,98114,2022-08-25
351,0.00001391,0.00001243,4458599044506.47,0.00001403,0.00001229,,94575,2022-08-26
352,0.00001243,0.00001218,2149649741875.95,0.00001259,0.00001184,,61014,2022-08-27
353,0.00001218,0.0000118,1671867751744.53,0.00001247,0.00001169,,56173,2022-08-28
354,0.0000118,0.00001248,2200349970701.95,0.00001255,0.0000117,,62575,2022-08-29
355,0.00001247,0.0000122,1603476161583.05,0.00001278,0.0000119,,60787,2022-08-30
356,0.0000122,0.0000121,1453437639620.76,0.0000126,0.00001202,,53923,2022-08-31
357,0.00001209,0.00001227,1239946734527.96,0.00001244,0.00001186,,53556,2022-09-01
358,0.00001226,0.00001217,1616170879971.32,0.00001248,0.00001201,,66919,2022-09-02
359,0.00001216,0.00001232,1097479731789.86,0.00001247,0.0000121,,46404,2022-09-03
360,0.00001232,0.00001283,2609075418628.2,0.00001339,0.00001226,,69737,2022-09-04
361,0.00001284,0.00001265,1642189625524.63,0.00001296,0.00001223,,49509,2022-09-05
362,0.00001264,0.00001202,2902858994418.44,0.00001293,0.00001172,,75974,2022-09-06
363,0.00001202,0.00001224,1770531550684.63,0.0000124,0.00001175,,73066,2022-09-07
364,0.00001224,0.00001222,1852659647200.33,0.00001249,0.00001198,,61875,2022-09-08
365,0.00001222,0.00001292,4687841498342.06,0.00001394,0.00001219,,106449,2022-09-09
366,0.00001291,0.00001326,2912301815395.36,0.00001358,0.00001272,,78688,2022-09-10
367,0.00001327,0.00001301,2273957064591.51,0.0000135,0.00001252,,63331,2022-09-11
368,0.00001301,0.00001287,2181519402926.41,0.00001324,0.00001249,,67975,2022-09-12
369,0.00001286,0.00001211,2476084316821.66,0.00001306,0.0000119,,68607,2022-09-13
370,0.0000121,0.00001219,1710001713271,0.00001245,0.00001193,,52090,2022-09-14
371,0.00001219,0.0000117,2658770075321.42,0.00001225,0.0000115,,60877,2022-09-15
372,0.0000117,0.00001157,1249118765359,0.00001181,0.00001127,,49857,2022-09-16
373,0.00001156,0.00001192,897173557200.201,0.00001201,0.00001156,,37411,2022-09-17
374,0.00001193,0.00001062,1767063759566.5,0.00001198,0.00000996,,53312,2022-09-18
375,0.00001063,0.00001099,2188306432456.05,0.00001111,0.00001051,,62425,2022-09-19
376,0.00001098,0.00001052,1395032833570.66,0.00001105,0.00001046,,44297,2022-09-20
377,0.00001052,0.00001038,2971649786677.26,0.00001113,0.00001011,,65651,2022-09-21
378,0.00001038,0.00001084,1410722039084.65,0.00001095,0.00001033,,49066,2022-09-22
379,0.00001084,0.00001107,1684915651058.36,0.00001135,0.00001049,,51043,2022-09-23
380,0.00001109,0.00001126,4303251506937.29,0.00001218,0.00001095,,79931,2022-09-24
381,0.00001126,0.00001101,1616004324892.9,0.00001157,0.00001086,,41241,2022-09-25
382,0.000011,0.00001112,1212946065844.03,0.00001124,0.00001079,,37022,2022-09-26
383,0.00001112,0.00001112,1686763389878.11,0.00001157,0.00001085,,43563,2022-09-27
384,0.00001112,0.0000111,1454436078264.65,0.00001154,0.00001072,,41401,2022-09-28
385,0.0000111,0.00001112,909097880611.087,0.00001122,0.0000109,,31519,2022-09-29
386,0.00001113,0.00001132,1373195799260.83,0.00001151,0.00001101,,41249,2022-09-30
387,0.00001131,0.00001117,849601263710.205,0.00001149,0.00001108,,30757,2022-10-01
388,0.00001117,0.00001094,854418397862.008,0.00001123,0.00001081,,28709,2022-10-02
389,0.00001095,0.00001116,882305251906.695,0.00001124,0.00001083,,30170,2022-10-03
390,0.00001116,0.00001161,1930899875821.79,0.00001173,0.00001109,,45704,2022-10-04
391,0.00001162,0.00001145,1750693957180.81,0.00001178,0.00001113,,42701,2022-10-05
392,0.00001145,0.00001119,1319607231171.3,0.00001163,0.0000111,,39354,2022-10-06
393,0.00001118,0.0000111,1006800887861.02,0.00001125,0.0000109,,31603,2022-10-07
394,0.0000111,0.000011,435176126102.959,0.00001116,0.00001085,,21530,2022-10-08
395,0.000011,0.00001103,552227218475.981,0.0000111,0.00001096,,21098,2022-10-09
396,0.00001102,0.00001022,1585027910713.81,0.00001114,0.00000993,,40448,2022-10-10
397,0.00001022,0.00001024,2343123351670.78,0.00001042,0.00000971,,54347,2022-10-11
398,0.00001023,0.00001016,1142292448872.52,0.0000104,0.00001006,,34524,2022-10-12
399,0.00001016,0.00001039,3993294701563.87,0.00001081,0.00000924,,103315,2022-10-13
400,0.00001039,0.00001019,2107882534212.11,0.00001077,0.00000999,,53297,2022-10-14
401,0.00001019,0.00001021,1378619399755.95,0.00001052,0.00001002,,41809,2022-10-15
402,0.00001021,0.00001028,651368698827.897,0.00001039,0.00001016,,29236,2022-10-16
403,0.00001027,0.0000104,770237612159.002,0.00001047,0.00001021,,30025,2022-10-17
404,0.0000104,0.00001016,1629582923221.03,0.0000105,0.00000999,,36124,2022-10-18
405,0.00001016,0.00000986,1174486975917.84,0.00001019,0.00000949,,34720,2022-10-19
406,0.00000985,0.0000099,1489982468329.82,0.00001014,0.00000979,,39845,2022-10-20
407,0.00000989,0.00001002,1636565663750.65,0.00001007,0.0000096,,42164,2022-10-21
408,0.00001001,0.00001001,675758094448.512,0.00001008,0.00000991,,25476,2022-10-22
409,0.00001001,0.00001015,798183327122.585,0.0000102,0.00000985,,25569,2022-10-23
410,0.00001016,0.00000993,959184454493.842,0.00001019,0.00000985,,29367,2022-10-24
411,0.00000993,0.00001021,1580993196361,0.0000104,0.00000985,,38862,2022-10-25
412,0.00001022,0.00001094,2728530794622.67,0.00001095,0.00001017,,56595,2022-10-26
413,0.00001084,0.00001063,6619258592130.38,0.00001186,0.00001057,,101561,2022-10-27
414,0.00001064,0.00001172,6408185104527.64,0.0000122,0.00001032,,107063,2022-10-28
415,0.00001171,0.00001293,12835956282315.3,0.00001518,0.00001153,,238843,2022-10-29
416,0.00001292,0.00001192,6510780835179.45,0.00001393,0.0000115,,115736,2022-10-30
417,0.00001191,0.00001244,5884680316625.74,0.00001319,0.00001171,,108001,2022-10-31
418,0.00001243,0.00001285,4666714896696.17,0.00001353,0.00001227,,116853,2022-11-01
419,0.00001284,0.00001177,5563603303201.3,0.00001298,0.0000115,,98038,2022-11-02
420,0.00001176,0.00001174,2813266328617.8,0.00001239,0.0000116,,64940,2022-11-03
421,0.00001175,0.00001255,3912912664080.86,0.00001364,0.00001157,,97606,2022-11-04
422,0.00001254,0.00001246,3788924764170.35,0.00001319,0.00001211,,79162,2022-11-05
423,0.00001245,0.00001183,2516063042554.39,0.00001291,0.00001176,,62226,2022-11-06
424,0.00001184,0.0000118,3017305481656.63,0.00001212,0.00001149,,63684,2022-11-07
425,0.00001179,0.00001018,7559958959338.71,0.0000119,0.0000092,,132531,2022-11-08
426,0.00001017,0.00000872,7907685676523.39,0.00001031,0.00000827,,157494,2022-11-09
427,0.00000873,0.00001019,6720709364246.69,0.00001049,0.00000859,,110703,2022-11-10
428,0.0000102,0.00000987,2336571711604.35,0.00001044,0.00000937,,66116,2022-11-11
429,0.00000988,0.00000955,1708206603088.05,0.00000995,0.00000925,,52284,2022-11-12
430,0.00000955,0.00000901,2063158821813.62,0.00000975,0.00000887,,53858,2022-11-13
431,0.000009,0.00000908,2464325634940.31,0.0000094,0.00000854,,68126,2022-11-14
432,0.00000909,0.00000924,1192431471907.45,0.00000956,0.00000898,,46188,2022-11-15
433,0.00000925,0.00000913,1603151310749.17,0.00000965,0.00000897,,46921,2022-11-16
434,0.00000913,0.00000905,865942911486.987,0.00000922,0.0000089,,33321,2022-11-17
435,0.00000904,0.00000909,647645509167.417,0.00000924,0.00000897,,30898,2022-11-18
436,0.0000091,0.00000913,529716489882.359,0.00000923,0.00000894,,25300,2022-11-19
437,0.00000913,0.00000878,972158915369.852,0.00000924,0.00000866,,32772,2022-11-20
438,0.00000877,0.00000841,1545868843916.19,0.00000879,0.00000822,,51274,2022-11-21
439,0.00000841,0.00000881,1293719820615.25,0.00000884,0.00000817,,40447,2022-11-22
440,0.00000882,0.00000905,1336794916092.72,0.00000911,0.00000874,,35705,2022-11-23
441,0.00000905,0.00000901,759188780657.375,0.0000092,0.0000089,,26711,2022-11-24
442,0.00000902,0.00000918,1589726663231.8,0.00000948,0.00000885,,34707,2022-11-25
443,0.00000918,0.00000901,1075859256438.5,0.00000937,0.00000891,,27406,2022-11-26
444,0.00000902,0.00000927,1702781417519.67,0.00000963,0.00000899,,35476,2022-11-27
445,0.00000926,0.00000908,1329674757022.74,0.00000936,0.00000877,,32405,2022-11-28
446,0.00000908,0.00000908,1160932130287.18,0.00000931,0.00000899,,29498,2022-11-29
447,0.00000907,0.00000935,2258748052988.62,0.00000939,0.00000902,,40232,2022-11-30
448,0.00000934,0.00000921,1268867501338.88,0.00000938,0.0000091,,31237,2022-12-01
449,0.0000092,0.00000932,981454259670.301,0.00000935,0.00000906,,28163,2022-12-02
450,0.00000933,0.0000092,905532244076.948,0.00000949,0.00000915,,25308,2022-12-03
451,0.0000092,0.00000936,581179851866.763,0.00000939,0.00000918,,21234,2022-12-04
452,0.00000935,0.00000941,2399404010842.46,0.00001016,0.00000923,,46727,2022-12-05
453,0.00000941,0.00000929,763028052944.613,0.00000947,0.0000092,,26043,2022-12-06
454,0.0000093,0.00000909,799382835101.95,0.00000936,0.00000894,,31590,2022-12-07
455,0.00000909,0.00000927,722681693312.559,0.00000934,0.00000906,,24653,2022-12-08
456,0.00000927,0.00000923,567692506952.887,0.00000937,0.00000914,,22649,2022-12-09
457,0.00000923,0.00000918,440114579705.418,0.00000931,0.00000916,,17558,2022-12-10
458,0.00000919,0.00000912,521003432097.37,0.00000931,0.00000907,,18252,2022-12-11
459,0.00000912,0.00000897,1117218496215.48,0.00000912,0.00000843,,32119,2022-12-12
460,0.00000896,0.00000917,1603101655700.98,0.00000935,0.00000863,,35953,2022-12-13
461,0.00000917,0.00000895,1079408490053.3,0.00000928,0.00000887,,27596,2022-12-14
462,0.00000894,0.00000886,965718289704.781,0.000009,0.00000875,,31412,2022-12-15
463,0.00000887,0.00000819,1858404470550.35,0.00000901,0.00000805,,44950,2022-12-16
464,0.00000819,0.00000829,1235577313859.65,0.00000836,0.000008,,34274,2022-12-17
465,0.00000829,0.00000856,3146389105471.44,0.00000902,0.00000819,,48035,2022-12-18
466,0.00000855,0.00000815,2442801683399.24,0.00000878,0.00000793,,43337,2022-12-19
467,0.00000815,0.00000845,1030985230212.81,0.0000085,0.00000813,,26165,2022-12-20
468,0.00000845,0.00000825,908072250122.332,0.0000085,0.00000817,,22364,2022-12-21
469,0.00000825,0.00000834,867123919387.405,0.00000844,0.00000816,,23521,2022-12-22
470,0.00000833,0.00000826,809934328440.93,0.00000843,0.00000821,,22912,2022-12-23
471,0.00000826,0.00000832,373246449536.557,0.00000836,0.00000823,,15756,2022-12-24
472,0.00000833,0.00000828,478373326626.948,0.00000839,0.0000082,,14700,2022-12-25
473,0.00000829,0.00000832,480780364697.654,0.00000837,0.00000825,,16520,2022-12-26
474,0.00000832,0.00000818,782570370273.012,0.00000836,0.00000802,,21598,2022-12-27
475,0.00000819,0.00000792,1332736964458.84,0.00000821,0.00000776,,30853,2022-12-28
476,0.00000791,0.00000819,1518250244922.09,0.00000828,0.00000788,,30638,2022-12-29
477,0.00000818,0.00000804,1036528714852.68,0.00000824,0.00000791,,26868,2022-12-30
478,0.00000804,0.00000807,756479508865.395,0.00000819,0.000008,,19623,2022-12-31
479,0.00000806,0.00000812,584507422135.232,0.00000818,0.00000799,,18381,2023-01-01
480,0.00000812,0.00000817,917259373874.574,0.00000827,0.00000802,,23729,2023-01-02
481,0.00000818,0.00000814,891584223421.158,0.00000824,0.00000805,,22423,2023-01-03
482,0.00000814,0.00000838,1716382607316.87,0.00000858,0.00000811,,31431,2023-01-04
483,0.00000837,0.00000837,2181892264550.87,0.00000884,0.00000827,,40473,2023-01-05
484,0.00000836,0.00000842,1522085725728.9,0.00000849,0.00000816,,29597,2023-01-06
485,0.00000842,0.00000843,929638453581.065,0.00000872,0.00000837,,24329,2023-01-07
486,0.00000843,0.00000864,1058158814458.77,0.00000868,0.00000833,,24591,2023-01-08
487,0.00000864,0.00000869,3506719996831.21,0.0000092,0.00000856,,57651,2023-01-09
488,0.00000868,0.00000926,3632851591912.95,0.00000966,0.00000853,,62680,2023-01-10
489,0.00000927,0.00000912,2180022815202.65,0.00000927,0.00000865,,43946,2023-01-11
490,0.00000912,0.00000947,3597262117143.76,0.00000971,0.00000882,,66170,2023-01-12
491,0.00000947,0.00001021,3218343340366.19,0.00001028,0.00000928,,65931,2023-01-13
492,0.0000102,0.00001039,5712814266116.92,0.00001112,0.00000955,,108707,2023-01-14
493,0.00001038,0.00001065,3594868113350.98,0.00001102,0.00000979,,69762,2023-01-15
494,0.00001065,0.00001053,3626383617792.88,0.00001105,0.00001007,,76567,2023-01-16
495,0.00001052,0.00001055,1523519400374.84,0.00001082,0.00001025,,45510,2023-01-17
496,0.00001055,0.00001117,9258337888236.01,0.00001295,0.00001053,,180309,2023-01-18
497,0.00001117,0.00001155,2444885128653.4,0.00001179,0.00001082,,58295,2023-01-19
498,0.00001154,0.00001223,2521656506842.77,0.00001242,0.00001132,,71249,2023-01-20
499,0.00001223,0.00001186,3095571608937.32,0.0000125,0.00001163,,74925,2023-01-21
500,0.00001187,0.00001201,2569679090601.95,0.0000125,0.00001157,,59291,2023-01-22
501,0.000012,0.00001199,1689960193089.84,0.00001221,0.00001179,,51870,2023-01-23
502,0.000012,0.00001119,2206809939610.88,0.00001221,0.00001089,,62630,2023-01-24
503,0.00001118,0.00001165,2348167930537.67,0.00001196,0.00001086,,64465,2023-01-25
504,0.00001165,0.00001162,1393848520971.39,0.00001188,0.00001136,,50905,2023-01-26
505,0.00001161,0.00001173,1600578169560.98,0.00001188,0.00001125,,51053,2023-01-27
506,0.00001174,0.00001182,1887585548357.36,0.00001232,0.00001165,,64327,2023-01-28
507,0.00001182,0.00001207,1369857851214.57,0.00001216,0.00001173,,43684,2023-01-29
508,0.00001208,0.00001152,2025519485940.16,0.00001214,0.00001111,,51755,2023-01-30
509,0.00001151,0.00001181,1661575564725.47,0.00001199,0.00001144,,54080,2023-01-31
510,0.00001182,0.00001197,2402515895616.22,0.00001208,0.0000113,,59603,2023-02-01
511,0.00001197,0.00001213,4091289050160.97,0.000013,0.00001192,,86181,2023-02-02
512,0.00001214,0.00001271,2855919666682.05,0.00001291,0.00001205,,63747,2023-02-03
513,0.00001272,0.00001472,9645670923298.97,0.0000159,0.0000127,,190308,2023-02-04
514,0.00001471,0.0000143,4556691771786.18,0.00001535,0.00001389,,107310,2023-02-05
515,0.00001429,0.00001408,3201930111094.22,0.00001483,0.00001393,,72635,2023-02-06
516,0.00001407,0.00001438,2230212063543.41,0.00001449,0.00001377,,59866,2023-02-07
517,0.00001438,0.00001376,1909634309495.79,0.00001456,0.00001349,,54391,2023-02-08
518,0.00001376,0.00001216,3239301549612.84,0.00001383,0.00001171,,71674,2023-02-09
519,0.00001216,0.00001286,2842437015815.61,0.00001336,0.0000121,,62011,2023-02-10
520,0.00001286,0.00001291,1544277252890.17,0.00001311,0.00001239,,44279,2023-02-11
521,0.0000129,0.00001283,1724709224730.51,0.00001354,0.00001257,,56953,2023-02-12
522,0.00001284,0.00001247,2295049596266.19,0.00001307,0.00001198,,59300,2023-02-13
523,0.00001249,0.00001275,2139218869807.1,0.00001285,0.000012,,54261,2023-02-14
524,0.00001277,0.00001375,3159819863019.97,0.00001388,0.00001254,,70603,2023-02-15
525,0.00001376,0.0000127,4632492262579.88,0.00001399,0.00001256,,91612,2023-02-16
526,0.0000127,0.00001317,2336586370464.34,0.00001336,0.00001262,,50582,2023-02-17
527,0.00001317,0.00001317,1951250724139.34,0.00001341,0.00001302,,43926,2023-02-18
528,0.00001317,0.00001333,2981476032009.99,0.000014,0.0000131,,57945,2023-02-19
529,0.00001333,0.0000135,2160608222755.12,0.00001377,0.00001302,,51545,2023-02-20
530,0.00001349,0.00001305,2737233049045.85,0.00001362,0.00001282,,50731,2023-02-21
531,0.00001306,0.00001316,1906697521842.56,0.00001317,0.00001252,,45199,2023-02-22
532,0.00001315,0.00001313,2613757259551.97,0.00001368,0.00001295,,57527,2023-02-23
533,0.00001313,0.00001254,2033982945079.35,0.00001323,0.00001221,,51145,2023-02-24
534,0.00001254,0.0000124,1339525360475.15,0.00001265,0.00001199,,39736,2023-02-25
535,0.0000124,0.00001284,1504357586434.41,0.0000132,0.00001232,,38641,2023-02-26
536,0.00001284,0.00001252,1329026796544.29,0.00001289,0.00001232,,35067,2023-02-27
537,0.00001252,0.00001201,1665532942558.9,0.00001255,0.00001196,,41610,2023-02-28
538,0.00001202,0.00001225,1189194852790.3,0.00001243,0.00001192,,34714,2023-03-01
539,0.00001224,0.00001206,1293846581379.14,0.00001231,0.00001173,,39739,2023-03-02
540,0.00001205,0.00001138,2334254732034.89,0.00001207,0.0000108,,54656,2023-03-03
541,0.00001139,0.00001112,536305843783.641,0.00001146,0.00001076,,19422,2023-03-04
542,0.00001112,0.0000111,1018592234287.45,0.00001131,0.00001099,,31632,2023-03-05
543,0.0000111,0.00001115,1240107181853.87,0.00001123,0.00001087,,32866,2023-03-06
544,0.00001116,0.00001112,1854127334767.28,0.0000113,0.0000106,,42384,2023-03-07
545,0.00001112,0.00001093,3509824633602.26,0.00001169,0.00001072,,60391,2023-03-08
546,0.00001093,0.00001008,3707002286885.26,0.00001115,0.00000982,,66282,2023-03-09
547,0.00001008,0.00001032,3183026919632.5,0.00001041,0.00000964,,64788,2023-03-10
548,0.00001031,0.00001037,2260458800075.63,0.00001066,0.00000993,,44019,2023-03-11
549,0.00001037,0.00001081,1739042593669.11,0.0000109,0.00001005,,37579,2023-03-12
550,0.00001081,0.00001108,2907070261023.62,0.00001143,0.0000104,,55189,2023-03-13
551,0.00001107,0.00001128,3514512543441.32,0.00001184,0.00001087,,64773,2023-03-14
552,0.00001129,0.00001044,3039278827034.99,0.00001147,0.00001017,,61852,2023-03-15
553,0.00001043,0.00001052,1529632979088.14,0.00001063,0.00001021,,38266,2023-03-16
554,0.00001053,0.00001114,1927707913927.79,0.00001123,0.00001044,,43933,2023-03-17
555,0.00001115,0.00001073,1772801426677.72,0.00001141,0.00001062,,45055,2023-03-18
556,0.00001074,0.00001094,1284911821354.72,0.0000112,0.00001071,,34464,2023-03-19
557,0.00001094,0.00001051,1692552140290.32,0.00001106,0.00001034,,44359,2023-03-20
558,0.00001051,0.00001097,1824496225400.21,0.00001113,0.00001028,,44448,2023-03-21
559,0.00001097,0.00001061,2141360208522.95,0.00001109,0.00001026,,48040,2023-03-22
560,0.0000106,0.00001086,1222371816837.02,0.00001099,0.00001055,,33634,2023-03-23
561,0.00001087,0.00001063,1164117277881.87,0.0000109,0.00001036,,32484,2023-03-24
562,0.00001063,0.00001052,760862281637.492,0.00001072,0.00001038,,23626,2023-03-25
563,0.00001052,0.00001063,549783475969.435,0.0000107,0.00001047,,18628,2023-03-26
564,0.00001062,0.00001042,1537919557974.87,0.00001099,0.00001019,,38029,2023-03-27
565,0.00001041,0.00001045,883199032691.757,0.00001052,0.00001025,,27796,2023-03-28
566,0.00001045,0.00001068,1066862329985.97,0.00001087,0.00001044,,32046,2023-03-29
567,0.00001068,0.00001056,961284323776.73,0.00001081,0.00001035,,30747,2023-03-30
568,0.00001057,0.00001083,952836236092.758,0.00001097,0.00001047,,29496,2023-03-31
569,0.00001083,0.00001119,1836016465708.41,0.00001153,0.00001069,,44557,2023-04-01
570,0.00001118,0.0000108,1334756725901.17,0.0000115,0.0000107,,36750,2023-04-02
571,0.0000108,0.00001123,3446605782827.59,0.0000117,0.00001051,,71086,2023-04-03
572,0.00001122,0.00001124,1699128510544.62,0.00001159,0.00001106,,46859,2023-04-04
573,0.00001122,0.00001123,1254306630986.62,0.00001148,0.00001103,,35506,2023-04-05
574,0.00001122,0.00001097,1287344770107.96,0.00001125,0.00001084,,33596,2023-04-06
575,0.00001097,0.00001094,710864362363.45,0.00001102,0.00001081,,25459,2023-04-07
576,0.00001094,0.00001087,582092814985.033,0.00001108,0.00001077,,22781,2023-04-08
577,0.00001086,0.00001097,523411944193.407,0.00001102,0.00001079,,19893,2023-04-09
578,0.00001096,0.00001113,748074330984.486,0.00001117,0.00001085,,24457,2023-04-10
579,0.00001113,0.00001105,813141151971.409,0.0000112,0.00001101,,28536,2023-04-11
580,0.00001105,0.00001098,1276976272041.31,0.0000111,0.0000106,,32920,2023-04-12
581,0.00001097,0.00001111,863772598983.69,0.00001123,0.0000109,,27299,2023-04-13
582,0.00001111,0.00001125,1829282321886.32,0.00001151,0.00001099,,48009,2023-04-14
583,0.00001125,0.00001156,1110685168259.51,0.00001161,0.00001105,,37776,2023-04-15
584,0.00001156,0.00001158,1733691250915.75,0.00001188,0.00001141,,46989,2023-04-16
585,0.00001156,0.00001138,1430387740688.86,0.00001171,0.0000112,,40005,2023-04-17
586,0.00001137,0.00001158,1007695156802.39,0.00001171,0.00001124,,40691,2023-04-18
587,0.00001158,0.00001085,1855026378898.34,0.00001161,0.00001059,,54403,2023-04-19
588,0.00001084,0.0000106,1511460794110.54,0.00001102,0.00001036,,44337,2023-04-20
589,0.0000106,0.00001029,1158259049877.32,0.00001069,0.00001004,,37454,2023-04-21
590,0.00001028,0.00001045,543773214352.442,0.0000105,0.00001016,,27212,2023-04-22
591,0.00001045,0.00001032,532260948477.971,0.00001047,0.00001007,,27583,2023-04-23
592,0.00001032,0.00001027,549989202559.808,0.00001043,0.00001011,,23994,2023-04-24
593,0.00001027,0.00001036,618347796441.94,0.00001044,0.00001007,,24119,2023-04-25
594,0.00001036,0.00001018,815848630841.814,0.00001075,0.00000974,,30413,2023-04-26
595,0.00001017,0.00001028,609106220568.136,0.00001071,0.00001014,,22444,2023-04-27
596,0.00001028,0.00001025,344559482648.281,0.00001032,0.00001009,,19316,2023-04-28
597,0.00001025,0.00001029,296389613256.742,0.00001038,0.00001019,,16428,2023-04-29
598,0.0000103,0.00001009,335971314597.034,0.00001032,0.00001004,,17710,2023-04-30
599,0.00001009,0.00000997,895543425891.301,0.00001013,0.00000974,,32227,2023-05-01
600,0.00000997,0.00001003,470113384636.633,0.00001013,0.00000985,,24880,2023-05-02
601,0.00001002,0.00001011,658858091854.644,0.00001021,0.00000982,,26410,2023-05-03
602,0.00001011,0.0000099,532337613328.577,0.00001013,0.00000987,,23312,2023-05-04
603,0.0000099,0.00001002,806046302972.75,0.0000104,0.00000976,,29284,2023-05-05
604,0.00001001,0.00000947,1199527701010.38,0.00001007,0.00000919,,34917,2023-05-06
605,0.00000948,0.00000936,596906931183.315,0.00000955,0.00000931,,22399,2023-05-07
606,0.00000936,0.00000893,1718435678360.85,0.00000938,0.00000833,,47815,2023-05-08
607,0.00000892,0.00000901,968068289043.82,0.00000903,0.00000871,,29028,2023-05-09
608,0.00000901,0.00000899,961503142026.377,0.0000093,0.00000861,,28302,2023-05-10
609,0.00000899,0.00000869,943263159209.043,0.00000902,0.00000853,,29657,2023-05-11
610,0.00000868,0.00000885,936203441205.035,0.00000886,0.00000846,,28556,2023-05-12
611,0.00000884,0.00000873,458590936299.571,0.00000886,0.00000867,,18238,2023-05-13
612,0.00000872,0.00000879,361052939383.573,0.00000889,0.00000864,,16351,2023-05-14
613,0.00000878,0.00000879,566685113884.114,0.00000892,0.00000866,,20082,2023-05-15
614,0.0000088,0.00000878,612981112894.545,0.00000884,0.00000867,,19668,2023-05-16
615,0.00000877,0.00000877,799366657429.204,0.00000885,0.00000858,,21960,2023-05-17
616,0.00000877,0.00000869,788075763200.21,0.00000884,0.00000849,,22260,2023-05-18
617,0.0000087,0.00000868,485582834535.679,0.00000875,0.00000864,,17487,2023-05-19
618,0.00000869,0.00000872,335880162839.61,0.00000878,0.00000863,,14544,2023-05-20
619,0.00000873,0.00000852,431416686941.973,0.00000877,0.00000848,,15649,2023-05-21
620,0.00000853,0.00000879,1218861945508.78,0.00000902,0.00000842,,26942,2023-05-22
621,0.00000878,0.00000889,1037868120474.06,0.00000917,0.00000878,,22985,2023-05-23
622,0.00000889,0.00000851,851475535423.206,0.00000891,0.00000841,,22849,2023-05-24
623,0.0000085,0.0000085,727357332043.228,0.00000869,0.00000829,,20890,2023-05-25
624,0.00000851,0.00000854,593568283622.435,0.00000864,0.00000843,,17699,2023-05-26
625,0.00000855,0.00000863,276374588215.634,0.00000866,0.00000851,,12092,2023-05-27
626,0.00000864,0.00000881,811655959570.993,0.00000891,0.00000859,,19670,2023-05-28
627,0.0000088,0.0000087,543501215483.69,0.00000889,0.00000868,,16410,2023-05-29
628,0.0000087,0.00000867,525452614540.996,0.00000884,0.00000862,,17085,2023-05-30
629,0.00000867,0.00000859,915711359870.175,0.00000872,0.00000832,,22790,2023-05-31
630,0.00000858,0.00000847,723525758291.514,0.00000878,0.00000844,,21606,2023-06-01
631,0.00000846,0.00000861,845150658650.537,0.00000874,0.00000825,,24484,2023-06-02
632,0.0000086,0.0000086,384942672770.587,0.0000087,0.00000852,,14918,2023-06-03
633,0.0000086,0.00000861,394847199013.608,0.0000087,0.00000854,,14040,2023-06-04
634,0.0000086,0.00000799,1441351976675.13,0.00000867,0.00000774,,34927,2023-06-05
635,0.00000798,0.00000817,930072517377.839,0.00000825,0.00000786,,24944,2023-06-06
636,0.00000817,0.00000787,833888080006.741,0.00000819,0.00000776,,25261,2023-06-07
637,0.00000788,0.00000795,490485495613.875,0.00000801,0.00000781,,18863,2023-06-08
638,0.00000796,0.00000788,796342994164.803,0.00000805,0.00000759,,20422,2023-06-09
639,0.00000787,0.00000687,4780298056177.05,0.00000793,0.00000551,,89704,2023-06-10
640,0.00000686,0.00000667,1179369401287.57,0.00000688,0.00000654,,26481,2023-06-11
641,0.00000667,0.00000667,1124845830480.6,0.00000671,0.00000639,,24026,2023-06-12
642,0.00000667,0.0000068,980018322849.776,0.00000694,0.0000066,,22634,2023-06-13
643,0.0000068,0.00000656,1219989339246.55,0.00000696,0.00000644,,24900,2023-06-14
644,0.00000656,0.00000674,947003028624.702,0.00000684,0.00000649,,23543,2023-06-15
645,0.00000674,0.00000684,771689730611.183,0.00000687,0.0000066,,22229,2023-06-16
646,0.00000683,0.00000698,672525462539.424,0.000007,0.00000678,,19144,2023-06-17
647,0.00000698,0.00000721,2026809297861.55,0.00000756,0.00000691,,35748,2023-06-18
648,0.00000721,0.00000723,974221685916.674,0.00000734,0.00000704,,21985,2023-06-19
649,0.00000723,0.00000727,984967519873.444,0.00000729,0.00000698,,22067,2023-06-20
650,0.00000727,0.00000755,1493310170510.1,0.00000764,0.00000725,,30255,2023-06-21
651,0.00000754,0.0000078,3052799167348.82,0.00000846,0.00000753,,54483,2023-06-22
652,0.0000078,0.00000794,1308380090371.33,0.00000815,0.00000771,,28840,2023-06-23
653,0.00000794,0.00000781,960474621129.099,0.00000808,0.00000767,,21153,2023-06-24
654,0.00000781,0.00000787,851205842457.959,0.00000804,0.00000776,,19969,2023-06-25
655,0.00000785,0.00000756,1119706263205.17,0.00000792,0.00000743,,23397,2023-06-26
656,0.00000756,0.0000076,711979073039.193,0.00000768,0.00000747,,18005,2023-06-27
657,0.00000761,0.00000722,1153704046320.53,0.00000761,0.00000702,,24698,2023-06-28
658,0.00000722,0.00000732,954497136446.559,0.00000744,0.00000719,,17925,2023-06-29
659,0.00000733,0.00000755,2167352694616.8,0.00000766,0.00000702,,31899,2023-06-30
660,0.00000756,0.00000764,1116049500428.83,0.00000778,0.00000749,,20318,2023-07-01
661,0.00000764,0.00000766,986486138542.256,0.00000772,0.00000742,,17788,2023-07-02
662,0.00000766,0.00000777,905322967459.882,0.0000078,0.00000762,,19225,2023-07-03
663,0.00000776,0.00000768,1066542135406.26,0.00000787,0.0000076,,20068,2023-07-04
664,0.00000768,0.00000747,1089755201713.76,0.00000775,0.00000735,,19836,2023-07-05
665,0.00000746,0.00000715,1075965993986.03,0.00000768,0.00000713,,22896,2023-07-06
666,0.00000715,0.00000732,861954931587.101,0.00000733,0.00000706,,19301,2023-07-07
667,0.00000731,0.00000765,822806029243.552,0.00000773,0.00000726,,18800,2023-07-08
668,0.00000765,0.00000773,887214258146.929,0.00000781,0.00000757,,19054,2023-07-09
669,0.00000775,0.00000755,936227849044.491,0.00000775,0.00000741,,20008,2023-07-10
670,0.00000755,0.00000752,628615983347.406,0.00000762,0.00000743,,16614,2023-07-11
671,0.00000752,0.00000751,747486351039.436,0.00000762,0.00000735,,17439,2023-07-12
672,0.00000751,0.00000799,2103199916536.06,0.00000813,0.00000743,,37088,2023-07-13
673,0.00000799,0.00000799,2529215179342.06,0.00000844,0.00000757,,52616,2023-07-14
674,0.00000798,0.0000081,1657518265739.25,0.00000853,0.00000791,,37636,2023-07-15
675,0.0000081,0.00000785,972473775881.994,0.00000818,0.00000782,,22891,2023-07-16
676,0.00000786,0.00000784,945759764434.935,0.00000808,0.00000761,,24267,2023-07-17
677,0.00000784,0.00000772,634343908923.893,0.00000791,0.00000757,,19364,2023-07-18
678,0.00000771,0.00000775,739189662828.438,0.00000845,0.00000764,,20783,2023-07-19
679,0.00000774,0.0000077,817607055861.438,0.00000793,0.00000761,,21922,2023-07-20
680,0.0000077,0.00000784,780166761332.931,0.00000808,0.00000764,,20746,2023-07-21
681,0.00000784,0.00000778,476367394014.973,0.00000792,0.0000077,,15638,2023-07-22
682,0.00000777,0.00000786,456576183781.561,0.00000792,0.00000772,,13417,2023-07-23
683,0.00000785,0.00000766,1008012876090.65,0.00000802,0.00000757,,23957,2023-07-24
684,0.00000767,0.00000791,1110885582599.48,0.00000795,0.00000764,,24898,2023-07-25
685,0.00000792,0.00000785,794909251367.909,0.00000798,0.00000771,,20471,2023-07-26
686,0.00000786,0.0000078,489626936203.934,0.00000794,0.00000773,,16771,2023-07-27
687,0.0000078,0.00000817,1763350409432.6,0.00000845,0.00000777,,36601,2023-07-28
688,0.00000817,0.00000852,1436043978560.96,0.00000865,0.00000813,,33543,2023-07-29
689,0.00000852,0.00000828,1546676664269.15,0.00000878,0.0000081,,31678,2023-07-30
690,0.00000829,0.00000847,1395768558077.47,0.00000872,0.00000822,,29114,2023-07-31
691,0.00000846,0.00000842,1014955670508.46,0.00000846,0.00000812,,27305,2023-08-01
692,0.00000841,0.00000815,672316023647.659,0.00000847,0.00000805,,22198,2023-08-02
693,0.00000815,0.00000828,707235880108.402,0.00000838,0.00000811,,21074,2023-08-03
694,0.00000827,0.00000868,1443917528872.53,0.00000884,0.00000827,,35315,2023-08-04
695,0.00000867,0.00000998,5205455379146.25,0.0000105,0.00000864,,101118,2023-08-05
696,0.00000998,0.00000937,2423165440708.23,0.00001027,0.00000918,,50378,2023-08-06
697,0.00000937,0.00000897,1541396051554.05,0.00000947,0.00000875,,34932,2023-08-07
698,0.00000896,0.00000953,1907899247989.68,0.00000968,0.00000886,,40462,2023-08-08
699,0.00000952,0.00000963,1967080430911.71,0.00001005,0.00000941,,44622,2023-08-09
700,0.00000962,0.0000099,1948926429563.94,0.00001017,0.00000957,,39557,2023-08-10
701,0.00000992,0.00001051,2318463853628.17,0.0000106,0.00000978,,47078,2023-08-11
702,0.00001052,0.00001066,3789853979522.23,0.00001135,0.00001035,,69709,2023-08-12
703,0.00001066,0.00001021,1885335260490.39,0.00001083,0.00001012,,39216,2023-08-13
704,0.00001021,0.00001016,3512993938240.42,0.00001064,0.00000996,,54376,2023-08-14
705,0.00001017,0.00000992,3591945643746.15,0.00001065,0.00000934,,63546,2023-08-15
706,0.00000993,0.00000921,3942044077997.38,0.00001015,0.00000899,,74168,2023-08-16
707,0.0000092,0.00000813,4766744344638.06,0.00000935,0.00000724,,81336,2023-08-17
708,0.00000813,0.00000859,2596995057937.86,0.00000872,0.00000804,,55119,2023-08-18
709,0.00000857,0.00000844,1131445876692.75,0.00000869,0.00000831,,26465,2023-08-19
710,0.00000844,0.00000831,795713913657.042,0.00000848,0.00000814,,21204,2023-08-20
711,0.0000083,0.00000798,1529123640351.87,0.00000838,0.00000775,,30905,2023-08-21
712,0.00000797,0.00000799,1498751344398.63,0.00000807,0.00000755,,31851,2023-08-22
713,0.00000799,0.00000831,1764210242156.68,0.00000855,0.00000797,,31601,2023-08-23
714,0.00000831,0.00000822,938934780641.04,0.00000836,0.00000803,,19673,2023-08-24
715,0.00000821,0.00000815,969463721150.487,0.00000826,0.00000798,,21919,2023-08-25
716,0.00000814,0.00000809,545321841092.218,0.00000826,0.00000807,,13719,2023-08-26
717,0.00000809,0.00000803,448102542929.475,0.00000818,0.000008,,12073,2023-08-27
718,0.00000805,0.00000822,1252672199111.45,0.00000833,0.00000785,,23102,2023-08-28
719,0.00000823,0.00000837,1575773578658.67,0.00000846,0.00000804,,27542,2023-08-29
720,0.00000836,0.00000815,780615410505.337,0.00000838,0.00000807,,11808,2023-08-30
721,0.00000816,0.00000799,998054357756.045,0.00000825,0.00000779,,15567,2023-08-31
