SUSHIUSD,open_price,close_price,trading_volume,highest_price,lowest_price,volume_weighted_avg_price,transaction_amt,date_time
0,12.047,13.846,3357969.25859025,13.95,11.69,12.9883,71096,2021-09-01
1,13.853,13.106,1384166.38243131,13.939,12.923,13.3121,38219,2021-09-02
2,13.116,13.09,1212913.39023116,13.568,12.762,13.1385,38592,2021-09-03
3,13.091,13.092,903405.928539462,13.32,12.828,13.0761,27163,2021-09-04
4,13.108,14.283,1449796.96631824,14.289,12.985,13.8447,30942,2021-09-05
5,14.28,13.627,1161444.3273033,14.304,13.269,13.8053,26849,2021-09-06
6,13.63,10.907,3781007.78684425,13.817,9.32088,11.7352,61266,2021-09-07
7,10.93,11.294,2679158.77657456,11.64,10.079,10.8943,46151,2021-09-08
8,11.329,10.994,1845419.2049809,11.92,10.952,11.3954,35986,2021-09-09
9,11.006,10.134,1779043.08735557,11.408,9.7976,10.6038,37361,2021-09-10
10,10.135,10.568,1186198.12182756,10.885,10.06,10.4718,22165,2021-09-11
11,10.568,11.877,2321744.13619972,11.942,10.325,11.3212,36908,2021-09-12
12,11.877,11.083,2966882.14896886,12.061,10.056,10.7959,56497,2021-09-13
13,11.085,13.196,3246799.9827981,13.308,10.982,12.1281,50928,2021-09-14
14,13.205,15.17,4694669.07264296,16,12.58626,14.0858,87879,2021-09-15
15,15.161,14.918,5198289.36063385,16.164,14.319,15.2417,103856,2021-09-16
16,14.918,12.516,6881269.12325101,15.258,12.291,13.5545,98001,2021-09-17
17,12.525,12.687,3718607.64260053,13.296,12.106,12.7241,56540,2021-09-18
18,12.689,12.047,1755709.00223274,12.72,11.781,12.1756,29975,2021-09-19
19,12.053,10.315,4012125.51509715,12.101,9.903,10.8529,59633,2021-09-20
20,10.309,9.231,4205991.36168157,10.878,8.9,9.9251,64941,2021-09-21
21,9.23,10.521,2818417.32454764,10.697,9.066,9.9645,38532,2021-09-22
22,10.524,10.639,2625041.45126264,10.912,10.13,10.4919,37398,2021-09-23
23,10.636,9.681,2875963.92670219,10.653,8.9394,9.6904,40105,2021-09-24
24,9.676,9.516,1732095.28005837,9.8245,9.071,9.5215,24313,2021-09-25
25,9.507,11.398,5505879.23122313,11.577,8.5,10.4717,68865,2021-09-26
26,11.403,10.02,2750742.45330057,11.952,9.968,10.9733,41486,2021-09-27
27,10.004,9.674,2244774.06140913,10.407,9.567,10.0127,31316,2021-09-28
28,9.678,9.507,2126118.13324248,10.081,9.219,9.6636,24135,2021-09-29
29,9.503,10.153,1493029.16845821,10.174,9.455,9.9211,19489,2021-09-30
30,10.156,10.831,1873034.54896571,10.973,10.048,10.5907,23501,2021-10-01
31,10.831,10.9,1295948.59289514,11.312,10.5,10.9764,19564,2021-10-02
32,10.892,10.818,1032596.10233309,11.182,10.662,10.9379,15226,2021-10-03
33,10.818,10.359,1415306.86164982,10.818,10.061,10.4408,20351,2021-10-04
34,10.374,10.847,1669894.6305838,10.926,10.281,10.5193,21997,2021-10-05
35,10.85,10.522,2260673.85492118,11.001,9.89,10.6089,30767,2021-10-06
36,10.529,10.791,1449427.4450556,11.14,10.23,10.6509,23204,2021-10-07
37,10.794,10.734,1671944.05443622,11.518,10.666,11.0894,25740,2021-10-08
38,10.742,10.95,595208.033930542,10.977,10.573,10.8279,10135,2021-10-09
39,10.949,10.265,894290.523856593,11.139,10.192,10.7647,16086,2021-10-10
40,10.245,10.331,1040682.68523226,10.85,9.986,10.4154,16197,2021-10-11
41,10.335,10.045,1154602.77835872,10.345,9.665,9.9541,16910,2021-10-12
42,10.044,10.259,1858302.35941003,10.76595,9.748,10.1892,26154,2021-10-13
43,10.259,10.753,1437181.97636787,10.92632,10.098,10.4909,19850,2021-10-14
44,10.775,11.089,1570186.11566813,11.33,10.357,10.8584,23524,2021-10-15
45,11.085,11.396,1877752.46491675,11.884,10.885,11.5205,26487,2021-10-16
46,11.393,11.132,1290363.97148026,11.788,10.708,11.3228,19656,2021-10-17
47,11.145,10.799,677574.616206358,11.337,10.707,10.9525,11695,2021-10-18
48,10.799,10.726,926785.497426303,11.03,10.471,10.7581,15202,2021-10-19
49,10.724,11.529,1113063.3032566,11.602,10.482,11.1412,24894,2021-10-20
50,11.539,10.898,1412239.30032273,11.715,10.76,11.2744,32301,2021-10-21
51,10.902,10.693,783674.289263229,11.378,10.579,10.9228,18366,2021-10-22
52,10.692,10.994,621572.688316347,11.052,10.527,10.7785,14535,2021-10-23
53,10.997,10.532,1229597.66786237,11.144,10.234,10.6983,18144,2021-10-24
54,10.537,10.762,720495.142650425,10.774,10.486,10.6436,11243,2021-10-25
55,10.769,11.373,3559501.40184893,12.168,10.73526,11.5309,43879,2021-10-26
56,11.374,10.14,3240271.61379626,12.238,10.103,10.9994,44006,2021-10-27
57,10.154,10.974,1878577.26913528,11.04937,10.09,10.6753,26017,2021-10-28
58,10.974,11.468,1638864.05874933,11.793,10.888,11.4135,26836,2021-10-29
59,11.478,11.097,1181998.5036268,11.48,10.817,11.1126,17578,2021-10-30
60,11.075,10.898,1491484.79506281,11.294,10.575,10.909,19757,2021-10-31
61,10.88,12.75,5630990.0081281,13.113,10.556,12.1951,71480,2021-11-01
62,12.75,12.127,2188855.33231644,12.984,12.078,12.4361,35253,2021-11-02
63,12.13,13.435,3326329.76149224,13.45,11.876,12.6251,50622,2021-11-03
64,13.437,12.948,1971388.33652682,13.444,12.07,12.6837,31348,2021-11-04
65,12.942,12.147,1280498.61521251,13.306,12.125,12.6015,20768,2021-11-05
66,12.149,11.831,1333277.44702973,12.24695,11.32,11.7941,24394,2021-11-06
67,11.848,12.091,1076243.22799387,12.274,11.563,11.9336,17088,2021-11-07
68,12.105,12.313,904022.68764276,12.333,11.942,12.1283,15473,2021-11-08
69,12.308,11.959,1289331.72943036,12.45575,11.951,12.1985,20531,2021-11-09
70,11.979,11.09,3308441.56728815,12.259,10.49798,11.3952,39298,2021-11-10
71,11.09,11.145,809130.271654894,11.409,10.919,11.1759,15577,2021-11-11
72,11.14,10.975,1089762.95474397,11.392,10.555,10.9541,17820,2021-11-12
73,10.978,11.187,720221.771289183,11.218,10.704,11.0008,11562,2021-11-13
74,11.189,11.058,450021.602105373,11.302,10.762,11.0301,9131,2021-11-14
75,11.053,10.341,1194123.68068051,11.217,10.321,10.7652,16557,2021-11-15
76,10.334,9.651,2526544.49149748,10.347,9.13033,9.7789,34685,2021-11-16
77,9.666,9.742,1036668.06721729,10.105,9.516,9.8147,18063,2021-11-17
78,9.743,8.788,2702329.76988978,10.144,8.617,9.2312,35439,2021-11-18
79,8.798,9.01,1489737.11196608,9.345,8.637,8.9756,19617,2021-11-19
80,9.01,9.05,1422261.28257807,9.246,8.71,8.9881,18210,2021-11-20
81,9.052,8.743,1314610.68056882,9.1781,8.679,8.9123,18649,2021-11-21
82,8.758,8.2278,2281783.21818322,8.778,8.11889,8.3671,27587,2021-11-22
83,8.229,8.374,1491687.6152389,8.661,8.133,8.4425,20714,2021-11-23
84,8.376,7.953,1816666.26939214,8.4547,7.8257,8.0429,22395,2021-11-24
85,7.9465,8.2072,2392519.4586814,8.4154,7.657,8.0713,28394,2021-11-25
86,8.2084,7.031,5195434.92151606,8.427,6.863,7.3431,53076,2021-11-26
87,7.035,7.053,1730768.96731203,7.344,6.961,7.1828,19213,2021-11-27
88,7.045,7.955,4705013.4534214,8.05,6.654,7.4118,48286,2021-11-28
89,7.952,7.47,3755258.65138066,8.1876,7.453,7.7976,43952,2021-11-29
90,7.465,8.013,2297909.9010946,8.066,7.185,7.6312,25783,2021-11-30
91,8.008,7.556,2005855.29264513,8.198,7.521,7.9129,25242,2021-12-01
92,7.558,7.374,1628567.92212995,7.62614,7.1865,7.4384,19530,2021-12-02
93,7.3721,6.827,1941840.72707135,7.484,6.6124,7.1227,20734,2021-12-03
94,6.8257,5.832,5433758.54886309,6.877,0.51,5.7554,56687,2021-12-04
95,5.839,5.283,3690693.30418372,5.976,5.088,5.4704,31938,2021-12-05
96,5.286,6.335,6182483.65661386,6.477,4.806,5.5373,47043,2021-12-06
97,6.334,5.8704,3684472.9746724,6.455,5.78,6.1429,35042,2021-12-07
98,5.872,6.639,5704974.36932997,6.951,5.644,6.2142,43087,2021-12-08
99,6.633,5.5022,2948306.49773161,6.651,5.42,5.9218,24313,2021-12-09
100,5.5032,5.09,2947226.11764782,5.77,5.06,5.3293,21532,2021-12-10
101,5.0915,5.7316,2655932.24961717,5.78,5,5.4794,18875,2021-12-11
102,5.7331,5.58,1153057.08552698,5.74,5.33,5.5345,9106,2021-12-12
103,5.59,5.65,7107928.69299529,6.37,5.25405,5.881,53430,2021-12-13
104,5.64,5.74,3590126.18926315,5.94,5.35,5.6686,26298,2021-12-14
105,5.74,5.9524,3188664.69776995,6.16,5.61,5.9095,24286,2021-12-15
106,5.94,5.6938,1834400.75288352,6.21,5.65,5.9463,13729,2021-12-16
107,5.7,5.5148,1799497.79325092,5.85,5.35,5.5779,12746,2021-12-17
108,5.51,5.61,2821299.17239324,5.93,5.45,5.664,16236,2021-12-18
109,5.61,5.3348,1729141.62465719,5.64,5.3,5.5042,10289,2021-12-19
110,5.34,5.483,1742104.08159428,5.53,5.09,5.3106,9767,2021-12-20
111,5.48,5.8464,3809937.740574,5.87,5.33,5.562,18220,2021-12-21
112,5.84,6.36,4510751.04798328,6.5129,5.61,6.0187,29670,2021-12-22
113,6.36,7.3,7189072.58157609,7.49,6.2299,6.8516,56203,2021-12-23
114,7.32,7.94,7440153.68012072,8,7.04,7.5945,46987,2021-12-24
115,7.95,7.65,3245007.2001058,8.163,7.23,7.6354,24496,2021-12-25
116,7.6464,7.93,3158906.19361081,7.97,7.14,7.6536,23973,2021-12-26
117,7.94,9.15,6210261.74913145,9.59,7.6123,8.9261,55894,2021-12-27
118,9.15,9.06,9698580.68512801,10.07,8.42,9.183,83978,2021-12-28
119,9.06,9.26,5853191.06570971,10.03,8.7323,9.3598,51686,2021-12-29
120,9.26,10.25,5724677.82970376,10.69603,8.78,9.8191,59046,2021-12-30
121,10.25,9.4227,4322038.6399987,10.413,9.33,9.8559,48395,2021-12-31
122,9.41,9.14,2596935.13100026,9.5,9,9.2552,27427,2022-01-01
123,9.13,8.93,2331753.12538201,9.38,8.8,9.0897,25474,2022-01-02
124,8.93,8.51,2594045.94440496,9.45,8.44,8.9349,29413,2022-01-03
125,8.51,8.07,7324421.09944413,8.7809,7.93,8.31,54000,2022-01-04
126,8.08,7.6465,5241882.79616827,9.05,7.24,8.315,48824,2022-01-05
127,7.6465,7.4413,2863293.36763087,7.84,7.1,7.4301,25258,2022-01-06
128,7.44,7.17,5051806.32144004,7.47,6.4,6.8503,36862,2022-01-07
129,7.18,6.56,2239875.47029476,7.33,6.29,6.8124,19756,2022-01-08
130,6.55,6.93,2383466.22689398,7.21,6.52,6.8829,15694,2022-01-09
131,6.93,6.56,2563580.75450597,7.22,6.22,6.6748,18761,2022-01-10
132,6.6,6.9941,1800191.96039952,7.11,6.47,6.8198,14427,2022-01-11
133,7,7.1099,2091034.271088,7.3,6.93,7.1179,15209,2022-01-12
134,7.1098,7.03,2470781.93672278,7.56,6.83,7.2332,19925,2022-01-13
135,7.03,7.03,1581827.83463783,7.36,6.72,7.0219,12706,2022-01-14
136,7.0262,7.0386,962185.435029291,7.22,6.96,7.0991,8939,2022-01-15
137,7.0264,6.9721,784124.943655667,7.09,6.858,6.9744,8095,2022-01-16
138,6.98,6.4397,1534011.77091842,6.98,6.32,6.5835,12943,2022-01-17
139,6.4397,6.21,1564911.97114558,6.58,6.01,6.2345,12243,2022-01-18
140,6.2155,6.0501,1608828.64496388,6.25,5.91,6.0732,11625,2022-01-19
141,6.0462,5.81,1986421.95431183,6.5915,5.7667,6.1968,14908,2022-01-20
142,5.8111,4.96,4839275.80264575,5.94,4.7752,5.4208,28340,2022-01-21
143,4.9522,4.4138,3920958.90962877,5.12,3.9691,4.5392,31381,2022-01-22
144,4.4184,4.66,1743905.80183746,4.7874,4.31,4.5447,14757,2022-01-23
145,4.66,4.4012,3295087.97122139,4.66,3.78,4.1408,22550,2022-01-24
146,4.4018,4.54,1633365.69091,4.66,4.26,4.461,14044,2022-01-25
147,4.53,4.2627,3395005.84916784,4.81,4.1194,4.428,22687,2022-01-26
148,4.27,4.0557,2741638.76306858,4.2908,3.85,4.0806,20420,2022-01-27
149,4.06,4.16,2435153.14024994,4.2141,3.9372,4.0937,16091,2022-01-28
150,4.1594,4.1866,1747063.2587702,4.41,4.11,4.21,11575,2022-01-29
151,4.19,4.09,1286519.3397669,4.36,4,4.1652,9947,2022-01-30
152,4.09,4.2287,1900991.33857571,4.31,3.87,4.1038,12926,2022-01-31
153,4.222,4.3552,2807081.90742754,4.5,4.2,4.3632,15629,2022-02-01
154,4.36,4.09,1952652.74849534,4.45,4.03,4.2674,12792,2022-02-02
155,4.09,4.098,1396853.75755195,4.1349,3.93,4.0358,9908,2022-02-03
156,4.098,4.47,1429474.59174101,4.48,4.04,4.2155,10131,2022-02-04
157,4.47,4.6832,2679330.73360512,4.91,4.42,4.7151,18599,2022-02-05
158,4.6828,4.8064,1400885.08393998,4.82,4.47,4.6615,10640,2022-02-06
159,4.81,4.9645,2174681.99232307,4.9713,4.67,4.8499,15885,2022-02-07
160,4.97,4.65,2326083.36286203,5.09,4.51,4.7445,15727,2022-02-08
161,4.65,4.7634,1663318.61589041,4.8,4.54,4.6882,10239,2022-02-09
162,4.7609,4.4058,2331847.4689442,4.84,4.3659,4.6157,15284,2022-02-10
163,4.4087,4.1,2678728.08890611,4.52,4.04,4.3024,15182,2022-02-11
164,4.0992,4.1573,2279416.78357807,4.28,4.01,4.1453,12331,2022-02-12
165,4.1568,4.03,1306085.49023293,4.2521,3.98,4.1147,8026,2022-02-13
166,4.0333,4.07,1262600.79364745,4.13,3.9398,4.0418,9345,2022-02-14
167,4.07,4.43,1286128.73797007,4.4523,4.06,4.2526,9035,2022-02-15
168,4.4303,4.3002,1506454.90010497,4.44,4.1883,4.3331,10018,2022-02-16
169,4.3033,3.9519,2251915.48035767,4.34,3.9,4.1143,15000,2022-02-17
170,3.95,3.901,2201757.7152029,4.1,3.8203,3.9398,12850,2022-02-18
171,3.8992,3.8666,1610754.35516569,3.96,3.74,3.8578,8749,2022-02-19
172,3.87,3.6322,1955312.32916499,3.87,3.5594,3.6772,11105,2022-02-20
173,3.6383,3.28,2395571.05590189,3.81,3.2589,3.5579,13990,2022-02-21
174,3.26,3.4012,2081757.37987273,3.41,3.14,3.2799,13990,2022-02-22
175,3.39,3.28,1587173.65704322,3.5603,3.27,3.4295,10244,2022-02-23
176,3.28,3.1431,5173352.56862658,3.3,2.75,2.987,29288,2022-02-24
177,3.14,3.3,2817298.34321601,3.36,3.08,3.2032,16899,2022-02-25
178,3.305,3.2509,1602269.9733929,3.4228,3.21,3.3099,9827,2022-02-26
179,3.256,3.1244,2293891.40395104,3.4511,3.0665,3.2364,13449,2022-02-27
180,3.1254,3.54,1790418.55616609,3.5421,3.09,3.2874,11218,2022-02-28
181,3.54,3.4719,1847373.28740461,3.6213,3.4,3.503,10087,2022-03-01
182,3.4759,3.4112,2999301.30302529,3.64,3.36,3.4771,13210,2022-03-02
183,3.41,3.3,2014954.63443287,3.43,3.23,3.3505,8751,2022-03-03
184,3.306,3.04,1864319.2651618,3.32,3,3.1824,8636,2022-03-04
185,3.05,3.1,1064232.02476372,3.14,2.9488,3.055,6361,2022-03-05
186,3.1,2.91,1670084.40013063,3.14,2.89,3.0267,10212,2022-03-06
187,2.9009,2.8812,2908866.84030469,3.0244,2.77,2.8872,14891,2022-03-07
188,2.8812,2.9021,2800901.24476556,3.1,2.82,2.9624,14111,2022-03-08
189,2.9,3.19,2997086.89032796,3.24,2.89,3.1104,13032,2022-03-09
190,3.1886,2.984,2519126.51881131,3.19,2.87,2.9797,9931,2022-03-10
191,2.9876,2.89,1571656.62378184,3.0044,2.85,2.9249,7444,2022-03-11
192,2.894,2.9075,1321820.85325714,2.99,2.894,2.9412,5843,2022-03-12
193,2.9038,2.7863,1344381.55490918,2.97,2.7593,2.8799,6326,2022-03-13
194,2.7888,2.9,1484174.39077589,2.9,2.7626,2.8378,7077,2022-03-14
195,2.89,2.9245,1777968.45090358,2.95,2.7691,2.8618,8064,2022-03-15
196,2.9274,3.12,2654862.74018148,3.172,2.89,3.0076,11636,2022-03-16
197,3.1166,3.17,2703980.15017994,3.2648,3.0978,3.1811,11943,2022-03-17
198,3.17,3.31,2209584.99532221,3.36,3.07,3.2179,10781,2022-03-18
199,3.3066,3.3541,1852993.56927276,3.44,3.27,3.3488,9481,2022-03-19
200,3.3533,3.239,2338242.34534693,3.51,3.16,3.3199,11393,2022-03-20
201,3.24,3.31,2257439.76577055,3.4064,3.1699,3.3091,10438,2022-03-21
202,3.3048,3.45,3459705.59201502,3.57,3.28,3.4659,13992,2022-03-22
203,3.45,3.683,3618091.36334606,3.7,3.43,3.5505,15970,2022-03-23
204,3.68,3.67,2866317.89004557,3.72,3.55,3.6184,12623,2022-03-24
205,3.6625,3.6133,4173697.21850429,3.81,3.51,3.6478,18333,2022-03-25
206,3.62,3.64,1877068.29964424,3.7031,3.53,3.6089,8766,2022-03-26
207,3.64,3.99,3796161.9940922,4,3.54,3.7999,17808,2022-03-27
208,3.991,3.81,5537365.43247462,4.16,3.74,4.017,29753,2022-03-28
209,3.8086,4.215,6482911.90221581,4.27,3.7971,4.0992,31742,2022-03-29
210,4.2097,4.4745,5952403.49725364,4.51,4,4.2795,31360,2022-03-30
211,4.4745,4.41,7575150.35030188,5.09,4.34,4.7475,43687,2022-03-31
212,4.4007,4.51,3889412.12817372,4.78,4.16,4.4546,22580,2022-04-01
213,4.51,4.35,3956524.67937801,4.8,4.33,4.5885,22105,2022-04-02
214,4.3514,4.4449,2743237.10362128,4.53,4.28,4.4085,14298,2022-04-03
215,4.45,4.35,2652496.60159099,4.48,4.0702,4.3167,15194,2022-04-04
216,4.3426,4.09,1308782.64475043,4.42,4.08,4.2555,9667,2022-04-05
217,4.09,3.57,2156409.58236766,4.09,3.55,3.7776,15891,2022-04-06
218,3.5658,3.6407,1246308.39656558,3.71,3.4735,3.6029,8443,2022-04-07
219,3.64,3.3864,1106246.4614171,3.67,3.3583,3.5255,7883,2022-04-08
220,3.38,3.5623,742751.991998748,3.58,3.38,3.4828,6036,2022-04-09
221,3.5649,3.4,632008.39341494,3.63,3.3872,3.5239,5028,2022-04-10
222,3.3931,3.1,1504642.85071283,3.43,3.0773,3.2342,9984,2022-04-11
223,3.11,3.22,989484.042232705,3.29,3.09,3.1974,7349,2022-04-12
224,3.2252,3.34,829215.016621954,3.35,3.17,3.2744,6002,2022-04-13
225,3.34,3.21,1670966.42097923,3.53,3.18,3.3665,10277,2022-04-14
226,3.21,3.3,592588.991939858,3.37,3.2,3.2821,4792,2022-04-15
227,3.29,3.33,458274.290741879,3.37,3.24,3.2934,3933,2022-04-16
228,3.34,3.196,658787.330493245,3.4,3.16,3.324,5274,2022-04-17
229,3.19,3.29,1521607.79325658,3.32,3.02,3.1534,8623,2022-04-18
230,3.29,3.3626,921937.247498769,3.38,3.24,3.3161,5928,2022-04-19
231,3.36,3.51,2665580.16900115,3.7,3.24,3.4567,17437,2022-04-20
232,3.5159,3.4506,2437797.41931605,3.67,3.37,3.5275,17161,2022-04-21
233,3.46,3.5288,2972635.69657333,3.7233,3.42,3.5611,16627,2022-04-22
234,3.5286,3.4172,1034636.37402335,3.55,3.37,3.4395,9779,2022-04-23
235,3.4185,3.36,1119668.27667115,3.5669,3.35,3.4538,8214,2022-04-24
236,3.3682,3.28,1522476.68684441,3.38,3.08,3.2118,12187,2022-04-25
237,3.28,2.9129,1923453.03927164,3.3129,2.8591,3.0941,15210,2022-04-26
238,2.9068,2.99,1323043.50192406,3.03,2.9,2.9657,8893,2022-04-27
239,2.9976,2.9891,1584867.18986706,3.05,2.91,2.9857,9547,2022-04-28
240,2.98,2.7043,2207827.1477701,3.02,2.66,2.836,13332,2022-04-29
241,2.7,2.2934,2768313.46010992,2.7533,2.24,2.5396,14825,2022-04-30
242,2.2962,2.39,2468082.13546151,2.46,2.2651,2.3445,13834,2022-05-01
243,2.39,2.3625,1583830.45094371,2.44,2.26,2.3593,10969,2022-05-02
244,2.36,2.327,1263883.48252059,2.46,2.29,2.3899,8226,2022-05-03
245,2.32,2.6188,1436789.18779418,2.6497,2.31,2.459,9191,2022-05-04
246,2.617,2.28,2466762.51992909,2.6332,2.2087,2.3714,15043,2022-05-05
247,2.27,2.2451,2039963.82985287,2.33,2.17,2.249,14499,2022-05-06
248,2.2463,2.1434,1071383.4108364,2.2606,2.07,2.1913,9994,2022-05-07
249,2.14,2.11,1279189.01158327,2.19,2.06,2.1258,11994,2022-05-08
250,2.1132,1.73,4262617.3646193,2.16,1.7,1.8989,25955,2022-05-09
251,1.7302,1.7926,5000114.04694761,2.0148,1.6798,1.8445,25778,2022-05-10
252,1.7844,1.32,5762887.12762467,1.85,1.22,1.5132,29489,2022-05-11
253,1.3279,1.1435,3088854.08612341,1.41,1.04,1.2291,19233,2022-05-12
254,1.1466,1.39,3629716.69795803,1.68,1.1,1.3864,20169,2022-05-13
255,1.3948,1.3186,2777278.78759625,1.4219,1.16,1.2617,14139,2022-05-14
256,1.3188,1.3976,2262883.21567434,1.41,1.26,1.3204,11745,2022-05-15
257,1.4,1.2664,2357728.83990021,1.4,1.2263,1.2894,12126,2022-05-16
258,1.2681,1.43,2577514.70902684,1.49,1.26,1.377,14027,2022-05-17
259,1.43,1.26,1576641.66754392,1.49,1.25,1.3567,8632,2022-05-18
260,1.2579,1.36,1331206.36901185,1.3852,1.2,1.2824,8077,2022-05-19
261,1.3556,1.2963,1292930.94767959,1.3905,1.25,1.3202,8051,2022-05-20
262,1.2976,1.45,1191198.88115694,1.48,1.27,1.3736,7666,2022-05-21
263,1.45,1.4507,1481572.66340341,1.52,1.4,1.4518,9703,2022-05-22
264,1.4483,1.5363,3211843.99862837,1.7027,1.44,1.6043,17842,2022-05-23
265,1.5342,1.6655,2091341.79056733,1.69,1.5,1.6093,13217,2022-05-24
266,1.67,1.6518,1801168.13920683,1.761,1.59,1.6785,12317,2022-05-25
267,1.65,1.4762,1819722.34703706,1.71,1.42,1.5364,11229,2022-05-26
268,1.4734,1.43,1214279.23323704,1.55,1.38,1.4589,10071,2022-05-27
269,1.4223,1.52,702889.161429096,1.5416,1.4087,1.481,5764,2022-05-28
270,1.5269,1.4984,679269.210126401,1.56,1.45,1.4825,5483,2022-05-29
271,1.4984,1.6927,1234865.40690993,1.72,1.48,1.6069,7503,2022-05-30
272,1.6957,1.8766,1747621.34902877,1.92,1.6068,1.7812,11196,2022-05-31
273,1.8748,1.6273,1468123.50866047,1.8748,1.59,1.7331,9445,2022-06-01
274,1.62,1.68,806250.572171137,1.7,1.57,1.631,12358,2022-06-02
275,1.68,1.53,606387.402735227,1.6907,1.52,1.569,6374,2022-06-03
276,1.53,1.58,1140497.66753447,1.6,1.5,1.549,6678,2022-06-04
277,1.5811,1.5499,608655.729036661,1.6039,1.51,1.5474,3817,2022-06-05
278,1.5488,1.62,898361.935088069,1.6925,1.5429,1.6275,5680,2022-06-06
279,1.6147,1.56,831721.28344469,1.6147,1.47,1.5261,5605,2022-06-07
280,1.5517,1.5,495882.18553118,1.58,1.47,1.5216,3721,2022-06-08
281,1.4996,1.4838,572915.837345631,1.5431,1.45,1.4931,3527,2022-06-09
282,1.4848,1.3752,745043.61916608,1.5053,1.35,1.4258,4759,2022-06-10
283,1.3752,1.1937,1942369.68401824,1.4057,1.16,1.2913,12255,2022-06-11
284,1.1936,1.1297,1308284.36837168,1.234,1.09,1.1565,8125,2022-06-12
285,1.1292,0.9789,2366292.85058235,1.1508,0.9,0.9955,13200,2022-06-13
286,0.98016,1.0036,1333340.35344008,1.03,0.88,0.9813,9215,2022-06-14
287,1.006,1.11,1534633.00962617,1.13,0.87,0.9747,9092,2022-06-15
288,1.11,0.95653,994316.457061478,1.14,0.92,1.023,6766,2022-06-16
289,0.9553,1.01,1587020.87200036,1.05,0.94,0.9949,7101,2022-06-17
290,1.0157,0.93,1618108.03267942,1.06,0.85,0.9536,7759,2022-06-18
291,0.92913,1.0429,1078359.20158191,1.05,0.8892,0.9691,6363,2022-06-19
292,1.043,1.1055,1421729.87515892,1.2,1,1.0948,8695,2022-06-20
293,1.1056,1.23,2350544.01260692,1.2935,1.0774,1.1999,11683,2022-06-21
294,1.24,1.19,1702424.82137481,1.3228,1.13,1.2139,8759,2022-06-22
295,1.1864,1.2477,1352071.36296543,1.29,1.17,1.2311,7119,2022-06-23
296,1.2464,1.28,1082363.11686546,1.34,1.22,1.2809,6371,2022-06-24
297,1.2879,1.25,883973.360436577,1.32,1.1983,1.2571,5151,2022-06-25
298,1.2493,1.14,924066.871480367,1.29,1.13,1.2277,5585,2022-06-26
299,1.1455,1.1478,740299.455447898,1.22,1.12,1.1621,4707,2022-06-27
300,1.14,1.0829,691526.83111494,1.2,1.07,1.133,5227,2022-06-28
301,1.09,1.0521,812411.683163471,1.12,1.03,1.0739,5689,2022-06-29
302,1.0523,0.99089,1387955.95515211,1.06,0.92464,0.9762,7881,2022-06-30
303,0.98754,0.97824,1122907.79067792,1.04,0.94917,0.9862,6687,2022-07-01
304,0.97905,0.97,991630.742083582,1,0.94,0.9715,4270,2022-07-02
305,0.97867,1.0181,911987.993452753,1.04,0.94,0.9825,4487,2022-07-03
306,1.0196,1.0929,1389086.78261784,1.1,0.98,1.0466,6928,2022-07-04
307,1.0929,1.0872,1017485.04839395,1.13,1.02,1.0724,6143,2022-07-05
308,1.09,1.15,1117962.45012107,1.1623,1.07,1.1152,6179,2022-07-06
309,1.1481,1.1801,1216379.77852728,1.2126,1.13,1.1671,5679,2022-07-07
310,1.1785,1.1562,1075950.03122746,1.23,1.13,1.1754,5462,2022-07-08
311,1.1534,1.238,1107653.65378772,1.26,1.1534,1.2028,4964,2022-07-09
312,1.24,1.3163,2682255.59541634,1.32,1.2,1.2573,9082,2022-07-10
313,1.3187,1.15,1631341.06881626,1.3201,1.13,1.223,6545,2022-07-11
314,1.14,1.12,819482.74100762,1.1739,1.1,1.143,3487,2022-07-12
315,1.1183,1.24,1735603.69700418,1.243,1.1,1.1614,5323,2022-07-13
316,1.24,1.39,1589738.09028113,1.41,1.203,1.2843,5701,2022-07-14
317,1.38,1.4,1897659.08393113,1.44,1.35,1.3986,6548,2022-07-15
318,1.4,1.45,1479204.59243061,1.47,1.34,1.4017,5757,2022-07-16
319,1.46,1.4,796435.44464786,1.49,1.3495,1.4016,4199,2022-07-17
320,1.4022,1.5,1518019.02397904,1.5877,1.4,1.512,8114,2022-07-18
321,1.5,1.42,1765647.62308216,1.53,1.39,1.4553,9639,2022-07-19
322,1.42,1.3239,1477000.25073251,1.47,1.3058,1.3948,7850,2022-07-20
323,1.32,1.42,1482399.57288702,1.44,1.2771,1.3631,6046,2022-07-21
324,1.4159,1.32,1244980.3792663,1.46,1.3,1.3894,5358,2022-07-22
325,1.323,1.34,762229.36813155,1.39,1.28,1.3323,3960,2022-07-23
326,1.35,1.3526,680986.803806478,1.39,1.32,1.3526,3555,2022-07-24
327,1.3509,1.36,1867878.04881587,1.44,1.26,1.34,8114,2022-07-25
328,1.36,1.27,1285534.26135145,1.38,1.21,1.2799,6084,2022-07-26
329,1.2764,1.38,1185362.36603284,1.3906,1.25,1.309,5673,2022-07-27
330,1.3853,1.5715,2879425.39395115,1.67,1.35,1.5186,12134,2022-07-28
331,1.58,1.4931,1645094.67959237,1.59,1.45,1.518,8386,2022-07-29
332,1.4957,1.4927,1464755.340453,1.59,1.45,1.5158,8719,2022-07-30
333,1.4921,1.44,1192856.9394942,1.59,1.42,1.5137,5937,2022-07-31
334,1.4396,1.42,785533.735364548,1.5,1.39,1.4369,3880,2022-08-01
335,1.42,1.36,719755.83435969,1.44,1.32,1.3696,3931,2022-08-02
336,1.3625,1.4296,1390971.73331875,1.52,1.3186,1.4507,5831,2022-08-03
337,1.44,1.47,1402352.09345586,1.53,1.41,1.4656,5893,2022-08-04
338,1.4643,1.5139,1057612.55105641,1.55,1.45,1.502,4743,2022-08-05
339,1.5158,1.51,596811.404771481,1.56,1.49,1.5227,2913,2022-08-06
340,1.5,1.5,510174.487705919,1.54,1.47,1.503,2646,2022-08-07
341,1.5,1.5627,802763.829786608,1.63,1.5,1.5738,3991,2022-08-08
342,1.56,1.425,1319983.44009238,1.58,1.42,1.4792,4736,2022-08-09
343,1.424,1.58,1747107.40579456,1.61,1.3868,1.5033,6117,2022-08-10
344,1.58,1.54,1092746.41179652,1.62,1.52,1.585,4254,2022-08-11
345,1.5356,1.5664,655258.535672063,1.58,1.5,1.5417,3034,2022-08-12
346,1.57,1.54,764110.334580001,1.6,1.52,1.5551,3158,2022-08-13
347,1.53,1.48,1046967.96960216,1.61,1.45,1.5262,4121,2022-08-14
348,1.48,1.4467,925920.388644811,1.55,1.4149,1.4694,3807,2022-08-15
349,1.4457,1.4154,481081.560982639,1.47,1.4,1.4328,2495,2022-08-16
350,1.42,1.3741,692739.73819538,1.48,1.35,1.4044,2993,2022-08-17
351,1.3739,1.3,716323.899567411,1.4,1.29,1.3537,3136,2022-08-18
352,1.2997,1.18,1629821.43566159,1.31,1.16,1.2166,6443,2022-08-19
353,1.19,1.1706,814802.6870123,1.2217,1.13,1.1827,3279,2022-08-20
354,1.17,1.21,428984.06888288,1.22,1.16,1.19,2193,2022-08-21
355,1.2003,1.19,624784.33439376,1.21,1.13,1.1599,2665,2022-08-22
356,1.1899,1.2128,929336.013678539,1.24,1.15,1.2053,3347,2022-08-23
357,1.2125,1.1971,646681.440755361,1.2337,1.1746,1.2089,2501,2022-08-24
358,1.199,1.2006,1848856.53932271,1.2621,1.181,1.2216,9058,2022-08-25
359,1.2004,1.0685,2039473.58181487,1.2105,1.0514,1.1344,8110,2022-08-26
360,1.0684,1.0612,1179598.68472004,1.0839,1.0442,1.0652,4524,2022-08-27
361,1.061,1.0043,1061587.88078483,1.0726,0.9988,1.0436,5404,2022-08-28
362,1.0053,1.102,986047.396828031,1.1094,0.9931,1.0456,6830,2022-08-29
363,1.1013,1.0526,1659195.5518216,1.1129,1.0208,1.0684,8109,2022-08-30
364,1.0521,1.0347,1304497.86792158,1.096,1.03,1.0644,5123,2022-08-31
365,1.0349,1.0597,701213.353151121,1.0649,1.0066,1.0318,4374,2022-09-01
366,1.0608,1.1131,1424954.4765839,1.1472,1.0447,1.1007,7492,2022-09-02
367,1.114,1.1328,941276.469959859,1.1415,1.0832,1.1159,7010,2022-09-03
368,1.1335,1.1581,594807.290259761,1.1765,1.1107,1.1364,3547,2022-09-04
369,1.1576,1.2398,1557864.6057332,1.2436,1.1197,1.1869,10686,2022-09-05
370,1.2386,1.1464,1466422.44131636,1.2687,1.1257,1.1898,7480,2022-09-06
371,1.1466,1.2513,2398996.4030541,1.2682,1.0849,1.1486,11295,2022-09-07
372,1.2529,1.3273,2732228.27825137,1.3719,1.1856,1.2692,12390,2022-09-08
373,1.3274,1.3263,2309654.49944494,1.3676,1.2925,1.3243,10481,2022-09-09
374,1.3271,1.3351,1841972.72298097,1.3776,1.2893,1.333,11382,2022-09-10
375,1.3357,1.3029,979905.630052238,1.3679,1.2753,1.3231,5433,2022-09-11
376,1.3018,1.2695,1525584.93061731,1.3504,1.2453,1.2998,11483,2022-09-12
377,1.2681,1.1703,2343908.17161663,1.2824,1.1696,1.2296,11117,2022-09-13
378,1.1709,1.1889,1074054.28874715,1.2067,1.152,1.1826,6831,2022-09-14
379,1.1875,1.1128,1266482.31330717,1.1897,1.1053,1.1405,7918,2022-09-15
380,1.1145,1.1346,1381950.80286877,1.1462,1.0932,1.1223,9864,2022-09-16
381,1.1345,1.1798,781644.319742633,1.1838,1.12,1.1451,5402,2022-09-17
382,1.18,1.0284,1685315.90733888,1.1806,0.98384,1.0897,5934,2022-09-18
383,1.0293,1.0665,1234786.90012784,1.0799,0.99899,1.0413,5490,2022-09-19
384,1.0664,1.0353,989487.636244397,1.076,1.0296,1.0529,4244,2022-09-20
385,1.0349,1.0124,1653823.95844711,1.1088,0.9919,1.0473,8044,2022-09-21
386,1.0112,1.088,1148804.76205433,1.096,1.0085,1.0543,7691,2022-09-22
387,1.0866,1.0827,1238468.54203604,1.1142,1.0336,1.0684,4637,2022-09-23
388,1.0851,1.0696,753335.189110911,1.119,1.0668,1.0932,3564,2022-09-24
389,1.0685,1.0388,886150.898078887,1.0919,1.0275,1.0555,4090,2022-09-25
390,1.0395,1.0616,988988.025890921,1.0618,1.0113,1.0414,3844,2022-09-26
391,1.061,1.0696,1971430.53631277,1.1411,1.0413,1.0995,7162,2022-09-27
392,1.0689,1.073,1311574.72400142,1.0813,1.0223,1.0474,3870,2022-09-28
393,1.0734,1.1061,1019952.29273881,1.1116,1.0528,1.0818,4509,2022-09-29
394,1.1075,1.1031,1545931.67597544,1.1348,1.0832,1.1011,6645,2022-09-30
395,1.1034,1.0737,1338828.26048157,1.1252,1.0654,1.0966,7913,2022-10-01
396,1.0732,1.0325,1676011.91152066,1.0756,1.0278,1.0572,7076,2022-10-02
397,1.0333,1.0872,934339.912967092,1.0928,1.0162,1.0589,6942,2022-10-03
398,1.0872,1.1563,1904110.55648223,1.1731,1.082,1.1267,8351,2022-10-04
399,1.1569,1.2889,3779504.74342989,1.3271,1.1009,1.2182,15759,2022-10-05
400,1.2885,1.328,5025559.8284224,1.359,1.2529,1.3092,18141,2022-10-06
401,1.3265,1.3611,6004634.95998903,1.4306,1.2987,1.358,17708,2022-10-07
402,1.3618,1.3698,1121202.34070709,1.3869,1.3344,1.3588,5435,2022-10-08
403,1.3696,1.3862,971905.540323282,1.3924,1.3219,1.3558,5795,2022-10-09
404,1.3857,1.2607,3087970.19317658,1.3886,1.2377,1.311,9020,2022-10-10
405,1.264,1.2564,2978808.01723287,1.2833,1.2048,1.2415,10346,2022-10-11
406,1.2558,1.1684,1036831.19539316,1.2753,1.1667,1.2197,5328,2022-10-12
407,1.169,1.2571,3158627.07491675,1.2577,1.088,1.1749,12684,2022-10-13
408,1.2571,1.4674,5321485.1156032,1.5834,1.2502,1.3793,19283,2022-10-14
409,1.4675,1.4831,3052603.1898854,1.53,1.398,1.4511,12554,2022-10-15
410,1.4806,1.4612,1686502.60695754,1.5034,1.414,1.4619,8111,2022-10-16
411,1.4611,1.42,2400615.56151631,1.4736,1.3813,1.4227,8714,2022-10-17
412,1.4264,1.4981,2716439.47548837,1.5398,1.39,1.4671,11890,2022-10-18
413,1.4987,1.4896,2648270.8325732,1.5347,1.4589,1.4949,9444,2022-10-19
414,1.4872,1.3665,2459812.84746874,1.4924,1.3623,1.4274,10036,2022-10-20
415,1.3659,1.3481,2102335.71799154,1.3753,1.2755,1.3341,9187,2022-10-21
416,1.35,1.3063,971721.157884181,1.35,1.294,1.3227,4799,2022-10-22
417,1.3069,1.4383,2263506.8097399,1.4456,1.2586,1.3487,9295,2022-10-23
418,1.4394,1.4201,2068737.41276256,1.4643,1.3943,1.4329,8360,2022-10-24
419,1.4196,1.5599,2803843.41000002,1.6634,1.3932,1.5381,12356,2022-10-25
420,1.5627,1.6686,3839541.40192317,1.72,1.5533,1.6419,16153,2022-10-26
421,1.6686,1.6101,3561594.55355042,1.7235,1.5805,1.6571,13011,2022-10-27
422,1.61,1.7073,3435307.51908534,1.7628,1.5915,1.6948,13484,2022-10-28
423,1.7082,1.8431,5390999.4972036,1.8749,1.6464,1.7696,21610,2022-10-29
424,1.8448,1.701,3232577.00418319,1.891,1.65,1.7873,16242,2022-10-30
425,1.7,1.5991,3093521.47061212,1.8091,1.5845,1.6812,16110,2022-10-31
426,1.5985,1.5828,1804521.37837156,1.6612,1.5626,1.6102,9314,2022-11-01
427,1.5865,1.6227,4883897.9266261,1.7,1.5,1.5904,17243,2022-11-02
428,1.6197,1.7424,4877918.09724359,1.8226,1.6074,1.7267,17380,2022-11-03
429,1.7425,1.9798,5781998.1520394,2.0833,1.6965,1.8938,24183,2022-11-04
430,1.9838,1.8225,3080094.23848166,2.0162,1.7787,1.9219,16220,2022-11-05
431,1.8183,1.7184,2362052.10735435,1.893,1.7116,1.8,12729,2022-11-06
432,1.7158,1.732,5855454.44317938,1.9612,1.6672,1.7761,24797,2022-11-07
433,1.7279,1.3926,11905606.0816446,1.8618,1.1342,1.5338,51952,2022-11-08
434,1.3914,1.0171,7889903.72573545,1.4176,0.9919,1.1786,41540,2022-11-09
435,1.0197,1.2366,7216854.96430964,1.3023,1,1.1644,29470,2022-11-10
436,1.2364,1.2516,5117318.05022179,1.3526,1.1431,1.2385,20140,2022-11-11
437,1.2529,1.171,2023567.73608618,1.257,1.1,1.1698,7808,2022-11-12
438,1.1704,1.2444,3420943.22908811,1.2873,1.1518,1.2372,14705,2022-11-13
439,1.2424,1.27,3194453.53213447,1.3297,1.1363,1.237,14390,2022-11-14
440,1.2698,1.3101,2505501.90331258,1.3806,1.2359,1.3114,9279,2022-11-15
441,1.309,1.2962,1396898.10545915,1.3732,1.2559,1.3047,6559,2022-11-16
442,1.2984,1.2283,1156380.66841188,1.3271,1.2233,1.2698,5937,2022-11-17
443,1.227,1.2137,841765.799285198,1.2604,1.1906,1.2198,4250,2022-11-18
444,1.2143,1.2204,833366.772090918,1.2303,1.16,1.1965,4302,2022-11-19
445,1.2204,1.1704,1482693.46244878,1.25,1.1377,1.1951,6173,2022-11-20
446,1.1685,1.1168,2804038.65392719,1.23,1.0772,1.1395,10126,2022-11-21
447,1.1172,1.1749,1227366.29729503,1.1863,1.0777,1.1356,7262,2022-11-22
448,1.1751,1.2087,1258435.52876149,1.2243,1.16,1.196,6615,2022-11-23
449,1.2076,1.168,709858.84080014,1.2306,1.1559,1.1954,3377,2022-11-24
450,1.1673,1.1718,618449.857653759,1.1875,1.1413,1.1623,3008,2022-11-25
451,1.1726,1.1906,815297.361705668,1.2203,1.1669,1.1882,3668,2022-11-26
452,1.191,1.2673,1926299.9529206,1.32,1.185,1.2685,8824,2022-11-27
453,1.267,1.3348,3364188.47734282,1.3857,1.2085,1.3219,17258,2022-11-28
454,1.3348,1.3862,2368208.52969373,1.4194,1.29,1.3739,11316,2022-11-29
455,1.3871,1.4677,2399325.37515166,1.4862,1.3615,1.424,11059,2022-11-30
456,1.4687,1.3861,1649893.13931775,1.4719,1.3547,1.3914,7692,2022-12-01
457,1.3862,1.3777,1465526.72234559,1.4011,1.3206,1.353,7754,2022-12-02
458,1.3801,1.327,1173052.90646959,1.4332,1.313,1.3652,6180,2022-12-03
459,1.326,1.3501,516885.61010456,1.3581,1.3256,1.3427,2637,2022-12-04
460,1.3506,1.3797,1197587.77171338,1.405,1.3455,1.3799,5694,2022-12-05
461,1.3794,1.264,3046007.20861248,1.4282,1.235,1.3169,14182,2022-12-06
462,1.2638,1.1622,2393340.44680889,1.2808,1.1416,1.2019,9993,2022-12-07
463,1.1624,1.1866,1316021.85092983,1.1983,1.134,1.168,5005,2022-12-08
464,1.1887,1.1845,1264676.00364834,1.2129,1.1466,1.18,4613,2022-12-09
465,1.1847,1.1747,600855.72992682,1.2005,1.165,1.1836,2385,2022-12-10
466,1.1749,1.1427,854388.536218321,1.1903,1.1172,1.1602,3953,2022-12-11
467,1.1414,1.1393,1406071.01478733,1.1464,1.092,1.12,5988,2022-12-12
468,1.1403,1.1617,2731656.8287405,1.17,1.0962,1.1495,8483,2022-12-13
469,1.1616,1.1194,3782677.84390839,1.1708,1.1124,1.143,14871,2022-12-14
470,1.1186,1.1284,3505944.12986302,1.1327,1.0945,1.1142,13927,2022-12-15
471,1.1281,0.9769,2770329.74899695,1.1362,0.9462,1.0677,11848,2022-12-16
472,0.9763,1.0202,1266558.2069431,1.0253,0.9536,0.9933,5621,2022-12-17
473,1.0205,1.0038,586732.20337603,1.0234,0.9993,1.0097,2888,2022-12-18
474,1.0047,0.9237,2030964.32421816,1.0185,0.9001,0.9601,7630,2022-12-19
475,0.9236,0.9619,1215670.32438808,0.99,0.9177,0.9642,4669,2022-12-20
476,0.962,0.9338,918299.016775935,0.96474,0.9236,0.9483,3696,2022-12-21
477,0.9336,0.9497,1235347.6564514,0.95077,0.905,0.9288,4449,2022-12-22
478,0.9497,0.9381,928178.085862318,0.96042,0.9325,0.9451,3657,2022-12-23
479,0.9382,0.9412,374958.0965368,0.9498,0.9354,0.9416,1647,2022-12-24
480,0.9403,0.9345,689530.93166584,0.94783,0.9103,0.9287,2891,2022-12-25
481,0.9343,0.98697,1279024.11668363,0.98788,0.9293,0.9611,4148,2022-12-26
482,0.9852,0.9814,1628513.94039957,1.0309,0.9729,0.9957,6869,2022-12-27
483,0.9826,0.9549,2028140.61899696,0.9888,0.9412,0.9627,7576,2022-12-28
484,0.95672,0.9399,1779894.93127409,0.9852,0.9158,0.9551,6928,2022-12-29
485,0.9401,0.9227,1400370.52269392,0.9498,0.9127,0.9334,5605,2022-12-30
486,0.9224,0.9229,847226.789577425,0.94438,0.904,0.9257,3422,2022-12-31
487,0.924,0.9409,649741.358852779,0.94508,0.9128,0.9252,2649,2023-01-01
488,0.9417,0.9576,1114841.06570785,0.97257,0.921,0.9524,4714,2023-01-02
489,0.9582,0.9642,733392.893440059,0.98441,0.9489,0.9638,3169,2023-01-03
490,0.9646,0.99134,1152291.46867567,1.0136,0.963,0.9913,4985,2023-01-04
491,0.9902,0.9852,977518.735866697,1.0088,0.9676,0.9865,4815,2023-01-05
492,0.9851,1.043,1379857.57654276,1.0547,0.9566,1.001,5500,2023-01-06
493,1.0435,1.0678,1194794.33680925,1.0738,1.0261,1.0546,5047,2023-01-07
494,1.0691,1.0912,1748304.08760991,1.0984,1.042,1.0681,6968,2023-01-08
495,1.0907,1.0779,1882773.47461353,1.1364,1.0772,1.1064,7496,2023-01-09
496,1.0782,1.1186,1891663.0099396,1.1487,1.0633,1.1079,8401,2023-01-10
497,1.12,1.0946,2096994.65348586,1.1253,1.0496,1.0808,6636,2023-01-11
498,1.0947,1.1372,2639124.34532354,1.15,1.06,1.1095,8095,2023-01-12
499,1.138,1.2056,2575348.10484272,1.2226,1.0972,1.1615,9475,2023-01-13
500,1.2054,1.2441,3916867.61872835,1.3288,1.176,1.2449,15425,2023-01-14
501,1.2463,1.2871,2128074.71732841,1.334,1.2114,1.2858,9345,2023-01-15
502,1.2873,1.255,2537599.25198941,1.3365,1.1926,1.2694,9218,2023-01-16
503,1.2538,1.2288,1123019.48018129,1.2952,1.2248,1.2591,5241,2023-01-17
504,1.2284,1.1786,2745183.36779611,1.3193,1.127,1.2123,12445,2023-01-18
505,1.1765,1.1915,1084531.59858612,1.2024,1.1469,1.1776,5710,2023-01-19
506,1.1894,1.3056,2234998.5553979,1.3155,1.1655,1.2359,8970,2023-01-20
507,1.3102,1.2984,3327446.15748923,1.3605,1.2663,1.313,12452,2023-01-21
508,1.3015,1.3359,1949232.6339083,1.4147,1.2775,1.3487,9957,2023-01-22
509,1.3384,1.3387,1153198.38392875,1.3821,1.3161,1.354,7982,2023-01-23
510,1.3387,1.2392,1769311.32153557,1.3767,1.2159,1.3267,8415,2023-01-24
511,1.239,1.295,1652140.05674587,1.3308,1.2153,1.2695,9997,2023-01-25
512,1.2966,1.3207,1834111.33784797,1.338,1.27,1.3083,8746,2023-01-26
513,1.3224,1.3496,1007718.81702367,1.3599,1.2662,1.3229,6906,2023-01-27
514,1.3512,1.2918,1243620.00148111,1.3652,1.2783,1.3149,6668,2023-01-28
515,1.2906,1.3498,1058304.8040529,1.3671,1.275,1.3267,5500,2023-01-29
516,1.3503,1.245,2061109.45431135,1.366,1.2168,1.2703,10177,2023-01-30
517,1.2452,1.264,1409660.25699928,1.28,1.2356,1.2582,6923,2023-01-31
518,1.2639,1.3015,2863992.90644503,1.3174,1.1884,1.2509,10855,2023-02-01
519,1.3054,1.5185,4786965.10067485,1.6333,1.3046,1.4585,24005,2023-02-02
520,1.5206,1.5486,3296694.71493473,1.6379,1.4693,1.5475,15552,2023-02-03
521,1.55,1.5027,1695925.30843485,1.5787,1.49,1.5431,7351,2023-02-04
522,1.5027,1.4295,1469135.55371535,1.536,1.4091,1.4622,7283,2023-02-05
523,1.4334,1.4296,2211247.65675247,1.5533,1.3921,1.4702,10245,2023-02-06
524,1.4301,1.5036,2166878.40402117,1.512,1.4276,1.463,9730,2023-02-07
525,1.5036,1.4417,1845681.49165034,1.548,1.3719,1.467,9649,2023-02-08
526,1.4423,1.2594,2153500.77866533,1.4703,1.2205,1.3643,12693,2023-02-09
527,1.2611,1.2948,1744254.50001079,1.3158,1.2351,1.2778,10170,2023-02-10
528,1.2937,1.3126,564340.245133277,1.3295,1.2682,1.2998,3358,2023-02-11
529,1.3136,1.2679,823306.824228888,1.3224,1.2424,1.2965,5349,2023-02-12
530,1.2664,1.2839,1464720.88782771,1.288,1.2017,1.2511,8081,2023-02-13
531,1.2852,1.3083,1006521.99891947,1.3264,1.244,1.2901,5189,2023-02-14
532,1.3102,1.4196,1716313.05224079,1.42,1.2843,1.3476,8647,2023-02-15
533,1.4181,1.3246,1663696.69120437,1.439,1.3163,1.4003,8605,2023-02-16
534,1.3256,1.411,1149276.97623814,1.43,1.3144,1.3811,6786,2023-02-17
535,1.4107,1.4342,1010545.49699727,1.4704,1.4018,1.4348,7680,2023-02-18
536,1.4366,1.4222,1628821.5346141,1.5209,1.4108,1.4625,7847,2023-02-19
537,1.4238,1.5016,1424699.82380295,1.5118,1.38,1.4748,7300,2023-02-20
538,1.5049,1.4505,1393931.25314446,1.5146,1.39,1.4526,6767,2023-02-21
539,1.4502,1.3962,1716005.79745445,1.4719,1.3369,1.3977,9987,2023-02-22
540,1.3953,1.4768,2114284.17021191,1.4952,1.3829,1.4474,13795,2023-02-23
541,1.4794,1.359,1973089.22269534,1.515,1.33,1.4045,11865,2023-02-24
542,1.3583,1.3184,881046.426166547,1.3829,1.2727,1.3275,7951,2023-02-25
543,1.3182,1.347,832720.944737575,1.349,1.31,1.3292,7904,2023-02-26
544,1.345,1.3009,1065535.38244798,1.3661,1.2753,1.3229,5314,2023-02-27
545,1.3004,1.2753,874590.576086894,1.3386,1.2591,1.296,5661,2023-02-28
546,1.2759,1.3602,1126288.86581518,1.3643,1.2649,1.3291,6145,2023-03-01
547,1.3603,1.3142,869469.518729779,1.3686,1.2876,1.3193,4801,2023-03-02
548,1.3142,1.2395,1678125.05733659,1.3153,1.158,1.2201,8608,2023-03-03
549,1.2386,1.2014,576748.109230379,1.25,1.1612,1.2121,4223,2023-03-04
550,1.2012,1.2026,315952.99968781,1.2289,1.1924,1.2129,2464,2023-03-05
551,1.2016,1.2161,746784.732825986,1.2255,1.1718,1.1992,3992,2023-03-06
552,1.2164,1.1908,733390.418048722,1.2366,1.1553,1.1961,4444,2023-03-07
553,1.1904,1.1141,1012849.81086102,1.1982,1.1049,1.1539,5240,2023-03-08
554,1.1142,1.0572,1749304.09981784,1.1669,1.0313,1.0984,9990,2023-03-09
555,1.0581,1.0893,2784965.87061796,1.1,0.9975,1.0528,12526,2023-03-10
556,1.0917,1.0794,3040514.13414454,1.1213,1.0212,1.0761,12227,2023-03-11
557,1.0792,1.168,3278700.18158445,1.1869,1.0548,1.1238,13847,2023-03-12
558,1.1735,1.2322,4571293.43800352,1.2924,1.104,1.1923,18158,2023-03-13
559,1.2322,1.2519,3244094.24615939,1.293,1.1839,1.237,14120,2023-03-14
560,1.251,1.1273,2586453.11394935,1.2846,1.102,1.2016,13196,2023-03-15
561,1.1313,1.1683,1513592.63083624,1.1862,1.1125,1.1379,7218,2023-03-16
562,1.1667,1.2566,1952680.80232503,1.2591,1.1525,1.1982,8797,2023-03-17
563,1.2556,1.2028,1930148.3583866,1.3014,1.1943,1.2567,10317,2023-03-18
564,1.2043,1.2271,946066.23514608,1.2654,1.1979,1.2342,5404,2023-03-19
565,1.2299,1.1652,1562785.39836831,1.2523,1.1476,1.2027,8665,2023-03-20
566,1.1655,1.1746,2269768.59977979,1.2216,1.1278,1.1694,10599,2023-03-21
567,1.1758,1.0532,3705377.04046376,1.1964,1.0316,1.1115,18443,2023-03-22
568,1.0538,1.077,2435082.31688086,1.122,1.0465,1.0795,11303,2023-03-23
569,1.0775,1.032,2357115.64545837,1.0868,1.015,1.048,11054,2023-03-24
570,1.0322,1.0193,2163882.55712988,1.0445,0.998,1.0209,8645,2023-03-25
571,1.0184,1.0543,1473140.30192689,1.0607,1.012,1.0406,6535,2023-03-26
572,1.0549,1.0082,2392069.05438512,1.0636,0.968,1.0226,9734,2023-03-27
573,1.008,1.0498,1702766.31953427,1.055,0.99221,1.0213,8820,2023-03-28
574,1.0503,1.0825,1914916.8729416,1.1114,1.0473,1.0761,9000,2023-03-29
575,1.0821,1.0787,1081452.01121158,1.0993,1.0425,1.0678,5318,2023-03-30
576,1.0801,1.1048,1168367.48188374,1.1081,1.0568,1.0855,5489,2023-03-31
577,1.1044,1.0926,950898.959576221,1.1228,1.077,1.0982,4078,2023-04-01
578,1.0936,1.0583,1173470.04288478,1.109,1.0452,1.0709,5653,2023-04-02
579,1.0558,1.0834,1748815.63236922,1.1017,1.0192,1.0665,7557,2023-04-03
580,1.0862,1.1364,2251295.19876054,1.1624,1.075,1.128,8432,2023-04-04
581,1.1378,1.1303,1402204.55978044,1.1617,1.1159,1.1424,5936,2023-04-05
582,1.1303,1.1451,927151.24878244,1.1451,1.1097,1.1288,4808,2023-04-06
583,1.1455,1.1086,1603214.14791204,1.1496,1.0982,1.1192,6012,2023-04-07
584,1.1092,1.1016,753406.407122711,1.1339,1.0888,1.1134,3710,2023-04-08
585,1.0999,1.1132,1138897.44218949,1.1266,1.0595,1.0906,6484,2023-04-09
586,1.1134,1.1463,1081128.98499614,1.154,1.0936,1.1242,4350,2023-04-10
587,1.1479,1.1395,961523.564112154,1.1575,1.1324,1.1457,5448,2023-04-11
588,1.1399,1.1261,1308621.58828724,1.1457,1.0941,1.1152,6681,2023-04-12
589,1.1271,1.1697,1349965.94457612,1.1728,1.1133,1.153,6809,2023-04-13
590,1.1679,1.1897,2414332.95283585,1.2013,1.1493,1.1804,11535,2023-04-14
591,1.189,1.1808,1177527.91320898,1.1933,1.1682,1.1807,7390,2023-04-15
592,1.1789,1.1983,1251112.70733122,1.2168,1.1617,1.1904,7711,2023-04-16
593,1.1982,1.1651,1644612.47280496,1.201,1.1541,1.174,9174,2023-04-17
594,1.1663,1.2092,1830726.77170404,1.2208,1.1572,1.1978,12732,2023-04-18
595,1.2088,1.1033,3060154.85411601,1.2088,1.0786,1.1354,19364,2023-04-19
596,1.1031,1.0714,1768733.18953443,1.1121,1.05,1.0844,8407,2023-04-20
597,1.071,1.0269,1782887.67784187,1.0816,1.0133,1.0511,8137,2023-04-21
598,1.0269,1.0509,492451.26212917,1.054,1.0225,1.0391,2969,2023-04-22
599,1.0502,1.0455,697525.930222339,1.0619,1.02,1.0446,5541,2023-04-23
600,1.0456,1.0479,617015.427089277,1.0599,1.0294,1.0465,3278,2023-04-24
601,1.0487,1.0649,830866.117308991,1.0671,1.0164,1.0378,4713,2023-04-25
602,1.0659,1.03,1838328.28674669,1.1184,0.9801,1.0584,7107,2023-04-26
603,1.0283,1.056,1151832.41865707,1.068,1.0224,1.0435,5759,2023-04-27
604,1.0568,1.0491,953747.680742291,1.0593,1.0279,1.0459,3940,2023-04-28
605,1.048,1.0559,502575.05189334,1.0608,1.0399,1.0504,3312,2023-04-29
606,1.0565,1.0166,758866.7741547,1.0566,1.0157,1.0384,3896,2023-04-30
607,1.0172,1.0092,952363.25598832,1.07,0.99,1.0082,4780,2023-05-01
608,1.0088,1.016,610616.388147969,1.0277,1,1.013,4061,2023-05-02
609,1.0151,1.0439,815900.147592859,1.05,0.9939,1.0148,4486,2023-05-03
610,1.0441,1.0304,513917.152240918,1.0454,1.0187,1.0321,3197,2023-05-04
611,1.031,1.0471,1971915.6233473,1.0883,1.0221,1.0434,7546,2023-05-05
612,1.048,0.99798,1805477.95617091,1.0519,0.9853,1.0114,7179,2023-05-06
613,0.9969,0.993,602540.98301345,1.0101,0.9889,1.0009,3478,2023-05-07
614,0.9912,0.9047,2223805.26120876,0.99629,0.8666,0.9264,9318,2023-05-08
615,0.9042,0.8949,1226516.53704871,0.9102,0.8798,0.8949,5668,2023-05-09
616,0.8943,0.9154,1512445.60839907,0.91744,0.8496,0.8947,8130,2023-05-10
617,0.9162,0.8734,1086239.38889828,0.9162,0.859,0.8853,4645,2023-05-11
618,0.8737,0.8865,893025.255112922,0.8887,0.8458,0.8687,5401,2023-05-12
619,0.8868,0.8858,511020.53992803,0.89095,0.8738,0.8827,3587,2023-05-13
620,0.8851,0.8967,469463.71285175,0.90072,0.877,0.8907,2859,2023-05-14
621,0.8974,0.8899,766637.02670244,0.91402,0.8848,0.9009,3759,2023-05-15
622,0.8898,0.897,869522.725930412,0.9021,0.8646,0.8889,3855,2023-05-16
623,0.8975,0.9251,1016483.61604241,0.9278,0.8841,0.9036,6245,2023-05-17
624,0.9251,0.9052,927112.634454834,0.9288,0.878,0.9067,5094,2023-05-18
625,0.9051,0.90117,700015.844684611,0.90817,0.8925,0.9012,3952,2023-05-19
626,0.901,0.9001,669552.039021527,0.9078,0.8895,0.8976,3317,2023-05-20
627,0.9,0.8799,644794.810709972,0.90605,0.87715,0.891,3287,2023-05-21
628,0.8793,0.8962,791837.375572205,0.9013,0.865,0.8883,4083,2023-05-22
629,0.8962,0.8991,596482.570178895,0.91579,0.8951,0.9015,3184,2023-05-23
630,0.8998,0.8645,1064558.57525473,0.90076,0.8526,0.87,4300,2023-05-24
631,0.8641,0.8509,986556.079075107,0.86547,0.8435,0.853,3989,2023-05-25
632,0.85,0.8412,1060398.92629877,0.85388,0.8273,0.8387,3798,2023-05-26
633,0.8412,0.8432,392569.160784189,0.8485,0.8325,0.8404,1701,2023-05-27
634,0.84214,0.88409,593668.67987488,0.89916,0.839,0.863,2841,2023-05-28
635,0.8835,0.8706,829890.86146279,0.8858,0.8585,0.8716,3279,2023-05-29
636,0.87098,0.8697,872184.799222062,0.88529,0.8591,0.8735,3540,2023-05-30
637,0.8694,0.8402,1388160.26578699,0.87288,0.829,0.8418,5154,2023-05-31
638,0.83965,0.8345,1253064.10571474,0.855,0.8305,0.8424,5250,2023-06-01
639,0.8349,0.8544,1081024.49298116,0.85937,0.8279,0.8464,3906,2023-06-02
640,0.8555,0.8497,462371.087828949,0.86,0.848,0.8524,1869,2023-06-03
641,0.8504,0.8591,873540.860630551,0.8706,0.84602,0.8594,3500,2023-06-04
642,0.85869,0.7613,1868584.26530152,0.85869,0.7449,0.8108,7179,2023-06-05
643,0.7604,0.767,1153896.77205278,0.7706,0.7323,0.7533,5220,2023-06-06
644,0.7676,0.7254,1100423.84185252,0.7676,0.7132,0.7373,4889,2023-06-07
645,0.72555,0.7464,993232.544041151,0.7553,0.7176,0.7407,4868,2023-06-08
646,0.7467,0.7473,1082388.72658094,0.7554,0.7318,0.7452,5015,2023-06-09
647,0.7476,0.5843,3074299.7595655,0.748,0.474,0.592,11560,2023-06-10
648,0.5846,0.5688,942525.304942496,0.5861,0.5611,0.5747,7484,2023-06-11
649,0.5684,0.5707,1451281.53300335,0.5747,0.5426,0.5616,5799,2023-06-12
650,0.5703,0.5756,2637061.95788486,0.5867,0.5648,0.5746,8713,2023-06-13
651,0.5754,0.5564,3480482.10524755,0.59305,0.5434,0.5741,11539,2023-06-14
652,0.5558,0.5888,3535807.34049845,0.59463,0.5516,0.5702,12629,2023-06-15
653,0.5888,0.601,2776050.6930465,0.6135,0.5816,0.5932,10750,2023-06-16
654,0.6009,0.5996,2239674.51032051,0.6227,0.5966,0.6064,6807,2023-06-17
655,0.5992,0.5952,2338215.86736684,0.6074,0.5849,0.5992,11954,2023-06-18
656,0.5954,0.5964,2571797.7507229,0.6023,0.5825,0.5942,9668,2023-06-19
657,0.5963,0.6208,3285333.0682506,0.6209,0.5778,0.5967,9650,2023-06-20
658,0.621,0.6389,3216438.66145504,0.6476,0.6194,0.6332,9844,2023-06-21
659,0.6387,0.6417,2409751.87277016,0.6614,0.6331,0.6469,9256,2023-06-22
660,0.6413,0.6801,3820655.06297894,0.686,0.6396,0.6583,15525,2023-06-23
661,0.681,0.6741,3337422.26260045,0.6948,0.6592,0.6771,10753,2023-06-24
662,0.6739,0.6991,4050773.77016805,0.7424,0.6737,0.71,15316,2023-06-25
663,0.6994,0.6733,3504473.05566237,0.7004,0.6626,0.6821,14265,2023-06-26
664,0.6732,0.6813,2852400.50598742,0.6927,0.6682,0.68,9460,2023-06-27
665,0.6822,0.6275,3310867.42960619,0.68281,0.5975,0.6478,10347,2023-06-28
666,0.6276,0.6491,2788578.08951949,0.6584,0.6244,0.6433,9369,2023-06-29
667,0.65,0.6888,5140069.23661903,0.6927,0.6259,0.672,16036,2023-06-30
668,0.689,0.6903,3355259.71806464,0.6957,0.6607,0.6849,11188,2023-07-01
669,0.6911,0.6923,3810487.38570317,0.6931,0.6653,0.6791,13045,2023-07-02
670,0.6937,0.7049,3341865.4344147,0.7141,0.6889,0.7037,11908,2023-07-03
671,0.7047,0.6937,3342650.45069422,0.7078,0.6828,0.698,11156,2023-07-04
672,0.6936,0.6784,5563295.87496968,0.7283,0.6693,0.6963,18199,2023-07-05
673,0.6784,0.6469,5076681.40643073,0.7139,0.645,0.675,16404,2023-07-06
674,0.6458,0.6497,4594365.15851434,0.65786,0.6385,0.6495,11975,2023-07-07
675,0.6492,0.6358,5787306.1587461,0.65459,0.6219,0.6399,13140,2023-07-08
676,0.6359,0.633,5280493.43088786,0.6461,0.6319,0.6386,12294,2023-07-09
677,0.6338,0.6334,4653694.10583486,0.6487,0.6095,0.6255,12040,2023-07-10
678,0.6334,0.6375,4100193.75008101,0.63899,0.6273,0.6339,10021,2023-07-11
679,0.6375,0.6334,4015223.87144586,0.65206,0.6227,0.6411,10206,2023-07-12
680,0.6338,0.7132,6330037.67312649,0.71548,0.6237,0.6674,14951,2023-07-13
681,0.7134,0.6863,7218496.62361283,0.73003,0.6614,0.7003,16288,2023-07-14
682,0.6855,0.6782,5339694.83949002,0.6936,0.6712,0.6815,13249,2023-07-15
683,0.6783,0.6807,5277667.50813547,0.7154,0.662,0.6846,14658,2023-07-16
684,0.6809,0.7416,9332274.50258015,0.8156,0.67942,0.7547,30295,2023-07-17
685,0.7415,0.723,5681174.96149769,0.7659,0.7018,0.7308,18192,2023-07-18
686,0.723,0.7065,3669678.87310838,0.745,0.7014,0.7202,12134,2023-07-19
687,0.7065,0.7384,5162922.15767694,0.7544,0.7,0.7229,14469,2023-07-20
688,0.7385,0.7207,5155879.67933755,0.7565,0.7179,0.7344,14777,2023-07-21
689,0.7204,0.6936,4385539.96805025,0.7248,0.6854,0.7102,9897,2023-07-22
690,0.69381,0.7033,3759024.9528087,0.7149,0.6895,0.7037,9457,2023-07-23
691,0.7024,0.6627,4698372.80249497,0.70864,0.637,0.6744,11342,2023-07-24
692,0.6629,0.6545,3972905.77031683,0.66999,0.651,0.659,11078,2023-07-25
693,0.6545,0.6581,3920315.85957313,0.6677,0.6435,0.6546,10433,2023-07-26
694,0.6577,0.6561,5263417.83983076,0.6768,0.6522,0.6612,11902,2023-07-27
695,0.65625,0.6636,3929868.25548861,0.66574,0.64597,0.6571,9618,2023-07-28
696,0.6634,0.6841,5044253.84377668,0.68631,0.6594,0.6694,13059,2023-07-29
697,0.6846,0.6725,5731710.98063053,0.7068,0.6532,0.6854,15670,2023-07-30
698,0.67278,0.6846,5382531.36534814,0.7256,0.6684,0.6891,14943,2023-07-31
699,0.6852,0.7227,6267413.00112287,0.72493,0.6504,0.682,14807,2023-08-01
700,0.7227,0.7159,5929129.15554327,0.75,0.707,0.7227,14953,2023-08-02
701,0.7149,0.7006,5260872.33857487,0.7302,0.692,0.7136,11830,2023-08-03
702,0.7009,0.6955,5427598.7209301,0.7073,0.6839,0.6973,10591,2023-08-04
703,0.6945,0.676,6522519.57577266,0.7032,0.6749,0.6862,11567,2023-08-05
704,0.6766,0.6858,7859686.81120818,0.6927,0.6722,0.6832,13814,2023-08-06
705,0.68721,0.7115,10368462.8369318,0.71493,0.6771,0.7007,20148,2023-08-07
706,0.71231,0.7222,9991554.54404402,0.73449,0.698,0.7171,19013,2023-08-08
707,0.7228,0.7156,7885853.74024893,0.72884,0.7009,0.7164,14490,2023-08-09
708,0.7158,0.7137,7397391.59849458,0.7341,0.7051,0.7158,14243,2023-08-10
709,0.7138,0.7169,6074029.01071027,0.72131,0.7005,0.7114,10881,2023-08-11
710,0.7168,0.7548,2383007.31278907,0.76338,0.7082,0.7368,4746,2023-08-12
711,0.7553,0.73844,1934531.42596591,0.768,0.731,0.7464,3329,2023-08-13
712,0.7369,0.7735,4168699.05933326,0.803,0.735,0.7787,7980,2023-08-14
713,0.77406,0.7308,4323757.22418157,0.7848,0.707,0.7486,9604,2023-08-15
714,0.7301,0.6766,8240555.43643397,0.7335,0.6603,0.7042,20958,2023-08-16
715,0.6767,0.5994,8336473.33070811,0.68635,0.52812,0.656,23329,2023-08-17
716,0.6,0.5777,8824183.0921928,0.6059,0.571,0.5856,19517,2023-08-18
717,0.5777,0.5924,6754435.86736835,0.5976,0.5726,0.5842,13123,2023-08-19
718,0.5921,0.5876,6380568.69741242,0.61,0.577,0.5871,12169,2023-08-20
719,0.5877,0.5765,8464341.50935265,0.5903,0.5557,0.5772,15048,2023-08-21
720,0.576,0.5812,11402385.5019083,0.5866,0.5561,0.5745,20415,2023-08-22
721,0.5813,0.5924,9459368.27730675,0.5992,0.5733,0.5872,17376,2023-08-23
722,0.5922,0.5742,9123365.57105422,0.5945,0.5637,0.5808,15637,2023-08-24
723,0.5743,0.5843,10246360.9622822,0.58617,0.5611,0.5752,17738,2023-08-25
724,0.5842,0.5929,7521991.74082543,0.59475,0.5782,0.5874,13579,2023-08-26
725,0.5928,0.5923,6875325.58798739,0.598,0.5888,0.5933,15318,2023-08-27
726,0.5923,0.6003,10236995.570894,0.60587,0.5813,0.5943,21284,2023-08-28
727,0.601,0.6211,3710750.010955,0.632,0.5763,0.6041,7560,2023-08-29
728,0.621,0.612,2274116.16774305,0.6233,0.5985,0.6111,3948,2023-08-30
729,0.6121,0.5911,2723602.83994386,0.61873,0.58,0.6056,5656,2023-08-31
