VETUSD,open_price,close_price,trading_volume,highest_price,lowest_price,volume_weighted_avg_price,transaction_amt,date_time
0,0.12249,0.13742,3858782.00694481,0.13963,0.11952,0.131,573,2021-09-01
1,0.13781,0.14385,4414033.13944015,0.1481,0.13457,0.1438,592,2021-09-02
2,0.14276,0.14356,2206104.93981813,0.1478,0.13919,0.1438,415,2021-09-03
3,0.1443,0.14425,2121592.80565999,0.15301,0.14237,0.1481,409,2021-09-04
4,0.14434,0.1525,3326549.82254912,0.154,0.14432,0.1503,409,2021-09-05
5,0.15356,0.1494,2913167.50689558,0.157,0.14631,0.1518,450,2021-09-06
6,0.1494,0.12246,29416942.2037433,0.15271,0.096845,0.1256,2703,2021-09-07
7,0.12324,0.11852,1457742.03213297,0.12615,0.10626,0.1169,329,2021-09-08
8,0.11912,0.12154,1973575.89963028,0.12747,0.11722,0.1227,347,2021-09-09
9,0.12291,0.11224,814154.79682455,0.127,0.11056,0.1176,221,2021-09-10
10,0.113,0.11511,856616.34212557,0.11894,0.11156,0.117,175,2021-09-11
11,0.1153,0.12001,1138732.87205782,0.124,0.11309,0.1179,223,2021-09-12
12,0.12085,0.11252,2468023.8551146,0.12148,0.10853,0.1125,294,2021-09-13
13,0.11374,0.11711,2805709.85125598,0.11823,0.11228,0.1171,435,2021-09-14
14,0.11773,0.12237,1343599.46615982,0.12328,0.11531,0.121,495,2021-09-15
15,0.12206,0.11679,4145370.07820658,0.12316,0.11442,0.1184,824,2021-09-16
16,0.11676,0.11165,2530752.91908758,0.11783,0.11063,0.1158,685,2021-09-17
17,0.11142,0.11289,507611.93301864,0.11603,0.11031,0.1139,333,2021-09-18
18,0.11266,0.10815,679837.35758483,0.11399,0.10679,0.1102,402,2021-09-19
19,0.10772,0.091687,7104246.71660167,0.10773,0.08865,0.0946,1089,2021-09-20
20,0.092088,0.086413,4806395.9801052,0.09724,0.08442,0.0917,951,2021-09-21
21,0.086069,0.09934,1657240.28167922,0.099398,0.085125,0.0933,669,2021-09-22
22,0.09966,0.10156,1985699.37759824,0.10276,0.097272,0.1007,509,2021-09-23
23,0.10282,0.092522,1740077.25080187,0.10282,0.08866,0.0942,717,2021-09-24
24,0.092181,0.090319,2419172.02326169,0.093773,0.088819,0.0911,544,2021-09-25
25,0.090366,0.091619,2377646.39804487,0.093147,0.084695,0.0893,564,2021-09-26
26,0.09143,0.086441,1023554.58422781,0.094154,0.086441,0.0899,399,2021-09-27
27,0.08658,0.08173,4810246.71709628,0.088585,0.08173,0.0844,597,2021-09-28
28,0.081883,0.08447,3164607.31663641,0.08741,0.081745,0.085,650,2021-09-29
29,0.08448,0.096111,4025239.79752606,0.096111,0.08442,0.0898,454,2021-09-30
30,0.09644,0.10827,8101363.35854683,0.11117,0.095269,0.1041,744,2021-10-01
31,0.10948,0.11125,7034834.74849241,0.11648,0.1061,0.1136,822,2021-10-02
32,0.11181,0.11055,4943228.78683651,0.11453,0.10852,0.111,813,2021-10-03
33,0.11028,0.1096,4240467.3141549,0.11268,0.10438,0.1087,809,2021-10-04
34,0.1095,0.11332,4843938.77390738,0.11588,0.10871,0.1121,840,2021-10-05
35,0.11385,0.11257,7286444.85788358,0.11487,0.10541,0.111,982,2021-10-06
36,0.11224,0.11176,4976098.596219,0.1178,0.10936,0.1128,987,2021-10-07
37,0.11169,0.11144,2769150.08742185,0.11534,0.11079,0.1137,630,2021-10-08
38,0.11136,0.11909,3574637.26621901,0.12308,0.10958,0.1182,930,2021-10-09
39,0.11906,0.11048,2280272.35215759,0.11921,0.10982,0.115,669,2021-10-10
40,0.1101,0.10912,13472353.5421041,0.11516,0.10677,0.1116,1487,2021-10-11
41,0.10891,0.10635,5077560.97652343,0.10891,0.10054,0.1048,895,2021-10-12
42,0.10664,0.11552,1649332.88207136,0.11602,0.1048,0.1081,519,2021-10-13
43,0.11546,0.11905,5815239.2237275,0.12247,0.11546,0.1194,892,2021-10-14
44,0.11912,0.11974,3554067.6681131,0.12524,0.11277,0.1184,815,2021-10-15
45,0.1199,0.11999,2959598.15381141,0.12431,0.1186,0.1205,659,2021-10-16
46,0.11967,0.12225,2580235.53777763,0.12782,0.11751,0.1216,730,2021-10-17
47,0.12245,0.11829,3740897.44723979,0.12359,0.1169,0.1188,599,2021-10-18
48,0.11855,0.11609,3532361.76350262,0.11923,0.11474,0.1164,700,2021-10-19
49,0.11614,0.1221,3257098.57701067,0.12299,0.11515,0.1195,722,2021-10-20
50,0.12258,0.12895,9886356.31533823,0.13579,0.1221,0.1292,1862,2021-10-21
51,0.12936,0.13006,4933620.32977973,0.13689,0.12686,0.1324,1304,2021-10-22
52,0.1299,0.13594,2262169.41987324,0.13859,0.12882,0.1348,859,2021-10-23
53,0.13605,0.13273,3596270.34410538,0.13919,0.12875,0.1338,934,2021-10-24
54,0.13236,0.1427,5545885.36241764,0.14308,0.13121,0.1382,1015,2021-10-25
55,0.14275,0.14019,3429962.18273179,0.14777,0.13936,0.143,1061,2021-10-26
56,0.13992,0.12402,14257403.5876993,0.14299,0.11724,0.1276,2399,2021-10-27
57,0.12435,0.13008,4646348.16781687,0.13358,0.12381,0.1286,1124,2021-10-28
58,0.13039,0.13732,2952347.16019012,0.13849,0.12981,0.1341,894,2021-10-29
59,0.1375,0.13083,3818515.1714726,0.13856,0.12743,0.1339,896,2021-10-30
60,0.13081,0.13311,3740362.94788092,0.13523,0.12637,0.1314,905,2021-10-31
61,0.13247,0.13687,4551195.30196068,0.13762,0.1279,0.1339,1039,2021-11-01
62,0.13632,0.14046,2502809.44762874,0.14286,0.13347,0.1398,913,2021-11-02
63,0.14032,0.13708,3380502.11784632,0.14086,0.13237,0.1364,999,2021-11-03
64,0.13679,0.15301,6079014.33825112,0.15334,0.13547,0.1458,1992,2021-11-04
65,0.15274,0.15885,10686164.6968599,0.16403,0.14567,0.155,2468,2021-11-05
66,0.15861,0.15997,5931266.90100602,0.16366,0.14945,0.1567,1471,2021-11-06
67,0.16053,0.15488,2979489.31862616,0.16192,0.15445,0.158,875,2021-11-07
68,0.15514,0.17541,7125591.09950369,0.17611,0.1516,0.1634,1903,2021-11-08
69,0.17584,0.17058,7925516.79174281,0.1873,0.17058,0.1783,2333,2021-11-09
70,0.17168,0.16255,7125137.37096439,0.18263,0.14857,0.1679,2223,2021-11-10
71,0.16177,0.16523,3652707.8036833,0.16861,0.15852,0.1645,1114,2021-11-11
72,0.16489,0.1591,2832426.99514979,0.1654,0.15145,0.1583,775,2021-11-12
73,0.15905,0.16074,2453648.70276661,0.16282,0.15488,0.1604,690,2021-11-13
74,0.16105,0.16131,3074155.96744083,0.16308,0.15384,0.1592,703,2021-11-14
75,0.16209,0.16288,3998548.91784206,0.17719,0.16204,0.1684,1245,2021-11-15
76,0.16275,0.14479,11934094.660975,0.16275,0.13522,0.1494,2422,2021-11-16
77,0.14412,0.14493,4204420.99578123,0.14758,0.13683,0.1424,1213,2021-11-17
78,0.14521,0.12898,5785851.31715526,0.14665,0.12357,0.1337,1490,2021-11-18
79,0.12981,0.13935,3166309.30428297,0.14166,0.12589,0.1341,1017,2021-11-19
80,0.13978,0.13984,1813383.48709941,0.14166,0.13283,0.1376,650,2021-11-20
81,0.13961,0.13234,2084643.62755247,0.13961,0.132,0.1364,634,2021-11-21
82,0.1328,0.12669,3436582.00061078,0.1331,0.12499,0.1302,829,2021-11-22
83,0.12677,0.13086,1771366.92722483,0.13213,0.1244,0.1287,560,2021-11-23
84,0.13095,0.12228,5539028.87760763,0.13182,0.11998,0.124,914,2021-11-24
85,0.12216,0.12763,1977760.47158016,0.13214,0.12117,0.1269,830,2021-11-25
86,0.12818,0.11332,5756522.33701252,0.12836,0.111,0.1166,1172,2021-11-26
87,0.11387,0.11429,2150142.66037058,0.11826,0.11284,0.1166,437,2021-11-27
88,0.11414,0.11652,3148288.60191169,0.11652,0.1043,0.1095,893,2021-11-28
89,0.11655,0.12197,2002969.09437178,0.12229,0.11428,0.1185,625,2021-11-29
90,0.12158,0.11932,3010247.73987064,0.12542,0.116,0.1211,704,2021-11-30
91,0.11907,0.11838,2276043.53368931,0.12512,0.117,0.1199,636,2021-12-01
92,0.11832,0.11585,1551407.09997514,0.11898,0.11392,0.1165,492,2021-12-02
93,0.11595,0.10868,1780703.96946239,0.11936,0.10438,0.1112,833,2021-12-03
94,0.1085,0.096722,10855254.0659521,0.1087,0.070404,0.0906,2236,2021-12-04
95,0.097084,0.08977,2351793.47735059,0.097868,0.08662,0.0918,669,2021-12-05
96,0.089961,0.09356,6035303.39836085,0.093872,0.079644,0.0864,1151,2021-12-06
97,0.0935,0.09158,2647614.26974488,0.097992,0.09018,0.0941,800,2021-12-07
98,0.090773,0.09439,2550618.01111244,0.09608,0.088542,0.0925,901,2021-12-08
99,0.09467,0.085566,3479869.19714248,0.09584,0.085566,0.0901,665,2021-12-09
100,0.085653,0.080574,2548864.51775285,0.08889,0.080558,0.085,662,2021-12-10
101,0.08049,0.086335,2604867.36393979,0.086419,0.079482,0.0826,612,2021-12-11
102,0.086042,0.08696,1021604.72484315,0.08814,0.082942,0.0857,428,2021-12-12
103,0.0876,0.077314,2418547.38634944,0.088393,0.075657,0.0811,707,2021-12-13
104,0.07726,0.079769,2865461.89644805,0.080811,0.0751,0.0792,616,2021-12-14
105,0.079423,0.083179,4856222.61629918,0.0844,0.074701,0.0796,710,2021-12-15
106,0.083189,0.081771,2673067.45878002,0.087751,0.081481,0.0849,878,2021-12-16
107,0.081671,0.080209,4114771.21937158,0.084236,0.078,0.0813,693,2021-12-17
108,0.080252,0.084189,4900119.96999099,0.084445,0.07897,0.0824,635,2021-12-18
109,0.083999,0.080656,2470712.90707365,0.084876,0.080298,0.0826,454,2021-12-19
110,0.080154,0.07955,1402210.29620775,0.081088,0.076174,0.0783,422,2021-12-20
111,0.079763,0.083425,2324981.43043598,0.083745,0.078628,0.0813,478,2021-12-21
112,0.083474,0.086938,3645703.26721485,0.088927,0.082757,0.0867,854,2021-12-22
113,0.086942,0.092885,3872777.25040448,0.094172,0.08486,0.0896,995,2021-12-23
114,0.093067,0.091674,3449829.70999447,0.095948,0.090807,0.0939,872,2021-12-24
115,0.091833,0.095216,1128324.69045868,0.095323,0.091199,0.0929,472,2021-12-25
116,0.094661,0.09447,1284503.77219522,0.095133,0.0915,0.0939,498,2021-12-26
117,0.09457,0.097707,5170901.85624969,0.1029,0.09457,0.0986,858,2021-12-27
118,0.097473,0.087572,4535108.3007432,0.097479,0.087377,0.0922,708,2021-12-28
119,0.087585,0.082572,2194302.98493969,0.09016,0.082051,0.0863,657,2021-12-29
120,0.082395,0.084741,4395576.70454611,0.086498,0.080864,0.0846,548,2021-12-30
121,0.084899,0.08265,1875544.42445663,0.08717,0.08114,0.0843,452,2021-12-31
122,0.082869,0.086731,477520.98225794,0.086891,0.082869,0.0849,304,2022-01-01
123,0.08666,0.087135,1000192.77200361,0.088668,0.08474,0.0869,408,2022-01-02
124,0.086973,0.0858,2345239.74060259,0.088716,0.08454,0.0863,612,2022-01-03
125,0.086037,0.085839,4166309.13331045,0.089795,0.08388,0.0874,904,2022-01-04
126,0.085913,0.08449,11080572.7242973,0.095642,0.078657,0.0895,2076,2022-01-05
127,0.084556,0.082647,7050704.32331963,0.084854,0.080582,0.0823,1775,2022-01-06
128,0.082738,0.0785,4690475.2860476,0.08286,0.076383,0.0794,1444,2022-01-07
129,0.078563,0.075468,4655551.7574427,0.080598,0.0721,0.0765,1062,2022-01-08
130,0.075436,0.076702,4997673.38229489,0.078824,0.074595,0.0766,1042,2022-01-09
131,0.076566,0.073113,3944060.69440745,0.077614,0.069131,0.0723,955,2022-01-10
132,0.073371,0.07667,2093981.06636635,0.076862,0.07218,0.0751,858,2022-01-11
133,0.076934,0.08253,2478182.95111619,0.08253,0.076815,0.0801,785,2022-01-12
134,0.082367,0.077441,1946425.8645048,0.083152,0.076861,0.0796,748,2022-01-13
135,0.077452,0.079064,1948027.87249391,0.079744,0.075427,0.0776,691,2022-01-14
136,0.079201,0.078572,845264.0614582,0.080075,0.077658,0.0787,485,2022-01-15
137,0.078523,0.078449,959648.83731764,0.079647,0.077268,0.0786,451,2022-01-16
138,0.078543,0.075252,2057605.93713342,0.07859,0.07382,0.0753,650,2022-01-17
139,0.075368,0.074201,2250794.18506775,0.07605,0.072214,0.0736,792,2022-01-18
140,0.074187,0.070726,2648916.58128875,0.07464,0.070269,0.0721,933,2022-01-19
141,0.070844,0.06765,2869927.82303682,0.07476,0.067252,0.071,1290,2022-01-20
142,0.06758,0.057539,11176465.9254398,0.068856,0.055626,0.0623,3342,2022-01-21
143,0.057381,0.05161,15435849.5549457,0.059051,0.044985,0.0513,4573,2022-01-22
144,0.051667,0.05315,8531255.75904796,0.054652,0.05011,0.0523,2916,2022-01-23
145,0.05314,0.051381,13917026.6358302,0.05314,0.04398,0.0475,3211,2022-01-24
146,0.051397,0.053463,2864223.44694875,0.054245,0.049616,0.0521,1414,2022-01-25
147,0.053654,0.05337,1881194.09183168,0.058718,0.05168,0.0548,1028,2022-01-26
148,0.053349,0.052441,1970219.55428851,0.054381,0.050101,0.0516,951,2022-01-27
149,0.052378,0.053888,1336865.37007655,0.05408,0.050781,0.0523,855,2022-01-28
150,0.053812,0.054552,2195469.98711793,0.055582,0.053401,0.0542,748,2022-01-29
151,0.054512,0.052611,2235172.38439101,0.055556,0.051619,0.0539,746,2022-01-30
152,0.052727,0.053875,1319983.26643181,0.054,0.050438,0.0524,741,2022-01-31
153,0.053835,0.054595,1164411.54597522,0.055445,0.053491,0.0543,637,2022-02-01
154,0.054676,0.052345,1305278.35467422,0.056386,0.051683,0.0537,695,2022-02-02
155,0.05199,0.052541,1551794.74044777,0.052541,0.050671,0.0516,655,2022-02-03
156,0.052316,0.058658,1921453.66583178,0.058669,0.052115,0.0561,753,2022-02-04
157,0.058656,0.059206,1172710.31940015,0.061212,0.057748,0.0595,692,2022-02-05
158,0.059252,0.061477,3956657.75774633,0.061477,0.058066,0.0597,760,2022-02-06
159,0.061414,0.067872,2645498.20519535,0.06794,0.060088,0.0654,951,2022-02-07
160,0.067794,0.06428,1535718.09670199,0.069287,0.062179,0.0654,961,2022-02-08
161,0.064576,0.066872,1541448.04477439,0.06825,0.063227,0.0663,783,2022-02-09
162,0.067069,0.062946,1600240.61216754,0.068372,0.062946,0.0659,958,2022-02-10
163,0.062906,0.058001,1666338.6877988,0.064639,0.056822,0.0618,949,2022-02-11
164,0.057935,0.057607,1016578.54480567,0.059136,0.055685,0.057,816,2022-02-12
165,0.057529,0.056353,1578835.8339895,0.058479,0.055204,0.057,769,2022-02-13
166,0.056487,0.05625,1633336.51452618,0.057289,0.054369,0.0561,861,2022-02-14
167,0.05628,0.061094,1602911.87230498,0.061094,0.055698,0.0588,696,2022-02-15
168,0.061145,0.060373,1259772.93537865,0.061958,0.058391,0.0604,730,2022-02-16
169,0.060573,0.054587,1477551.46938927,0.061508,0.054434,0.0578,801,2022-02-17
170,0.054549,0.053275,2649904.3752598,0.056079,0.05286,0.0545,779,2022-02-18
171,0.053144,0.05267,1673856.50419239,0.054578,0.051544,0.0532,624,2022-02-19
172,0.052607,0.049144,2123097.29588788,0.052761,0.04828,0.0499,847,2022-02-20
173,0.049274,0.045307,2834542.21053084,0.051678,0.045,0.0484,911,2022-02-21
174,0.045421,0.047304,2445719.61121902,0.047432,0.043853,0.0456,841,2022-02-22
175,0.0474,0.045543,2012839.31040708,0.049985,0.045527,0.0481,739,2022-02-23
176,0.045476,0.044671,4107676.97963282,0.046042,0.039082,0.0418,981,2022-02-24
177,0.044758,0.047498,964516.19646832,0.048201,0.043546,0.0457,683,2022-02-25
178,0.047559,0.048306,864533.944050011,0.049234,0.047332,0.0482,625,2022-02-26
179,0.048326,0.045589,1396054.88027783,0.049184,0.044688,0.0459,630,2022-02-27
180,0.045542,0.052228,1374769.86802703,0.052228,0.044548,0.0478,654,2022-02-28
181,0.052137,0.052857,912661.347409881,0.054451,0.051385,0.0531,665,2022-03-01
182,0.052875,0.053084,1473937.69621107,0.054102,0.051301,0.0527,735,2022-03-02
183,0.053057,0.054672,1588512.64364234,0.057195,0.051771,0.0545,677,2022-03-03
184,0.054684,0.048977,2330137.9265381,0.055087,0.048284,0.0522,736,2022-03-04
185,0.049151,0.050421,815361.37967077,0.050901,0.047811,0.0494,596,2022-03-05
186,0.05032,0.047608,1331598.75822809,0.050812,0.04736,0.0486,626,2022-03-06
187,0.047531,0.046018,1535802.82547286,0.048902,0.044946,0.0468,705,2022-03-07
188,0.045928,0.046637,455109.43901358,0.04757,0.045513,0.0463,628,2022-03-08
189,0.046562,0.048522,1593976.98503021,0.049889,0.046532,0.0493,649,2022-03-09
190,0.048473,0.047052,1790032.17045101,0.048829,0.045419,0.0462,685,2022-03-10
191,0.046946,0.046198,695062.84549557,0.048415,0.045466,0.0465,592,2022-03-11
192,0.04623,0.046323,181928.73956445,0.047468,0.04623,0.0469,545,2022-03-12
193,0.045938,0.044482,906845.61282201,0.047131,0.044138,0.0457,560,2022-03-13
194,0.044586,0.045867,828734.480350109,0.046136,0.044308,0.0451,559,2022-03-14
195,0.045954,0.045863,1725997.05394625,0.046669,0.044299,0.0452,615,2022-03-15
196,0.045884,0.048429,2344173.76550287,0.048672,0.045523,0.0472,810,2022-03-16
197,0.0483,0.048405,1132935.31061585,0.04978,0.047659,0.0487,529,2022-03-17
198,0.048379,0.049546,2169627.67880805,0.04982,0.047221,0.0478,544,2022-03-18
199,0.049632,0.051258,1200751.21705049,0.05168,0.049543,0.0505,493,2022-03-19
200,0.051361,0.049948,1606221.79096668,0.05279,0.049,0.0502,594,2022-03-20
201,0.049892,0.050656,562928.47735621,0.051877,0.048838,0.0505,559,2022-03-21
202,0.050601,0.053219,1309525.9547103,0.053835,0.050489,0.053,597,2022-03-22
203,0.053264,0.056132,878743.3419482,0.056149,0.052698,0.0542,653,2022-03-23
204,0.05609,0.057622,1749144.83087873,0.058385,0.054992,0.0566,647,2022-03-24
205,0.057535,0.055684,4774576.38199486,0.058956,0.055241,0.0578,731,2022-03-25
206,0.055614,0.064219,2020624.68379689,0.065477,0.055592,0.0592,694,2022-03-26
207,0.064364,0.07481,6704506.47373437,0.079741,0.063573,0.0714,1337,2022-03-27
208,0.074488,0.071049,6361248.9812748,0.081,0.070128,0.0754,1130,2022-03-28
209,0.071163,0.072457,3921911.462507,0.075311,0.070685,0.0732,874,2022-03-29
210,0.072268,0.084227,31909953.9002797,0.087229,0.068908,0.0822,2311,2022-03-30
211,0.085416,0.077891,6671681.8616121,0.089251,0.076368,0.0817,1316,2022-03-31
212,0.078385,0.081048,1641474.69214957,0.082901,0.074783,0.0802,898,2022-04-01
213,0.080192,0.077074,9805864.69561762,0.084508,0.0764,0.0802,1017,2022-04-02
214,0.077176,0.082581,4400349.58105887,0.082913,0.075175,0.0778,780,2022-04-03
215,0.082697,0.078971,4166279.19595015,0.083061,0.074694,0.0781,846,2022-04-04
216,0.079063,0.075906,2728156.8752668,0.080672,0.075868,0.0785,803,2022-04-05
217,0.075849,0.065702,9266169.50227548,0.076083,0.065389,0.0729,1108,2022-04-06
218,0.066168,0.070372,983760.336095699,0.0708,0.065,0.0689,722,2022-04-07
219,0.070212,0.064738,1842120.80040506,0.071936,0.06425,0.0669,725,2022-04-08
220,0.064919,0.067181,855327.307718721,0.067445,0.064339,0.066,593,2022-04-09
221,0.066985,0.064864,718528.39971186,0.068452,0.064788,0.0662,594,2022-04-10
222,0.064941,0.057571,2641573.09731301,0.065624,0.057,0.0609,987,2022-04-11
223,0.05777,0.060178,2005187.03122041,0.061975,0.057392,0.0593,815,2022-04-12
224,0.060049,0.06161,4711967.388735,0.063617,0.058888,0.0614,850,2022-04-13
225,0.061538,0.061385,1650850.89807227,0.063942,0.059359,0.0618,715,2022-04-14
226,0.06131,0.061662,205492.79152188,0.062265,0.060466,0.0612,535,2022-04-15
227,0.061692,0.061391,243343.87214547,0.062685,0.060146,0.0613,456,2022-04-16
228,0.061333,0.058104,4856876.25347579,0.061515,0.057871,0.0599,662,2022-04-17
229,0.057894,0.059625,1623206.84174965,0.059625,0.055124,0.0572,904,2022-04-18
230,0.05965,0.061711,810141.47824681,0.061926,0.059095,0.0607,589,2022-04-19
231,0.061562,0.060787,1852990.0169328,0.063448,0.059126,0.0618,847,2022-04-20
232,0.060802,0.058829,2460117.66375334,0.063825,0.057591,0.061,1134,2022-04-21
233,0.058752,0.05786,3533407.11633252,0.060183,0.057169,0.0583,1721,2022-04-22
234,0.05779,0.057462,1251791.99866873,0.058969,0.056804,0.0584,658,2022-04-23
235,0.057531,0.055944,1174857.49193628,0.058115,0.0555,0.0566,553,2022-04-24
236,0.055908,0.056596,2971072.42576173,0.056905,0.051912,0.054,1034,2022-04-25
237,0.056331,0.051164,1419850.76898341,0.056797,0.050443,0.0533,857,2022-04-26
238,0.051211,0.052028,1901355.95934836,0.052956,0.050553,0.0518,827,2022-04-27
239,0.051945,0.051572,1471912.99842706,0.053232,0.050415,0.0518,919,2022-04-28
240,0.051609,0.048503,3168007.50219825,0.051984,0.047547,0.0493,1085,2022-04-29
241,0.048496,0.045372,3093858.43381751,0.04963,0.0445,0.0472,1050,2022-04-30
242,0.045294,0.048524,4307967.23071854,0.049478,0.044286,0.0472,1178,2022-05-01
243,0.048556,0.047562,6955283.77921529,0.049786,0.045817,0.0485,1101,2022-05-02
244,0.047541,0.046864,5093044.97972883,0.048784,0.045862,0.0473,958,2022-05-03
245,0.046799,0.053905,6425950.72608825,0.054119,0.046621,0.0502,1343,2022-05-04
246,0.054014,0.04761,11817683.3814386,0.054699,0.046071,0.0511,1510,2022-05-05
247,0.047574,0.047015,3891414.10248571,0.047901,0.045453,0.0468,1293,2022-05-06
248,0.047101,0.045512,3429690.22218697,0.047293,0.044333,0.0461,1144,2022-05-07
249,0.045653,0.044671,3721047.36386354,0.046094,0.043735,0.0451,967,2022-05-08
250,0.044602,0.038067,9170795.2184474,0.045297,0.037721,0.0413,1549,2022-05-09
251,0.038026,0.038892,8113703.20269246,0.043516,0.0368,0.0401,1911,2022-05-10
252,0.038865,0.030451,15086928.6235394,0.040157,0.028502,0.034,2855,2022-05-11
253,0.030512,0.027688,24918491.7347324,0.032283,0.02377,0.0278,3849,2022-05-12
254,0.027773,0.030566,21345452.2817114,0.036064,0.02732,0.032,1938,2022-05-13
255,0.030717,0.031809,8350283.18288971,0.03267,0.028718,0.0304,1859,2022-05-14
256,0.031741,0.033539,9537202.22888532,0.033626,0.030431,0.0317,1309,2022-05-15
257,0.033467,0.030916,5986031.73533798,0.033467,0.030093,0.0317,1217,2022-05-16
258,0.031105,0.032921,2204621.16515644,0.033278,0.030851,0.032,994,2022-05-17
259,0.032828,0.029021,2231744.61104247,0.033198,0.029021,0.0307,997,2022-05-18
260,0.029354,0.03141,8232548.3445917,0.031561,0.02831,0.0298,1327,2022-05-19
261,0.031421,0.030155,2877361.24201476,0.03199,0.029355,0.0312,760,2022-05-20
262,0.030144,0.030801,322329.48757522,0.031173,0.029666,0.0303,613,2022-05-21
263,0.030762,0.032058,1252403.64807537,0.032674,0.030609,0.0317,674,2022-05-22
264,0.031929,0.0311,1798894.95829713,0.034578,0.030761,0.0327,770,2022-05-23
265,0.03124,0.031697,2160066.66300243,0.032171,0.0298,0.0305,750,2022-05-24
266,0.031671,0.031343,1097489.3074667,0.032474,0.030444,0.0313,726,2022-05-25
267,0.03143,0.02954,2591285.98024114,0.032103,0.028173,0.0301,945,2022-05-26
268,0.02974,0.02896,2414765.54396004,0.030504,0.028511,0.0293,850,2022-05-27
269,0.029061,0.029739,4532878.6081558,0.032219,0.028662,0.0298,821,2022-05-28
270,0.029763,0.030164,2095716.85840889,0.030197,0.028989,0.0299,681,2022-05-29
271,0.030255,0.032993,548784.39048737,0.032993,0.030044,0.0318,698,2022-05-30
272,0.032923,0.032812,4706280.70859178,0.033692,0.031852,0.0325,867,2022-05-31
273,0.032852,0.030484,4512253.7140274,0.034114,0.030083,0.0328,895,2022-06-01
274,0.030528,0.031491,416480.23563753,0.03172,0.030115,0.0309,617,2022-06-02
275,0.031455,0.030186,3036384.11613904,0.031776,0.029826,0.0304,697,2022-06-03
276,0.030273,0.030575,901374.331940489,0.030769,0.029601,0.0304,692,2022-06-04
277,0.030606,0.030497,1214487.19040733,0.030894,0.030056,0.0305,781,2022-06-05
278,0.030418,0.031797,1274363.3234806,0.032811,0.030341,0.0317,739,2022-06-06
279,0.031748,0.030677,1391389.27021772,0.031796,0.029614,0.0305,695,2022-06-07
280,0.030707,0.030303,277087.01425567,0.031228,0.030081,0.0306,596,2022-06-08
281,0.03027,0.031867,2440415.12374903,0.033109,0.029918,0.0318,798,2022-06-09
282,0.031776,0.029457,1290686.00449175,0.032408,0.029306,0.0306,723,2022-06-10
283,0.029466,0.027553,3107518.5007317,0.030207,0.027114,0.0282,778,2022-06-11
284,0.027611,0.025726,3668494.36253874,0.028,0.025726,0.0266,993,2022-06-12
285,0.025714,0.023818,11419372.2632922,0.026221,0.022235,0.0238,2395,2022-06-13
286,0.023858,0.02395,8173555.84525847,0.024868,0.021962,0.0238,2002,2022-06-14
287,0.02393,0.025573,7438103.12754584,0.025573,0.021475,0.023,1946,2022-06-15
288,0.025594,0.0227,4679101.68344623,0.025882,0.022306,0.0237,1317,2022-06-16
289,0.022712,0.023353,2158425.31890823,0.023907,0.022546,0.0234,883,2022-06-17
290,0.023312,0.021676,2645907.5792895,0.023575,0.020062,0.0214,1079,2022-06-18
291,0.021672,0.023018,3553166.25930578,0.023274,0.020774,0.0221,1207,2022-06-19
292,0.023079,0.023536,2185316.65678277,0.023803,0.021948,0.0229,1006,2022-06-20
293,0.023533,0.023581,4357583.00210723,0.025081,0.02307,0.0239,1109,2022-06-21
294,0.023299,0.022697,1220873.77559272,0.023731,0.022567,0.0231,589,2022-06-22
295,0.022698,0.024142,1851806.66044767,0.02418,0.022698,0.0236,760,2022-06-23
296,0.024092,0.02538,2011325.48395775,0.025931,0.023933,0.0251,805,2022-06-24
297,0.025332,0.026266,1172235.69846568,0.026377,0.024525,0.0257,667,2022-06-25
298,0.026257,0.024316,3974294.23654044,0.026792,0.024294,0.026,785,2022-06-26
299,0.024349,0.02456,2961079.40468372,0.025479,0.024158,0.0247,898,2022-06-27
300,0.024541,0.02346,2075581.97186081,0.025358,0.023325,0.0246,810,2022-06-28
301,0.023423,0.022767,3091539.68247956,0.023748,0.022406,0.023,902,2022-06-29
302,0.022756,0.022781,2906973.7798404,0.022921,0.021282,0.0222,939,2022-06-30
303,0.022677,0.022278,3117080.18469916,0.02317,0.021838,0.0224,951,2022-07-01
304,0.022247,0.022352,974961.935098559,0.022612,0.021845,0.0222,718,2022-07-02
305,0.022347,0.022574,1499491.83241269,0.022824,0.021839,0.0221,622,2022-07-03
306,0.02262,0.023294,1518169.06948767,0.023417,0.021957,0.0228,761,2022-07-04
307,0.023339,0.022701,2852372.6866731,0.023511,0.021938,0.0228,869,2022-07-05
308,0.022753,0.023586,1480041.11417533,0.02384,0.022276,0.0233,790,2022-07-06
309,0.023536,0.024084,1635500.21420538,0.024312,0.023121,0.0238,751,2022-07-07
310,0.024085,0.023769,1441007.56534164,0.024817,0.023562,0.0241,719,2022-07-08
311,0.023773,0.024078,381215.26597531,0.024456,0.023769,0.0241,437,2022-07-09
312,0.024046,0.023406,382723.51767793,0.024177,0.023259,0.0236,501,2022-07-10
313,0.023375,0.022019,1164807.14944224,0.023398,0.021952,0.0226,605,2022-07-11
314,0.022013,0.021441,894744.107580291,0.022242,0.0214,0.0218,574,2022-07-12
315,0.021463,0.022341,2638291.50482407,0.022346,0.020754,0.0217,1015,2022-07-13
316,0.022257,0.0228,610911.06180657,0.022943,0.021535,0.0222,570,2022-07-14
317,0.022755,0.022943,1362539.57410187,0.023461,0.022548,0.0231,596,2022-07-15
318,0.022977,0.023683,920064.25800098,0.023879,0.022534,0.0234,537,2022-07-16
319,0.023703,0.023148,2837502.55302638,0.024147,0.023148,0.0236,871,2022-07-17
320,0.023166,0.024839,1850359.765358,0.024898,0.023146,0.0244,729,2022-07-18
321,0.024729,0.026119,2641937.34395189,0.026356,0.024018,0.0255,728,2022-07-19
322,0.026119,0.025349,2446012.76788014,0.027341,0.025323,0.0269,757,2022-07-20
323,0.025391,0.025363,1007152.71147449,0.025653,0.024383,0.0251,653,2022-07-21
324,0.025369,0.025342,736021.638367009,0.026835,0.025149,0.0261,622,2022-07-22
325,0.02531,0.025013,432877.4359729,0.025817,0.024431,0.025,399,2022-07-23
326,0.025063,0.025043,545527.3899346,0.025744,0.024878,0.0254,563,2022-07-24
327,0.025064,0.023304,516591.19637339,0.025143,0.023304,0.024,556,2022-07-25
328,0.023271,0.023326,936793.605095189,0.023355,0.022533,0.0229,554,2022-07-26
329,0.023336,0.025201,496387.96672391,0.025201,0.022876,0.0239,531,2022-07-27
330,0.025213,0.026373,1559662.73384234,0.026744,0.024765,0.0256,645,2022-07-28
331,0.026333,0.026689,1039796.10335679,0.0275,0.025963,0.0269,714,2022-07-29
332,0.026693,0.027358,1085703.6555639,0.028546,0.026435,0.0277,653,2022-07-30
333,0.027361,0.027156,508356.6063993,0.028594,0.026987,0.028,626,2022-07-31
334,0.027126,0.027605,549599.01514194,0.028085,0.026852,0.0273,596,2022-08-01
335,0.027659,0.027737,1908052.41246499,0.029272,0.026232,0.0279,799,2022-08-02
336,0.027773,0.029309,1091559.74987893,0.030777,0.027093,0.0298,723,2022-08-03
337,0.02928,0.029507,701639.209013541,0.030319,0.028906,0.0293,607,2022-08-04
338,0.029515,0.031394,937045.978756489,0.031472,0.029279,0.0309,682,2022-08-05
339,0.031343,0.030869,399953.65272467,0.0319,0.030734,0.0315,444,2022-08-06
340,0.030871,0.031296,1590685.47668415,0.031796,0.030557,0.0315,503,2022-08-07
341,0.031228,0.031472,1240149.77263741,0.032769,0.031228,0.0321,535,2022-08-08
342,0.031522,0.03022,241851.71627661,0.031859,0.029619,0.0309,529,2022-08-09
343,0.030131,0.032763,1920379.55042645,0.032988,0.029301,0.0322,616,2022-08-10
344,0.032683,0.032733,3184237.48815965,0.0335,0.032444,0.033,826,2022-08-11
345,0.032696,0.033374,446670.33025185,0.033711,0.032394,0.0331,544,2022-08-12
346,0.033393,0.03299,548708.45963007,0.033706,0.03268,0.0331,466,2022-08-13
347,0.032965,0.032296,315597.6820746,0.033897,0.032049,0.033,478,2022-08-14
348,0.03216,0.031387,1010562.11199337,0.033178,0.030899,0.0315,577,2022-08-15
349,0.03133,0.030686,1237442.64324872,0.0316,0.030542,0.031,569,2022-08-16
350,0.030616,0.029276,1911688.24695473,0.031938,0.029,0.0302,577,2022-08-17
351,0.029224,0.028271,691886.84647501,0.029907,0.028138,0.0293,552,2022-08-18
352,0.0281,0.0258,1107973.64360165,0.0281,0.025419,0.0265,694,2022-08-19
353,0.025722,0.025777,1190243.74991165,0.026536,0.025212,0.026,606,2022-08-20
354,0.025781,0.026559,1217045.50441303,0.02698,0.025627,0.0263,531,2022-08-21
355,0.026506,0.026157,408900.480432501,0.026536,0.02499,0.0258,566,2022-08-22
356,0.026104,0.02643,2888694.01885389,0.02665,0.025317,0.0261,630,2022-08-23
357,0.026453,0.026244,2083723.7626664,0.026916,0.02567,0.0265,556,2022-08-24
358,0.026223,0.026746,2844452.39082795,0.027196,0.026223,0.0269,532,2022-08-25
359,0.026716,0.024411,2842898.37854453,0.027124,0.024202,0.0259,638,2022-08-26
360,0.024406,0.02448,1136742.38365173,0.024815,0.024036,0.0243,554,2022-08-27
361,0.024425,0.023632,1101918.46056177,0.024803,0.023609,0.0245,484,2022-08-28
362,0.023675,0.024871,1819715.56895515,0.024937,0.023451,0.0243,554,2022-08-29
363,0.024814,0.024334,1402488.15889127,0.025394,0.023777,0.0243,554,2022-08-30
364,0.024356,0.024217,1730548.17780948,0.025128,0.0241,0.0246,612,2022-08-31
365,0.024179,0.024301,1815921.54829795,0.024447,0.023387,0.024,580,2022-09-01
366,0.024323,0.024116,2470908.70044599,0.024908,0.023796,0.0243,538,2022-09-02
367,0.024086,0.024234,967366.52387965,0.024313,0.023782,0.0241,365,2022-09-03
368,0.024243,0.024998,841676.0330471,0.025184,0.024099,0.0247,415,2022-09-04
369,0.024998,0.024443,206484.48256574,0.02516,0.024,0.0243,417,2022-09-05
370,0.024475,0.022967,1503889.45817596,0.025277,0.022749,0.0242,633,2022-09-06
371,0.022846,0.023802,1757672.71029684,0.023998,0.022612,0.0234,585,2022-09-07
372,0.023814,0.024262,1062862.69945595,0.024399,0.023474,0.0239,537,2022-09-08
373,0.024262,0.025699,1614073.66690388,0.0259,0.024232,0.0252,611,2022-09-09
374,0.025691,0.025717,477914.42064964,0.026042,0.025361,0.0257,491,2022-09-10
375,0.025722,0.025719,259177.34180586,0.02605,0.025229,0.0256,403,2022-09-11
376,0.025679,0.02572,2016431.5135704,0.026534,0.025265,0.026,703,2022-09-12
377,0.02568,0.023537,1710400.19483639,0.025742,0.02339,0.025,639,2022-09-13
378,0.023526,0.024035,1612091.40161498,0.024213,0.023419,0.0239,515,2022-09-14
379,0.023967,0.023192,2962494.73023494,0.024131,0.022963,0.0233,618,2022-09-15
380,0.023162,0.023388,600162.75874112,0.023536,0.022968,0.0231,495,2022-09-16
381,0.023365,0.024352,3264422.38678686,0.026031,0.023365,0.024,432,2022-09-17
382,0.02431,0.022422,1918589.13242556,0.024335,0.022329,0.0232,565,2022-09-18
383,0.022402,0.022832,1807409.31140767,0.023,0.021814,0.0223,643,2022-09-19
384,0.022855,0.022668,875607.804719499,0.023168,0.022348,0.0227,490,2022-09-20
385,0.022665,0.021997,583946.96448403,0.023397,0.021602,0.0225,573,2022-09-21
386,0.021918,0.022902,962106.95231343,0.023024,0.021864,0.0226,525,2022-09-22
387,0.022927,0.023291,1276697.63148952,0.023632,0.022286,0.0231,603,2022-09-23
388,0.02327,0.022865,466595.85589266,0.023889,0.022836,0.0234,472,2022-09-24
389,0.022862,0.022435,900462.09690016,0.023225,0.022121,0.0228,420,2022-09-25
390,0.022406,0.022731,1292534.87669164,0.022861,0.02192,0.0225,609,2022-09-26
391,0.022731,0.022649,1001917.46237817,0.023976,0.022429,0.0229,605,2022-09-27
392,0.022625,0.022873,967981.02671444,0.023069,0.021821,0.0225,564,2022-09-28
393,0.022895,0.023461,477270.60310763,0.0235,0.022672,0.0231,508,2022-09-29
394,0.023436,0.023059,805522.88745416,0.023872,0.02277,0.0231,525,2022-09-30
395,0.023085,0.023323,209153.13193634,0.02342,0.022942,0.0232,308,2022-10-01
396,0.023342,0.022578,725749.1877983,0.023517,0.022552,0.0231,378,2022-10-02
397,0.022551,0.023542,355264.64707627,0.023621,0.022386,0.0232,436,2022-10-03
398,0.023544,0.023931,1235820.07101803,0.024287,0.023432,0.024,446,2022-10-04
399,0.023952,0.023884,461160.83545318,0.023967,0.023273,0.0237,403,2022-10-05
400,0.023904,0.023399,335236.72785175,0.024173,0.023335,0.0237,401,2022-10-06
401,0.023483,0.023164,746975.29159601,0.023556,0.022892,0.0232,342,2022-10-07
402,0.023133,0.022934,201904.7280362,0.023389,0.022806,0.0231,198,2022-10-08
403,0.022954,0.023124,282720.94334034,0.023268,0.022913,0.0231,180,2022-10-09
404,0.023126,0.022775,766620.426529229,0.023602,0.022775,0.0233,426,2022-10-10
405,0.022702,0.022738,386906.12875699,0.022863,0.022082,0.0226,424,2022-10-11
406,0.022768,0.022791,1450011.67292993,0.023009,0.022529,0.0227,350,2022-10-12
407,0.02277,0.023032,1344141.64799424,0.023427,0.021277,0.022,611,2022-10-13
408,0.023018,0.022827,473297.25227796,0.023581,0.02265,0.0231,403,2022-10-14
409,0.02286,0.022774,128565.39562303,0.023045,0.02258,0.0229,189,2022-10-15
410,0.022793,0.022921,1235415.46632103,0.023149,0.022793,0.023,316,2022-10-16
411,0.02295,0.023339,663893.39624336,0.023441,0.022729,0.0232,415,2022-10-17
412,0.023377,0.023043,683114.29660557,0.023588,0.022624,0.0231,456,2022-10-18
413,0.023067,0.022344,1008278.94312483,0.023106,0.022232,0.0227,513,2022-10-19
414,0.022313,0.021878,1697855.62498528,0.022646,0.021751,0.0224,470,2022-10-20
415,0.021844,0.02248,3735301.83105594,0.022603,0.021477,0.0219,555,2022-10-21
416,0.022513,0.022617,246811.59632803,0.022719,0.022222,0.0225,389,2022-10-22
417,0.022637,0.022809,237976.3012989,0.023011,0.022171,0.0226,561,2022-10-23
418,0.022813,0.022487,371059.3592253,0.022898,0.022234,0.0225,586,2022-10-24
419,0.022467,0.022892,1674148.95083555,0.023394,0.0222,0.0227,1408,2022-10-25
420,0.022906,0.023382,3516559.76953625,0.023611,0.022868,0.0232,745,2022-10-26
421,0.023402,0.022927,739385.576040489,0.024027,0.022858,0.0235,549,2022-10-27
422,0.022898,0.023522,353666.50235689,0.023762,0.022665,0.0229,486,2022-10-28
423,0.023543,0.02408,789547.142381499,0.024378,0.023543,0.0239,672,2022-10-29
424,0.024123,0.023577,620507.581229179,0.024477,0.023275,0.0239,619,2022-10-30
425,0.023615,0.02396,1069752.27616717,0.024151,0.023388,0.0238,740,2022-10-31
426,0.023923,0.023517,543320.51504505,0.024222,0.023449,0.0239,483,2022-11-01
427,0.023532,0.023172,1493761.33147051,0.024141,0.022929,0.0233,707,2022-11-02
428,0.023149,0.023719,341121.01514299,0.023954,0.023121,0.0237,668,2022-11-03
429,0.023714,0.02548,915213.054385971,0.025519,0.023681,0.0249,741,2022-11-04
430,0.025521,0.025983,1532078.78130755,0.025983,0.025286,0.0256,649,2022-11-05
431,0.025873,0.024734,1327271.22812327,0.026587,0.024607,0.0257,857,2022-11-06
432,0.024701,0.026778,2289587.17673096,0.027679,0.024516,0.0261,872,2022-11-07
433,0.026918,0.023448,6596172.04250214,0.028457,0.021155,0.025,1657,2022-11-08
434,0.023455,0.019458,4715130.05838971,0.023751,0.018948,0.0217,1277,2022-11-09
435,0.019555,0.022139,3280286.14297296,0.022655,0.019147,0.0212,943,2022-11-10
436,0.022176,0.021496,1960064.07827258,0.022488,0.020534,0.0216,1144,2022-11-11
437,0.021431,0.020092,3025274.77532752,0.021431,0.019947,0.0203,1160,2022-11-12
438,0.020099,0.01919,2585363.17817905,0.020512,0.019049,0.0197,1191,2022-11-13
439,0.019206,0.019145,2591622.70445096,0.019845,0.017975,0.0189,1112,2022-11-14
440,0.019162,0.019708,2149364.85556709,0.020262,0.018969,0.0195,923,2022-11-15
441,0.019683,0.019856,1092359.31509805,0.020769,0.019361,0.02,613,2022-11-16
442,0.019861,0.019319,445709.28925896,0.020179,0.018938,0.0195,510,2022-11-17
443,0.019278,0.019253,242101.06298289,0.019649,0.018928,0.0195,400,2022-11-18
444,0.019224,0.019159,531072.95569043,0.019486,0.018725,0.0192,354,2022-11-19
445,0.01921,0.01802,576395.1450906,0.019321,0.01787,0.0186,402,2022-11-20
446,0.017968,0.017741,1542820.36894872,0.018407,0.01748,0.0179,741,2022-11-21
447,0.017716,0.018187,1795154.04715245,0.018187,0.017289,0.018,633,2022-11-22
448,0.018186,0.019016,757744.5170964,0.019016,0.018056,0.0185,449,2022-11-23
449,0.019001,0.019113,2277153.75233544,0.019355,0.018657,0.0192,485,2022-11-24
450,0.019108,0.018988,131504.71737089,0.019244,0.018575,0.019,361,2022-11-25
451,0.019021,0.018927,185371.3481881,0.019361,0.018811,0.0191,353,2022-11-26
452,0.018907,0.018765,323288.7067706,0.019361,0.018734,0.0191,388,2022-11-27
453,0.018832,0.018239,405718.47485416,0.018931,0.017995,0.0183,428,2022-11-28
454,0.018222,0.018538,140698.22837352,0.01874,0.018105,0.0185,363,2022-11-29
455,0.018562,0.019268,1609769.05809688,0.01935,0.018539,0.0192,578,2022-11-30
456,0.019315,0.019073,4057771.07937034,0.01935,0.019008,0.0193,486,2022-12-01
457,0.019063,0.019405,262698.82192207,0.01947,0.018849,0.0193,327,2022-12-02
458,0.019411,0.019015,173879.04191563,0.019594,0.018982,0.0194,306,2022-12-03
459,0.019025,0.019314,40421.98628516,0.019374,0.019025,0.0192,211,2022-12-04
460,0.019314,0.019192,216800.93488522,0.019609,0.019121,0.0193,337,2022-12-05
461,0.0192,0.019202,4003131.75525671,0.019384,0.019036,0.0191,530,2022-12-06
462,0.019241,0.018684,1452637.25456308,0.019326,0.018438,0.019,474,2022-12-07
463,0.018693,0.019121,1833143.07698748,0.019151,0.01857,0.0188,708,2022-12-08
464,0.019111,0.01898,715922.781980861,0.019335,0.018965,0.0191,523,2022-12-09
465,0.018995,0.019205,867985.66357349,0.019646,0.018995,0.0192,375,2022-12-10
466,0.019221,0.019037,1977676.11053159,0.019543,0.019031,0.0194,451,2022-12-11
467,0.019014,0.01892,3789607.30657704,0.019014,0.018535,0.0189,1148,2022-12-12
468,0.018963,0.019109,4298647.3814581,0.019371,0.018215,0.0189,1206,2022-12-13
469,0.019091,0.018756,3217223.15633774,0.01915,0.018578,0.019,445,2022-12-14
470,0.018792,0.018169,1318003.47762355,0.018792,0.018096,0.0182,567,2022-12-15
471,0.018143,0.016902,1715004.51515833,0.018636,0.016702,0.0177,777,2022-12-16
472,0.016875,0.016885,3441705.999664,0.017048,0.0163,0.0168,1561,2022-12-17
473,0.016917,0.016648,1500542.45183519,0.016946,0.016503,0.0167,1013,2022-12-18
474,0.016676,0.015808,2243833.8760568,0.0168,0.015658,0.016,648,2022-12-19
475,0.015851,0.01631,562629.3471151,0.016557,0.015759,0.0164,676,2022-12-20
476,0.016292,0.016388,1989151.70576369,0.016465,0.016001,0.0163,550,2022-12-21
477,0.016401,0.016394,1012548.62219354,0.016434,0.015886,0.0163,606,2022-12-22
478,0.016409,0.016289,537897.14064157,0.016537,0.016232,0.0165,286,2022-12-23
479,0.016283,0.016275,255115.33725934,0.016396,0.016158,0.0163,459,2022-12-24
480,0.016278,0.016154,395576.77129871,0.016302,0.015976,0.016,283,2022-12-25
481,0.01617,0.016184,200464.82664065,0.016203,0.01593,0.0161,295,2022-12-26
482,0.016194,0.015995,2082217.6812492,0.016282,0.015757,0.0159,574,2022-12-27
483,0.016015,0.015671,2603066.24800541,0.016036,0.015451,0.0158,1144,2022-12-28
484,0.015637,0.015728,6844375.21344202,0.015855,0.015414,0.0157,1068,2022-12-29
485,0.015723,0.015692,2006380.04280861,0.015818,0.015364,0.0156,1166,2022-12-30
486,0.015694,0.015833,1093751.89169314,0.015847,0.015548,0.0158,882,2022-12-31
487,0.015813,0.016072,1815699.46488185,0.016084,0.015712,0.0159,1203,2023-01-01
488,0.016047,0.016181,772053.09301139,0.016338,0.0158,0.0161,498,2023-01-02
489,0.016157,0.016098,767097.07445443,0.016288,0.015847,0.0161,694,2023-01-03
490,0.016079,0.016619,782440.92503484,0.016624,0.016029,0.0165,595,2023-01-04
491,0.016604,0.016243,782641.737405051,0.016736,0.016155,0.0164,763,2023-01-05
492,0.016253,0.016422,2322524.67711368,0.016474,0.0158,0.0161,731,2023-01-06
493,0.016405,0.01638,591842.36361877,0.016559,0.016287,0.0164,322,2023-01-07
494,0.016394,0.017115,1249377.90274787,0.01719,0.016186,0.0166,518,2023-01-08
495,0.017103,0.017476,3266957.93967908,0.018201,0.01701,0.0177,1435,2023-01-09
496,0.017507,0.018188,1328600.83502442,0.01831,0.017153,0.0177,723,2023-01-10
497,0.018164,0.0184,605885.36244646,0.0184,0.017393,0.0178,613,2023-01-11
498,0.018437,0.018821,2484829.18967011,0.018946,0.01814,0.0186,754,2023-01-12
499,0.018854,0.020111,1440993.82523809,0.020196,0.018699,0.0191,816,2023-01-13
500,0.020148,0.020786,2790891.25608662,0.021686,0.019864,0.0208,954,2023-01-14
501,0.020811,0.021116,965601.70363531,0.02135,0.020197,0.0209,629,2023-01-15
502,0.021189,0.021341,1828060.25299931,0.02184,0.020413,0.0211,757,2023-01-16
503,0.021313,0.021283,443278.72890496,0.021727,0.020988,0.0214,636,2023-01-17
504,0.021476,0.01977,2860685.67810465,0.021661,0.019578,0.0206,1732,2023-01-18
505,0.019711,0.020328,198117.72482485,0.020428,0.019668,0.02,524,2023-01-19
506,0.020286,0.022447,441778.95978023,0.022447,0.020022,0.0215,577,2023-01-20
507,0.022443,0.021773,720279.448427499,0.022549,0.021617,0.0221,672,2023-01-21
508,0.02174,0.0222,239850.3865995,0.022907,0.02174,0.0224,590,2023-01-22
509,0.022256,0.022875,618409.05485359,0.023118,0.02204,0.0227,631,2023-01-23
510,0.022831,0.021849,494464.90630121,0.0235,0.021618,0.023,622,2023-01-24
511,0.021826,0.022969,746532.17140954,0.02332,0.02125,0.0222,732,2023-01-25
512,0.02304,0.023819,621568.18224874,0.024,0.022883,0.0234,689,2023-01-26
513,0.023854,0.024842,367511.98690942,0.025081,0.023213,0.0242,677,2023-01-27
514,0.02486,0.024123,691170.38334197,0.024998,0.023802,0.024,518,2023-01-28
515,0.02418,0.024594,755271.006731851,0.024785,0.023939,0.0245,570,2023-01-29
516,0.024585,0.023067,1417751.51456891,0.024654,0.022522,0.0236,886,2023-01-30
517,0.023067,0.023131,592787.94487512,0.023483,0.022928,0.0232,712,2023-01-31
518,0.023146,0.024823,2797510.61339276,0.025215,0.022194,0.0237,1169,2023-02-01
519,0.024856,0.024059,2020184.33393462,0.025238,0.023797,0.0248,954,2023-02-02
520,0.024144,0.024824,3775390.29093375,0.024941,0.024048,0.0247,881,2023-02-03
521,0.024824,0.024905,669329.76581439,0.025252,0.024397,0.025,515,2023-02-04
522,0.024921,0.0242,1013027.67045137,0.02501,0.023825,0.0244,763,2023-02-05
523,0.024201,0.023887,639313.63773786,0.024627,0.023578,0.024,569,2023-02-06
524,0.023862,0.025933,1284503.78702792,0.026031,0.023838,0.025,737,2023-02-07
525,0.02595,0.025741,1056452.54035906,0.026686,0.025097,0.0259,817,2023-02-08
526,0.025819,0.023277,3012169.20497293,0.026479,0.022822,0.025,1510,2023-02-09
527,0.023196,0.023624,1083074.38667423,0.024434,0.02314,0.0238,954,2023-02-10
528,0.023579,0.023885,366546.66835565,0.024041,0.023298,0.0236,554,2023-02-11
529,0.023917,0.023575,656387.49699351,0.024628,0.023341,0.0241,611,2023-02-12
530,0.023604,0.022951,2011114.41566452,0.023699,0.022158,0.0229,926,2023-02-13
531,0.022958,0.023863,917110.126257,0.023981,0.022605,0.0232,631,2023-02-14
532,0.02394,0.025698,973647.741628889,0.025698,0.023466,0.0246,769,2023-02-15
533,0.025668,0.02436,1739965.02557132,0.026048,0.024324,0.0256,792,2023-02-16
534,0.024274,0.027749,3863054.29261887,0.028544,0.024265,0.0268,1053,2023-02-17
535,0.027965,0.027151,750032.27777316,0.028408,0.026875,0.0275,649,2023-02-18
536,0.027095,0.028823,7475511.97982345,0.030923,0.027095,0.03,1152,2023-02-19
537,0.028814,0.031916,4395358.03698479,0.032439,0.028581,0.0314,1034,2023-02-20
538,0.03184,0.03025,2108102.74333635,0.032203,0.029719,0.0309,890,2023-02-21
539,0.030119,0.029503,1464304.0375586,0.030458,0.027016,0.029,735,2023-02-22
540,0.029577,0.029787,672329.91998668,0.031295,0.029197,0.03,721,2023-02-23
541,0.0298,0.027778,1391371.62009858,0.029919,0.027375,0.0283,771,2023-02-24
542,0.027773,0.027003,1485323.0115642,0.027986,0.026167,0.027,655,2023-02-25
543,0.02696,0.028239,498877.76164268,0.028619,0.026666,0.0278,581,2023-02-26
544,0.028207,0.028108,761054.24467091,0.029348,0.027593,0.0285,701,2023-02-27
545,0.028139,0.026924,324670.8112039,0.028155,0.026754,0.0274,611,2023-02-28
546,0.026949,0.028106,418152.99781448,0.028643,0.026764,0.0276,624,2023-03-01
547,0.028136,0.027247,602528.56436288,0.028337,0.026368,0.027,578,2023-03-02
548,0.027275,0.025388,1734202.12478339,0.027401,0.024535,0.0253,757,2023-03-03
549,0.025434,0.024478,701060.84711524,0.025818,0.024069,0.0246,498,2023-03-04
550,0.024429,0.024333,459857.81697082,0.024962,0.024186,0.0246,502,2023-03-05
551,0.024306,0.024601,539966.26525229,0.024724,0.023587,0.024,472,2023-03-06
552,0.024576,0.023636,621927.0604432,0.02491,0.02292,0.0237,554,2023-03-07
553,0.0236,0.022096,401609.48820085,0.023667,0.021942,0.0226,558,2023-03-08
554,0.022117,0.0203,951599.28076519,0.022654,0.019979,0.0209,681,2023-03-09
555,0.020384,0.020637,1920572.64334805,0.021196,0.01959,0.0205,828,2023-03-10
556,0.020662,0.02045,883105.266129641,0.021252,0.0195,0.0202,718,2023-03-11
557,0.020345,0.022002,737385.13371519,0.022102,0.01999,0.021,687,2023-03-12
558,0.02206,0.023513,862404.4306451,0.023718,0.021389,0.0225,819,2023-03-13
559,0.023467,0.023964,2666052.15853781,0.025212,0.022786,0.0242,1062,2023-03-14
560,0.024017,0.021835,1611785.70152853,0.024296,0.021617,0.0229,993,2023-03-15
561,0.021847,0.022378,1485941.73398859,0.022911,0.021736,0.0224,932,2023-03-16
562,0.022383,0.024245,948633.894708921,0.024298,0.0221,0.0235,958,2023-03-17
563,0.024219,0.023013,1702238.37133775,0.024473,0.022897,0.0237,901,2023-03-18
564,0.023025,0.024363,312604.00136913,0.024723,0.022923,0.0243,733,2023-03-19
565,0.024464,0.022933,1760078.5942252,0.024887,0.022863,0.0241,781,2023-03-20
566,0.022935,0.02375,857303.06097868,0.024009,0.022013,0.023,668,2023-03-21
567,0.02376,0.022474,618885.08224902,0.023891,0.021851,0.0229,608,2023-03-22
568,0.022517,0.023629,358595.61104452,0.023856,0.022441,0.0234,568,2023-03-23
569,0.023583,0.022811,188185.28166302,0.02416,0.022404,0.0231,553,2023-03-24
570,0.022815,0.022727,132084.49285232,0.023316,0.022399,0.0229,484,2023-03-25
571,0.022705,0.022857,304261.88041516,0.02324,0.022564,0.0229,403,2023-03-26
572,0.022873,0.022003,610745.6944484,0.022953,0.0215,0.0224,535,2023-03-27
573,0.022043,0.022425,301789.55637263,0.02249,0.021586,0.022,527,2023-03-28
574,0.022446,0.023201,394991.89051353,0.023366,0.022404,0.0231,500,2023-03-29
575,0.023212,0.022861,338147.76097608,0.023583,0.022394,0.023,538,2023-03-30
576,0.022876,0.023453,91021.82765259,0.023627,0.022565,0.0231,484,2023-03-31
577,0.023449,0.023553,453321.23850137,0.023643,0.02306,0.0234,486,2023-04-01
578,0.02359,0.023289,134530.16848164,0.023858,0.022846,0.0233,448,2023-04-02
579,0.02332,0.023063,262711.95351672,0.023689,0.022444,0.0232,531,2023-04-03
580,0.023075,0.024105,208939.93207555,0.024279,0.022944,0.024,474,2023-04-04
581,0.024115,0.024357,377171.24232101,0.024565,0.023802,0.0244,369,2023-04-05
582,0.024217,0.024418,132574.81925095,0.024803,0.023787,0.0243,38,2023-04-06
583,0.024531,0.024096,117230.90335457,0.024552,0.02378,0.0244,95,2023-04-07
584,0.024098,0.023933,49277.07821625,0.024523,0.0239,0.0243,133,2023-04-08
585,0.024113,0.024335,76268.09072084,0.024499,0.023668,0.0238,108,2023-04-09
586,0.024334,0.024956,69140.34467341,0.025049,0.024145,0.0243,88,2023-04-10
587,0.024782,0.02491,354317.30583164,0.025291,0.024701,0.0249,134,2023-04-11
588,0.024836,0.024511,312335.05136431,0.024916,0.023938,0.0244,134,2023-04-12
589,0.024459,0.025315,835336.83487985,0.025386,0.024342,0.0252,206,2023-04-13
590,0.02532,0.025817,1016758.99966016,0.026312,0.025217,0.0258,235,2023-04-14
591,0.02575,0.025706,1659374.73370094,0.025893,0.025437,0.0257,157,2023-04-15
592,0.025637,0.026167,619340.35028138,0.026545,0.02533,0.0263,172,2023-04-16
593,0.026126,0.02546,229221.04571739,0.026126,0.025326,0.0255,114,2023-04-17
594,0.025466,0.026519,1243623.87786427,0.026605,0.025323,0.0263,265,2023-04-18
595,0.02649,0.02385,2469332.78553679,0.02649,0.023523,0.0246,513,2023-04-19
596,0.023816,0.023143,697144.83887238,0.024242,0.022893,0.0233,416,2023-04-20
597,0.023084,0.022189,740002.644931581,0.023289,0.021939,0.0229,454,2023-04-21
598,0.022158,0.022701,319809.90499861,0.022701,0.022042,0.0224,180,2023-04-22
599,0.0227,0.022161,409534.45871748,0.0227,0.021703,0.0221,342,2023-04-23
600,0.022152,0.02209,255203.30841365,0.022561,0.021742,0.0221,209,2023-04-24
601,0.022089,0.022682,385696.9925581,0.022772,0.021578,0.0222,144,2023-04-25
602,0.022672,0.02203,2056729.42214322,0.023382,0.021165,0.0226,475,2023-04-26
603,0.021987,0.022554,1760896.03737715,0.022794,0.021987,0.0223,415,2023-04-27
604,0.022599,0.02243,1253896.84470661,0.022674,0.022185,0.0225,144,2023-04-28
605,0.022479,0.022706,133039.29979675,0.022811,0.02239,0.0227,114,2023-04-29
606,0.022692,0.022313,307902.75126164,0.022857,0.022114,0.0226,213,2023-04-30
607,0.022196,0.021504,520421.33606474,0.022329,0.021209,0.0217,407,2023-05-01
608,0.021466,0.021156,1792662.37508655,0.021543,0.020773,0.0211,337,2023-05-02
609,0.0211,0.020965,1844830.32987108,0.0211,0.020098,0.0206,747,2023-05-03
610,0.020964,0.020735,1005828.43509482,0.021116,0.020585,0.021,656,2023-05-04
611,0.020711,0.021181,1557878.31741673,0.021366,0.020617,0.0211,527,2023-05-05
612,0.021213,0.020323,654042.41068063,0.021321,0.020087,0.0207,364,2023-05-06
613,0.020279,0.020113,186251.73804701,0.020558,0.020113,0.0204,209,2023-05-07
614,0.020074,0.019296,2022278.20605256,0.02023,0.018688,0.0194,581,2023-05-08
615,0.019295,0.019427,521493.72615213,0.019604,0.0191,0.0193,360,2023-05-09
616,0.019439,0.019619,1859468.86868655,0.019791,0.019049,0.0193,377,2023-05-10
617,0.019613,0.019038,403722.16184348,0.019613,0.018666,0.019,406,2023-05-11
618,0.018976,0.019193,346408.39152487,0.019202,0.018557,0.0187,285,2023-05-12
619,0.01917,0.019171,576986.57335408,0.019248,0.019015,0.0191,165,2023-05-13
620,0.019137,0.019236,120688.143484,0.019353,0.019035,0.0192,163,2023-05-14
621,0.019225,0.019468,1462039.13749372,0.019676,0.019016,0.0195,647,2023-05-15
622,0.01949,0.019486,553887.47608461,0.019793,0.019276,0.0195,359,2023-05-16
623,0.01949,0.019972,758038.02441945,0.020015,0.019393,0.0197,495,2023-05-17
624,0.019989,0.019559,1071625.69367786,0.020068,0.019274,0.0197,547,2023-05-18
625,0.019602,0.019574,633750.69369969,0.019825,0.019428,0.0196,420,2023-05-19
626,0.019577,0.019421,696268.90947175,0.019577,0.019335,0.0194,589,2023-05-20
627,0.01935,0.018962,204614.92488538,0.019443,0.018863,0.0191,181,2023-05-21
628,0.018942,0.019292,732595.410691461,0.019459,0.018751,0.0191,506,2023-05-22
629,0.01935,0.019393,537429.51759163,0.019697,0.019277,0.0196,130,2023-05-23
630,0.019449,0.019478,2932234.40128294,0.019489,0.018859,0.0192,388,2023-05-24
631,0.019463,0.019288,908333.9667012,0.019513,0.019069,0.0192,359,2023-05-25
632,0.019254,0.019276,405529.88131204,0.019349,0.019027,0.0192,187,2023-05-26
633,0.019301,0.020124,489352.29287046,0.020174,0.019273,0.0197,165,2023-05-27
634,0.020203,0.020456,1019506.16746011,0.020565,0.020046,0.0203,207,2023-05-28
635,0.02045,0.020465,1235342.23698351,0.020592,0.020181,0.0204,369,2023-05-29
636,0.020512,0.020919,639385.13376946,0.02104,0.020421,0.0208,251,2023-05-30
637,0.020876,0.020328,1167051.99970239,0.020957,0.02022,0.0204,250,2023-05-31
638,0.020424,0.019731,891205.35880436,0.020424,0.019728,0.02,122,2023-06-01
639,0.019685,0.019763,208727.56334679,0.020029,0.019549,0.0199,102,2023-06-02
640,0.019747,0.019934,792906.03876927,0.020096,0.019669,0.0199,128,2023-06-03
641,0.019975,0.019727,208825.4546145,0.020062,0.019727,0.02,106,2023-06-04
642,0.019704,0.018589,1705516.06668863,0.019751,0.018045,0.0189,170,2023-06-05
643,0.018503,0.018894,2276994.28700886,0.019376,0.018124,0.0188,345,2023-06-06
644,0.018855,0.017731,929203.40303563,0.018855,0.017661,0.0182,274,2023-06-07
645,0.017744,0.017832,644598.16912785,0.018036,0.017427,0.0177,229,2023-06-08
646,0.017789,0.017119,1033516.31772945,0.017833,0.016943,0.0173,386,2023-06-09
647,0.017078,0.015595,9377967.65003455,0.017078,0.01339,0.015,1334,2023-06-10
648,0.015592,0.015837,1697579.45204317,0.015971,0.015431,0.0156,990,2023-06-11
649,0.015863,0.015915,2157772.70065052,0.015983,0.015406,0.0158,763,2023-06-12
650,0.015928,0.016051,4517414.34771866,0.01639,0.015795,0.0161,974,2023-06-13
651,0.016055,0.015407,4540318.89669767,0.017605,0.015212,0.0161,1054,2023-06-14
652,0.015401,0.014975,1800448.24830747,0.015704,0.014686,0.0152,466,2023-06-15
653,0.014935,0.0147,1954600.244955,0.014936,0.014402,0.0147,659,2023-06-16
654,0.014693,0.015006,1624319.2602987,0.015283,0.014677,0.0151,446,2023-06-17
655,0.015021,0.014835,982617.39086458,0.015142,0.014773,0.0149,415,2023-06-18
656,0.014866,0.015174,2568748.94064453,0.015238,0.014681,0.0149,755,2023-06-19
657,0.015139,0.015608,1969937.91104532,0.015616,0.014701,0.0151,566,2023-06-20
658,0.015617,0.016462,3462171.08485557,0.0165,0.015564,0.0161,814,2023-06-21
659,0.016475,0.016894,6502601.58044019,0.0176,0.016284,0.0169,1103,2023-06-22
660,0.016852,0.018762,5516585.7482645,0.019791,0.016836,0.0184,1688,2023-06-23
661,0.0188,0.018153,2881202.99839398,0.018894,0.017896,0.0182,969,2023-06-24
662,0.018129,0.018476,2074379.06439092,0.01878,0.018003,0.0183,801,2023-06-25
663,0.018405,0.018327,4037615.97577757,0.019227,0.017743,0.0184,726,2023-06-26
664,0.018259,0.018961,2061142.9024271,0.018961,0.018048,0.0184,762,2023-06-27
665,0.019012,0.01802,3964313.43732108,0.019836,0.017702,0.019,958,2023-06-28
666,0.017969,0.018775,3397528.12782145,0.019376,0.017935,0.0189,1172,2023-06-29
667,0.018826,0.019688,6075793.62380694,0.020157,0.018181,0.0194,1328,2023-06-30
668,0.01978,0.020529,3441954.52330839,0.021249,0.01978,0.0206,886,2023-07-01
669,0.02056,0.020431,1463653.22903836,0.020682,0.019941,0.0203,405,2023-07-02
670,0.020462,0.020451,4494665.69737991,0.020932,0.020267,0.0206,395,2023-07-03
671,0.020408,0.019884,1389463.13219886,0.020609,0.019712,0.0202,431,2023-07-04
672,0.019906,0.019253,1480504.6930216,0.020155,0.018933,0.0195,411,2023-07-05
673,0.019228,0.018398,1926717.60972564,0.019763,0.018381,0.0192,614,2023-07-06
674,0.018383,0.018661,1576870.9908297,0.018789,0.018193,0.0185,508,2023-07-07
675,0.018665,0.018849,1497616.9813627,0.018965,0.018508,0.0188,796,2023-07-08
676,0.01883,0.018608,457992.23228556,0.01895,0.01849,0.0188,501,2023-07-09
677,0.018577,0.018626,3210086.37414967,0.018877,0.017956,0.0185,974,2023-07-10
678,0.018702,0.01882,663204.46536773,0.018826,0.018427,0.0187,501,2023-07-11
679,0.018837,0.019047,2510236.42094953,0.019258,0.018641,0.019,1032,2023-07-12
680,0.019023,0.020263,2456700.73075758,0.020346,0.018778,0.0198,559,2023-07-13
681,0.0203,0.019488,4434801.25964039,0.020365,0.01895,0.0199,733,2023-07-14
682,0.019463,0.019642,540131.30045674,0.020154,0.019463,0.0199,270,2023-07-15
683,0.01962,0.019419,791815.68592031,0.019928,0.019304,0.0196,299,2023-07-16
684,0.019353,0.019449,3059350.24287792,0.019668,0.018955,0.0194,536,2023-07-17
685,0.019438,0.019023,2143387.11159406,0.019752,0.01883,0.0194,741,2023-07-18
686,0.019077,0.019103,1404890.9975607,0.019486,0.018984,0.0193,1064,2023-07-19
687,0.01914,0.019104,2258703.17079299,0.019725,0.018932,0.0193,871,2023-07-20
688,0.019125,0.019268,2052048.35644177,0.019496,0.018975,0.0193,353,2023-07-21
689,0.019289,0.019191,2175067.52659805,0.0199,0.019083,0.0196,312,2023-07-22
690,0.019294,0.019638,315510.18339056,0.019889,0.019229,0.0196,192,2023-07-23
691,0.019662,0.018721,3949650.76400072,0.019662,0.018183,0.019,787,2023-07-24
692,0.018717,0.018585,2691613.5890322,0.018743,0.018352,0.0185,565,2023-07-25
693,0.018567,0.01867,1164151.80542235,0.018781,0.018329,0.0186,744,2023-07-26
694,0.018655,0.018574,390775.22153024,0.018813,0.0184,0.0186,334,2023-07-27
695,0.01852,0.018666,810912.25297248,0.018841,0.018365,0.0186,326,2023-07-28
696,0.018698,0.018917,825687.40973601,0.018932,0.018681,0.0188,786,2023-07-29
697,0.018906,0.018716,1447225.83428288,0.01906,0.018395,0.0188,896,2023-07-30
698,0.018706,0.018642,1328143.07491674,0.018941,0.018506,0.0188,710,2023-07-31
699,0.018626,0.018938,2062262.97545109,0.018938,0.01809,0.0185,932,2023-08-01
700,0.018923,0.018273,3957417.07762028,0.019001,0.01825,0.0185,882,2023-08-02
701,0.018277,0.017938,2671335.82448585,0.018468,0.017862,0.0181,477,2023-08-03
702,0.017963,0.017892,254707.80061045,0.018066,0.017698,0.0178,192,2023-08-04
703,0.017928,0.017865,39599.08212759,0.017961,0.01776,0.0179,104,2023-08-05
704,0.017824,0.017738,227633.38731196,0.017998,0.017678,0.0178,283,2023-08-06
705,0.017719,0.0177,704208.38903838,0.018041,0.017349,0.0177,582,2023-08-07
706,0.017712,0.017931,837608.91360606,0.018164,0.01744,0.0179,470,2023-08-08
707,0.017958,0.017821,1621902.96105598,0.018116,0.017732,0.0179,915,2023-08-09
708,0.01781,0.018095,1737172.95200204,0.018198,0.017741,0.018,1094,2023-08-10
709,0.018062,0.01809,303266.97438796,0.018217,0.01802,0.0182,242,2023-08-11
710,0.018064,0.017942,712445.05581913,0.018137,0.017825,0.018,97,2023-08-12
711,0.017923,0.018093,1621738.41022589,0.01835,0.017923,0.0182,681,2023-08-13
712,0.018088,0.018621,5863606.72527181,0.018781,0.018049,0.0185,1098,2023-08-14
713,0.018601,0.017631,6095715.02226924,0.018647,0.017336,0.0181,401,2023-08-15
714,0.017592,0.016854,5096870.69220484,0.01764,0.016764,0.0173,1293,2023-08-16
715,0.016853,0.0157,7469353.61023095,0.017142,0.014858,0.0164,1348,2023-08-17
716,0.015683,0.016011,3131516.00135364,0.016131,0.015544,0.0158,1102,2023-08-18
717,0.016019,0.016047,1413840.05635144,0.016167,0.015787,0.0159,507,2023-08-19
718,0.016067,0.016377,308710.5609488,0.016467,0.016033,0.0163,263,2023-08-20
719,0.016351,0.016138,1355887.0665136,0.016449,0.015738,0.0161,419,2023-08-21
720,0.016088,0.015998,1590567.73081279,0.016152,0.015511,0.0158,512,2023-08-22
721,0.015996,0.016338,687784.60944691,0.016546,0.015849,0.0164,369,2023-08-23
722,0.016394,0.015891,2891965.95015538,0.01647,0.015602,0.0159,410,2023-08-24
723,0.015867,0.016058,1570116.64860898,0.016076,0.015722,0.0158,456,2023-08-25
724,0.016056,0.015876,484894.26322797,0.016153,0.015848,0.016,279,2023-08-26
725,0.015867,0.015976,1325366.93582474,0.01606,0.015799,0.0159,823,2023-08-27
726,0.016017,0.015994,1626650.06483802,0.01621,0.01559,0.016,684,2023-08-28
727,0.016007,0.016617,3583087.60904613,0.016813,0.015599,0.0164,1149,2023-08-29
728,0.016673,0.01626,525798.42821635,0.016702,0.016114,0.0163,302,2023-08-30
729,0.016278,0.015755,2135227.6067393,0.016531,0.0156,0.0159,539,2023-08-31
