rank,artist_name,country,genre,viberate_rank,spotify_rank,spotify_follower_total,spotify_monthly_streams_total,spotify_monthly_listeners_total,spotify_playlist_reach_total,youtube_rank,youtube_subscribers_total,youtube_views_total,youtube_likes_total,social_rank,tiktok_followers_total,instagram_followers_total,facebook_followers_total,twitter_followers_total,deezer_fans_total,soundcloud_followers_total,radio_airplay_rank,beatport_rank,beatport_tracks_total,beatport_tracks_in_top_100_total,Beatport Days in Top 100 Total,Beatport Track Performance Points Total
1,Taylor Swift,United States,Pop,1,1,83778950,56354647712,99169121,581808709,3,53600000,28122879266,262504844,2,20800000,271014322,79793467,92547654,9932106,509288,4,73781,20,0,0,21.143415288639
2,Ed Sheeran,United Kingdom,Pop,14,2,114483374,48112130749,77590279,504680491,34,53600000,33720712401,235360672,104,14200000,45028439,22925501,17385459,19195009,2464530,1,474,41,15,2853,15091.5614958518
3,The Weeknd,Canada,Pop,2,3,70181241,65782173962,111211738,580770743,9,33000000,23863278743,196883584,11,8100000,64044555,17746548,17293051,11542217,6646539,5,481,147,33,5063,9333.47977776653
4,Ariana Grande,United States,Pop,7,4,93090055,42383253639,66273634,387493818,6,52800000,27140781155,287106865,9,32600000,378664465,42845378,0,12133690,841074,62,83660,23,8,1071,3974.61955716471
5,Eminem,United States,Hip Hop,9,5,75554298,50451097702,64325114,250177908,5,57200000,29217449849,253159930,119,5600000,39740778,95741077,22587423,16487038,1532619,133,21683,167,20,734,160.434324079594
6,Justin Bieber,Canada,Pop,12,6,73825480,55401210315,72165185,456246973,7,71800000,44159943823,367391156,17,26900000,292923126,92229655,113221224,10290921,1306877,37,5455,80,25,3293,3988.12000999997
7,Drake,Canada,Hip Hop,11,7,78767773,90535546631,75964918,484351051,16,28300000,29631342053,211331632,24,277000,142153570,52630513,39779677,22588226,3103778,93,1070,244,61,7834,4408.9698041944
8,Billie Eilish,United States,Pop,8,8,85067440,28853420435,72330825,373102968,45,48300000,13486094355,247353177,7,49800000,110144251,32514715,7201444,7234422,2026470,197,14714,29,1,87,384.616937903869
9,Coldplay,United Kingdom,Rock,19,9,46676272,27818694170,66014687,390915132,30,25400000,19489561474,133775075,70,5700000,24696404,41034247,23662553,16235880,335954,14,19522,42,16,2919,4136.34173757188
10,Bad Bunny,Puerto Rico,Latin,10,10,73240213,67692556032,81065773,460572402,10,46300000,56631919589,357261371,191,31400000,45931358,14132811,4990935,6396315,887950,71,18277,25,3,1094,99.1385272584258
11,Rihanna,Barbados,Pop,13,11,57342208,44162740639,74475604,380567381,11,42000000,32885207496,169961685,20,9100000,152577895,105054570,108297139,15910695,2102443,16,57165,102,15,1235,530.678611853173
12,Imagine Dragons,United States,Rock,25,12,49795000,26176953668,57723620,239350463,27,30800000,20926369644,170391986,220,2700000,7445389,14999489,5629476,7773172,5482779,11,64244,28,5,201,559.70983766756
13,Bruno Mars,United States,Pop,20,13,50386795,27222217832,61912924,328945206,49,36900000,29015009655,181740070,82,8300000,29192178,59697618,42985456,10445210,687027,28,19625,39,11,1817,5749.79154674788
14,Dua Lipa,United Kingdom,Pop,18,14,41232064,28454113384,77605922,539205652,100,21900000,15740331901,125846558,27,9400000,88981343,17921209,10308312,7479041,379891,6,190,193,48,6980,6803.3748298349
15,Harry Styles,United Kingdom,Pop,32,15,28988552,18706155364,60818721,400894788,143,14600000,5161302958,83259680,50,7700000,49221295,18155094,38287064,1735854,208172,7,0,0,0,0,0
16,Adele,United Kingdom,Pop,23,16,50774346,17751139002,50771008,231457831,48,30300000,15248572601,94303863,109,0,53938287,70336753,27646067,13548015,503907,23,90618,86,4,732,869.563607820394
17,Arijit Singh,India,Pop,52,17,86998882,10851753220,36548522,41232512,66,3480000,23316178660,185829468,813,0,8411569,29930928,274280,191078,100439,1757,83131,1,0,0,2.27620019404619
18,XXXTENTACION,United States,Hip Hop,69,18,42759475,30489753092,35357014,85900234,131,39300000,8752684781,154076558,0,0,0,0,0,4073588,5269931,2342,89666,6,2,90,12.8455542861133
19,Post Malone,United States,Hip Hop,26,19,41783470,46012445525,66736994,418720223,40,25700000,14264945452,120995692,116,15200000,24275219,13104217,7017213,3573315,1995726,82,11455,92,34,3298,1899.88164600101
20,Queen,United Kingdom,Rock,60,20,48027348,31611748510,47244190,174294482,198,17100000,10508421922,80886884,471,2900000,5785267,26553831,2196179,11022612,207976,8,0,0,0,0,0
21,Selena Gomez,United States,Pop,4,21,44539119,23249588091,49982299,344035499,24,33800000,22342926335,218126247,1,59100000,427805634,89788066,67041310,5019065,291073,94,9802,90,13,750,935.249693303434
22,BTS,South Korea,Pop,5,22,68681969,39044333868,34526345,298236828,12,76200000,40263408586,1900854633,4,61900000,73967476,21390767,42833993,3260090,4507002,257,60269,10,3,142,65.9629902151654
23,Maroon 5,United States,Pop,37,23,41301989,31817536528,56719666,281471708,17,36600000,23117654352,131198796,628,2700000,8800513,37730934,14005604,10586753,1713902,12,87151,38,3,123,330.570836304031
24,Calvin Harris,United Kingdom,Electronic,48,24,23588589,24362286550,66488143,491739038,42,19100000,16290793681,82819154,325,1300000,11215003,14797540,11749118,11725115,7192146,25,153,377,108,17268,59821.7347862921
25,David Guetta,France,Electronic,33,25,26518152,31474412566,72715412,536224153,79,25800000,19972561785,118942939,134,5800000,10244950,48558369,19938740,18580514,2464564,31,15,945,295,37086,100379.29409329
26,Miley Cyrus,United States,Pop,22,26,21855889,15453450554,68272329,447925589,62,18400000,11670343089,93836060,30,18000000,213617743,47751631,46865028,6618479,1296157,19,42381,18,7,648,805.026812463535
27,Sam Smith,United Kingdom,Pop,67,27,23030141,25638485809,58484442,464500542,98,16300000,12283137921,81957255,223,8700000,14638019,9562500,7870987,5084440,1442366,24,574,106,23,2334,17015.4225243047
28,Olivia Rodrigo,United States,Pop,30,28,27273991,11808504354,56944874,306382564,120,12100000,4128696317,75476228,31,16900000,33349553,3493188,1901604,1037020,210571,832,0,0,0,0,0
29,Marshmello,United States,Electronic,47,29,35276483,16323058695,56327255,415583047,56,56500000,16881326640,201476566,170,23700000,31216497,18496083,2436169,2754578,1405419,105,2323,130,51,4840,4130.42518558187
30,Shawn Mendes,Canada,Pop,53,30,42313495,23859036055,44603072,277833468,38,30000000,13677614556,149066470,142,8800000,73265846,16806579,26451340,6310523,404410,36,118252,2,2,207,270.63711132658
31,Katy Perry,United States,Pop,17,31,28880903,17447211711,51665388,227812808,14,44300000,26300499416,158674677,21,7000000,204746407,72059713,108311435,8929867,344608,17,3408,90,18,1023,1857.36508919329
32,Shakira,Colombia,Pop,3,32,30993189,17874026900,66251663,382670375,1,44100000,31865588179,182029813,10,37800000,88600409,124367770,53923650,10576082,349833,40,5949,55,7,277,561.976717909051
33,J Balvin,Colombia,Latin,38,33,37780838,41279016186,52170890,261755421,8,34100000,50021665813,272959022,185,20800000,51523788,26346077,10829995,9994001,173599,75,435,44,8,1215,11062.9161249017
34,Lady Gaga,United States,Pop,27,34,27669056,23749290100,52762129,259920022,23,23400000,15823126198,110700622,63,9000000,55940670,56644365,84714292,7421457,1255483,13,13044,51,5,189,463.741821952423
35,Khalid,United States,Pop,159,35,16111084,28522436802,53168855,303881816,161,9410000,10948819008,95193370,1039,3600000,7367790,6009034,4900273,1611072,471598,385,4163,127,35,1911,1383.38137674724
36,Daddy Yankee,Puerto Rico,Latin,36,36,33692297,30581866544,55318538,272299761,18,38100000,43791833811,236330287,118,14700000,48681843,30752102,16621830,6787047,146476,135,10868,44,10,1301,1317.12765686785
37,Karol G,Colombia,Latin,6,37,38575938,17810635128,54344417,345841721,2,32700000,26253620985,165211645,19,48500000,65317139,29626022,9384157,2745277,150692,73,2521,15,2,313,1815.63386184322
38,Kendrick Lamar,United States,Hip Hop,73,38,25113507,36970165647,47623817,241841125,130,12200000,9612596173,87214750,708,0,12917402,13865425,12266590,5026009,929745,577,8489,86,27,3720,437.394996848951
39,Camila Cabello,United States,Pop,72,39,31325030,16877651268,39374944,246436550,76,16300000,11865921936,128403782,132,17300000,67323257,19066926,13045266,3495490,168712,121,3795,18,3,449,945.027264400111
40,SZA,United States,R&B,51,40,14282432,18065210336,61790781,359012662,201,4190000,4152816894,36666059,146,0,17400854,3174064,7476563,735075,296634,107,15106,34,6,265,303.961527728347
41,Nicki Minaj,United States,Hip Hop,21,41,29245613,38518880181,65405104,463283826,22,25900000,32153070662,241196540,14,18400000,225621401,48595732,27811849,6854501,747014,172,2160,183,45,3402,6114.4009374815
42,Beyonce,United States,Pop,16,42,35655985,22071911415,54223620,408802079,28,26100000,18516715818,113600244,3,4900000,316195855,57435660,15591578,11582344,1837847,47,2622,183,15,410,1422.36828661969
43,Doja Cat,United States,Pop,59,43,26045400,18816950623,55010623,380097438,122,11700000,8449265577,113945903,94,26000000,25037248,4960189,5534628,1893473,673939,128,8064,63,26,1605,571.829714976887
44,Lana Del Rey,United States,Pop,31,44,27020100,21004558609,55312192,275188292,104,14400000,6994805356,74680280,67,3700000,8263325,15300763,0,4407832,8217126,467,5246,92,19,1902,4735.24513179991
45,Arctic Monkeys,United Kingdom,Rock,116,45,21197409,15379977469,44942950,144215034,493,7740000,4196221599,32794935,938,101000,7095568,7723688,1931331,4197037,465289,465,27717,134,0,0,126.281795136985
46,Kanye West a.k.a Ye,United States,Hip Hop,109,46,21007984,47340806626,56981891,236426909,105,9470000,9110147483,74163452,21054,0,0,578724,0,4014808,1359482,395,31397,207,23,789,151.015517823399
47,Sia,Australia,Pop,68,47,26820137,22706344365,45286765,277332199,39,22700000,21480641310,147023838,1087,5200000,7985172,11523928,3679547,7843552,395629,27,1529,221,38,3566,6957.8935127568
48,One Direction,United Kingdom,Pop,54,48,32777417,19310707430,39017215,147434677,54,38300000,13262785035,145168316,0,0,0,0,0,6144050,3024057,238,0,0,0,0,0
49,Travis Scott,United States,Hip Hop,28,49,23715881,38262135964,74923515,418816918,73,17100000,9879043809,110170369,54,0,51353018,9338189,11681073,2151893,2372067,681,5853,150,59,6714,698.992566718505
50,OneRepublic,United States,Pop,106,50,16129639,13605235032,48514998,328805222,96,10500000,8741010964,54603008,1412,824100,2662704,12180771,3118268,3924449,111924,26,25816,50,7,213,230.04472031845
51,Anuel AA,Puerto Rico,Latin,34,51,31712649,23138867170,32802417,187594636,15,25200000,30723867872,192558360,72,4400000,36842489,7912612,2261989,2208517,535245,1665,94726,4,2,41,6.95055624411012
52,Halsey,United States,Pop,105,52,20781955,18812866023,42582045,227428205,107,11900000,13372763033,143362966,243,5000000,31920291,8634273,14334747,1836426,296658,170,5461,52,21,1617,2669.89644437869
53,Ozuna,Puerto Rico,Latin,56,53,37831194,38147403155,46640975,261166160,19,36300000,51968293403,251680420,445,11500000,23270035,12945832,2455712,4447004,439938,214,32332,27,1,38,36.6193352182105
54,The Chainsmokers,United States,Electronic,103,54,20382317,17647236205,38370628,278379067,52,22600000,14820315235,99599366,865,2800000,7012994,11146543,3292557,5536119,1147231,54,2835,209,80,8282,7306.43118079188
55,Juice WRLD,United States,Hip Hop,118,55,30376743,34428739251,30834136,171071821,200,11100000,8784993642,108252508,2458,4600000,11971388,1047985,1858331,2068195,3188121,846,30732,97,14,503,136.797017547773
56,Chris Brown,United States,Pop,35,56,20339932,30901549105,47739970,305952967,33,25400000,26922576698,170073690,46,7500000,143505562,50900125,32041840,8414875,6377451,110,11022,575,48,2338,2828.84049964141
57,Rauw Alejandro,Puerto Rico,Latin,45,57,18114617,20644246321,47992702,261660704,67,13100000,19957877647,116599556,69,14700000,18740533,8757776,2485400,1805638,154116,132,59590,0,0,0,0
58,Charlie Puth,United States,Pop,64,58,21120500,13288327234,40789518,251748417,110,22100000,16209504507,132002380,148,22000000,17800506,8560317,3654765,2059767,407416,69,7384,19,6,865,1619.96391749696
59,Elton John,United Kingdom,Pop,124,59,12099880,13089591749,48590797,380641470,211,4120000,3346643913,22341009,897,2400000,4700220,8114774,1194749,2305101,42076,3,215,53,6,1976,17089.0238487303
60,21 Savage,United States,Hip Hop,82,60,14581388,27834449512,55310359,310591470,169,8670000,7469566527,73114758,255,1500000,17745128,5529471,4777962,1055603,1565089,1292,14366,118,28,1379,375.118203468414
61,Avicii,Sweden,Electronic,78,61,23164522,18048886047,36235598,188048931,64,20700000,9779488201,75090961,0,0,0,0,0,7839850,1948509,39,349,632,68,7053,16588.5792448972
62,J. Cole,United States,Hip Hop,120,62,21129258,22937655191,40594409,217986145,230,7090000,5320709404,54469642,1161,255800,8222183,5966864,14269502,2439077,2660092,1684,56434,111,14,224,75.0049317330466
63,BLACKPINK (블랙핑크),South Korea,Pop,15,63,44647364,10982552371,21999438,68148663,4,90800000,31815078135,787011681,23,46000000,57367016,19936789,8860956,2030240,391651,1006,0,0,0,0,0
64,Peso Pluma,Mexico,Latin,24,64,6544593,6984376168,48360829,196540601,129,3590000,2041507896,17230375,73,4600000,10672346,894861,95140,98194,0,12178,0,0,0,0,0
65,Metro Boomin,United States,Hip Hop,44,65,5401885,16484683363,54164799,214917219,171,2140000,2847875120,28955705,177,470900,9267681,1537721,4137919,422479,807922,151,26216,83,15,280,192.732743960544
66,Maluma,Colombia,Latin,40,66,34407597,22772363284,37954851,267798368,20,29400000,35511449229,164445415,47,7500000,63453125,25879661,8500068,7715938,158861,152,6889,22,4,53,366.724896151721
67,Bebe Rexha,United States,Pop,172,67,8428074,14867907760,45206002,403927688,273,9300000,10408651955,85685404,478,8400000,10866290,5400328,2110717,1644246,188602,44,503,72,25,2332,10526.3040485629
68,Alan Walker,Norway,Electronic,58,68,39108494,12451735664,32035579,164291398,71,43800000,16352260508,172872631,230,8400000,9653617,7726192,855935,3786277,813797,134,6685,121,24,609,1166.29530079375
69,Linkin Park,United States,Rock,61,69,24257684,17535810970,34220080,115196074,116,20600000,12694080747,92856981,443,1100000,6377939,57218629,5824357,10517138,5255687,78,1930,30,14,993,2024.91977954363
70,Future,United States,Hip Hop,76,70,14650220,35422107727,52187607,334250508,87,12800000,12730480656,97218636,447,249000,24725040,10354341,7688320,3555782,10196578,546,392,490,54,3530,9919.52855412336
71,Ellie Goulding,United Kingdom,Pop,121,71,12248477,11263056818,41937094,350139128,109,12600000,9666337438,60325193,693,1400000,14016779,14410915,6250766,5992201,6737385,95,370,113,28,2885,12209.3588130998
72,Lil Nas X,United States,Hip Hop,152,72,12476887,12243021480,29779505,169012890,125,19100000,7099491281,112581868,843,29100000,11923920,3860811,8045136,1539963,397108,245,32296,7,2,262,127.42172930385
73,Lil Uzi Vert,United States,Hip Hop,117,73,15751980,28276350619,35174521,208481897,380,9440000,6290758302,66407537,337,2400000,17524729,4322893,8788292,989476,2998458,1004,24986,55,13,308,117.109775900541
74,A.R. Rahman,India,Pop,175,74,37293027,4388986539,30951106,32366884,383,3620000,6524257057,56149004,480,792100,7792954,24780611,24474946,256461,32208,2787,54354,0,0,0,0
75,Bizarrap,Argentina,Hip Hop,49,75,12186651,8696614014,44388928,206392187,89,20800000,8140613253,138930419,75,10900000,20322191,2318560,4988134,911400,29521,1095,106588,3,0,0,4.8428462262626
76,AC/DC,Australia,Rock,113,76,27177195,9907622767,28497161,128784117,135,10000000,7333686512,40289817,1361,731500,4419714,28261058,542630,8726668,119989,33,0,0,0,0,0
77,Feid,Colombia,Latin,29,77,6970847,13258288099,39457632,218776352,51,5190000,8158232630,46690772,41,12300000,12168578,1478506,78589,625846,34302,506,1383,17,1,202,1334.6860006252
78,Guns N' Roses,United States,Rock,90,78,29757260,8429414229,28364879,167958410,124,11400000,7545519819,33833395,464,1200000,6950274,29633148,6456312,7554701,110755,59,0,0,0,0,0
79,James Arthur,United Kingdom,Pop,125,79,13042085,10064723780,38225273,240365167,260,7110000,5277757237,47394562,688,2300000,2314846,2815508,2061824,1264929,82430,389,1507,50,8,499,2589.21860558825
80,Twenty One Pilots,United States,Pop,167,80,23980766,14563129439,25561410,73559017,221,13200000,11369704135,105997235,1822,952700,8650750,6071263,4038420,4482064,337935,199,137266,4,1,121,341.558392486808
81,Lewis Capaldi,United Kingdom,Pop,97,81,11586833,10697773493,32549102,210901179,235,6930000,4023962389,44627351,133,8400000,7416871,2375489,1529389,906511,167206,51,59426,0,0,0,0
82,Myke Towers,Puerto Rico,Latin,42,82,12227772,18150028730,47186487,299760275,55,11000000,17548245711,123583231,152,2900000,11188974,4685083,1261859,1488301,235253,1366,73925,0,0,0,0
83,Farruko,Puerto Rico,Latin,88,83,15462097,22653525450,38669673,237383761,35,18900000,24459749451,142006522,267,3900000,22385628,22108036,5160934,3148979,175319,439,689,29,9,1482,7212.87562227294
84,Swae Lee,United States,Hip Hop,188,84,1790156,12744535124,40991263,183333550,236,838000,6253438107,51071355,503,3600000,11890702,5437525,883416,397620,67034,3680,9576,88,26,1590,546.495410861348
85,Red Hot Chili Peppers,United States,Rock,133,85,20089069,13055080806,30232875,147404413,464,7500000,6384874604,31472914,658,694400,5520283,26350294,2674070,6646954,160461,45,140654,2,1,38,252.729076419018
86,Black Eyed Peas,United States,Pop,100,86,7651703,10592278720,40003579,200120511,60,12300000,10656705918,63392457,944,1200000,1183586,39038562,4605095,5567279,66523,46,73491,76,7,90,55.9727652835363
87,ROSALÍA,Spain,Pop,62,87,7758508,8907047818,37596135,253552305,106,10900000,6921877375,58884904,42,32600000,27685922,3607142,4428647,688217,38615,444,0,0,0,0,0
88,The Beatles,United Kingdom,Rock,135,88,26014023,21596502559,29901081,127386598,354,7490000,3165638370,24308768,0,0,0,0,0,7034504,322050,10,0,0,0,0,0
89,Cardi B,United States,Hip Hop,50,89,22013095,23195283824,31706999,251057123,80,18900000,20346361921,168769612,16,23000000,169034323,34400760,29320000,2175690,837027,346,11863,46,20,4187,1319.54021479327
90,Demi Lovato,United States,Pop,66,90,25819305,15914498501,27644407,131360259,99,17900000,12522470837,108727681,38,5500000,157185510,33463550,53644462,6739893,145345,284,17831,81,8,244,520.948698167335
91,Lil Baby,United States,Hip Hop,83,91,15064176,24542819949,30571320,198481645,61,8780000,11465183883,93944709,162,4400000,22847555,4963440,7473841,1148443,1624427,357,8117,156,21,464,693.761240499343
92,Metallica,United States,Metal,99,92,25710467,17821661034,24988340,116766604,261,9950000,7530457593,52561345,179,2800000,10181254,36662199,6214657,7097870,298622,89,4947,2,1,248,459.182219274025
93,Manuel Turizo,Colombia,Latin,95,93,12808014,11007677443,34724144,204570329,177,9440000,13486036538,57683228,174,5900000,14140404,5303979,311405,1358748,24519,266,5352,2,1,57,393.360443113524
94,The Neighbourhood,United States,Rock,268,94,13376595,9610593429,31548839,85848481,605,4930000,2292547016,32200114,4204,0,2733033,1923268,1044936,1147305,1120426,2222,0,0,0,0,0
95,Jason Derulo,United States,Pop,39,95,11906557,16450097605,32537303,212419312,63,19000000,13004888368,117906321,64,58200000,28807266,24221436,3673728,5370618,1134251,42,18490,38,6,478,419.384630455433
96,Pritam,India,Pop,160,96,19237250,8972588273,34077054,20655562,93,840000,16424391460,119124419,5870,0,650306,4689955,1168008,53063,0,11810,65662,4,0,0,7.69471449552007
97,P!nk,United States,Pop,86,97,15724321,11528612084,34818673,254896736,140,12200000,8578727718,49628303,164,3800000,10255508,31499886,31372331,4048324,6334183,21,42689,29,0,0,64.5842537543964
98,Lil Wayne,United States,Hip Hop,92,98,13961073,36441760175,34870799,278463821,44,12200000,19895986469,137450500,139,2500000,18009863,49176253,34935862,5436908,600664,1145,519,432,40,1572,8199.73057214822
99,Tiësto,Netherlands,Electronic,165,99,7074894,11822234816,43393635,361618080,372,6580000,5075440374,35754928,1158,1100000,7241362,18353882,4705702,3774334,1987051,163,41,1245,244,31345,74683.6033142636
100,Britney Spears,United States,Pop,87,100,12710184,14068383300,33638116,251447563,148,10300000,9219035800,53482595,76,7800000,42172810,41666852,55848612,4944842,1256294,102,976,135,12,660,4269.40717437681
101,Pitbull,United States,Pop,75,101,10213343,19003131758,36886279,201467230,43,16400000,21155024629,100404724,252,2700000,10341237,53264129,24815704,6849704,422134,113,12760,416,38,3927,7522.87985759387
102,Anne-Marie,United Kingdom,Pop,161,102,11113943,10067140421,41220626,357498724,265,11200000,9912611011,87838204,216,8000000,9560179,7790201,1150119,1762443,147927,595,1192,78,19,934,4729.94016075926
103,Nirvana,United States,Rock,178,103,18110601,9670789142,27755411,104935388,215,8910000,4886426740,38261079,0,0,0,0,0,8909490,285146,0,143303,1,0,0,0.26402046160551
104,Justin Timberlake,United States,Pop,94,104,13195784,11508967993,31273187,186908397,156,10300000,9352949659,46354586,90,1900000,70991480,41794983,62305620,6351273,7822437,88,5589,72,6,541,1593.11070871629
105,ZAYN,United Kingdom,Pop,114,105,22669355,9081153019,25323480,135747032,185,15500000,6841815091,75585936,71,29800,50941472,20582804,30762591,2497374,157227,1793,43087,48,6,99,100.335666886837
106,Wiz Khalifa,United States,Hip Hop,96,106,11182564,21130658229,30675139,168588970,78,27700000,20233694068,147692433,125,5300000,40724468,47118135,36667357,6692291,1297276,508,13411,247,24,770,684.030564463831
107,Fleetwood Mac,United States,Rock,279,107,10294053,15570257908,31881541,187263944,1801,1430000,1336128669,8471070,9253,0,126773,5187554,284994,1263007,46132,53,112405,35,0,0,9.69446412446634
108,Sebastian Yatra,Colombia,Pop,71,108,22234353,12145503200,28235688,154335004,36,18100000,15986902209,92771070,157,19000000,29834866,13827278,2438189,2198173,31337,239,23066,5,1,26,47.6472897919545
109,JAY-Z,United States,Hip Hop,218,109,8573728,19529249691,35462721,239156943,206,3410000,6614453173,43572757,3194,0,0,22629500,3055082,3311495,65549,414,60330,272,10,123,83.629154011407
110,DaBaby,United States,Hip Hop,174,110,11097350,17850095009,30053586,184265719,203,10200000,7907951555,95460289,314,8400000,20714855,6478715,4512720,1002402,854500,1019,7747,148,22,860,653.42595391401
111,Meghan Trainor,United States,Pop,130,111,13754304,8218415295,26398192,202196240,82,14800000,9922313468,85081413,165,17900000,17974662,4841069,1991310,1552221,48228,74,7486,58,8,197,576.468153832318
112,Becky G,United States,Latin,79,112,13760874,8953223352,32765992,213461169,31,21400000,16185260319,113403631,88,22300000,37680111,19055835,4460933,1713839,86867,768,66325,19,2,36,20.5924302483999
113,50 Cent,United States,Hip Hop,65,113,12179707,14871226959,31442451,130447498,46,15100000,11257968025,71218204,110,6700000,29694876,42207074,12745776,6954059,1957582,555,25635,187,9,951,121.591654400771
114,Michael Jackson,United States,Pop,46,114,28424897,13301453273,36114519,176688821,41,28500000,13018069906,106136168,0,0,0,0,0,10968357,8263,2,6601,121,18,1762,2664.75457709048
115,Pop Smoke,United States,Hip Hop,242,115,12855664,14705509619,24021030,80731985,212,8580000,5316957487,56996799,0,0,0,0,0,1258519,1122441,1484,26455,77,21,324,109.679774570649
116,Frank Ocean,United States,R&B,413,116,11648600,13729298332,26781733,131290906,1841,1550000,840401938,8914081,7323,0,4034269,0,0,822026,0,3329,69434,0,0,0,0
117,The Kid LAROI.,Australia,Pop,324,117,4682170,12205990981,33659444,182954031,366,5200000,2561480072,37944907,3998,3600000,3963464,792080,501090,327099,460066,243,25880,31,4,46,98.2517569755575
118,Romeo Santos,United States,Latin,55,118,19767220,11224607921,23804394,97805383,13,21000000,22296845289,80813659,188,5100000,21812870,38281763,4872196,3678313,229315,187,0,0,0,0,0
119,"Tyler, the Creator",United States,Hip Hop,233,119,12417017,13227959817,29628954,117546930,612,4910000,1977837459,37574479,884,192300,14326126,3773197,9801377,699503,767,4037,36762,118,19,835,151.30466855254
120,Marília Mendonça,Brazil,Latin,85,120,32554584,10882710414,12477909,72975793,91,26000000,18809615415,99737363,0,0,0,0,0,12806577,18430,260,0,0,0,0,0
121,Green Day,United States,Punk,198,121,14271487,8550895249,27889187,146342155,713,6380000,3543773202,29494307,712,1200000,4612922,28996235,4788339,4633026,1653856,84,0,0,0,0,0
122,Martin Garrix,Netherlands,Electronic,192,122,15861532,11091407078,22805761,154771264,318,14600000,9507664919,78657980,391,1700000,15767982,16185494,8383397,7290514,2042075,147,322,290,154,26835,29708.9984644393
123,Macklemore,United States,Hip Hop,319,123,2111458,11567859043,29746437,138708532,524,9470000,6857211596,48375995,987,1600000,4809356,5947551,2176627,893169,2683332,643,8544,97,16,1714,1077.85213487589
124,Young Thug,United States,Hip Hop,191,124,8779831,22492704272,32402236,238669516,146,6180000,13094719510,109946508,763,1300000,9747147,6070647,6186250,1286853,1270386,1906,9142,177,32,909,452.442565692096
125,AVA MAX,United States,Pop,285,125,5980212,8042815476,33893254,237244177,487,6280000,4850401070,53037907,1329,2500000,3223719,3248226,222593,941321,114314,41,623,49,15,1550,9105.600311032
126,Junior H,Mexico,Latin,146,126,9583271,7218135204,26728378,113826447,562,18400,2559066398,19548686,449,313800,6648095,1739086,70856,478259,0,10037,0,0,0,0,0
127,Don Omar,Puerto Rico,Latin,104,127,9959067,12456767901,32938902,166642067,53,10300000,11757176911,55779912,528,1200000,9381303,23135772,5458808,3744271,82637,767,78906,13,0,0,17.5634773315261
128,Bon Jovi,United States,Rock,170,128,12586330,6208205493,26719852,168233926,180,7680000,6811326482,32428623,1637,499800,1881693,24411137,2966502,4625468,56284,20,0,0,0,0,0
129,Kygo,Norway,Electronic,309,129,8426398,15235086998,27242822,189769183,210,6680000,6366665493,41159623,2212,464500,5386967,3192253,473727,2169661,1509421,186,2129,154,53,3514,12935.6683117712
130,Kodak Black,United States,Hip Hop,201,130,9632712,11991622708,27634266,141772810,314,8550000,7984007503,72413615,947,1800000,13037121,2840446,4399850,516976,1838108,1002,47972,59,3,25,57.6465346933723
131,Jack Harlow,United States,Hip Hop,444,131,2976721,10209782886,27046301,128810148,1095,2470000,1905209201,29563527,1596,5400000,6767365,1131336,1307184,255427,271073,264,62343,9,4,32,17.5748195487083
132,A$AP Rocky,United States,Hip Hop,184,132,12686948,16906523154,30261439,158156754,288,5080000,4849694280,46956700,347,346200,17603460,8689592,2837848,1758400,3444188,3531,1159,146,39,2829,3753.33014721761
133,Jungkook (정국),South Korea,Pop,334,133,9307677,2486195800,34164393,188733469,2574,27,961402617,20113308,3594,0,0,657278,17528,131623,9,30667,64246,0,0,0,0
134,Gunna,United States,Hip Hop,200,134,5756828,17959161106,35881985,233871255,416,2360000,4730932855,47277527,1537,1800000,4573261,1998891,2473037,525193,512991,3652,8932,151,20,805,506.933374929344
135,Nicky Jam,United States,Latin,81,135,19176505,23177119772,28645691,179310819,50,23600000,31199834135,145785829,79,7000000,44223061,29327640,4805925,6197590,124506,210,28107,27,0,0,54.2782780147712
136,Migos,United States,Hip Hop,208,136,13414063,14119034823,18228393,86559456,126,12500000,10633611115,83293457,1446,0,0,0,0,2730210,1465928,1493,39897,159,27,2303,391.400139186925
137,The Rolling Stones,United Kingdom,Blues,265,137,13214088,15534065834,25523880,134269992,899,2900000,2782206569,17667608,1214,432300,3626994,18823823,3517021,6185895,41352,15,0,0,0,0,0
138,Zara Larsson,Sweden,Pop,320,138,10385754,9513160997,24222781,194043108,302,6720000,5482109676,44714930,988,1700000,8367269,3096392,1486970,1389755,76765,156,3387,59,19,1316,1843.40032373802
139,Flo Rida,United States,Hip Hop,308,139,8934007,12921611195,27668053,145995197,466,5540000,7010110223,39637272,2602,584800,919574,15881333,4770396,4498509,44143,140,2702,201,12,843,2125.73099562084
140,Panic! At The Disco,United States,Rock,433,140,11968299,10659349808,23057273,134122050,875,5000000,4298412008,44369917,3170,1400000,4427715,7036038,2786683,1471892,402941,299,114245,33,0,0,8.71267523298182
141,DJ Khaled,United States,Hip Hop,123,141,10285244,9941429542,26283717,145824860,194,13100000,6990729286,53701519,74,5600000,36927515,21759964,5667461,1491253,324589,259,30155,143,17,1217,122.90380145812
142,Morgan Wallen,United States,Country,80,142,6874507,11195555373,26040516,135278091,141,2400000,2781390628,12556218,419,4600000,6351794,2826667,729551,109066,161996,68,0,0,0,0,0
143,ABBA,Sweden,Pop,173,143,10796253,7280729073,27950595,122715150,238,4510000,4046917028,24043342,1270,3200000,1142271,6860362,114107,2468697,33956,30,0,0,0,0,0
144,Pharrell Williams,United States,R&B,292,144,4257032,11826808820,32069773,288801437,195,4050000,9173078407,54935444,415,1200000,15058722,12995486,10583240,3029962,47863,1016,4675,77,23,4031,5490.1639766438
145,Chencho Corleone,Puerto Rico,Latin,364,145,518485,6225099520,28481909,151238236,350,880000,7019728668,35908599,2490,200500,3050755,2380263,28662,464854,0,6010,0,0,0,0,0
146,Joji,United States,R&B,432,146,8836204,9979521719,22874984,110526366,792,3360000,2495836383,41732372,1924,1200000,6989272,2435304,1794303,453044,253546,1059,53180,32,1,8,38.6234026165108
147,Snoop Dogg,United States,Hip Hop,77,147,10096511,22468044910,30137390,220313781,94,9420000,14739853551,117963879,43,26700000,81124632,44830234,20738383,7121789,1110217,484,10925,716,29,1111,1015.96917868058
148,Playboi Carti,United States,Hip Hop,230,148,8643405,10091134783,38163458,208352360,1094,2920000,1629988685,24872054,1236,1400000,10654953,604977,2493366,458723,1369583,6532,50565,66,5,40,43.3437625265072
149,Polo G,United States,Hip Hop,232,149,9979668,11754951140,24355321,175671413,381,5710000,4042378524,51099593,825,4500000,10830616,784480,3460334,621220,1280008,4981,24058,52,5,20,142.726472888122
150,Quevedo,Spain,Hip Hop,144,150,2644482,5377692419,38157734,231336626,564,1670000,1206875966,10594951,379,2400000,2885250,0,214539,126325,0,1972,0,0,0,0,0
151,Major Lazer,Jamaica,Electronic,247,151,6370544,13170962673,24712786,141057864,305,14800000,9807764679,69799005,3780,386500,3563763,4016424,1831334,7494434,4239043,155,909,357,50,3101,6368.60086917271
152,Arcángel,United States,Latin,122,152,11802472,12920717652,23853756,134256526,74,11400000,19810389658,106230605,222,2100000,16279535,13831162,2086926,1521855,103236,0,89776,11,0,0,15.7157428925749
153,Sean Paul,Jamaica,Reggae,187,153,4462792,11354577553,35484575,230312703,85,4540000,16087798702,91998450,1410,1600000,1758313,13346975,1323525,3505119,81521,165,20592,129,20,1801,3485.23501346033
154,Usher,United States,R&B,153,154,10704083,11321416547,28582194,209610246,113,7540000,8974374934,50027977,352,5100000,11310737,52456628,11909097,6791177,541473,283,33728,281,16,755,573.319257485457
155,Dr. Dre,United States,Hip Hop,228,155,10306170,12264062952,22827899,128865456,285,6690000,5301297885,41654656,2120,0,7273210,17671450,2984968,3937392,141336,789,58008,55,8,680,37.8939177543801
156,Camilo,Colombia,Pop,157,156,18059377,8917703533,20751187,109799018,127,16000000,10467492945,86897083,201,30400000,28179197,18873279,1735036,2132962,30769,267,0,0,0,0,0
157,Robin Schulz,Germany,Electronic,426,157,3095160,10429143078,27766162,189006460,688,3660000,4480496683,24176293,4516,174700,585200,1672193,220546,1592004,457883,22,459,365,75,5140,20866.487685585
158,Gorillaz,United Kingdom,Rock,216,158,10773036,7938528221,23135277,120179870,359,10500000,4820685531,58834205,1113,3700000,4742329,10391081,1022194,2412921,429542,364,208,58,14,3278,22955.4209951365
159,Clean Bandit,United Kingdom,Pop,371,159,5258392,8933845233,21928598,112408781,393,10400000,8329691496,52387040,7694,282200,1174518,2477072,405317,4039422,305930,70,6424,85,19,1953,4553.89065535147
160,Kali Uchis,Colombia,R&B,186,160,5110245,7359511078,34459235,231148311,431,2230000,1688605576,23255021,427,3900000,5799333,719361,1195752,254050,294998,1572,18094,41,6,876,138.110771621523
161,Jhayco,Puerto Rico,Latin,140,161,6524561,10131944379,30813434,164547076,134,4970000,7031253657,42672526,542,2400000,5264353,3157832,1174628,63332,62965,1581,68893,0,0,0,0
162,Fall Out Boy,United States,Rock,287,162,10229683,10914354737,26624615,127149873,370,5780000,3851873013,34314693,1211,400300,3256727,8547159,3002423,2330432,4592605,474,12028,17,11,338,673.03709340197
163,Alicia Keys,United States,R&B,147,163,10991829,9247982354,24169097,179502234,237,6400000,4657477131,32867555,140,7300000,26866041,43085107,29913107,5375575,1937013,189,9750,219,11,1210,456.954051594976
164,Madonna,United States,Pop,138,164,7163912,4427783987,41217756,288181756,386,6590000,5602474343,35162748,300,3900000,19168885,18643003,2849510,4371151,1519842,9,967,148,13,618,4671.55232077935
165,Whitney Houston,United States,Pop,204,165,9539234,5627482114,23513188,228110078,149,8320000,6172051888,32548784,0,0,0,0,0,3380005,0,35,4076,175,5,566,1435.57628956254
166,Childish Gambino,United States,Hip Hop,286,166,11292462,9013818052,22265102,80989387,282,6400000,3269513181,33466483,3649,0,4475775,2585084,2608431,1288338,1308976,1927,2878,25,8,1599,7296.19615935228
167,Luis Fonsi,Puerto Rico,Pop,132,167,11212894,7453430319,22026656,93811831,72,31500000,16413012463,96436242,428,1500000,14206161,16778311,9827113,3042682,57807,201,22114,18,1,44,80.1087324738994
168,Aerosmith,United States,Rock,273,168,13745639,5430944766,23369184,167663443,474,3700000,3521721474,18464048,2360,120600,2992652,16616335,2131572,4762499,985261,43,137266,4,0,0,1.05608184642204
169,Daniel Caesar,Canada,R&B,468,169,4403161,7845589426,26155350,147332231,811,1770000,1947611792,20146295,2286,413800,1864709,338446,413454,234592,342856,7338,105680,8,2,5,7.38974985962686
170,Luke Combs,United States,Country,139,170,9092579,8833609026,23704858,145302277,390,3170000,3126573447,13421261,424,4900000,5702928,4783191,1068989,211195,100721,99,67569,0,0,0,0
171,Rema,Nigeria,African,155,171,2993832,1970684597,33716849,202046619,646,3620000,1090467031,11457698,239,4500000,5807512,511414,4363490,366064,62053,216,450,24,3,431,8728.89441805157
172,Calum Scott,United Kingdom,Pop,409,172,5289675,4634069873,26624065,278475041,465,6450000,3235471834,24195363,4984,1100000,1019726,1872770,207012,378690,60287,365,1103,28,9,693,4610.1900111958
173,Shreya Ghoshal,India,Pop,166,173,19283359,4144829368,32168367,28689167,255,1700000,8325606496,53804764,235,1600000,28055138,32854252,7135203,228344,12500,3249,132274,8,0,0,2.11216369284408
174,5 Seconds of Summer,Australia,Pop,313,174,9600022,9550725600,19476380,86763387,585,7990000,3480636365,52234190,378,1800000,11302640,10045629,12258161,1843688,250627,371,79537,5,1,15,28.6842871045703
175,Creedence Clearwater Revival,United States,Rock,351,175,6020851,6485008299,27962971,88179029,1255,1750000,1182302082,7810897,8547,0,0,0,0,1262541,22364,127,85243,10,0,0,14.0303940617855
176,Hozier,Ireland,R&B,382,176,5868412,9020806950,26845778,203198680,717,3710000,2565896035,22545337,1092,1200000,2258126,1849769,984668,1138204,135722,913,1017,11,8,547,4991.2511483987
177,Labrinth,United Kingdom,Pop,391,177,3019123,8499960117,28741320,116501988,341,2880000,3568269644,38048549,3257,1600000,1498595,1135138,1095417,565463,142464,2356,22768,51,5,332,620.689898661763
178,Paulo Londra,Argentina,Pop,171,178,22297898,6764576307,13511306,36038111,176,22400000,10084303848,98041770,672,7100000,13948746,10079328,1824604,1749084,1212,1026,0,0,0,0,0
179,Roddy Ricch,United States,Hip Hop,357,179,9707333,11155846110,21085742,116222669,448,6750000,5207525467,55751157,2217,5400000,7151786,5834109,3684151,682466,734411,1154,59775,11,6,438,26.7532195584649
180,Tyga,United States,Hip Hop,137,180,6894109,15963368904,24849127,159030000,88,11400000,11876853259,93360670,84,11200000,41916691,23079862,4818230,3351256,525384,493,7343,213,35,3434,1297.92519604229
181,Ty Dolla $ign,United States,Hip Hop,440,181,4714357,20613307945,27433067,198209828,162,3600000,12593042275,89851458,1205,803700,7261314,4423806,1766128,782091,441616,1337,3238,168,43,1506,2413.99481210112
182,Christina Aguilera,United States,Pop,229,182,7735504,7325123677,24160267,166908260,204,5640000,8036112832,45369478,408,3900000,9187019,25981942,16564876,3537568,34336,206,87465,45,2,35,60.3218738424539
183,Enrique Iglesias,Spain,Pop,84,183,11303591,10760565164,24276478,107783928,25,23900000,20496336779,83717408,317,1300000,18516679,49785424,13697195,5768349,125218,83,96432,10,4,35,56.2725787790154
184,Miguel,United States,R&B,406,184,4754653,8311287765,27192149,188157962,738,2050000,2272208909,17189562,2690,532800,5217081,3082666,961296,579000,4475749,391,577,0,0,0,0
185,Neha Kakkar,India,Pop,112,185,42193691,2444096618,13713887,10012387,111,14200000,21772354755,181517298,83,17400000,74863039,34182269,1280509,67921,0,3087,63412,0,0,0,0
186,Tame Impala,Australia,Rock,370,186,6824817,6989649376,25879667,126996096,911,2400000,1406758747,16139184,5894,0,2885385,1873202,619777,755664,357116,831,207,40,4,624,15510.9861836288
187,Glass Animals,United Kingdom,Pop,498,187,3863476,5837377089,24037545,148674020,565,2850000,1466306635,18048575,6595,577600,663873,482516,173255,263662,239842,191,140654,2,0,0,0.528040923211019
188,Megan Thee Stallion,United States,Hip Hop,251,188,7883949,8114617865,21957474,145438730,490,5720000,5064123198,71936278,250,12500000,31309459,8999585,7519200,709495,436653,263,17004,54,15,836,183.126354561644
189,Anirudh Ravichander,India,Pop,203,189,21059194,5114200804,20074458,17653157,272,1720000,8337838094,87217288,276,1500000,7475014,4401769,9092593,34935,13563,6845,69975,0,0,0,0
190,Foo Fighters,United States,Rock,271,190,11227327,6702366779,20647232,130366006,624,3710000,2687912828,16687710,960,262900,5402194,12202002,3310873,4161342,1646141,112,0,0,0,0,0
191,Conan Gray,United States,Pop,296,191,8274542,5285802420,22439423,99598004,914,5120000,1324351900,39072262,322,7500000,7699597,1081907,1332992,571362,186611,2915,0,0,0,0,0
192,Troye Sivan,Australia,Pop,249,192,7800687,6893124159,26845323,253393534,570,7950000,2571954691,49741468,108,2900000,14878809,3905099,8758287,548857,266969,1531,10338,34,11,368,426.58663517857
193,Grupo Frontera,United States,Latin,74,193,1596168,3041698137,35498310,132043967,167,2440000,1844017251,10262602,296,1800000,1700444,743990,0,63129,0,7257,0,0,0,0,0
194,Tate McRae,Canada,Pop,476,194,3628376,5053763294,23094533,207361699,1079,4150000,1578826019,30375168,1209,4600000,2198579,243176,121291,249759,82914,539,1566,19,6,311,2410.30696657596
195,Big Sean,United States,Hip Hop,399,195,11064949,14626563241,18830601,129979578,355,4310000,5679924011,47078863,772,1200000,16707914,7921445,14070085,1580255,9520811,1146,26614,130,18,967,194.765723831807
196,Lil Durk,United States,Hip Hop,141,196,6068066,10306141616,28393734,198779559,155,5680000,7831785240,71287034,234,2600000,15204042,4954060,6891668,469675,1002890,2003,13796,159,10,220,322.411540279105
197,Måneskin,Italy,Rock,237,197,7743805,5705784815,20792712,100860089,353,4590000,2144456916,29888606,834,6800000,6624691,1487389,591997,508695,0,143,69819,3,0,0,8.30110676332987
198,Alok,Brazil,Electronic,241,198,12217411,6277854619,23892963,211052229,1025,6570000,2446704940,29956759,289,13200000,28151782,9229949,2760224,4092240,620849,119,230,266,95,8034,25200.0108284771
199,Christian Nodal,Mexico,Latin,150,199,13763160,7862902148,19732940,60766508,90,10800000,9974689483,48213658,1089,2100000,9775376,9477708,0,2335561,19448,552,0,0,0,0,0
200,Led Zeppelin,United Kingdom,Rock,390,200,13671704,9510760900,18689067,82683037,1380,3220000,1067105359,8545160,0,0,0,0,0,4835887,80516,72,0,0,0,0,0
201,The Killers,United States,Rock,477,201,7096135,8393474577,21358395,152201366,923,2400000,2256677635,11825923,3342,143400,1371161,8396891,4723349,1957973,89430,211,74199,7,0,0,11.0132759429804
202,Kid Cudi,United States,Hip Hop,493,202,6633525,15440174998,24995195,103539278,705,2410000,3434692164,28136429,1751,629500,3363218,9376920,2747298,1262606,427250,1770,1080,159,14,1437,5229.02925631047
203,Lorde,New Zealand,Pop,417,203,9985554,7317453205,20419986,116468297,969,4980000,2604770346,20073082,1068,0,10645684,6124334,7019730,1815898,6277429,523,82450,16,7,394,685.952890259973
204,Sech,Panama,Latin,261,204,11856962,14236977480,21464113,127415323,160,9830000,14162418839,84028970,656,3800000,7176127,4195191,1872148,1445864,103890,2382,0,0,0,0,0
205,Eslabon Armado,United States,Latin,291,205,4597092,3964110361,28622626,102520138,665,2510000,1665319126,16599168,1506,1500000,1877210,1047532,18394,261627,124292,14255,0,0,0,0,0
206,Mariah Carey,United States,Pop,127,206,9259131,9301286356,24345565,155925978,92,9910000,8901079521,54870934,227,8600000,12135446,24673324,21857831,2981943,644528,85,15701,80,5,116,482.177456014554
207,Jonas Brothers,United States,Pop,205,207,7163062,5978238982,25000806,195807348,559,5300000,2530655111,29083684,122,7700000,7250767,13679087,4698311,1595380,41223,200,105276,1,0,0,4.52195035588758
208,Tainy,Puerto Rico,Latin,272,208,1637321,6189436050,30453431,200176975,277,2420000,5073233314,35425885,665,1000000,1741949,313268,205441,232646,16420,18587,94824,3,0,0,5.92378527159762
209,Radiohead,United Kingdom,Rock,274,209,8591086,8821481964,23820505,118566758,869,3460000,2425805433,18262858,1818,411700,2549234,11319868,1924353,3410843,1764783,310,8893,293,1,13,291.222216743614
210,Steve Lacy,United States,R&B,471,210,3536176,4684278136,25699790,72605936,2276,1050000,367707936,6198919,2701,1600000,3425971,12658,0,84124,242322,2333,947,15,6,401,11259.3752055494
211,John Legend,United States,R&B,263,211,6557245,8696369851,21278072,219164650,219,7650000,7009258915,48261230,332,2600000,15818197,16468833,13647071,3351501,4907775,182,6643,253,10,510,1801.64903306301
212,Mac Miller,United States,Hip Hop,328,212,9398314,12987051472,24218799,78111837,827,4320000,3595777003,29807859,0,0,0,0,0,1023321,805704,4518,42708,117,7,167,100.610952917641
213,Alessia Cara,Canada,Pop,489,213,11786967,8160200318,16711669,109397069,473,4390000,5191879961,52221748,2532,478100,4842556,1973768,1216771,639355,97109,621,63448,38,4,417,698.674903866522
214,Ne-Yo,United States,R&B,217,214,8235144,9096968701,22141289,174569359,152,4860000,8080148232,39284675,623,1600000,4156504,18742955,6396857,3615919,331232,410,10536,190,18,704,649.529924735262
215,Carin Leon,Mexico,Latin,145,215,7511301,5564484018,23672732,113973041,254,2140000,3835309150,16671851,438,3500000,3492655,7966574,24971,777905,26096,1149,0,0,0,0,0
216,Bob Marley & The Wailers,Jamaica,Reggae,1265,216,11789301,9790481625,20199946,93794556,0,0,0,0,0,0,0,0,0,11434273,250209,0,99244,24,0,0,17.9300401555073
217,Natanael cano,Mexico,Latin,107,217,8173032,5841997555,20460506,59898086,287,3500000,2853516083,27707309,176,2600000,7089212,1468439,7268,892055,109451,6821,71850,1,0,0,3.79926275893488
218,U2,Ireland,Rock,306,218,11448243,10441822463,20459574,163569501,651,2770000,2640391478,12862524,1609,139900,3144656,16408837,1649943,6425097,72838,18,55512,30,2,79,81.5050957571212
219,A Boogie Wit da Hoodie,United States,Hip Hop,345,219,7652229,14036811372,19167618,126943788,790,4900000,3762718253,35552324,426,1900000,7051662,1337813,1165528,373710,1544201,1477,18753,54,2,30,173.169994941071
220,Sidhu Moose Wala,India,Hip Hop,91,220,22568745,2994018800,10223196,6576573,59,21700000,9955194901,174540767,0,0,0,0,0,22665,0,2745,116129,1,1,5,2.35173950384818
221,Luis Miguel,Mexico,Pop,281,221,13337128,9490388829,17324334,56697418,611,2130000,3391144484,13150626,1245,925000,3439135,5233187,634495,1627960,0,313,0,0,0,0,0
222,Tom Odell,United Kingdom,Pop,403,222,3370329,3555453371,23259367,167110388,574,1920000,2095538731,17964992,1302,1900000,896785,704339,0,588634,782304,888,47161,23,1,40,118.194612791529
223,Oasis,United Kingdom,Rock,354,223,9078600,10762039703,20301194,110282730,662,3340000,2737468808,15427800,0,0,0,0,0,4123049,0,185,73055,0,0,0,0
224,Fuerza Regida,Mexico,Latin,111,224,4422844,4556481452,22469166,90813566,199,2670000,2144547934,13624776,469,2800000,3500432,1913062,72871,397213,56783,3325,0,0,0,0,0
225,Maria Becerra,Argentina,Pop,108,225,4686256,5401258377,25918671,153776999,119,4610000,6298918910,48375896,99,10500000,12987096,2441403,2754199,292369,9903,1776,98291,1,0,0,2.58510901718598
226,The Police,United Kingdom,Rock,429,226,5596375,4019752200,25782056,157618951,742,1680000,1903751917,9537015,0,0,0,0,0,2795838,0,60,143303,1,0,0,0.26402046160551
227,Central Cee,United Kingdom,Hip Hop,101,227,3812852,3530730232,35098069,215869128,527,2880000,1244774072,18005194,96,8800000,8861666,0,0,310319,231226,1148,87400,15,0,0,3.96030692408264
228,Giveon,United States,R&B,581,228,3116272,6571127475,23136653,128070303,541,2840000,2277994760,26140158,4463,3600000,2953461,240360,432692,217685,177101,4157,70128,14,1,29,13.2219334797446
229,Duki,Argentina,Hip Hop,169,229,9279814,8961165469,24656585,137211705,377,7040000,4395456265,66821041,231,3000000,12733648,2548275,3517589,711332,33775,4852,80089,8,0,0,12.7319166994966
230,Anitta,Brazil,Pop,89,230,13044475,9403600396,20820258,161155726,190,17200000,12766826190,112936848,39,22500000,64597405,16984102,19155432,6887965,106924,311,71832,11,0,0,21.1199180203105
231,Lizzo,United States,Pop,280,231,5629557,5753064748,24463307,144219517,1914,3040000,1381911291,18031981,147,26700000,13315518,1548049,2272441,355424,115307,48,1301,24,5,704,3104.13898359957
232,Zion & Lennox,Puerto Rico,Latin,443,232,7551527,9992269052,20351883,102995500,281,3490000,9455281709,42925806,3923,457000,3827156,5344596,1939939,1655773,13180,799,62377,18,0,0,38.493618771098
233,Don Toliver,United States,Hip Hop,475,233,3167507,8473355387,24151196,117233232,1060,1710000,1558675926,22247306,2039,1100000,2794965,170988,472465,284058,249370,2844,18633,16,6,246,70.472564044229
234,ice spice,United States,Hip Hop,98,234,1829268,1905081918,46699432,235903771,445,1470000,199166203,3557512,58,9500000,9386673,492966,1238024,42400,113456,1687,0,0,0,0,0
235,Lost Frequencies,Belgium,Electronic,547,235,2723177,6397851504,24706532,186076359,1892,1200000,1861364480,12292019,3327,232400,1107166,1230890,59941,805079,198643,80,843,654,72,4837,13330.9654607031
236,Jonas Blue,United Kingdom,Electronic,566,236,3833782,7460766687,21585450,167298955,462,4770000,4234236800,25438272,15993,608700,562193,551963,120191,662352,49505,130,837,228,65,4708,15658.4006947805
237,Little Mix,United Kingdom,Pop,213,237,11615073,9606037096,17222985,102614304,118,16300000,7814838748,81102467,756,3300000,17414916,9282775,11674005,3554783,5942614,383,2929,30,7,283,1770.21524083999
238,Zedd,United States,Electronic,423,238,5984806,9382759700,16604213,136859311,316,6170000,5781161938,46237862,1292,1100000,8359654,6982710,7599914,1931303,4268383,255,1528,288,44,3993,5798.02984168795
239,Melanie Martinez,United States,Pop,185,239,18134563,7034202072,14526293,25924154,274,15000000,4501066561,87026611,370,8300000,14152020,3064583,1425941,1578697,620784,6735,123719,17,2,28,111.51461669188
240,NewJeans,South Korea,Pop,43,240,4822994,2319449737,26322303,147942136,137,5380000,1233791927,61250155,26,8500000,9333137,11325,1263312,73591,0,6750,0,0,0,0,0
241,DJ Snake,France,Electronic,115,241,8687096,18164528282,32465040,211150091,65,24200000,14530538635,118342635,376,3300000,10032627,6817715,1849202,5497731,990326,1184,269,274,105,11825,20043.8134258399
242,David Bowie,United Kingdom,Rock,435,242,9740930,8442354420,16829332,143805849,2388,1630000,737088108,7354120,0,0,0,0,0,1875204,73264,34,4247,21,5,75,577.75075178389
243,Jubin Nautiyal,India,Pop,214,243,12704383,2569147651,19297244,13890320,193,5910000,12775437541,127032435,323,1200000,10423529,9948342,250755,16012,4651,3259,0,0,0,0,0
244,Paramore,United States,Rock,275,244,8009266,6674973301,21796617,70286751,1022,3170000,3135851194,23574498,375,643300,3406913,23667897,5408625,2874050,75639,709,0,0,0,0,0
245,Bee Gees,Australia,Pop,337,245,7111370,4539178835,25735330,94689272,499,3800000,3472117446,19887501,0,0,0,0,0,2136214,3307,38,4369,13,1,173,853.880137644468
246,System of a Down,United States,Metal,258,246,9523828,7215770030,17276160,51896983,301,6740000,4268550447,25656738,1449,348900,3418540,19122793,1503062,4996245,105893,735,0,0,0,0,0
247,Yandel,Puerto Rico,Latin,181,247,7173891,8508403471,23223166,142671624,68,5820000,18075755179,81381627,552,2200000,13171482,12400051,2998124,1671549,24008,1112,100068,8,1,5,19.270049486104
248,Billy Joel,United States,Rock,482,248,5380105,5709426833,22651818,133233656,1000,1700000,1615019869,10630180,3904,0,627324,3951323,333727,688563,77912,57,120245,22,0,0,5.80845015532121
249,Skrillex,United States,Electronic,239,249,8241434,9931411559,22124617,188813357,286,20100000,8969317969,75339202,547,837500,12294026,18669437,5865347,3747343,6541971,2174,108,230,113,24541,28052.7421061066
250,Vance Joy,Australia,Pop,854,250,2884453,5250239572,22587947,143067235,3078,714000,1135841296,9362903,9318,60000,631976,642514,148474,461815,93690,763,112957,5,0,0,9.30708462410441
251,Lauv,United States,Pop,610,251,5898854,10175826248,20130566,149744025,1059,4440000,2831496325,42123264,3207,1300000,1937851,1384287,1222632,377858,188137,505,28745,77,7,230,480.395995072624
252,Bastille,United Kingdom,Rock,549,252,5440673,7075603790,19970592,119390019,884,2440000,3434029054,33736569,1649,460300,900939,2599383,1317180,2159500,5152914,282,9554,61,13,1002,2236.76444651987
253,Eagles,United States,Rock,488,253,9870962,5230308483,20372651,107954017,3268,1130000,360635555,1672183,9617,0,95343,6282512,0,1050961,21768,61,0,0,0,0,0
254,Lil Peep,United States,Hip Hop,329,254,10549753,11537659384,14405037,27891709,544,8890000,4675564124,62672752,0,0,0,0,0,1041692,2850220,4367,40665,44,7,98,101.551058695101
255,Reik,Mexico,Pop,250,255,8479035,8186174494,19466221,105084204,112,9760000,11444432659,55767201,1881,1700000,2454010,17126652,3962596,2782023,9857,553,91833,1,0,0,3.03708630172436
256,Julia Michaels,United States,Pop,990,256,5044718,8384318492,18509578,134565602,1339,1770000,1713836362,18998835,6657,531900,2379092,817841,2601,269776,40629,1588,73037,19,3,214,360.115175514037
257,Eladio Carrion,Puerto Rico,Hip Hop,189,257,4624799,5654156592,23195293,91408836,232,4220000,3654599358,39167619,784,1000000,6421007,1288313,762608,506987,110621,8802,120138,2,0,0,4.19701403382429
258,TWICE (트와이스),South Korea,Pop,63,258,18640319,7070200732,10248084,25165208,132,16200000,11825636352,256383334,13,21400000,28577413,7701349,11827895,1081879,221279,8383,0,0,0,0,0
259,Fifth Harmony,United States,Pop,289,259,16094132,5904292178,10219053,53100916,142,14600000,8402179096,56553123,1889,617400,11327689,7447630,4437390,2550222,744285,849,137266,4,0,0,1.05608184642204
260,Mark Ronson,United Kingdom,Pop,534,260,1035339,5459000384,22428505,188515370,252,6770000,6396167957,33312075,5857,267100,949904,882260,546009,698065,23345,274,4514,104,28,2794,8482.15227245266
261,Lil Tjay,United States,Hip Hop,215,261,7023337,9309771768,17607687,90225808,360,5550000,3754506385,43840895,172,6100000,8695607,2023266,1268943,557378,1130422,3062,16906,76,8,68,219.79530607952
262,Kesha,United States,Pop,355,262,7629392,8769495162,18893703,147627605,395,4410000,4646796613,32104737,652,2700000,3288128,26230199,3131312,3938449,6077623,769,16847,44,4,102,283.566292685471
263,Raye,United Kingdom,Pop,634,263,972747,4704119745,24110378,214394031,904,568000,1122281759,10276447,2971,573400,866806,144259,85466,319852,44574,1075,0,0,0,0,0
264,Akon,United States,R&B,128,264,3928699,12671154036,26346816,164159679,57,13100000,11723013529,77379282,584,1200000,8527128,53845581,6117873,4475900,215676,584,5815,256,18,966,2069.60448472884
265,Avril Lavigne,Canada,Punk,164,265,10209063,11428190752,18460224,114401271,150,12500000,6793660206,52553484,238,5400000,12639316,50542866,20446696,5355669,210080,230,100428,3,0,0,2.26918877372315
266,Banda MS de Sergio Lizárraga,Mexico,Latin,332,266,17623230,9627487947,15722432,44787439,279,3940000,11553053216,33657353,691,3500000,3835287,17778459,1352563,2592627,3056,25490,0,0,0,0,0
267,The Lumineers,United States,Rock,643,267,5210289,6005781105,18931154,88828748,1520,2310000,1623760555,12162092,2562,455000,1160605,2034842,460096,811893,22202,662,0,0,0,0,0
268,Mora,Puerto Rico,Pop,363,268,2398972,5034481110,20080034,111537550,682,2150000,2093431456,15517117,1470,0,2694858,12622,621507,127913,37845,10897,0,0,0,0,0
269,JVKE,United States,Pop,142,269,2955639,2348052033,26049088,122366541,75,8710000,3005946211,154146183,1624,11600000,1792529,43357,22715,48191,60022,876,12005,11,2,21,127.077746946474
270,Tory Lanez,Canada,Hip Hop,356,270,5882399,11069940233,24190346,89539011,568,4410000,3990740964,42798302,2037,2100000,11901398,2485759,2261611,615285,942433,2030,15007,187,33,1126,464.198388561608
271,Jason Mraz,United States,Pop,582,271,7241069,5822111319,17100565,127964549,1191,3580000,3100764003,17936924,2501,654400,1389588,11718687,5059858,2338227,106283,372,89137,12,2,22,6.93328414608968
272,Nelly Furtado,Canada,Pop,360,272,3531181,4463048402,22599185,184192531,516,2250000,3102045096,16779056,783,1500000,798680,4448247,2944660,1234986,0,265,499,24,1,170,7423.29939669511
273,Kim Petras,United States,Pop,793,273,968849,2949952853,24627314,163946144,2532,517000,359552919,6196125,2070,828900,1150377,184952,250986,92358,19418,2652,569,22,3,689,6870.31122275355
274,TINI,Argentina,Pop,143,274,6785108,4691495848,20085690,101994307,70,8570000,5428414543,46691010,195,11100000,21050680,6674928,3856534,828515,12033,3270,138835,3,0,0,0.792061384816529
275,Kelly Clarkson,United States,Pop,315,275,10082569,6549882227,17469829,118514658,437,4030000,2869924666,18371359,349,980200,7040183,14654510,11989331,2979101,23014,158,75493,57,2,15,88.1980086855401
276,Atif Aslam,Pakistan,Pop,284,276,16982413,2129204333,16514941,9317780,313,3040000,7768140529,58833233,1041,230000,7390324,23232863,1434990,203346,172057,4236,0,0,0,0,0
277,Danny Ocean,Venezuela,Pop,529,277,5179603,5020748860,18601692,86829359,777,5150000,3996991581,18697262,3672,1100000,1609285,2026075,506730,745816,11589,823,8423,0,0,0,0
278,Meduza,Italy,Electronic,673,278,660698,3882624647,21611824,205961647,1661,1370000,1110732041,11899422,8321,291800,310572,87743,11228,229261,64817,1050,39,94,46,6854,61334.0508825984
279,Felix Jaehn,Germany,Electronic,789,279,1297751,9004583826,21597396,169039264,1019,501000,2629943319,15758815,10561,91800,271421,304728,290206,725285,132891,351,1202,227,50,3530,13325.6712780904
280,Bryson Tiller,United States,R&B,424,280,7365391,7888691578,16286061,94727774,599,3190000,3725493562,25490230,8990,441000,0,1349320,2682922,797908,1192512,1223,3855,97,4,227,875.859747447572
281,Elvis Presley,United States,Pop,394,281,8622639,13538379706,17770126,92174220,571,3510000,2012728484,17830746,0,0,0,0,0,2811844,71773,50,45803,483,0,0,139.945140265608
282,John Mayer,United States,Pop,584,282,5938298,9873955846,15853238,136853666,1643,2440000,1312480087,8880621,2053,1600000,5833835,6656817,1358877,968989,4759604,637,80288,8,0,0,8.2422642195743
283,Badshah,India,Hip Hop,277,283,24874421,2398229590,14900314,16258596,117,6940000,17949406430,127862822,779,4000000,12350870,9669454,2825631,64169,0,11297,72245,7,0,0,8.4049484548239
284,blink-182,United States,Punk,378,284,7739601,7270097866,18008490,115843322,542,2890000,2550033262,14290441,1801,596900,2903576,9983692,1657050,1973631,1825671,286,89105,4,2,33,13.3583316419117
285,Piso 21,Colombia,Pop,415,285,9181987,5635514620,18120170,78899295,447,7630000,7493845371,26891641,2571,1200000,4124729,3724995,446496,2328910,0,776,83219,10,1,1,37.8536545527433
286,Jennifer Lopez,United States,Pop,57,286,12415615,6952553873,22876040,107557449,69,16300000,13308962356,63623817,18,16600000,250994314,62281560,45350981,6010701,93850,122,9529,59,11,1186,2561.45047187711
287,2Pac,United States,Hip Hop,180,287,16006247,7030323814,23079257,74344457,451,7100000,3039788953,25120811,0,0,0,0,0,3458222,569370,466,117037,23,1,4,6.81024555365191
288,Aventura,United States,Latin,278,288,7464528,5550544958,17433995,68458247,229,6630000,7310798798,27403188,3592,0,509968,19791562,1408881,1933952,97412,653,0,0,0,0,0
289,NLE Choppa,United States,Hip Hop,148,289,6610728,5881847825,19759245,136025469,291,6810000,3579449830,62160800,105,15900000,6294080,1930464,1968821,530577,1004823,1907,46020,21,3,13,35.442898735857
290,Blackbear,United States,R&B,763,290,4874615,10581044658,17664399,69840192,1116,2660000,2112627367,31572742,2103,1300000,5693873,411500,1919834,423624,7708,1226,32560,118,9,119,208.630403136757
291,NBA YoungBoy,United States,Hip Hop,209,291,11636654,12247191153,16849302,82552462,123,12800000,12891461342,119332621,2072,544400,1183074,3687939,0,556188,2206253,59108,53949,20,2,18,39.040295931785
292,Ryan Lewis,United States,Hip Hop,1107,292,19627,7341132994,21943867,79089214,819,N/A,5323993886,36506639,22618,0,333261,525706,481196,83319,0,161143,15387,38,5,1288,314.206301827933
293,Morat,Colombia,Pop,196,293,9510713,7753491446,14508609,52564568,173,6960000,6134413106,42838589,406,3300000,3771549,1642338,946295,961548,0,750,129604,2,0,0,2.23593298812777
294,Swedish House Mafia,Sweden,Electronic,472,294,3771276,3771705312,24592963,218742936,707,2610000,1889163627,10884153,1982,128700,1201035,8061073,1988084,2073020,752280,517,107,107,32,3879,25828.4733408679
295,G-Eazy,United States,Hip Hop,439,295,5195257,13099622786,16253562,89845119,172,8560000,7571409842,64724372,1750,1100000,10411500,3427847,3277519,978296,1174348,1525,18744,170,37,1741,636.124759936243
296,The Script,Ireland,Rock,688,296,8045282,6597531746,16566948,68403382,1515,N/A,2569558236,16820846,2669,272000,738723,5954830,1821721,2055065,51010,417,0,0,0,0,0
297,Henrique & Juliano,Brazil,Latin,126,297,19806468,8312468933,12236495,57618813,138,15600000,15109395850,64296571,612,3400000,16010326,9284597,3132740,8689314,61321,305,85492,0,0,0,0
298,Hailee Steinfeld,United States,Pop,517,298,8838159,5910395970,12275884,72134239,854,4520000,1618064124,15202391,0,0,0,0,0,399319,44636,1282,97159,27,2,55,18.4363947985987
299,Sabrina Carpenter,United States,Pop,193,299,5826865,3877625781,24319269,140427975,468,6030000,2680773629,46044467,107,14300000,30124323,8039586,1743665,707765,79310,907,54158,14,3,38,67.1501127766346
300,Coi Leray,United States,Hip Hop,262,300,624613,1576185400,32928964,282748280,1106,1850000,601626598,10049776,266,11300000,7715526,3187050,784182,39441,137080,349,762,51,9,696,5013.10154528779
301,Trippie Redd,United States,Hip Hop,398,301,8953990,14011498036,22114899,108423379,721,4250000,3019383165,47776991,519,3700000,13808156,1109471,2395699,579276,1898407,4103,5762,167,6,115,627.989820624207
302,Phil Collins,United Kingdom,Rock,503,302,5331967,3435942460,20704197,130682507,1154,2500000,2261218516,12648845,3542,0,824612,7387289,200285,2277245,27555,32,122591,5,0,0,2.90396497453596
303,Pink Floyd,United Kingdom,Rock,257,303,19493904,10115447778,18833734,74061271,1306,3740000,1047808478,9206356,0,0,0,0,0,5933279,139057,66,0,0,0,0,0
304,Wisin & Yandel,Puerto Rico,Latin,235,304,6611644,7131942894,20903294,90997618,145,7280000,10282442170,43658255,862,1000000,2435919,24571818,5060890,3151623,0,615,99360,7,0,0,7.34098302462328
305,Jessie J,United Kingdom,Pop,225,305,11546148,4308182670,15770299,78234947,102,10500000,9532111695,54793022,253,1800000,13763266,17705285,7978536,4944552,123373,572,62240,31,13,1424,3902.68379905625
306,Rae Sremmurd,United States,Hip Hop,421,306,7310862,6551777253,13519961,42880405,275,8500000,4911395074,37517008,998,303200,10772784,5952346,769874,1012332,621672,2128,57046,74,12,453,111.90088949114
307,French Montana,United States,Hip Hop,326,307,5157592,10151576686,17781438,128107104,188,5390000,8473472223,59256175,274,564600,37033365,5661413,3067210,1114390,131757,822,11850,201,36,3541,1857.12330628037
308,Natti Natasha,Dominican Republic,Latin,220,308,9337129,7037224488,15510566,98335492,114,12300000,15223134314,76032318,248,16300000,36539690,16285930,3029829,1217817,40404,988,11614,15,8,392,689.521000304296
309,Darshan Raval,India,Pop,219,309,12218146,1707779039,19014175,11852499,408,3740000,6838421282,79834428,210,79700,16701375,7379389,202790,16415,17428,13785,0,0,0,0,0
310,Bruce Springsteen,United States,Rock,487,310,5803381,5212806246,16437767,159936667,733,1930000,1891164851,8463282,2505,0,1540187,6073666,1352877,1459205,146470,49,0,0,0,0,0
311,Grupo Firme,Mexico,Latin,162,311,10707210,6166270759,18515682,75173654,175,7590000,8100843829,37194194,318,5300000,5814123,12119164,87920,1240186,54257,1941,0,0,0,0,0
312,Burna Boy,Nigeria,African,183,312,6385998,5163855422,18868544,102836213,371,4150000,2854685838,21539167,150,4800000,14853023,7700609,8344705,815139,184796,782,15017,18,5,195,238.549398477984
313,The Offspring,United States,Punk,522,313,5157453,4683835639,18554017,78531901,1133,1680000,1529274588,9601919,3354,495400,1167218,6249897,261756,1593101,182850,269,0,0,0,0,0
314,Train,United States,Rock,795,314,4343562,5229194752,18225202,167078193,1038,1620000,1794839022,9821519,11129,82300,203322,3868830,368595,991217,102182,246,0,0,0,0,0
315,Journey,United States,Rock,562,315,5151403,5259193752,18526496,127015514,553,1950000,1517568131,8577104,11055,66900,180792,5087697,272992,525191,15578,101,0,0,0,0,0
316,Benny Blanco,United States,Pop,1151,316,1063580,5065717969,15812130,79551194,1935,1810000,1796144844,21073804,3284,4800000,997520,213344,191231,194617,62995,1851,13235,0,0,0,0
317,Ruth B,Canada,Pop,996,317,3045240,2995339141,19939319,77071533,1381,1820000,1243082205,15400151,13646,330400,425704,240918,1354867,106902,29005,5028,0,0,0,0,0
318,Backstreet Boys,United States,Pop,335,318,5326826,4901205354,16921779,97250822,240,6850000,4831110371,27167108,2195,1400000,3699119,11945525,1060994,959453,77439,103,57377,13,2,23,47.1390059288945
319,George Ezra,United Kingdom,Pop,761,319,4102530,4602433214,17054317,143114672,1460,1890000,1301253833,7258927,9739,492800,831026,856665,674655,1228014,73729,108,18977,9,1,229,656.621401629721
320,SUMMER WALKER,United States,R&B,366,320,5339730,5310733086,21159341,90179871,842,2280000,1804059803,16127817,409,2200000,5921716,1441656,1835121,474625,332955,1333,29275,69,3,16,118.732879975929
321,Bryan Adams,Canada,Rock,405,321,3247923,4306174196,19832295,141826735,406,5570000,3795553824,18554988,3983,219200,1117725,6273881,646125,1463722,54997,29,10423,43,6,193,519.982053949969
322,Nicki Nicole,Argentina,Hip Hop,110,322,4666689,3601314696,22236321,102678953,248,4720000,2358702574,30494138,29,9300000,16657796,2892416,1041829,512023,4055,3391,119261,1,0,0,0.761214530443375
323,Diplo,United States,Electronic,492,323,2575497,13526941196,34168890,216822657,561,2530000,5711530489,51158752,1169,2400000,6247108,3899681,2442732,1260068,7108233,1435,73,636,138,15802,47685.4503102985
324,My Chemical Romance,United States,Rock,543,324,7880831,5872603309,15233722,59008473,1222,4520000,2020980463,19887827,3965,0,1603281,10641533,1490115,1575061,479832,1512,143303,1,1,31,114.93419378453
325,Maná,Mexico,Rock,318,325,10150563,5804978453,16965650,73521927,391,5600000,6253290051,19602813,1891,128100,1885695,17940496,2684229,1573130,25749,453,0,0,0,0,0
326,Florence + The Machine,United Kingdom,Pop,449,326,6519682,5982860300,18782072,131515580,910,2160000,1576406947,11174404,1063,702100,900596,4940455,0,1491217,32440,533,6404,6,3,72,600.457983226937
327,Stevie Wonder,United States,R&B,730,327,6244636,4901490648,18738534,142514918,2713,1110000,1069175893,7200818,10174,81300,0,6751806,161214,2003680,26373,56,12386,377,13,308,624.129193153459
328,Gusttavo Lima,Brazil,Latin,93,328,20379082,8349412221,12242495,57289354,133,20000000,14031683551,69499571,117,5600000,44144295,20281985,15075514,7610154,14995,139,0,0,0,0,0
329,Rex Orange County,United Kingdom,Pop,1144,329,5565320,5104928501,13456766,43138835,2916,1600000,851464316,11191926,7425,434700,1690604,627066,606373,233245,196434,3748,140654,2,0,0,0.528040923211019
330,d4vd,United States,Pop,412,330,1588069,1690621959,26220173,156615379,1229,953000,281270306,5383377,1258,1800000,383315,0,19068,26050,59615,8640,0,0,0,0,0
331,Dave,United Kingdom,Hip Hop,260,331,3497231,4119402707,27216873,194273188,2312,1790000,992104890,10455984,389,1800000,3755033,406934,869208,369628,182376,3968,28205,129,4,186,90.8699129903997
332,De la Ghetto,Puerto Rico,Latin,479,332,7175628,7135220504,17532024,127820498,326,3010000,8799528280,50808946,858,640600,8490784,7599538,2495342,969416,55304,2216,68428,9,0,0,17.350151914163
333,DEAN LEWIS,Australia,Pop,515,333,2683904,4392101023,17388796,139776963,763,1760000,1325603181,19657154,1359,3100000,837285,363047,34254,266570,47685,525,15052,8,6,189,283.728327916847
334,Armaan Malik,India,Pop,404,334,19062344,1531657255,14140493,10339567,442,3090000,7002594111,52588909,507,2100000,14213957,13689877,1420056,29232,38324,7389,82076,1,0,0,4.28545612754193
335,Stephen Sanchez,United States,Pop,395,335,813754,1648080800,26852402,160048440,843,951000,291155096,4965531,700,1500000,850982,0,4623,9966,10231,2016,0,0,0,0,0
336,Offset,United States,Hip Hop,325,336,2892994,12281637958,21430291,124008298,477,528000,4865359298,40423529,341,1800000,22097822,5335523,4617567,670384,147047,13697,15103,178,22,1043,479.723742874757
337,Slipknot,United States,Metal,288,337,10000476,6715246898,11831389,28705129,519,8010000,3960761629,35484787,453,2200000,6756179,18017892,2418400,3639161,170833,898,0,0,0,0,0
338,Juanes,Colombia,Pop,441,338,4502084,5511854166,17697317,89482268,472,2940000,4118794302,20336068,1395,1500000,4802995,9271607,11492350,1538280,12756,445,136991,3,0,0,1.24580935309003
339,Dire Straits,United Kingdom,Rock,466,339,6907245,10742068332,17725629,60399130,740,1870000,1738889608,8954713,0,0,0,0,0,1648629,0,86,0,0,0,0,0
340,KK,India,Pop,674,340,12804209,2022671649,19417859,12617229,901,34600,2608825588,22769504,0,0,0,0,0,20393,0,10767,0,0,0,0,0
341,Oliver Tree,United States,Pop,518,341,2320327,4072577154,18284861,102980199,540,5660000,2070019976,44202199,2012,14800000,1926184,1502473,272129,172998,232196,7295,1286,31,9,802,2930.20197515811
342,Zé Neto & Cristiano,Brazil,Latin,129,342,18761055,6017116778,11472339,50452901,164,15100000,11962526363,55601711,431,2800000,14094427,8850887,3028018,5011608,33455,376,0,0,0,0,0
343,The 1975,United Kingdom,Rock,494,343,6871173,6975587385,13849579,74890015,1111,3310000,1443153146,17072015,696,808000,3755028,2677133,22305,547190,996295,726,81792,0,0,0,0
344,Amy Winehouse,United Kingdom,R&B,456,344,8540187,5752099535,14742031,87651941,601,3320000,2351530687,13652271,0,0,0,0,0,3361814,65103,235,135830,5,0,0,1.32010230802755
345,Latto,United States,Hip Hop,168,345,1168219,2476500783,36929978,269337546,981,1790000,875709366,12903086,130,7000000,11127089,1473187,2881557,44211,108550,716,36048,27,3,44,44.8401027298012
346,Becky Hill,United Kingdom,Pop,807,346,668040,4463889968,19255209,180400852,2082,317000,1125127425,9832237,2904,519900,450611,212804,131596,207852,47123,746,457,193,41,3941,12195.8398341533
347,OutKast,United States,Hip Hop,744,347,2328679,5679428921,20634856,120862869,1098,1900000,1495997715,11848237,0,0,0,0,0,768337,49629,441,29052,195,8,462,82.3330499896455
348,Diljit Dosanjh,India,Pop,359,348,17452210,1517243340,10406097,9749853,460,4520000,6327843546,49896252,476,36600,15214881,7756056,5610504,25888,5987,3568,86767,0,0,0,0
349,Chris Stapleton,United States,Country,469,349,6032008,4913500273,19213081,75140986,699,2450000,2512667966,14576683,2693,154300,2167983,2109952,367760,203919,52361,586,90468,2,0,0,5.60737823603503
350,Anderson .Paak,United States,R&B,1020,350,2383106,6944991099,19973550,137835820,1692,818000,1690272229,21779152,7520,454700,3332760,819121,0,181879,269838,2334,29954,126,21,838,141.3168028936
351,Toto,United States,Rock,624,351,2701522,3161713593,20086428,140785340,548,1020000,1724806529,9341226,21517,0,52767,1481421,73529,743903,7599,92,93987,20,0,0,11.8708637615689
352,YNW Melly,United States,Hip Hop,343,352,9427910,5141408786,10985163,23017728,518,6910000,3624186365,39510486,1223,305900,4554316,2216795,494134,478042,1232752,12320,69426,7,0,0,12.8819956747474
353,Rels B,Spain,Hip Hop,305,353,5657295,5835793655,19253132,71656111,486,4730000,3615915390,27675239,567,1700000,4196991,601068,506511,812823,0,7408,114589,1,0,0,2.60318838809828
354,Rahat Fateh Ali Khan,Pakistan,Pop,349,354,16438585,1375807345,12229481,7807641,228,7720000,7766083127,50124271,14901,5134,544963,11459,173992,115713,15606,5352,143303,1,0,0,0.26402046160551
355,Jorge & Mateus,Brazil,Latin,176,355,19254411,8700651728,11097734,53860347,253,14900000,8828210104,41744222,354,1500000,19025561,17305564,9991349,9790162,0,377,0,0,0,0,0
356,Nelly,United States,Hip Hop,392,356,2492712,7521219546,18864974,120337471,312,5310000,4463460086,24296168,2309,229300,3680203,10643476,3672430,1405591,1702044,426,15855,258,5,254,1584.93025798254
357,Alka Yagnik,India,Pop,321,357,10937015,2766746411,18926526,14313387,151,1070000,14778714837,54938930,6288,0,536928,9531033,50249,50106,0,1714,140654,2,0,0,0.528040923211019
358,Cartel De Santa,Mexico,Hip Hop,223,358,15145267,5263870389,10357128,22854735,139,12600000,6952297370,44970054,4578,75900,2391653,4305091,438873,2049151,6087,23696,90733,81,1,6,22.7140784427459
359,Florida Georgia Line,United States,Country,720,359,5384873,8258915056,13280556,65230879,730,2620000,3831958386,18593338,5529,706200,2048454,4580313,1961366,296812,68596,408,140654,2,0,0,0.528040923211019
360,Wisin,Puerto Rico,Latin,270,360,9103310,10774894267,13851733,131506495,58,7600000,20742941132,88646516,581,1800000,13664548,12665157,1640869,2020509,15415,742,135830,5,0,0,1.32010230802755
361,Rita Ora,United Kingdom,Pop,418,361,8290631,6910077871,13207979,128176613,656,4120000,4675419178,29606850,393,2600000,16114285,6372783,6406623,2683563,316211,148,3103,101,18,699,2014.00560524745
362,Mac Demarco,United States,Rock,866,362,4442732,4470174734,16428780,55045064,4270,1090000,522226893,7409446,22898,18000,64646,696525,0,298204,200675,5241,37172,15,1,2,38.0501521483989
363,Justin Quiles,Puerto Rico,Latin,436,363,4127736,10908357289,17499121,102152722,304,4680000,8965932146,54428688,769,2800000,8616891,4973867,618561,877421,70739,627,129583,2,0,0,2.89697261927221
364,Daft Punk,France,Electronic,283,364,9604487,15782755484,20260198,195007211,163,6020000,7353515785,48566637,0,0,0,0,0,4481114,74729,169,469,270,59,7568,23889.8824372265
365,24kGoldn,United States,Hip Hop,952,365,2069509,5002560904,14012507,85140325,1043,3100000,1536859008,22830545,5542,5900000,1042382,619380,171431,226202,140706,617,15048,49,11,328,207.14171688411
366,Pnau,Australia,Electronic,1437,366,214378,2531261002,20216112,178354251,1786,63800,686506859,4438048,34938,4287,33959,103254,8864,447058,18655,3161,1266,187,14,1008,5125.79034288089
367,The Notorious B.I.G.,United States,Hip Hop,407,367,9189649,18304750845,21237208,86775493,905,3940000,2299106252,17293813,0,0,0,0,0,1648606,219903,766,57489,12,2,10,16.9587952575237
368,Lil Tecca,United States,Hip Hop,641,368,6204124,6211834203,14888787,79732826,2016,2280000,1393495956,20412427,921,2400000,4864723,169861,625841,522675,739048,4640,33394,47,3,99,84.3335844097472
369,Meek Mill,United States,Hip Hop,452,369,7504378,8652935592,14164707,64676503,666,5360000,4646006410,34518064,510,582200,23714017,7964389,N/A,1257561,643320,1309,47859,53,5,54,61.1130395322286
370,Ñengo Flow,Puerto Rico,Latin,389,370,4766352,6623064963,17213465,99011076,303,4540000,6729530632,43850653,1145,67800,8613700,9917850,1744518,1233277,118605,7886,0,0,0,0,0
371,El Alfa,Dominican Republic,Latin,210,371,3053280,4810635620,21785042,101279909,214,9310000,7074682449,68116796,299,1600000,11141004,997656,113973,433588,0,2298,12484,18,4,283,163.295054546828
372,Destiny's Child,United States,R&B,718,372,6626512,3671787807,14346415,103696738,927,2140000,1880871377,10482309,0,0,0,0,0,1482496,28633,520,91522,113,1,2,33.0153838115775
373,Bazzi,United States,R&B,1132,373,5512792,5684750952,13198594,47762144,2075,3230000,1793015146,24646461,10153,1100000,1297275,816962,377685,262162,183893,1746,88430,11,0,0,18.2711793230929
374,Ice Cube,United States,Hip Hop,322,374,7270772,3906137335,16021984,49033704,649,3190000,2045723823,23484784,244,317400,30251398,17761393,5659941,2131324,181184,1838,56276,255,7,126,93.6180072038758
375,Nio Garcia,Puerto Rico,Latin,1089,375,5146277,4815904894,12959190,77185534,1753,1440000,1851549016,12903072,4159,337100,3246556,1560009,274630,452369,46101,3741,0,0,0,0,0
376,Plan B,Puerto Rico,Latin,333,376,3312585,4902969049,20211858,41301625,294,5770000,6447510029,29650895,0,0,0,0,0,2138995,0,4247,0,0,0,0,0
377,Muse,United Kingdom,Rock,480,377,7649553,6067513025,13435572,87933464,1269,3700000,2650543632,17414962,1084,365800,2278893,14835421,2501577,4550751,652096,268,0,0,0,0,0
378,DJ Luian,Puerto Rico,Latin,923,378,2075867,4706233542,14745869,87225407,1071,570000,4225915766,22116894,2679,35700,4838900,2142246,217711,429291,15871,77272,143303,1,0,0,0.26402046160551
379,Prince Royce,United States,Latin,222,379,7925816,5785367686,16661703,68888103,156,10200000,10177710327,50974331,440,7400000,15494375,33923887,6618229,2531187,66344,320,0,0,0,0,0
380,Tones And I,Australia,Pop,914,380,3020907,4406388832,14376902,82511665,835,5340000,4398144773,36382387,11904,944300,650864,531922,27168,509966,37186,293,0,0,0,0,0
381,Lenny Tavárez,Puerto Rico,Hip Hop,661,381,2255353,9979122979,14032057,71896786,430,3120000,7369955775,45893572,1456,2700000,6313982,2434382,500809,952591,44975,4832,0,0,0,0,0
382,Nickelback,Canada,Rock,461,382,6491388,7104992847,15532920,58580056,773,3570000,4431192008,24095271,2192,931100,966157,16334829,714850,2853957,114614,136,0,0,0,0,0
383,Mahalini Raharja,Indonesia,Pop,542,383,7963352,998018461,9208985,9587572,4666,687000,182396168,2510508,968,1900000,4431025,264982,251342,1084,1037,7924,0,0,0,0,0
384,Fifty Fifty,South Korea,Pop,344,384,1152046,842402562,28640916,158774222,340,1510000,281328875,8316044,922,1800000,846175,45069,52825,17559,0,0,0,0,0,0,0
385,Ricky Martin,Puerto Rico,Pop,303,385,7561917,4828005309,15850149,109538798,202,6900000,8341138868,27656599,326,1700000,18349009,12928148,20158334,2113876,12846,251,130074,10,2,20,85.3677348150438
386,Kings of Leon,United States,Rock,760,386,5277791,5440576327,15361251,115674488,1561,1800000,1944072987,8761464,6527,11000,718488,10218428,563014,2200404,648566,315,0,0,0,0,0
387,Imanbek,Kazakhstan,Electronic,1997,387,192020,3861212730,17116579,150555471,9354,164000,298341312,4246926,34388,99300,386732,8056,1353,47928,1528,674,790,67,13,884,6027.29509028849
388,Udit Narayan,India,Pop,323,388,11111879,2507187513,19772603,16038920,136,1990000,13647211546,59744469,3538,0,642226,6039791,23457,52706,0,3277,121420,10,0,0,3.0220163468879
389,Charli XCX,United Kingdom,Pop,559,389,2949011,7901898295,24037502,262114522,1367,2880000,3113275401,28490896,890,1900000,4594135,7062799,3653668,1590712,355856,430,501,115,24,3102,13415.7301574999
390,PARTYNEXTDOOR,Canada,R&B,692,390,5606012,7199177619,16661885,68621105,2248,1480000,1384534489,12196198,2130,317400,4545071,886381,1573011,646646,1385454,3265,66729,21,2,53,79.9324109985816
391,Vishal & Shekhar,India,Pop,1016,391,5125942,2343540269,21654038,15551282,960,190000,4029239621,23113685,20593,0,0,2939489,1126,30106,0,49198,0,0,0,0,0
392,6LACK,United States,R&B,837,392,4415189,6671445081,15090529,79416349,883,1830000,2176128544,22234871,3088,393600,2279029,2593488,1041032,363011,415272,4451,27288,88,9,107,141.870496066675
393,Cigarettes After Sex,United States,Pop,339,393,7920139,4211522745,17621063,54474864,1157,2770000,1035154972,12017037,1140,0,3246159,1046143,503464,432648,365829,4572,0,0,0,0,0
394,SONU NIGAM,India,Pop,396,394,13052918,1845155272,16973474,14615986,327,2470000,5387117590,36896253,1630,0,1942449,21607142,39405,149847,0,4941,126059,1,1,81,27.4271573872132
395,R3hab,Netherlands,Electronic,762,395,2507840,6833096587,23153330,204500861,2177,1870000,2033943272,21182179,3818,201100,2648199,6578478,1030151,1717168,3929121,676,656,636,173,11766,15787.5016036351
396,Pearl Jam,United States,Rock,569,396,8375157,4724058285,13278715,79811409,1399,2040000,1364999136,7834253,1992,170700,3073060,10289812,3478621,3061704,40298,154,0,0,0,0,0
397,Michael Bublé,Canada,Pop,704,397,5968324,8714883549,11525273,62992619,1465,3690000,2328058644,14735255,993,2600000,3403688,8145245,2111212,1421617,101629,240,119013,3,0,0,0.973947978582297
398,PinkPantheress,United Kingdom,Pop,537,398,2327052,2370829120,26148283,122278041,1208,1170000,264227269,5475988,4398,2600000,1557306,0,42295,45867,234259,1352,6243,3,2,106,318.779810066192
399,Niall Horan,Ireland,Pop,245,399,9758058,6123343967,17426903,137524940,1140,4620000,1124938939,24429864,106,5800000,32598529,9235948,40876929,824330,59015,707,37519,10,1,7,90.5094472529511
400,The Cure,United Kingdom,Rock,573,400,4726530,7977140604,16739496,60102184,1525,1250000,1098591050,7415794,2900,0,925178,6680176,238531,2024535,36762,118,106776,7,1,3,5.01129790583739
401,Carly Rae Jepsen,Canada,Pop,565,401,5242581,3609170699,18867923,84934516,652,4120000,2993540353,20398085,1284,539100,2642835,10421026,9459147,2432431,11472,360,62675,65,4,32,87.0821796097304
402,Young Miko,Puerto Rico,Hip Hop,151,402,960542,1108481072,27729650,157262666,725,965000,177234206,3474691,87,4200000,4530756,0,78624,9931,5927,23007,0,0,0,0,0
403,R.E.M.,United States,Rock,684,403,4147456,3736742996,17998373,105953858,1433,1460000,2091032508,9649831,0,0,0,0,0,2336169,0,67,138835,3,0,0,0.792061384816529
404,DALEX,United States,Latin,513,404,4754439,7142399365,11922842,68398951,295,6250000,9434632030,49976519,2459,1700000,3554981,2857820,751115,728179,37727,2847,0,0,0,0,0
405,Tears For Fears,United Kingdom,Rock,388,405,3007277,3849550975,19628594,96985963,577,1630000,1107409781,8950221,2517,722600,483711,2059643,130263,873015,471465,114,60426,32,2,30,70.6211436055301
406,Steve Aoki,United States,Electronic,560,406,3784582,6769069563,17150092,126280523,1445,3170000,2461401602,28923468,343,3000000,11325096,8580833,8130884,2017590,4175108,985,665,733,259,16799,11803.4802750949
407,Machine Gun Kelly,United States,Hip Hop,445,407,5127375,10775652643,13470510,51450960,223,8820000,5698851326,61018620,1125,3800000,9166095,6698978,1594333,529948,375580,824,55596,84,7,83,79.975774424867
408,Bon Iver,United States,Pop,1410,408,3466924,5212733543,14897978,116397382,4887,563000,677388490,6059772,9767,13300,822115,1787457,730013,475317,149579,2814,42447,31,0,0,23.3517016117275
409,KISS,United States,Rock,495,409,8820118,3373369825,13179601,79119906,735,2580000,1323053964,10412890,1957,49100,2387974,12001645,1768667,2510612,38934,183,102820,25,0,0,9.76823687315456
410,Jimin (지민),South Korea,Pop,156,410,6351062,1761529460,9532932,65736226,15474,N/A,227925351,4447316,81,0,50965160,0,0,57772,0,41722,0,0,0,0,0
411,Maiara & Maraisa,Brazil,Latin,298,411,13189723,5378729527,10392820,59786585,343,9540000,7249821118,37714888,757,4700000,12492649,8702772,2758964,4019631,28991,642,0,0,0,0,0
412,Mambo Kingz,Puerto Rico,Hip Hop,1208,412,224929,4351293004,14570908,86444674,759,149000,4385695537,22013728,11225,12800,832618,661649,129878,327101,0,9190,0,0,0,0,0
413,Tulus,Indonesia,Pop,736,413,12910501,2034738751,8884113,7063603,2236,2020000,1108637021,8544237,6765,0,2249732,149509,465672,45884,0,6365,0,0,0,0,0
414,Stray Kids (스트레이 키즈),South Korea,Pop,41,414,12373174,5139915301,8275889,18661579,115,13800000,5534259681,270907959,6,20200000,26893525,3172276,9319913,832611,0,4379,50141,3,1,3,18.71049462338
415,Frank Sinatra,United States,Pop,733,415,6514321,9050891061,13994342,62240566,2377,2060000,481299281,5007246,0,0,0,0,0,2155814,115691,150,69773,142,0,0,77.8831919485861
416,Galantis,Sweden,Electronic,1050,416,3380497,6564349325,13711434,122384124,1847,3580000,2147049295,19974233,11427,62000,1076561,1375734,255186,1626218,488136,308,1343,240,95,4795,10414.5681097554
417,JID,United States,Hip Hop,836,417,1299994,4518797588,20829671,88776330,1375,915000,1165920290,19530120,6028,0,1544125,416601,702727,3413,215204,2376,33216,55,9,171,83.8426215784497
418,Carlos Vives,Colombia,Pop,381,418,6097247,3927389609,14793139,82825600,128,5840000,6838205914,22450676,1333,2600000,7806538,6215059,5316046,2340161,10277,507,0,0,0,0,0
419,Sunidhi Chauhan,India,Pop,484,419,15473394,1582612435,15380208,16538651,283,209000,8624375126,45367414,2282,0,1971743,12866037,3886653,92356,1612,3227,143303,1,0,0,0.26402046160551
420,Alejandro Sanz,Spain,Pop,430,420,7412777,5957782655,13648927,85225748,413,3110000,4966234290,19043369,642,643400,7276957,8660529,19789915,1292832,8857,483,138835,3,0,0,0.792061384816529
421,Calibre 50,Mexico,Latin,282,421,10559491,5055110369,12014118,23164763,144,7430000,7898623537,33660841,3014,1300000,2245686,17729496,74434,1842852,42233,926,0,0,0,0,0
422,Daryl Hall & John Oates,United States,Rock,1516,422,2194979,2800442113,16654735,112678192,2506,678000,660627001,4630898,12200,249300,196461,1432837,86840,25800,5283,15453,143303,1,0,0,0.26402046160551
423,Jeremih,United States,R&B,802,423,6505928,8774174997,12181636,83161327,626,2480000,4255841731,33370500,4531,201000,1318286,2519511,893568,879706,260590,2287,11076,121,9,377,408.294189116873
424,Tanishk Bagchi,India,Pop,393,424,3330058,4425421254,20176792,17334822,97,43500,24798241712,165142624,1049,23300,6746185,352700,26760,5720,0,18671,0,0,0,0,0
425,George Michael,United Kingdom,Pop,505,425,4393597,3419780081,16646123,108949777,481,3090000,2677496333,16919917,0,0,0,0,0,1131370,29663,77,128003,12,0,0,3.16824553926611
426,Baby Keem,United States,Hip Hop,867,426,1647380,3242232508,17336250,53371176,3563,808000,287225028,5289297,6108,230900,1467600,114899,256700,69757,194195,8832,65096,4,0,0,11.1911265549389
427,Tiago PZK,Argentina,Pop,255,427,3852000,3532520246,20101072,115487011,586,4330000,2680846110,32565122,386,3800000,6654266,253003,1690586,214026,0,1325,0,0,0,0,0
428,Jesse & Joy,Mexico,Pop,383,428,8020792,4288805291,13600252,46364001,410,7800000,6710845961,28284266,1424,1200000,4018613,15982886,5211997,1168535,12045,952,0,0,0,0,0
429,Jax Jones,United Kingdom,Electronic,880,429,1134087,5762915141,16490011,172451325,932,1560000,1815928880,12970336,6603,191000,232663,183642,37592,368248,66829,175,312,175,42,3237,18852.8491484863
430,Kane Brown,United States,Country,526,430,5083212,5312318915,12954214,69590175,496,3560000,2594445464,17406623,1784,5300000,3535594,2696574,1767814,194477,69410,335,45489,0,1,1,25.9092083965605
431,The Cranberries,Ireland,Rock,545,431,3570166,4305616006,16858783,98976426,452,3270000,3190310519,15953022,0,0,0,0,0,1557712,14190,204,0,0,0,0,0
432,(G)I-DLE ((여자)아이들),South Korea,Pop,70,432,6974271,2447503013,11776115,29767831,84,6700000,10832414790,147486510,37,6800000,11459323,1077792,1910362,452344,34096,11299,0,0,0,0,0
433,Rammstein,Germany,Metal,259,433,8566817,6617877935,10846989,23397667,419,7580000,4847823031,35778129,588,1900000,3016642,8670867,559470,2202285,92706,462,0,0,0,0,0
434,Gwen Stefani,United States,Pop,490,434,6197370,3957235622,15088069,101644008,1211,2150000,1864409611,14869954,365,3100000,16876642,10328449,2694584,1031195,20363,529,59054,23,8,336,1129.19518621312
435,Logic,United States,Hip Hop,883,435,5933455,11703735938,12108832,57070085,692,3340000,3746766784,46416017,1226,1900000,6976671,2450381,2208967,444344,605702,8289,12678,0,0,0,0
436,Alejandro Fernandez,Mexico,Latin,502,436,7100432,5438030919,15034409,64054549,342,4260000,5101873883,17011618,1465,0,4713299,10672934,6754575,1316126,8451,0,0,0,0,0,0
437,Lynyrd Skynyrd,United States,Rock,731,437,4799095,3099909220,16153219,89195930,1750,1130000,622984624,4224437,10152,1886,267860,5254665,166845,845063,0,220,120771,20,0,0,5.32908112946209
438,Girl in Red,Norway,Pop,954,438,6220976,3073696698,12344177,42775144,3707,2480000,419078695,12961512,2845,2700000,2800524,368854,303682,569276,260763,3942,0,0,0,0,0
439,Céline Dion,Canada,Pop,234,439,7635001,4645044987,13333984,79761557,178,7720000,5125962305,28916663,848,2500000,6148316,27851602,938541,2708303,179466,153,95049,7,0,0,10.2168572353808
440,Luis R Conriquez,Mexico,Latin,448,440,3307549,3901616046,16826393,43430460,4759,419000,160260617,1293238,512,3600000,2368084,2453798,0,135327,23041,19648,0,0,0,0,0
441,Kehlani,United States,R&B,544,441,7134048,7925843889,13584143,62054788,948,3750000,3139809653,34087624,499,5100000,14941560,5073223,82471,564688,777116,2643,19691,31,4,75,159.403129377817
442,Russ,United States,Hip Hop,564,442,4914344,7622194541,16083984,78248813,417,5880000,3720184334,36888219,1187,3900000,4197863,2758438,2181465,210453,910810,4158,19182,170,13,184,282.904609355783
443,Yng Lvcas,Mexico,Hip Hop,362,443,181604,911217232,25738207,149992573,405,738000,558761675,2618910,6056,102000,206525,12512,0,2589,305,5647,0,0,0,0,0
444,King,India,Pop,379,444,5460410,1206781071,13578426,7632242,459,6080000,1344656893,27399401,896,1865,3266673,82325,0,356,2003,29198,0,0,0,0,0
445,Vishal Dadlani,India,Pop,734,445,8942576,1836782533,16450801,15326890,1073,86300,3492993943,17222184,1249,0,2968391,1749665,2950031,20466,1363,7758,0,0,0,0,0
446,Elley Duhé,United States,Pop,864,446,448108,2397889952,22543754,172384633,1916,703000,839828589,13054582,14595,423400,166789,30801,10791,35729,29148,702,1068,39,8,544,3924.06406002204
447,Gucci Mane,United States,Hip Hop,431,447,4965129,12438898220,15304222,121945803,334,5400000,7931981203,72489890,650,133000,17417447,11105128,9385945,836204,1021668,1246,11339,187,25,2020,1989.01183786506
448,Shaggy,Jamaica,Reggae,579,448,2012592,4626608155,17574465,81360037,382,2580000,3563469129,23712304,6228,378900,913193,2128609,130228,798655,43095,352,2434,140,12,390,2043.43568652565
449,Chase Atlantic,Australia,R&B,682,449,5436944,3731025072,12718098,7793999,1800,1980000,675546945,11886525,4160,1100000,2193151,195544,251434,263740,184737,25023,0,0,0,0,0
450,NF,United States,Hip Hop,316,450,8868691,9646492275,16499259,75729932,220,9410000,4286406412,58331116,3466,84300,3405279,1420356,731392,513279,509984,1893,23240,0,0,0,0
451,Chance The Rapper,United States,Hip Hop,825,451,5924318,10962037967,10564927,91326008,940,1640000,4619753754,38081894,554,2200000,19054166,3275920,7955387,148650,1897997,4723,29616,80,13,653,304.065888336276
452,Nav,Canada,Hip Hop,910,452,3368959,8950759735,14766714,82809076,1862,1560000,1455309031,16328299,5485,198400,2176446,564997,843854,173311,673898,6230,15527,126,7,183,310.900475167775
453,Beabadoobee,United Kingdom,Rock,508,453,2383241,2733238643,15501950,89618325,1184,1000000,990789461,17453320,345,2700000,2732273,645660,226931,45623,62660,2779,88213,3,1,59,6.85655029225731
454,LUNAY,Puerto Rico,Latin,785,454,8783978,4323403231,9678516,54430386,1165,5180000,2912630740,20828817,2752,3700000,10287725,2079294,1183992,871374,49784,4034,78694,2,0,0,4.32599781706859
455,Christina Perri,United States,Pop,722,455,3683624,3130080645,12077607,81035928,685,6530000,4794925123,34999378,6699,240300,1175266,6203244,967786,852743,14567,1121,138835,3,2,57,184.867483760088
456,Foster the People,United States,Pop,846,456,3753028,3948256004,13532784,97967471,873,3240000,2227930412,21262641,9682,40000,540144,4489496,856647,1041826,159631,774,28475,45,9,121,242.885125766676
457,Disclosure,United Kingdom,Electronic,1122,457,2139842,5203224509,14624685,109423942,1807,1720000,1351553355,8832953,4919,179100,886933,1836082,539128,934919,1352524,1643,180,301,88,8722,39177.1697956911
458,Ana Castela,Brazil,Latin,102,458,2587776,2268024031,15412811,54962796,432,2450000,920634079,7805686,53,8900000,10012885,794768,20771,509111,0,3021,0,0,0,0,0
459,Brent Faiyaz,United States,R&B,428,459,4391998,5596111647,20281232,68234998,1698,1360000,838493758,9381692,1195,1300000,4119646,219071,576321,155044,326098,2708,70465,11,3,57,11.5696958605419
460,Rick Ross,United States,Hip Hop,464,460,7004034,11404253723,12110304,102983326,379,3380000,6374132586,43091426,357,0,18583793,12531012,4774140,1640136,187300,1835,12796,264,24,1663,438.363506765571
461,Iann dior,United States,Hip Hop,1507,461,1762003,5261015638,12504163,69247015,2062,1240000,1298791758,19965314,7918,542000,1467032,877272,368257,159419,320816,1193,35503,35,4,207,68.1348576374805
462,Marc Anthony,United States,Latin,293,462,9199544,6911112328,11472424,71056714,103,6950000,12900223417,38882080,585,2000000,13089472,18790671,11278056,2480112,36779,0,86037,16,0,0,16.5427764777428
463,Matheus & Kauan,Brazil,Latin,269,463,11271738,5790233395,11959135,57824272,158,10700000,7800321853,43625635,1381,1400000,7260328,5220661,1101577,3784476,0,1084,114482,3,1,15,25.2518983502378
464,Scorpions,Germany,Rock,453,464,6607983,4734384407,13237541,96065731,429,4350000,3736478505,18286524,4083,144900,1644792,7099353,402877,3114602,25253,106,0,0,0,0,0
465,Mau y Ricky,Venezuela,Pop,662,465,6728811,3711633540,12601013,58071051,502,4200000,4629601573,24936947,1407,5800000,6806543,3554426,891547,744023,3431,868,95463,2,0,0,4.97205360597333
466,Passenger,United Kingdom,Rock,708,466,3228367,4211487999,13899802,102915463,748,7060000,4462205789,24547334,8959,58300,451359,3797816,389460,1304846,182380,560,0,0,0,0,0
467,Lil Yachty,United States,Hip Hop,532,467,9216857,10759475240,12913144,107730463,780,2910000,3787485176,41650363,527,8300000,11139736,2632203,5430738,372094,1026192,9559,7766,135,13,469,690.279435151936
468,The White Stripes,United States,Rock,1171,468,2897325,2889453303,15730666,118342959,3263,870000,819153156,7161561,0,0,0,0,0,1191008,16590,748,125349,15,0,0,3.96030692408264
469,$uicideBoy$,United States,Hip Hop,427,469,5912614,11071126829,11110697,17709365,749,3700000,2855198296,34033816,1873,0,2797550,2020221,0,510841,1860343,22384,63442,37,3,56,31.9458715386297
470,Timbaland,United States,Hip Hop,585,470,2580275,6445260551,16997434,124544114,470,2150000,3977249788,21853538,2157,938800,4088732,6116234,1610276,1046572,73578,563,49886,92,1,12,48.3718568939583
471,Dan + Shay,United States,Country,1071,471,3038314,4553099673,14096199,102477682,2806,1710000,1377907498,9596891,5665,1200000,1162243,697490,581338,110845,40540,589,106634,5,0,0,11.8888188517565
472,Maren Morris,United States,Country,1696,472,758495,4174766666,13962910,118019644,2732,448000,1108314104,7637535,4807,498800,1639512,618802,853199,74083,7448,864,16619,7,6,842,456.313402075075
473,6ix9ine,United States,Hip Hop,134,473,6965676,6727449686,11333833,35469321,147,21800000,8519861343,95995127,78,9600000,25903302,4020963,759186,726902,972255,3486,33608,45,13,347,108.164262874359
474,a-ha,Norway,Pop,771,474,2069042,6068966572,17574059,109274052,1042,1760000,2477080623,16009467,16403,0,322925,1716849,77587,887191,9869,79,102477,4,0,0,3.74309255579342
475,Black Sabbath,United Kingdom,Metal,612,475,7152992,6456827284,14420364,55088709,2487,1790000,774227201,6328519,0,0,0,0,0,2551838,44975,288,0,0,0,0,0
476,Zendaya,United States,Pop,781568,476,4184821,2445746890,13391936,25736109,0,0,0,0,0,0,0,0,0,0,0,10512,134579,6,0,0,1.58412276963306
477,The Strokes,United States,Rock,724,477,5151643,4710094855,12747338,63598020,1473,1710000,1160316776,8531874,4423,1414,1372737,4260236,666563,1424239,217454,904,0,0,0,0,0
478,B.o.B,United States,Hip Hop,819,478,2130614,5548662200,18934912,58067775,1093,1220000,2923388508,18183363,5709,7471,813038,8598708,1918106,1137153,8053087,765,33145,101,4,57,78.3329714186345
479,Sid Sriram,United States,Pop,841,479,13039638,2483356402,12072739,14890143,1644,1170000,2417918855,17702330,2548,174300,1996088,841222,246854,10021,8331,5575,83729,5,0,0,6.2767121390129
480,Van Halen,United States,Rock,839,480,5565336,5350248565,14101471,103372437,4232,595000,638817187,4036191,0,0,0,0,0,1554003,16351,87,36322,1,0,778,31.8466299224762
481,David Kushner,United States,Pop,253,481,1217580,856153717,25074615,160243255,976,706000,178404472,4940446,282,4500000,1177425,6095,1283,26913,10529,38413,0,0,0,0,0
482,Alesso,Sweden,Electronic,617,482,3967260,5677538216,19263746,163299197,1260,2530000,1853362479,14895111,1847,749600,3549049,3743845,2073531,2634097,722229,437,765,261,74,7565,15246.1003289505
483,Luke Bryan,United States,Country,451,483,8463003,6126979832,11744256,40963021,752,3130000,3011464873,12787156,715,4200000,6668406,9961719,9315679,553945,111480,167,0,0,0,0,0
484,Joan Sebastian,Mexico,Latin,567,484,9117496,4083576828,10870446,30533539,622,1880000,2252892396,8133489,0,0,0,0,0,1295735,9698,654,0,0,0,0,0
485,B Praak,India,Pop,195,485,7624511,1704545930,14628509,13029431,95,2420000,17852472442,175337154,149,0,8945889,1895689,56305,14987,0,9223,0,0,0,0,0
486,James Bay,United Kingdom,Pop,1281,486,3946583,4519684652,11443388,84479696,1955,1960000,1341795973,9652376,6670,188300,1174877,1019843,389456,761929,120377,816,14170,4,1,67,128.649009011919
487,Limp Bizkit,United States,Metal,678,487,5296644,3695788894,13316980,60564018,968,1930000,1791499154,9866405,6183,42800,728618,4575710,66521,1750750,78846,786,0,0,0,0,0
488,Ella Henderson,United Kingdom,Pop,963,488,1590611,2624218839,16501563,181015984,4275,649000,529100548,3223402,4434,277900,550961,691570,996941,308652,36383,323,412,104,30,1971,11120.3375966404
489,DNCE,United States,Pop,1155,489,4577757,3134707291,11783240,80675843,2083,2120000,1015220194,8623513,5875,454700,2112617,827097,277382,356873,26217,652,67047,7,0,0,27.8385013229671
490,Amitabh Bhattacharya,India,Pop,826,490,123827,2031976827,24882847,14235477,2673,21100,1815951339,12367644,32700,0,62784,124823,6649,896,0,12742,0,0,0,0,0
491,Lukas Graham,Denmark,Pop,861,491,2126308,4224398031,14199902,101523686,956,5190000,3165205753,24979369,6008,1100000,661825,816736,192580,503380,91114,419,16222,16,2,36,95.9405556980601
492,MNEK,United Kingdom,Pop,1952,492,279614,3330228825,12701961,146971765,2880,189000,1180246363,8302145,28396,19400,183030,125167,147613,154799,115660,1534,839,168,23,1832,9138.4266802317
493,Zach Bryan,United States,Country,312,493,1844557,3568023389,15309955,48441599,2533,760000,278620079,2401181,312,2200000,2450382,0,424469,10848,74246,1434,0,0,0,0,0
494,Quavo,United States,Hip Hop,330,494,6850717,16457779680,16664793,186931330,297,1280000,7908670259,68186487,178,1600000,23736027,1777119,3846464,600525,152885,3111,31560,99,16,511,205.368789167586
495,Clairo,United States,Pop,917,495,4068635,4914944275,14072568,51564365,3716,2020000,488040750,11573607,1907,5384,3649827,1325882,531958,354324,337969,6459,0,3,0,0,7.88992189228839
496,Em Beihold,United States,Pop,1011,496,359490,1063147132,23429453,147919815,1998,566000,249586977,9962733,9128,1200000,539886,24574,5229,6786,6187,3415,0,0,0,0,0
497,Madison Beer,United States,Pop,365,497,5858602,3682420045,14118035,66970410,1003,3040000,1713329433,25161546,115,18600000,37378079,4748566,3221555,541344,104614,4739,13549,42,6,490,1487.14045830099
498,Sachin-Jigar,India,Pop,609,498,1633858,1806767580,22014846,14350274,358,450000,7003443990,57362938,11162,0,129299,487807,39127,4543,1317,13568,98781,0,0,0,0
499,Mohit Chauhan,India,Pop,949,499,8021378,1544967655,16539915,10883324,908,276000,2824673457,19779344,9640,0,183781,4158214,84153,30687,2258,6738,143303,1,0,0,0.26402046160551
500,Los Angeles Azules,Mexico,Latin,310,500,7175645,3637897508,14962262,46700875,83,8870000,11349274389,27714452,2709,840600,490451,3800624,94194,1384049,15703,1070,0,0,0,0,0
